source_run_id	source_cell_id	seed_block_id	scratch_relative_path	state_marker	first_passage	last_passage	passages	raw_strain_richness_g100	ancestral_lineage_richness_g100	retained_mutant_strains_g100	configuration_sha256
p01-s02-c0021-v210-m010-g250-sb0001	p01-s02-c0021	sb0001	p01-neutral-feedback/s02-equilibrium-precision-v210-m010-g250/p01-s02-c0021/sb0001	completion.json	0	100	101	100	100	0	8cc5769cfc845af022470cb96941e285de622468a969b21058814b2c914332f5
p01-s02-c0021-v210-m010-g250-sb0002	p01-s02-c0021	sb0002	p01-neutral-feedback/s02-equilibrium-precision-v210-m010-g250/p01-s02-c0021/sb0002	completion.json	0	100	101	100	100	0	812d9e41368bf4ff7b835bcd0c17bc43fa44d5c3f7ad58958da0377b76fd9c67
p01-s02-c0021-v210-m010-g250-sb0003	p01-s02-c0021	sb0003	p01-neutral-feedback/s02-equilibrium-precision-v210-m010-g250/p01-s02-c0021/sb0003	completion.json	0	100	101	100	100	0	48e2b46dd729f2f52751880b2e242378f7db3e7e9ec2e456b4b881a11c1e8918
p01-s02-c0021-v210-m010-g250-sb0004	p01-s02-c0021	sb0004	p01-neutral-feedback/s02-equilibrium-precision-v210-m010-g250/p01-s02-c0021/sb0004	completion.json	0	100	101	100	100	0	597656def0524f99a7707045850ec8a34c4f8603732d14dfd5a60838c9086e03
p01-s02-c0021-v210-m010-g250-sb0005	p01-s02-c0021	sb0005	p01-neutral-feedback/s02-equilibrium-precision-v210-m010-g250/p01-s02-c0021/sb0005	completion.json	0	100	101	100	100	0	903e74876855d75ff33d84097005cf31ca001c1abc433d43338cb743800f99f8
p01-s02-c0021-v210-m010-g250-sb0006	p01-s02-c0021	sb0006	p01-neutral-feedback/s02-equilibrium-precision-v210-m010-g250/p01-s02-c0021/sb0006	completion.json	0	100	101	100	100	0	1b965b224d7d1b21e41b05df5acba92003cf57067a01e2930b274080e04abc84
p01-s02-c0021-v210-m010-g250-sb0007	p01-s02-c0021	sb0007	p01-neutral-feedback/s02-equilibrium-precision-v210-m010-g250/p01-s02-c0021/sb0007	completion.json	0	100	101	100	100	0	615203b458136aae7118af61b8fc12401340b461e3fa3c3187327caa730a38c8
p01-s02-c0021-v210-m010-g250-sb0008	p01-s02-c0021	sb0008	p01-neutral-feedback/s02-equilibrium-precision-v210-m010-g250/p01-s02-c0021/sb0008	completion.json	0	100	101	100	100	0	fd143a86bf1948e00d76d1c230743ce611dafbf95d4996beb7eb5aa34c8dde2e
p01-s02-c0021-v210-m010-g250-sb0009	p01-s02-c0021	sb0009	p01-neutral-feedback/s02-equilibrium-precision-v210-m010-g250/p01-s02-c0021/sb0009	completion.json	0	100	101	100	100	0	7d95d7d668a2f68a837fffb61ed72abdd1e962870135f0baefd4cf28287a834c
p01-s02-c0021-v210-m010-g250-sb0010	p01-s02-c0021	sb0010	p01-neutral-feedback/s02-equilibrium-precision-v210-m010-g250/p01-s02-c0021/sb0010	completion.json	0	100	101	100	100	0	eb90c6d36d0b345907bf88c9a5d55f784ea1e6943f286e526d4d5621aeb5d6de
p01-s02-c0021-v210-m010-g250-sb0011	p01-s02-c0021	sb0011	p01-neutral-feedback/s02-equilibrium-precision-v210-m010-g250/p01-s02-c0021/sb0011	completion.json	0	100	101	100	100	0	66df4057c9f1c660ebea8d72bacf979e5c83338c482c7d969b51403bcab51d67
p01-s02-c0021-v210-m010-g250-sb0012	p01-s02-c0021	sb0012	p01-neutral-feedback/s02-equilibrium-precision-v210-m010-g250/p01-s02-c0021/sb0012	completion.json	0	100	101	100	100	0	060bb5e84e704ea7f441a5e93167c9ce3274907abb7e5ff0cd27c78a565160c8
p01-s03-c0027-v210-m010-g100-sb0001	p01-s03-c0027	sb0001	p01-neutral-feedback/s03-parameter-map-wave1-v210-m010-g100/p01-s03-c0027/sb0001	completion.json	0	100	101	100	100	0	1c705c3baf797f72c605b50f9051dd354ea1201f234d786fa9f692e1476ded3e
p01-s03-c0027-v210-m010-g100-sb0002	p01-s03-c0027	sb0002	p01-neutral-feedback/s03-parameter-map-wave1-v210-m010-g100/p01-s03-c0027/sb0002	completion.json	0	100	101	100	100	0	d30311766cf347aac9cd63251095e766f57b866358872602463305aadd328d88
p01-s03-c0027-v210-m010-g100-sb0003	p01-s03-c0027	sb0003	p01-neutral-feedback/s03-parameter-map-wave1-v210-m010-g100/p01-s03-c0027/sb0003	completion.json	0	100	101	100	100	0	133a84bf32a1b22f42b4ed62a9ab5ebff5cca774216be7b0857612f4a958a8aa
p01-s03-c0027-v210-m010-g100-sb0004	p01-s03-c0027	sb0004	p01-neutral-feedback/s03-parameter-map-wave1-v210-m010-g100/p01-s03-c0027/sb0004	completion.json	0	100	101	100	100	0	e6ba7a21595c19a581b9d353edd1bf9800106fb73cdc10f980a91bfb9264beae
p01-s03-c0027-v210-m010-g100-sb0005	p01-s03-c0027	sb0005	p01-neutral-feedback/s03-parameter-map-wave1-v210-m010-g100/p01-s03-c0027/sb0005	completion.json	0	100	101	100	100	0	1fbf7ef1b2208cf73924e1c90cc0df2aaa110e44166a5bb4c9550f2fd4ab5b38
p01-s03-c0027-v210-m010-g100-sb0006	p01-s03-c0027	sb0006	p01-neutral-feedback/s03-parameter-map-wave1-v210-m010-g100/p01-s03-c0027/sb0006	completion.json	0	100	101	100	100	0	c9913b6222e6b32d25dbe888d237ed8c5e632399254bf329735dadd5f4b05d36
p01-s03-c0027-v210-m010-g100-sb0007	p01-s03-c0027	sb0007	p01-neutral-feedback/s03-parameter-map-wave1-v210-m010-g100/p01-s03-c0027/sb0007	completion.json	0	100	101	100	100	0	755e8e041a682f08f88bd881feb737c51275d876ae5e8662bbe497216b20d32e
p01-s03-c0027-v210-m010-g100-sb0008	p01-s03-c0027	sb0008	p01-neutral-feedback/s03-parameter-map-wave1-v210-m010-g100/p01-s03-c0027/sb0008	completion.json	0	100	101	100	100	0	553c4eb9fce1fd945f89f32bf4599f14bc629fcd39172d2c158f7f6899b239f9
p01-s03-c0027-v210-m010-g100-sb0009	p01-s03-c0027	sb0009	p01-neutral-feedback/s03-parameter-map-wave1-v210-m010-g100/p01-s03-c0027/sb0009	completion.json	0	100	101	100	100	0	a4762bec3430d2401eba9c2cba1af2e944e00de8b6d1e128552eab1b2f993c0a
p01-s03-c0027-v210-m010-g100-sb0010	p01-s03-c0027	sb0010	p01-neutral-feedback/s03-parameter-map-wave1-v210-m010-g100/p01-s03-c0027/sb0010	completion.json	0	100	101	100	100	0	b783ab41fecc3873f02070d702839266f533d86883927357deab9271dd806c07
p01-s03-c0027-v210-m010-g100-sb0011	p01-s03-c0027	sb0011	p01-neutral-feedback/s03-parameter-map-wave1-v210-m010-g100/p01-s03-c0027/sb0011	completion.json	0	100	101	100	100	0	dbe4def9b1cd8772f730779d589926ccab2a5e1fc68c340efdca5c9fba01acdd
p01-s03-c0027-v210-m010-g100-sb0012	p01-s03-c0027	sb0012	p01-neutral-feedback/s03-parameter-map-wave1-v210-m010-g100/p01-s03-c0027/sb0012	completion.json	0	100	101	100	100	0	ed7077f8562cde0be59b0fe5a8fd592e5cd772648c4e19b93fd721728efdf4ca
p01-s03-c0028-v210-m010-g100-sb0001	p01-s03-c0028	sb0001	p01-neutral-feedback/s03-parameter-map-wave1-v210-m010-g100/p01-s03-c0028/sb0001	completion.json	0	100	101	100	100	0	4d7efb48f00d2ebb059028b4b09d6a935d59fb3a1026ada50d43e2c0e74c79a4
p01-s03-c0028-v210-m010-g100-sb0002	p01-s03-c0028	sb0002	p01-neutral-feedback/s03-parameter-map-wave1-v210-m010-g100/p01-s03-c0028/sb0002	completion.json	0	100	101	100	100	0	30914fcbce5e49cc68a6f3515bccb20f188cd1cc3821093a1f94a6276379ae6f
p01-s03-c0028-v210-m010-g100-sb0003	p01-s03-c0028	sb0003	p01-neutral-feedback/s03-parameter-map-wave1-v210-m010-g100/p01-s03-c0028/sb0003	completion.json	0	100	101	100	100	0	512924f5b7a82b4988303dca914f556285d2c25d685fc6af2c76e8fbf9f02630
p01-s03-c0028-v210-m010-g100-sb0004	p01-s03-c0028	sb0004	p01-neutral-feedback/s03-parameter-map-wave1-v210-m010-g100/p01-s03-c0028/sb0004	completion.json	0	100	101	102	100	2	f2cba00f620863876eec5dad6b314371615ecda5f9552f5531ff422019b534b8
p01-s03-c0028-v210-m010-g100-sb0005	p01-s03-c0028	sb0005	p01-neutral-feedback/s03-parameter-map-wave1-v210-m010-g100/p01-s03-c0028/sb0005	completion.json	0	100	101	100	100	0	c0ac4a0e7585b1a03ae2f2329f61623dd64ec473fe1bbaa89a754deea28a0347
p01-s03-c0028-v210-m010-g100-sb0006	p01-s03-c0028	sb0006	p01-neutral-feedback/s03-parameter-map-wave1-v210-m010-g100/p01-s03-c0028/sb0006	completion.json	0	100	101	102	100	2	58e3cdd2ffcc263cda57923929b1fa51eaedf0a47100507b87fd22f77c06218e
p01-s03-c0028-v210-m010-g100-sb0007	p01-s03-c0028	sb0007	p01-neutral-feedback/s03-parameter-map-wave1-v210-m010-g100/p01-s03-c0028/sb0007	completion.json	0	100	101	101	100	1	3390f6cf8db39fa65629bbf4159182ce193b2410c948f5556b9f68258413b21f
p01-s03-c0028-v210-m010-g100-sb0008	p01-s03-c0028	sb0008	p01-neutral-feedback/s03-parameter-map-wave1-v210-m010-g100/p01-s03-c0028/sb0008	completion.json	0	100	101	100	100	0	61848041a88906e4c21db2d6ef7e751e8daaab9f693ceffe5392d78eeb78acc6
p01-s03-c0028-v210-m010-g100-sb0009	p01-s03-c0028	sb0009	p01-neutral-feedback/s03-parameter-map-wave1-v210-m010-g100/p01-s03-c0028/sb0009	completion.json	0	100	101	101	100	1	fcbcfcec9668a9a96dcc299fd3395fc390c3e5e1b9cc56e714bd947bdd547691
p01-s03-c0028-v210-m010-g100-sb0010	p01-s03-c0028	sb0010	p01-neutral-feedback/s03-parameter-map-wave1-v210-m010-g100/p01-s03-c0028/sb0010	completion.json	0	100	101	100	100	0	7cf1c98caa31853b43405e4dd5cd9b855fceab0c7116913bb6473fc5532a3b7e
p01-s03-c0028-v210-m010-g100-sb0011	p01-s03-c0028	sb0011	p01-neutral-feedback/s03-parameter-map-wave1-v210-m010-g100/p01-s03-c0028/sb0011	completion.json	0	100	101	100	100	0	9a50037a950b06fd557f6c156af2b2cb16b6b6e64fccd292f47e022645aeaa2f
p01-s03-c0028-v210-m010-g100-sb0012	p01-s03-c0028	sb0012	p01-neutral-feedback/s03-parameter-map-wave1-v210-m010-g100/p01-s03-c0028/sb0012	completion.json	0	100	101	100	100	0	6d1f3b69ee5455355bd7f6ebf5fb7355958cacfb7bdd89cd0b04db62f385a9d2
p01-s03-c0029-v210-m010-g100-sb0001	p01-s03-c0029	sb0001	p01-neutral-feedback/s03-parameter-map-wave1-v210-m010-g100/p01-s03-c0029/sb0001	completion.json	0	100	101	100	100	0	8206f17638913efbca62b3937d8259fc4ac5ecac7998b8050cfbd1f956a22bfc
p01-s03-c0029-v210-m010-g100-sb0002	p01-s03-c0029	sb0002	p01-neutral-feedback/s03-parameter-map-wave1-v210-m010-g100/p01-s03-c0029/sb0002	completion.json	0	100	101	100	100	0	9fa3efc443ef1f797bc341bb1d92e382608369d117b40baabe2edd75df11c711
p01-s03-c0029-v210-m010-g100-sb0003	p01-s03-c0029	sb0003	p01-neutral-feedback/s03-parameter-map-wave1-v210-m010-g100/p01-s03-c0029/sb0003	completion.json	0	100	101	100	100	0	600e75cc6fc5476787f17226595a71b1777c5969f8efc04b60ace526e91a9e8e
p01-s03-c0029-v210-m010-g100-sb0004	p01-s03-c0029	sb0004	p01-neutral-feedback/s03-parameter-map-wave1-v210-m010-g100/p01-s03-c0029/sb0004	completion.json	0	100	101	100	100	0	8ee8a9cc2cb39cea9277bf2fba639666f9e0ac230ad2d7c0f033c728b96fd9dd
p01-s03-c0029-v210-m010-g100-sb0005	p01-s03-c0029	sb0005	p01-neutral-feedback/s03-parameter-map-wave1-v210-m010-g100/p01-s03-c0029/sb0005	completion.json	0	100	101	100	100	0	3291aa5b97f28aa9d6532eacaf5580c1489739d75296d4e35516aac4f49ea104
p01-s03-c0029-v210-m010-g100-sb0006	p01-s03-c0029	sb0006	p01-neutral-feedback/s03-parameter-map-wave1-v210-m010-g100/p01-s03-c0029/sb0006	completion.json	0	100	101	100	100	0	ea2e920bd74ed0772a47d6b43ce143b30b4dd13071ae09095b8bcb83781ad831
p01-s03-c0029-v210-m010-g100-sb0007	p01-s03-c0029	sb0007	p01-neutral-feedback/s03-parameter-map-wave1-v210-m010-g100/p01-s03-c0029/sb0007	completion.json	0	100	101	100	100	0	acc32a09e24805caeb05f0aad13ee2081a44c0c5141f9f6f520f69768d7a5bc7
p01-s03-c0029-v210-m010-g100-sb0008	p01-s03-c0029	sb0008	p01-neutral-feedback/s03-parameter-map-wave1-v210-m010-g100/p01-s03-c0029/sb0008	completion.json	0	100	101	100	100	0	20dc9db4ce0e611e601b0d23eeeca2620f53edcc0ebe8a39901aacd94be7d85b
p01-s03-c0029-v210-m010-g100-sb0009	p01-s03-c0029	sb0009	p01-neutral-feedback/s03-parameter-map-wave1-v210-m010-g100/p01-s03-c0029/sb0009	completion.json	0	100	101	100	100	0	cbb361e22454ec3f5a66ed083065294455ff140c5ccbcc6d2f5a71ed45ea349a
p01-s03-c0029-v210-m010-g100-sb0010	p01-s03-c0029	sb0010	p01-neutral-feedback/s03-parameter-map-wave1-v210-m010-g100/p01-s03-c0029/sb0010	completion.json	0	100	101	100	100	0	e73b6d7faae6247b1c57482befb161dfd98356b6c9a04b71751612b57d878895
p01-s03-c0029-v210-m010-g100-sb0011	p01-s03-c0029	sb0011	p01-neutral-feedback/s03-parameter-map-wave1-v210-m010-g100/p01-s03-c0029/sb0011	completion.json	0	100	101	100	100	0	f6b89b173425ed91cd4015b4fbc998f0bc4c4ac8979c0d6681843363b1ec53ee
p01-s03-c0029-v210-m010-g100-sb0012	p01-s03-c0029	sb0012	p01-neutral-feedback/s03-parameter-map-wave1-v210-m010-g100/p01-s03-c0029/sb0012	completion.json	0	100	101	100	100	0	51721a1ae11b51509f3f8656b95f11c07e6f4b5664d2c4f1baac7ddb48b3654a
p01-s03-c0030-v210-m010-g100-sb0001	p01-s03-c0030	sb0001	p01-neutral-feedback/s03-parameter-map-wave1-v210-m010-g100/p01-s03-c0030/sb0001	completion.json	0	100	101	104	100	4	6ab95af9bfdb1bf96e67429335a4970e377be2c4c307c770d36ebf6a174f3199
p01-s03-c0030-v210-m010-g100-sb0002	p01-s03-c0030	sb0002	p01-neutral-feedback/s03-parameter-map-wave1-v210-m010-g100/p01-s03-c0030/sb0002	completion.json	0	100	101	111	100	11	f7ee1afacf20cdc59f904749184e03ea5f5ce462df52add31e80971442a98bd1
p01-s03-c0030-v210-m010-g100-sb0003	p01-s03-c0030	sb0003	p01-neutral-feedback/s03-parameter-map-wave1-v210-m010-g100/p01-s03-c0030/sb0003	completion.json	0	100	101	102	100	2	840dd3e1a6c9541f44fd5bcbef8f25de170b3b747e52b5170049d013f38004b3
p01-s03-c0030-v210-m010-g100-sb0004	p01-s03-c0030	sb0004	p01-neutral-feedback/s03-parameter-map-wave1-v210-m010-g100/p01-s03-c0030/sb0004	completion.json	0	100	101	104	100	4	dfd3692442490555acbd086931db654a0b50f29eda8b17d5e9fe425e092f3687
p01-s03-c0030-v210-m010-g100-sb0005	p01-s03-c0030	sb0005	p01-neutral-feedback/s03-parameter-map-wave1-v210-m010-g100/p01-s03-c0030/sb0005	completion.json	0	100	101	102	100	2	f2b4ce74c4a413570f011e2186b57827378607ad887eb2f39dc7dc8f7d70bad1
p01-s03-c0030-v210-m010-g100-sb0006	p01-s03-c0030	sb0006	p01-neutral-feedback/s03-parameter-map-wave1-v210-m010-g100/p01-s03-c0030/sb0006	completion.json	0	100	101	107	100	7	1db9f7bb19f23089e0f17465949fc6bb521a6c47877ec824e7a4fba5f67a3254
p01-s03-c0030-v210-m010-g100-sb0007	p01-s03-c0030	sb0007	p01-neutral-feedback/s03-parameter-map-wave1-v210-m010-g100/p01-s03-c0030/sb0007	completion.json	0	100	101	104	100	4	18197435b682a6f2e162a33f0d4926b5d66a1674cec010c2c47637b818eeb434
p01-s03-c0030-v210-m010-g100-sb0008	p01-s03-c0030	sb0008	p01-neutral-feedback/s03-parameter-map-wave1-v210-m010-g100/p01-s03-c0030/sb0008	completion.json	0	100	101	109	100	9	83743728678e917fc0100414e5df24fafda4055b6536739482c06a55a93d5147
p01-s03-c0030-v210-m010-g100-sb0009	p01-s03-c0030	sb0009	p01-neutral-feedback/s03-parameter-map-wave1-v210-m010-g100/p01-s03-c0030/sb0009	completion.json	0	100	101	107	100	7	81bb2f3c953e6258d6e9865d4e709400a58982bb25c68b51bb6e349ff2377ae5
p01-s03-c0030-v210-m010-g100-sb0010	p01-s03-c0030	sb0010	p01-neutral-feedback/s03-parameter-map-wave1-v210-m010-g100/p01-s03-c0030/sb0010	completion.json	0	100	101	105	100	5	f0d462d8926465a4fc50fbb196b86e84a46a4dab4523b6b3e545f7fca1b9e230
p01-s03-c0030-v210-m010-g100-sb0011	p01-s03-c0030	sb0011	p01-neutral-feedback/s03-parameter-map-wave1-v210-m010-g100/p01-s03-c0030/sb0011	completion.json	0	100	101	105	100	5	5c7a64b52ec4492f8e564a98caa650a497b6cd607b947eb9462a02c6ced96345
p01-s03-c0030-v210-m010-g100-sb0012	p01-s03-c0030	sb0012	p01-neutral-feedback/s03-parameter-map-wave1-v210-m010-g100/p01-s03-c0030/sb0012	completion.json	0	100	101	108	100	8	ca6b63c840e3c2a2eb4e70406e22f4bd909a913b595177923950f58e03d931fe
p01-s03-c0031-v210-m010-g100-sb0001	p01-s03-c0031	sb0001	p01-neutral-feedback/s03-parameter-map-wave1-v210-m010-g100/p01-s03-c0031/sb0001	completion.json	0	100	101	100	100	0	a200a5f4f4c2f6e7aa17da55127c42bf320cda6cc246fbb1e068c2258d4cabe6
p01-s03-c0031-v210-m010-g100-sb0002	p01-s03-c0031	sb0002	p01-neutral-feedback/s03-parameter-map-wave1-v210-m010-g100/p01-s03-c0031/sb0002	completion.json	0	100	101	100	100	0	326768e971c4c514b7f5860d03eb80d7c11242a72c4c1cba028945680140ab9a
p01-s03-c0031-v210-m010-g100-sb0003	p01-s03-c0031	sb0003	p01-neutral-feedback/s03-parameter-map-wave1-v210-m010-g100/p01-s03-c0031/sb0003	completion.json	0	100	101	100	100	0	995184f734c626e5f0bca8c2f7425680ba6224afb31d8f262a81dbb3f2c5a3b5
p01-s03-c0031-v210-m010-g100-sb0004	p01-s03-c0031	sb0004	p01-neutral-feedback/s03-parameter-map-wave1-v210-m010-g100/p01-s03-c0031/sb0004	completion.json	0	100	101	100	100	0	5b318b3eea3bf7714377003e601e4767c08058c615cd172b05da5b2d24b0b5ba
p01-s03-c0031-v210-m010-g100-sb0005	p01-s03-c0031	sb0005	p01-neutral-feedback/s03-parameter-map-wave1-v210-m010-g100/p01-s03-c0031/sb0005	completion.json	0	100	101	100	100	0	a882a92504dbae8a3f704c58c714d3ad7f80ceffc4e084cd99bd7c596c21c8a7
p01-s03-c0031-v210-m010-g100-sb0006	p01-s03-c0031	sb0006	p01-neutral-feedback/s03-parameter-map-wave1-v210-m010-g100/p01-s03-c0031/sb0006	completion.json	0	100	101	100	100	0	a9235c7f58e7c4a937b85e8b1a68217c4fbb9e48774d0addd07d55edce54a420
p01-s03-c0031-v210-m010-g100-sb0007	p01-s03-c0031	sb0007	p01-neutral-feedback/s03-parameter-map-wave1-v210-m010-g100/p01-s03-c0031/sb0007	completion.json	0	100	101	100	100	0	d10bb4cd579285ec026e2052f4044cda113488b84fe43c9cdd4059c26494ece9
p01-s03-c0031-v210-m010-g100-sb0008	p01-s03-c0031	sb0008	p01-neutral-feedback/s03-parameter-map-wave1-v210-m010-g100/p01-s03-c0031/sb0008	completion.json	0	100	101	100	100	0	ba37f8253e8d6768e1d54541d3ca300622179bcaa5d5d927da6008abbd952215
p01-s03-c0031-v210-m010-g100-sb0009	p01-s03-c0031	sb0009	p01-neutral-feedback/s03-parameter-map-wave1-v210-m010-g100/p01-s03-c0031/sb0009	completion.json	0	100	101	100	100	0	5159c3de3e4fea3dd450be9c88879af83710892221ffcfbde872409dd68931dc
p01-s03-c0031-v210-m010-g100-sb0010	p01-s03-c0031	sb0010	p01-neutral-feedback/s03-parameter-map-wave1-v210-m010-g100/p01-s03-c0031/sb0010	completion.json	0	100	101	100	100	0	74cb5b169cd861153cbd3a2673bd2437b679add36d9008693e1e5c57cac88acf
p01-s03-c0031-v210-m010-g100-sb0011	p01-s03-c0031	sb0011	p01-neutral-feedback/s03-parameter-map-wave1-v210-m010-g100/p01-s03-c0031/sb0011	completion.json	0	100	101	100	100	0	8de2d62871daad465b7b62c5cdc283e50288a09010a774547393940df8dc3e70
p01-s03-c0031-v210-m010-g100-sb0012	p01-s03-c0031	sb0012	p01-neutral-feedback/s03-parameter-map-wave1-v210-m010-g100/p01-s03-c0031/sb0012	completion.json	0	100	101	100	100	0	ac667f411ce37ddc179cdc8c13931b30dd51d98c0ed93dca4d4fe8d516515001
p01-s03-c0032-v210-m010-g100-sb0001	p01-s03-c0032	sb0001	p01-neutral-feedback/s03-parameter-map-wave1-v210-m010-g100/p01-s03-c0032/sb0001	completion.json	0	100	101	147	100	47	da18b39bd48f40aa8a4038dd558926d6896485f0c33686efd5323014c28f2469
p01-s03-c0032-v210-m010-g100-sb0002	p01-s03-c0032	sb0002	p01-neutral-feedback/s03-parameter-map-wave1-v210-m010-g100/p01-s03-c0032/sb0002	completion.json	0	100	101	167	100	67	8f0b223c64a533bf686914603bad0947abf7767b889c9ef8d4d0e2115d07e41a
p01-s03-c0032-v210-m010-g100-sb0003	p01-s03-c0032	sb0003	p01-neutral-feedback/s03-parameter-map-wave1-v210-m010-g100/p01-s03-c0032/sb0003	completion.json	0	100	101	152	100	52	c7c8ea0b82e90447e46d439b5b9ea305a1a0aaa239918d69f0f8d6804771a6f4
p01-s03-c0032-v210-m010-g100-sb0004	p01-s03-c0032	sb0004	p01-neutral-feedback/s03-parameter-map-wave1-v210-m010-g100/p01-s03-c0032/sb0004	completion.json	0	100	101	157	100	57	743fa3b9a5cdc6ee281a08ea481c5a42b93e4400628c148ce635cccc33657aec
p01-s03-c0032-v210-m010-g100-sb0005	p01-s03-c0032	sb0005	p01-neutral-feedback/s03-parameter-map-wave1-v210-m010-g100/p01-s03-c0032/sb0005	completion.json	0	100	101	164	100	64	d2d80e96049b99c6431e2958d0ba6045fa4d27a4cd491294ae162c4e695a0227
p01-s03-c0032-v210-m010-g100-sb0006	p01-s03-c0032	sb0006	p01-neutral-feedback/s03-parameter-map-wave1-v210-m010-g100/p01-s03-c0032/sb0006	completion.json	0	100	101	145	100	45	6de5e41e8b8a8e032fe015cc5eac2d384e98fcf8009b4fbc1ad65dec6960a81d
p01-s03-c0032-v210-m010-g100-sb0007	p01-s03-c0032	sb0007	p01-neutral-feedback/s03-parameter-map-wave1-v210-m010-g100/p01-s03-c0032/sb0007	completion.json	0	100	101	165	100	65	eaa4b7ce35ad5431b9092d5f4c9d8886174fa17024bd4bbdfb2f0a185ab576b1
p01-s03-c0032-v210-m010-g100-sb0008	p01-s03-c0032	sb0008	p01-neutral-feedback/s03-parameter-map-wave1-v210-m010-g100/p01-s03-c0032/sb0008	completion.json	0	100	101	149	100	49	e7ad72c0b4ff85ffe0f98a07695f5a42666615b383e8c2ffd76b069ebcf9422a
p01-s03-c0032-v210-m010-g100-sb0009	p01-s03-c0032	sb0009	p01-neutral-feedback/s03-parameter-map-wave1-v210-m010-g100/p01-s03-c0032/sb0009	completion.json	0	100	101	160	100	60	f602a1de7b5a6f0d61846b74cfb3bfcc57fe90cc58e7661800b99c4dc75ce353
p01-s03-c0032-v210-m010-g100-sb0010	p01-s03-c0032	sb0010	p01-neutral-feedback/s03-parameter-map-wave1-v210-m010-g100/p01-s03-c0032/sb0010	completion.json	0	100	101	151	100	51	c5849a174d45a27405cbdaff1ae7446599bfda2a94e40c83af1e0d61c0d9f6f4
p01-s03-c0032-v210-m010-g100-sb0011	p01-s03-c0032	sb0011	p01-neutral-feedback/s03-parameter-map-wave1-v210-m010-g100/p01-s03-c0032/sb0011	completion.json	0	100	101	153	100	53	fe6a1c866481162d9c27471c02d0138254158597fde5e94a8b562729c4efd588
p01-s03-c0032-v210-m010-g100-sb0012	p01-s03-c0032	sb0012	p01-neutral-feedback/s03-parameter-map-wave1-v210-m010-g100/p01-s03-c0032/sb0012	completion.json	0	100	101	167	100	67	5947210f75afb4c123b1e25f1e75d0c801d33642e55dd43549cd2b68555508f7
p01-s03-c0033-v210-m010-g100-sb0001	p01-s03-c0033	sb0001	p01-neutral-feedback/s03-parameter-map-wave1-v210-m010-g100/p01-s03-c0033/sb0001	completion.json	0	100	101	100	100	0	200225378247037e80007035b2a72ec9161572cd55b724cb9c2ce496783211a5
p01-s03-c0033-v210-m010-g100-sb0002	p01-s03-c0033	sb0002	p01-neutral-feedback/s03-parameter-map-wave1-v210-m010-g100/p01-s03-c0033/sb0002	completion.json	0	100	101	100	100	0	714a123707a1196d42600700f2ab7b6497a07987ffe6153a70aa01f57a12e555
p01-s03-c0033-v210-m010-g100-sb0003	p01-s03-c0033	sb0003	p01-neutral-feedback/s03-parameter-map-wave1-v210-m010-g100/p01-s03-c0033/sb0003	completion.json	0	100	101	100	100	0	001d9b27002c49534d8f2bf7025a15f0eeb19971f48341f35f6f7c9dc5704bb2
p01-s03-c0033-v210-m010-g100-sb0004	p01-s03-c0033	sb0004	p01-neutral-feedback/s03-parameter-map-wave1-v210-m010-g100/p01-s03-c0033/sb0004	completion.json	0	100	101	100	100	0	2a5166457d2535011cd4d0fbe205ee08be180d55def7eadc35555df566853bd8
p01-s03-c0033-v210-m010-g100-sb0005	p01-s03-c0033	sb0005	p01-neutral-feedback/s03-parameter-map-wave1-v210-m010-g100/p01-s03-c0033/sb0005	completion.json	0	100	101	100	100	0	35dc3c4eb79a13af50a3f5cd46563b389a04d85e88b58da6b5503e2e547d013b
p01-s03-c0033-v210-m010-g100-sb0006	p01-s03-c0033	sb0006	p01-neutral-feedback/s03-parameter-map-wave1-v210-m010-g100/p01-s03-c0033/sb0006	completion.json	0	100	101	100	100	0	32b3f34b9d9cffcba1bbb117ff1e08399162bfc0ce5f770f6b4b6e23d69cd880
p01-s03-c0033-v210-m010-g100-sb0007	p01-s03-c0033	sb0007	p01-neutral-feedback/s03-parameter-map-wave1-v210-m010-g100/p01-s03-c0033/sb0007	completion.json	0	100	101	100	100	0	82e9d4ff2998cb96050d760fa29280cba109ccf476127e1756a046b05f9cbd63
p01-s03-c0033-v210-m010-g100-sb0008	p01-s03-c0033	sb0008	p01-neutral-feedback/s03-parameter-map-wave1-v210-m010-g100/p01-s03-c0033/sb0008	completion.json	0	100	101	100	100	0	bd793e9e754889db6fe683182740801f803a8759e3cd80a88c24eb505cd160c7
p01-s03-c0033-v210-m010-g100-sb0009	p01-s03-c0033	sb0009	p01-neutral-feedback/s03-parameter-map-wave1-v210-m010-g100/p01-s03-c0033/sb0009	completion.json	0	100	101	100	100	0	b9f4d1ee42779bfec5756de07a0c9710881df67f9d76c138bb4b3afeae9a8222
p01-s03-c0033-v210-m010-g100-sb0010	p01-s03-c0033	sb0010	p01-neutral-feedback/s03-parameter-map-wave1-v210-m010-g100/p01-s03-c0033/sb0010	completion.json	0	100	101	100	100	0	2dc6470d1925b8a0e593f116ff5a5ae298ef4a5a4d5da8b30726b59f31371cb6
p01-s03-c0033-v210-m010-g100-sb0011	p01-s03-c0033	sb0011	p01-neutral-feedback/s03-parameter-map-wave1-v210-m010-g100/p01-s03-c0033/sb0011	completion.json	0	100	101	100	100	0	bee4b97b2dd5337ad601ad79b26575c1a015c0630f9b63e67f22dbe200aff38e
p01-s03-c0033-v210-m010-g100-sb0012	p01-s03-c0033	sb0012	p01-neutral-feedback/s03-parameter-map-wave1-v210-m010-g100/p01-s03-c0033/sb0012	completion.json	0	100	101	100	100	0	88ce9844867b6d719fad4c63834e61cb45f04d184e9a2621ac83b0a8f7b7a19e
p01-s03-c0034-v210-m010-g100-sb0001	p01-s03-c0034	sb0001	p01-neutral-feedback/s03-parameter-map-wave1-v210-m010-g100/p01-s03-c0034/sb0001	completion.json	0	100	101	123	100	23	12d66a3a9a00860b8e380ea04f0d06a29d16fdd58e465c4447c02cdca9ab69a3
p01-s03-c0034-v210-m010-g100-sb0002	p01-s03-c0034	sb0002	p01-neutral-feedback/s03-parameter-map-wave1-v210-m010-g100/p01-s03-c0034/sb0002	completion.json	0	100	101	136	100	36	3810e56265fffb9e2298a0acb3efd86892b4974ac2756fc5000534d476470a9f
p01-s03-c0034-v210-m010-g100-sb0003	p01-s03-c0034	sb0003	p01-neutral-feedback/s03-parameter-map-wave1-v210-m010-g100/p01-s03-c0034/sb0003	completion.json	0	100	101	133	100	33	2bd55e5bbac1d305639b20d7e5d4e71f055b309cce6ed7fb32993aea11ed9a58
p01-s03-c0034-v210-m010-g100-sb0004	p01-s03-c0034	sb0004	p01-neutral-feedback/s03-parameter-map-wave1-v210-m010-g100/p01-s03-c0034/sb0004	completion.json	0	100	101	121	100	21	62a4f408b60cb74e79eed47eea019fd5fb71b8f1645fd01071fbbd0460fdb602
p01-s03-c0034-v210-m010-g100-sb0005	p01-s03-c0034	sb0005	p01-neutral-feedback/s03-parameter-map-wave1-v210-m010-g100/p01-s03-c0034/sb0005	completion.json	0	100	101	125	100	25	42901acea62072244759937a89b3638890c9f1356b1dc124e1c55943285f78a2
p01-s03-c0034-v210-m010-g100-sb0006	p01-s03-c0034	sb0006	p01-neutral-feedback/s03-parameter-map-wave1-v210-m010-g100/p01-s03-c0034/sb0006	completion.json	0	100	101	126	100	26	1b83f2d5a289355dac3f373fea62b7995b6b6ef2c7bcecdacd77465fc854fecb
p01-s03-c0034-v210-m010-g100-sb0007	p01-s03-c0034	sb0007	p01-neutral-feedback/s03-parameter-map-wave1-v210-m010-g100/p01-s03-c0034/sb0007	completion.json	0	100	101	125	100	25	69b98178ba10a189322b95d5689bc31ce6b73b077253c6a8e1de62499434687f
p01-s03-c0034-v210-m010-g100-sb0008	p01-s03-c0034	sb0008	p01-neutral-feedback/s03-parameter-map-wave1-v210-m010-g100/p01-s03-c0034/sb0008	completion.json	0	100	101	119	100	19	e3b482828a069bfc1b4de647232e43e20ea699b29c1c27a18188b4653aabc8f8
p01-s03-c0034-v210-m010-g100-sb0009	p01-s03-c0034	sb0009	p01-neutral-feedback/s03-parameter-map-wave1-v210-m010-g100/p01-s03-c0034/sb0009	completion.json	0	100	101	116	100	16	d92b6230760cb7b40b68076dd3e748e95f4d915a6ebe3ce75eed57962b36a940
p01-s03-c0034-v210-m010-g100-sb0010	p01-s03-c0034	sb0010	p01-neutral-feedback/s03-parameter-map-wave1-v210-m010-g100/p01-s03-c0034/sb0010	completion.json	0	100	101	133	100	33	7976c53a0c865773c6c027c9dfea3898ec7f28e0e75a2cc78f522d82f0b15b59
p01-s03-c0034-v210-m010-g100-sb0011	p01-s03-c0034	sb0011	p01-neutral-feedback/s03-parameter-map-wave1-v210-m010-g100/p01-s03-c0034/sb0011	completion.json	0	100	101	134	100	34	66a7ef5ca1fa5671d849e0816c06221df7640c39e04620ac77dcacaecb46fa35
p01-s03-c0034-v210-m010-g100-sb0012	p01-s03-c0034	sb0012	p01-neutral-feedback/s03-parameter-map-wave1-v210-m010-g100/p01-s03-c0034/sb0012	completion.json	0	100	101	124	100	24	c7d9317b53abdb944636498c9fa91209c7c659cc41ab294d5e05814da4f455e5
p01-s03-c0035-v210-m010-g100-sb0001	p01-s03-c0035	sb0001	p01-neutral-feedback/s03-parameter-map-wave1-v210-m010-g100/p01-s03-c0035/sb0001	completion.json	0	100	101	100	100	0	c96ba187aeb012732a204d18df8264d91697e15e6b354ed55475f041e6b8cee8
p01-s03-c0035-v210-m010-g100-sb0002	p01-s03-c0035	sb0002	p01-neutral-feedback/s03-parameter-map-wave1-v210-m010-g100/p01-s03-c0035/sb0002	completion.json	0	100	101	100	100	0	49ebbc1e2573b0f45e416cc4914246063719a8b4dec398bf25d9378f999e56e0
p01-s03-c0035-v210-m010-g100-sb0003	p01-s03-c0035	sb0003	p01-neutral-feedback/s03-parameter-map-wave1-v210-m010-g100/p01-s03-c0035/sb0003	completion.json	0	100	101	100	100	0	610c6d64212484b20ae3899e68ade94dcffad401d02992a529d667cce84c8163
p01-s03-c0035-v210-m010-g100-sb0004	p01-s03-c0035	sb0004	p01-neutral-feedback/s03-parameter-map-wave1-v210-m010-g100/p01-s03-c0035/sb0004	completion.json	0	100	101	100	100	0	25f6eb234b52caf8e617a40d2cdb92e9caa1da7e24653f220c2fa96524f0c734
p01-s03-c0035-v210-m010-g100-sb0005	p01-s03-c0035	sb0005	p01-neutral-feedback/s03-parameter-map-wave1-v210-m010-g100/p01-s03-c0035/sb0005	completion.json	0	100	101	100	100	0	cb07cc5a3901733a8fc048079c36fc9b495d7d91f2cb371529c2b77cc9f085a8
p01-s03-c0035-v210-m010-g100-sb0006	p01-s03-c0035	sb0006	p01-neutral-feedback/s03-parameter-map-wave1-v210-m010-g100/p01-s03-c0035/sb0006	completion.json	0	100	101	100	100	0	db67afb09c7067a368a9e8ed9b8085ebb9470331ac2d43c85be47e09ecc9b60f
p01-s03-c0035-v210-m010-g100-sb0007	p01-s03-c0035	sb0007	p01-neutral-feedback/s03-parameter-map-wave1-v210-m010-g100/p01-s03-c0035/sb0007	completion.json	0	100	101	100	100	0	a3e9aa20764494524f1c29ba100a423e2709a3ebb851c542489681af3e595544
p01-s03-c0035-v210-m010-g100-sb0008	p01-s03-c0035	sb0008	p01-neutral-feedback/s03-parameter-map-wave1-v210-m010-g100/p01-s03-c0035/sb0008	completion.json	0	100	101	100	100	0	1ee154ce7a3eb5748bbfbf24bb15a9df282b316833fcb6e0066a7968406df7ab
p01-s03-c0035-v210-m010-g100-sb0009	p01-s03-c0035	sb0009	p01-neutral-feedback/s03-parameter-map-wave1-v210-m010-g100/p01-s03-c0035/sb0009	completion.json	0	100	101	100	100	0	de93a40f1733bb2ed1d861170f94834e0c89f78c9c2b6275aa789510c8473820
p01-s03-c0035-v210-m010-g100-sb0010	p01-s03-c0035	sb0010	p01-neutral-feedback/s03-parameter-map-wave1-v210-m010-g100/p01-s03-c0035/sb0010	completion.json	0	100	101	100	100	0	f00b204950ac9ba282f8d9cecce2fa8db16e948b200c3bbaeccbbe04a4725f57
p01-s03-c0035-v210-m010-g100-sb0011	p01-s03-c0035	sb0011	p01-neutral-feedback/s03-parameter-map-wave1-v210-m010-g100/p01-s03-c0035/sb0011	completion.json	0	100	101	100	100	0	0702c2a44903d80df4225d729463bb49c1aa49534136e56e5d367ffedf3e2b77
p01-s03-c0035-v210-m010-g100-sb0012	p01-s03-c0035	sb0012	p01-neutral-feedback/s03-parameter-map-wave1-v210-m010-g100/p01-s03-c0035/sb0012	completion.json	0	100	101	100	100	0	390eccfe080cdd6c37c7b9379482e80b3ca4ff299aad91705ea83d09b8381d27
p01-s03-c0036-v210-m010-g100-sb0001	p01-s03-c0036	sb0001	p01-neutral-feedback/s03-parameter-map-wave1-v210-m010-g100/p01-s03-c0036/sb0001	completion.json	0	100	101	101	100	1	fa8e0949d427bd5add784bf39c97e4910044c6b17c94268e569007dcf5456876
p01-s03-c0036-v210-m010-g100-sb0002	p01-s03-c0036	sb0002	p01-neutral-feedback/s03-parameter-map-wave1-v210-m010-g100/p01-s03-c0036/sb0002	completion.json	0	100	101	101	100	1	0baed60f69070e84874491991d12b1b7b8dacabfc1b10264b283884ccf2b7a38
p01-s03-c0036-v210-m010-g100-sb0003	p01-s03-c0036	sb0003	p01-neutral-feedback/s03-parameter-map-wave1-v210-m010-g100/p01-s03-c0036/sb0003	completion.json	0	100	101	100	100	0	baf06845dbbc49975d6918f4f9be6168d06a3546c80d9ba2e1e97704f739c490
p01-s03-c0036-v210-m010-g100-sb0004	p01-s03-c0036	sb0004	p01-neutral-feedback/s03-parameter-map-wave1-v210-m010-g100/p01-s03-c0036/sb0004	completion.json	0	100	101	100	100	0	017bc1879cc363b92bc4fa07fdcd0728cfbeed81b3f5e3e947950e8978041c35
p01-s03-c0036-v210-m010-g100-sb0005	p01-s03-c0036	sb0005	p01-neutral-feedback/s03-parameter-map-wave1-v210-m010-g100/p01-s03-c0036/sb0005	completion.json	0	100	101	100	100	0	55cf2238c97ca6e11e278b220331bd3bd767076371c753eb53ebe1db6a29c749
p01-s03-c0036-v210-m010-g100-sb0006	p01-s03-c0036	sb0006	p01-neutral-feedback/s03-parameter-map-wave1-v210-m010-g100/p01-s03-c0036/sb0006	completion.json	0	100	101	101	100	1	e66088853232620989889c4f9c4a443b27a741519cebe98a80b6de6c49d21c3c
p01-s03-c0036-v210-m010-g100-sb0007	p01-s03-c0036	sb0007	p01-neutral-feedback/s03-parameter-map-wave1-v210-m010-g100/p01-s03-c0036/sb0007	completion.json	0	100	101	101	100	1	fd3d1f1d8af2bbd8d6ab8ea9cd43cc95b1de9a7ff137be3622863bb350597f46
p01-s03-c0036-v210-m010-g100-sb0008	p01-s03-c0036	sb0008	p01-neutral-feedback/s03-parameter-map-wave1-v210-m010-g100/p01-s03-c0036/sb0008	completion.json	0	100	101	100	100	0	ed6f8233ca47c1a8a5e8b90a1673ee6f57b51f0778913b7898b974afd0ef19ef
p01-s03-c0036-v210-m010-g100-sb0009	p01-s03-c0036	sb0009	p01-neutral-feedback/s03-parameter-map-wave1-v210-m010-g100/p01-s03-c0036/sb0009	completion.json	0	100	101	100	100	0	bc429665db2c935674e0390d5582ccf894e1337a70427a88596c6f5dd2ba32c0
p01-s03-c0036-v210-m010-g100-sb0010	p01-s03-c0036	sb0010	p01-neutral-feedback/s03-parameter-map-wave1-v210-m010-g100/p01-s03-c0036/sb0010	completion.json	0	100	101	100	100	0	a50117493108da8e75dafaf3551d2825dcebe45ff069c9c30ad9c189e32a79e2
p01-s03-c0036-v210-m010-g100-sb0011	p01-s03-c0036	sb0011	p01-neutral-feedback/s03-parameter-map-wave1-v210-m010-g100/p01-s03-c0036/sb0011	completion.json	0	100	101	100	100	0	67f51cabbcecb42b546f102cf067022a40908242f2c4d25c340c6151cbbe9003
p01-s03-c0036-v210-m010-g100-sb0012	p01-s03-c0036	sb0012	p01-neutral-feedback/s03-parameter-map-wave1-v210-m010-g100/p01-s03-c0036/sb0012	completion.json	0	100	101	100	100	0	8be9c5627ac2a31699e6dee5123ede1d9b44be6e5c14b401103ef0bfac176bbc
p01-s03-c0037-v210-m010-g100-sb0001	p01-s03-c0037	sb0001	p01-neutral-feedback/s03-parameter-map-wave1-v210-m010-g100/p01-s03-c0037/sb0001	completion.json	0	100	101	100	100	0	801da3be36d82abcf1f277e87363aec537c24a2271a0a3cbc608b51e383dbeaf
p01-s03-c0037-v210-m010-g100-sb0002	p01-s03-c0037	sb0002	p01-neutral-feedback/s03-parameter-map-wave1-v210-m010-g100/p01-s03-c0037/sb0002	completion.json	0	100	101	100	100	0	f6b5cfc0da1e6693b048e5a2dc9d959a178aa80c8d3b4946072cad28f489442c
p01-s03-c0037-v210-m010-g100-sb0003	p01-s03-c0037	sb0003	p01-neutral-feedback/s03-parameter-map-wave1-v210-m010-g100/p01-s03-c0037/sb0003	completion.json	0	100	101	100	100	0	cd3a7fc238eec2b96a90cf08f0c098d63cf68e8e2e057a063d6c88e8f3950f5f
p01-s03-c0037-v210-m010-g100-sb0004	p01-s03-c0037	sb0004	p01-neutral-feedback/s03-parameter-map-wave1-v210-m010-g100/p01-s03-c0037/sb0004	completion.json	0	100	101	100	100	0	ebaff23a159f62c7e65ecb7da582b9c3618b32ffa1c5462d34779a65116acf9c
p01-s03-c0037-v210-m010-g100-sb0005	p01-s03-c0037	sb0005	p01-neutral-feedback/s03-parameter-map-wave1-v210-m010-g100/p01-s03-c0037/sb0005	completion.json	0	100	101	100	100	0	06ad4baeae83cdaad03664dbe413ab417e0c0b4851713d0496e160b23d50d5f2
p01-s03-c0037-v210-m010-g100-sb0006	p01-s03-c0037	sb0006	p01-neutral-feedback/s03-parameter-map-wave1-v210-m010-g100/p01-s03-c0037/sb0006	completion.json	0	100	101	100	100	0	adfa0d42076f4c01afe15fc8db3a2b2a2f20f7c8cbeb7a57669ffa87da456809
p01-s03-c0037-v210-m010-g100-sb0007	p01-s03-c0037	sb0007	p01-neutral-feedback/s03-parameter-map-wave1-v210-m010-g100/p01-s03-c0037/sb0007	completion.json	0	100	101	100	100	0	4b0ae73b2c9366dcb03d1f437cf578e1956e2befa8c05a857cd6243f26b4c8ea
p01-s03-c0037-v210-m010-g100-sb0008	p01-s03-c0037	sb0008	p01-neutral-feedback/s03-parameter-map-wave1-v210-m010-g100/p01-s03-c0037/sb0008	completion.json	0	100	101	100	100	0	ef4fb3c929ed2c8f32ebc2298985db4f1675ee3332317c91a943f927d2a2253d
p01-s03-c0037-v210-m010-g100-sb0009	p01-s03-c0037	sb0009	p01-neutral-feedback/s03-parameter-map-wave1-v210-m010-g100/p01-s03-c0037/sb0009	completion.json	0	100	101	100	100	0	b66e67ec103a43ea37cb90d32535a9ff9d458ed293dd6820b029e6eac7b8c9e8
p01-s03-c0037-v210-m010-g100-sb0010	p01-s03-c0037	sb0010	p01-neutral-feedback/s03-parameter-map-wave1-v210-m010-g100/p01-s03-c0037/sb0010	completion.json	0	100	101	100	100	0	8b6787832cb253b9f3bf61c78e9db3a919f6df31420388a453b9e9b76a3c1425
p01-s03-c0037-v210-m010-g100-sb0011	p01-s03-c0037	sb0011	p01-neutral-feedback/s03-parameter-map-wave1-v210-m010-g100/p01-s03-c0037/sb0011	completion.json	0	100	101	100	100	0	5c8bafd28735af2ab1eafcb3eaa88f268cf8a752d5d367eb3a53d998e077e9be
p01-s03-c0037-v210-m010-g100-sb0012	p01-s03-c0037	sb0012	p01-neutral-feedback/s03-parameter-map-wave1-v210-m010-g100/p01-s03-c0037/sb0012	completion.json	0	100	101	100	100	0	5c83b13b57f873496e491fc1ad09e98048288ee22d7e926a119cd8d711617e12
p01-s03-c0038-v210-m010-g100-sb0001	p01-s03-c0038	sb0001	p01-neutral-feedback/s03-parameter-map-wave1-v210-m010-g100/p01-s03-c0038/sb0001	completion.json	0	100	101	106	100	6	82a798721ae291b2fb7cae9c770031c6b82a8c31fa1de42b3521a6a967870b1f
p01-s03-c0038-v210-m010-g100-sb0002	p01-s03-c0038	sb0002	p01-neutral-feedback/s03-parameter-map-wave1-v210-m010-g100/p01-s03-c0038/sb0002	completion.json	0	100	101	108	100	8	913c2f2ade3fc6525a4ec42b9e3c2ab8761f6449deb5499dde77b1f6dbd2bf62
p01-s03-c0038-v210-m010-g100-sb0003	p01-s03-c0038	sb0003	p01-neutral-feedback/s03-parameter-map-wave1-v210-m010-g100/p01-s03-c0038/sb0003	completion.json	0	100	101	105	100	5	6c5103324a238a688eb63611c3ea4ebf55969d0b8888a783072bf1298e9de7c3
p01-s03-c0038-v210-m010-g100-sb0004	p01-s03-c0038	sb0004	p01-neutral-feedback/s03-parameter-map-wave1-v210-m010-g100/p01-s03-c0038/sb0004	completion.json	0	100	101	106	100	6	323d57a6b5d9b88f7a57e31b765aee4d64ba5cb351f7daa743779250de3d589f
p01-s03-c0038-v210-m010-g100-sb0005	p01-s03-c0038	sb0005	p01-neutral-feedback/s03-parameter-map-wave1-v210-m010-g100/p01-s03-c0038/sb0005	completion.json	0	100	101	103	100	3	a6d2bcc00a6b1e7e9320cb3f15b79dc61e54716dbd348935a1175e39a0ce2ae1
p01-s03-c0038-v210-m010-g100-sb0006	p01-s03-c0038	sb0006	p01-neutral-feedback/s03-parameter-map-wave1-v210-m010-g100/p01-s03-c0038/sb0006	completion.json	0	100	101	107	100	7	c3ba0215e7d5a8e7d83f6f10ebb159d65c716b6b4a534a4e13836b191c0ad230
p01-s03-c0038-v210-m010-g100-sb0007	p01-s03-c0038	sb0007	p01-neutral-feedback/s03-parameter-map-wave1-v210-m010-g100/p01-s03-c0038/sb0007	completion.json	0	100	101	104	100	4	07d836694d4c10a4fd1c5b0c28a1aa233b192e6ceb4d136fa88e9824d57fb020
p01-s03-c0038-v210-m010-g100-sb0008	p01-s03-c0038	sb0008	p01-neutral-feedback/s03-parameter-map-wave1-v210-m010-g100/p01-s03-c0038/sb0008	completion.json	0	100	101	103	100	3	93571003beda2acb8be165c2ba2281451f7feb6ab6671affc2c322d913dd4387
p01-s03-c0038-v210-m010-g100-sb0009	p01-s03-c0038	sb0009	p01-neutral-feedback/s03-parameter-map-wave1-v210-m010-g100/p01-s03-c0038/sb0009	completion.json	0	100	101	102	100	2	44b5555fefd240d6474cba5be06f75bcb225ef06481abe41b03ae71086da98bc
p01-s03-c0038-v210-m010-g100-sb0010	p01-s03-c0038	sb0010	p01-neutral-feedback/s03-parameter-map-wave1-v210-m010-g100/p01-s03-c0038/sb0010	completion.json	0	100	101	105	100	5	c78e2508559622520aed68cdfd0dbbf369b38804c1d7a14792cf27d30178f1e6
p01-s03-c0038-v210-m010-g100-sb0011	p01-s03-c0038	sb0011	p01-neutral-feedback/s03-parameter-map-wave1-v210-m010-g100/p01-s03-c0038/sb0011	completion.json	0	100	101	107	100	7	7b88d72d3e77b78c18905fc4434b630f559d63feb0783d3733e4e6cc3ff55edc
p01-s03-c0038-v210-m010-g100-sb0012	p01-s03-c0038	sb0012	p01-neutral-feedback/s03-parameter-map-wave1-v210-m010-g100/p01-s03-c0038/sb0012	completion.json	0	100	101	106	100	6	6663187e0afa4f61c3abca61c67b6fd05749d2a02b0d6d5ed11b7d2311dfd8ac
p01-s03-c0039-v210-m010-g100-sb0001	p01-s03-c0039	sb0001	p01-neutral-feedback/s03-parameter-map-wave1-v210-m010-g100/p01-s03-c0039/sb0001	completion.json	0	100	101	100	100	0	a9aec60d2acf56990b91d2f4f5ec78f160bc002eb169632faa0540d66c6ffcd1
p01-s03-c0039-v210-m010-g100-sb0002	p01-s03-c0039	sb0002	p01-neutral-feedback/s03-parameter-map-wave1-v210-m010-g100/p01-s03-c0039/sb0002	completion.json	0	100	101	100	100	0	cb765df1aca16d091c524a4dac83aa37d502c048022f4884ec562bc1486ba8d5
p01-s03-c0039-v210-m010-g100-sb0003	p01-s03-c0039	sb0003	p01-neutral-feedback/s03-parameter-map-wave1-v210-m010-g100/p01-s03-c0039/sb0003	completion.json	0	100	101	100	100	0	095ca495574cb3cefd57c4e5fc6606834ceef1a9ceb42b532d954b5586f7feca
p01-s03-c0039-v210-m010-g100-sb0004	p01-s03-c0039	sb0004	p01-neutral-feedback/s03-parameter-map-wave1-v210-m010-g100/p01-s03-c0039/sb0004	completion.json	0	100	101	100	100	0	edcf6d25e2de60a7d51c20fd8ae897caab43078f429f896dafd9035e5bd74288
p01-s03-c0039-v210-m010-g100-sb0005	p01-s03-c0039	sb0005	p01-neutral-feedback/s03-parameter-map-wave1-v210-m010-g100/p01-s03-c0039/sb0005	completion.json	0	100	101	100	100	0	12d67bdf28d1f8deb26e8153c2c816f1cee8ef706351b02cdd0c5193419ea161
p01-s03-c0039-v210-m010-g100-sb0006	p01-s03-c0039	sb0006	p01-neutral-feedback/s03-parameter-map-wave1-v210-m010-g100/p01-s03-c0039/sb0006	completion.json	0	100	101	100	100	0	a6c8ecc125c4b02f44d4cfafa2699ce07dc6a78b7a287c25de6a51873b15960b
p01-s03-c0039-v210-m010-g100-sb0007	p01-s03-c0039	sb0007	p01-neutral-feedback/s03-parameter-map-wave1-v210-m010-g100/p01-s03-c0039/sb0007	completion.json	0	100	101	100	100	0	14f5286b152b6e040325ff8dee73fbe4e09dd9644250f4c6e1531a4944ba34cb
p01-s03-c0039-v210-m010-g100-sb0008	p01-s03-c0039	sb0008	p01-neutral-feedback/s03-parameter-map-wave1-v210-m010-g100/p01-s03-c0039/sb0008	completion.json	0	100	101	100	100	0	316e04bb71a5120f86f669b0235b657d3c67ee197d9af1a8a7e185fdf665f499
p01-s03-c0039-v210-m010-g100-sb0009	p01-s03-c0039	sb0009	p01-neutral-feedback/s03-parameter-map-wave1-v210-m010-g100/p01-s03-c0039/sb0009	completion.json	0	100	101	100	100	0	d4c83a59f4ea11f0b4d3cec65880d2fdb4777a759b4046f55d31648af21f59c9
p01-s03-c0039-v210-m010-g100-sb0010	p01-s03-c0039	sb0010	p01-neutral-feedback/s03-parameter-map-wave1-v210-m010-g100/p01-s03-c0039/sb0010	completion.json	0	100	101	100	100	0	88660501bf5d9c104647b6e011fb651b597efe4057758be1ebeaec1947c1ce58
p01-s03-c0039-v210-m010-g100-sb0011	p01-s03-c0039	sb0011	p01-neutral-feedback/s03-parameter-map-wave1-v210-m010-g100/p01-s03-c0039/sb0011	completion.json	0	100	101	100	100	0	c16f86fa9841493f7158babd078681810c7f4c1bba9f8afc0934120cd48267df
p01-s03-c0039-v210-m010-g100-sb0012	p01-s03-c0039	sb0012	p01-neutral-feedback/s03-parameter-map-wave1-v210-m010-g100/p01-s03-c0039/sb0012	completion.json	0	100	101	100	100	0	aa4443d30a23db4f18407c883c653070a07fe2488e1b1c0ffdfc67a2922b1997
p01-s03-c0040-v210-m010-g100-sb0001	p01-s03-c0040	sb0001	p01-neutral-feedback/s03-parameter-map-wave1-v210-m010-g100/p01-s03-c0040/sb0001	completion.json	0	100	101	152	100	52	cb7bb95127560f4e94ccc65dd1febff9dd9ce6ebd22166276e5adbbd7fc71067
p01-s03-c0040-v210-m010-g100-sb0002	p01-s03-c0040	sb0002	p01-neutral-feedback/s03-parameter-map-wave1-v210-m010-g100/p01-s03-c0040/sb0002	completion.json	0	100	101	153	100	53	56e9f9873135a5cdd9975a80b606aa070ecb4a9eb2586a24bb44d451a600c692
p01-s03-c0040-v210-m010-g100-sb0003	p01-s03-c0040	sb0003	p01-neutral-feedback/s03-parameter-map-wave1-v210-m010-g100/p01-s03-c0040/sb0003	completion.json	0	100	101	151	100	51	b68952c1cb6dd15f335708293072fa1d4f930f3b3f4b02ce15c05a8ce420a2e0
p01-s03-c0040-v210-m010-g100-sb0004	p01-s03-c0040	sb0004	p01-neutral-feedback/s03-parameter-map-wave1-v210-m010-g100/p01-s03-c0040/sb0004	completion.json	0	100	101	151	100	51	ed93734d080a53f99c58e48b1faf6fecac624bb2178fc3481ad68c4a32fdfb0b
p01-s03-c0040-v210-m010-g100-sb0005	p01-s03-c0040	sb0005	p01-neutral-feedback/s03-parameter-map-wave1-v210-m010-g100/p01-s03-c0040/sb0005	completion.json	0	100	101	153	100	53	e4484b5d66e3c28719fda622f48e1bbb739be9595520bdff60d58abdee6e9b84
p01-s03-c0040-v210-m010-g100-sb0006	p01-s03-c0040	sb0006	p01-neutral-feedback/s03-parameter-map-wave1-v210-m010-g100/p01-s03-c0040/sb0006	completion.json	0	100	101	158	100	58	a72c27b3e2baa9b00d7149e6b7d27ba928dfca7f06fe73c068cdcf34893e6b78
p01-s03-c0040-v210-m010-g100-sb0007	p01-s03-c0040	sb0007	p01-neutral-feedback/s03-parameter-map-wave1-v210-m010-g100/p01-s03-c0040/sb0007	completion.json	0	100	101	173	100	73	ed80a0bab268391b47f09136d485fe1cd909ad92e8927a4d478e2e3a9772deb4
p01-s03-c0040-v210-m010-g100-sb0008	p01-s03-c0040	sb0008	p01-neutral-feedback/s03-parameter-map-wave1-v210-m010-g100/p01-s03-c0040/sb0008	completion.json	0	100	101	157	100	57	11be276b87e1d58c91729a9e5638408d5e831cf181f7631a142c588e78008975
p01-s03-c0040-v210-m010-g100-sb0009	p01-s03-c0040	sb0009	p01-neutral-feedback/s03-parameter-map-wave1-v210-m010-g100/p01-s03-c0040/sb0009	completion.json	0	100	101	156	100	56	c55fc5ee98bb2502a0d3c40a52c4255790e61f82aeb0098dc5a69ec59a7f1ba9
p01-s03-c0040-v210-m010-g100-sb0010	p01-s03-c0040	sb0010	p01-neutral-feedback/s03-parameter-map-wave1-v210-m010-g100/p01-s03-c0040/sb0010	completion.json	0	100	101	147	100	47	2ed4fe9b30ac35479abbf03fe9b6e7d4f6b4f23dd46acec2ac0f1981ee1dfe22
p01-s03-c0040-v210-m010-g100-sb0011	p01-s03-c0040	sb0011	p01-neutral-feedback/s03-parameter-map-wave1-v210-m010-g100/p01-s03-c0040/sb0011	completion.json	0	100	101	155	100	55	11d0adbc7882a09e77b28ab3deb916fc3820c6f721d4455502ad8d9fb4417d77
p01-s03-c0040-v210-m010-g100-sb0012	p01-s03-c0040	sb0012	p01-neutral-feedback/s03-parameter-map-wave1-v210-m010-g100/p01-s03-c0040/sb0012	completion.json	0	100	101	156	100	56	ea234c77c9a81ea0191df3ff2e140d3307df883d5a31cf77d7e6d8fcc7b2979b
p01-s03-c0041-v210-m010-g100-sb0001	p01-s03-c0041	sb0001	p01-neutral-feedback/s03-parameter-map-wave1-v210-m010-g100/p01-s03-c0041/sb0001	completion.json	0	100	101	100	100	0	b9f6c9fbe92ed77c4b1740c8cc6d225d57f8b3c1b52d60c1e5b193312654297e
p01-s03-c0041-v210-m010-g100-sb0002	p01-s03-c0041	sb0002	p01-neutral-feedback/s03-parameter-map-wave1-v210-m010-g100/p01-s03-c0041/sb0002	completion.json	0	100	101	100	100	0	f2f4cfab4727c426b3067b5ab804a1deecc0bd70706d32e51b6e40f4895ba8ca
p01-s03-c0041-v210-m010-g100-sb0003	p01-s03-c0041	sb0003	p01-neutral-feedback/s03-parameter-map-wave1-v210-m010-g100/p01-s03-c0041/sb0003	completion.json	0	100	101	100	100	0	c82823b08d4d644194c5f49ec46039bd59604fcbca21135781d751f01c252805
p01-s03-c0041-v210-m010-g100-sb0004	p01-s03-c0041	sb0004	p01-neutral-feedback/s03-parameter-map-wave1-v210-m010-g100/p01-s03-c0041/sb0004	completion.json	0	100	101	100	100	0	b264ddfd8e81036c55288236ca9081a4cffeebc37a576be2507a250a8bc0631b
p01-s03-c0041-v210-m010-g100-sb0005	p01-s03-c0041	sb0005	p01-neutral-feedback/s03-parameter-map-wave1-v210-m010-g100/p01-s03-c0041/sb0005	completion.json	0	100	101	100	100	0	0c7e2e528f54d29218d91c0eeb695ee7b9d99849d47dc7de8f7777583b241c85
p01-s03-c0041-v210-m010-g100-sb0006	p01-s03-c0041	sb0006	p01-neutral-feedback/s03-parameter-map-wave1-v210-m010-g100/p01-s03-c0041/sb0006	completion.json	0	100	101	100	100	0	2e51e795872020fe8dc723e393b5e84554d6a24d44a2a83608a46cdc314da705
p01-s03-c0041-v210-m010-g100-sb0007	p01-s03-c0041	sb0007	p01-neutral-feedback/s03-parameter-map-wave1-v210-m010-g100/p01-s03-c0041/sb0007	completion.json	0	100	101	100	100	0	b8518293e188d71937c28d791f61efd1910269de9595d0099a439d14dd1ba8bc
p01-s03-c0041-v210-m010-g100-sb0008	p01-s03-c0041	sb0008	p01-neutral-feedback/s03-parameter-map-wave1-v210-m010-g100/p01-s03-c0041/sb0008	completion.json	0	100	101	100	100	0	f6c7dc3394dbfc7be46d1611c5ecfc821b413cd4f08af23f4c832f29b7cc3313
p01-s03-c0041-v210-m010-g100-sb0009	p01-s03-c0041	sb0009	p01-neutral-feedback/s03-parameter-map-wave1-v210-m010-g100/p01-s03-c0041/sb0009	completion.json	0	100	101	100	100	0	0f18435d4a530587090fd4257c4483a5650e8ace7b99498c6f306e694e831716
p01-s03-c0041-v210-m010-g100-sb0010	p01-s03-c0041	sb0010	p01-neutral-feedback/s03-parameter-map-wave1-v210-m010-g100/p01-s03-c0041/sb0010	completion.json	0	100	101	100	100	0	5e1a7db2f288f9328773b5299c657a6797c6febd29040d27b183c5520ce4a3f9
p01-s03-c0041-v210-m010-g100-sb0011	p01-s03-c0041	sb0011	p01-neutral-feedback/s03-parameter-map-wave1-v210-m010-g100/p01-s03-c0041/sb0011	completion.json	0	100	101	100	100	0	62e4a7c6fdce80558f3763f61bc4980af7d386d4bff58ea5f4c4adfdd79eb14b
p01-s03-c0041-v210-m010-g100-sb0012	p01-s03-c0041	sb0012	p01-neutral-feedback/s03-parameter-map-wave1-v210-m010-g100/p01-s03-c0041/sb0012	completion.json	0	100	101	100	100	0	0edbbbe4554bf85cf47a83134d70ab00197dd4129e44e5d3f1cce9eb5654944b
p01-s03-c0042-v210-m010-g100-sb0001	p01-s03-c0042	sb0001	p01-neutral-feedback/s03-parameter-map-wave1-v210-m010-g100/p01-s03-c0042/sb0001	completion.json	0	100	101	129	100	29	14610c1ede153cabb09e61bd502ab81e54bbf60aaa75c6bb3383abe226f4d691
p01-s03-c0042-v210-m010-g100-sb0002	p01-s03-c0042	sb0002	p01-neutral-feedback/s03-parameter-map-wave1-v210-m010-g100/p01-s03-c0042/sb0002	completion.json	0	100	101	134	100	34	c0aceb257a4fbf49aaf40aefb5678066deab680f9316e9ce493e5a7e6c2c0303
p01-s03-c0042-v210-m010-g100-sb0003	p01-s03-c0042	sb0003	p01-neutral-feedback/s03-parameter-map-wave1-v210-m010-g100/p01-s03-c0042/sb0003	completion.json	0	100	101	131	100	31	a410243435a4237440ad40d6e7b6299c52cb8213db5826412098786a1aafb191
p01-s03-c0042-v210-m010-g100-sb0004	p01-s03-c0042	sb0004	p01-neutral-feedback/s03-parameter-map-wave1-v210-m010-g100/p01-s03-c0042/sb0004	completion.json	0	100	101	129	100	29	29f93eb129dcd40117f27527e2ec257e94b857c7daf82e1f148a519750c88c02
p01-s03-c0042-v210-m010-g100-sb0005	p01-s03-c0042	sb0005	p01-neutral-feedback/s03-parameter-map-wave1-v210-m010-g100/p01-s03-c0042/sb0005	completion.json	0	100	101	129	100	29	0916b555cf03648f57337ca96d30923868f62233f24fa76a809eaed14643ca0b
p01-s03-c0042-v210-m010-g100-sb0006	p01-s03-c0042	sb0006	p01-neutral-feedback/s03-parameter-map-wave1-v210-m010-g100/p01-s03-c0042/sb0006	completion.json	0	100	101	135	100	35	e339dc964a341757afa4746d6cc9cc6f17dbfc91cf2a1cd86291ef6c317979a7
p01-s03-c0042-v210-m010-g100-sb0007	p01-s03-c0042	sb0007	p01-neutral-feedback/s03-parameter-map-wave1-v210-m010-g100/p01-s03-c0042/sb0007	completion.json	0	100	101	134	100	34	92f7c897000baf72470ca5f2dd039e136eb5b146139cef21465b5c3fa162c578
p01-s03-c0042-v210-m010-g100-sb0008	p01-s03-c0042	sb0008	p01-neutral-feedback/s03-parameter-map-wave1-v210-m010-g100/p01-s03-c0042/sb0008	completion.json	0	100	101	130	100	30	2590781dfc6d4f12a86b8a25fde4e18929a3a0d4e6ec01fc90603c2da453b5f4
p01-s03-c0042-v210-m010-g100-sb0009	p01-s03-c0042	sb0009	p01-neutral-feedback/s03-parameter-map-wave1-v210-m010-g100/p01-s03-c0042/sb0009	completion.json	0	100	101	140	100	40	59c85724ad15c3274903d770bce97d262b40d1f90489b9368f5c17ee19b76d18
p01-s03-c0042-v210-m010-g100-sb0010	p01-s03-c0042	sb0010	p01-neutral-feedback/s03-parameter-map-wave1-v210-m010-g100/p01-s03-c0042/sb0010	completion.json	0	100	101	133	100	33	f64a26869e44ee01ab7b3283bd370cd8385a353ce97ef2b44353d8b0902d91c3
p01-s03-c0042-v210-m010-g100-sb0011	p01-s03-c0042	sb0011	p01-neutral-feedback/s03-parameter-map-wave1-v210-m010-g100/p01-s03-c0042/sb0011	completion.json	0	100	101	131	100	31	0d219ad1e876f3f3ac3391dcbd783b122b6f5989d91eed05b203d6b7c4e5336c
p01-s03-c0042-v210-m010-g100-sb0012	p01-s03-c0042	sb0012	p01-neutral-feedback/s03-parameter-map-wave1-v210-m010-g100/p01-s03-c0042/sb0012	completion.json	0	100	101	125	100	25	9cfb8a58bad1884fb1f8a451b2323cb668bf074a48492ff0d16bb49a4d80b008
p01-s03-c0043-v210-m010-g100-sb0001	p01-s03-c0043	sb0001	p01-neutral-feedback/s03-parameter-map-wave1-v210-m010-g100/p01-s03-c0043/sb0001	completion.json	0	100	101	100	100	0	4369ebc3c7c468b8f09e01b95556b50e83948cc81989f3811aa9f9875ae02edd
p01-s03-c0043-v210-m010-g100-sb0002	p01-s03-c0043	sb0002	p01-neutral-feedback/s03-parameter-map-wave1-v210-m010-g100/p01-s03-c0043/sb0002	completion.json	0	100	101	100	100	0	b1225da499afae92431ff811f568ce484d7b40d0356630e8ca7067093b1d03d0
p01-s03-c0043-v210-m010-g100-sb0003	p01-s03-c0043	sb0003	p01-neutral-feedback/s03-parameter-map-wave1-v210-m010-g100/p01-s03-c0043/sb0003	completion.json	0	100	101	100	100	0	fb26e440ef7d28d259de98364a8d94d2e3e4443af4c382e6b4ad49a365825783
p01-s03-c0043-v210-m010-g100-sb0004	p01-s03-c0043	sb0004	p01-neutral-feedback/s03-parameter-map-wave1-v210-m010-g100/p01-s03-c0043/sb0004	completion.json	0	100	101	100	100	0	e49e04ad3d72e814fa97bcc0893b250e5d43c5f3cf55f709b60c46529892fc5f
p01-s03-c0043-v210-m010-g100-sb0005	p01-s03-c0043	sb0005	p01-neutral-feedback/s03-parameter-map-wave1-v210-m010-g100/p01-s03-c0043/sb0005	completion.json	0	100	101	100	100	0	4e0afc29fd3e08f003efddcbfaab4e5d8214c5c6fd8dcb8cf3bc7369b3559e29
p01-s03-c0043-v210-m010-g100-sb0006	p01-s03-c0043	sb0006	p01-neutral-feedback/s03-parameter-map-wave1-v210-m010-g100/p01-s03-c0043/sb0006	completion.json	0	100	101	100	100	0	9693a0923e66d6032ce440e2d1997d8ef4141a05d1c02236c839e96fe0558c4a
p01-s03-c0043-v210-m010-g100-sb0007	p01-s03-c0043	sb0007	p01-neutral-feedback/s03-parameter-map-wave1-v210-m010-g100/p01-s03-c0043/sb0007	completion.json	0	100	101	100	100	0	27580ebb9d552c8a5b5b9827f6bce2fa2e35161a0423ead38d9fa42bd708975e
p01-s03-c0043-v210-m010-g100-sb0008	p01-s03-c0043	sb0008	p01-neutral-feedback/s03-parameter-map-wave1-v210-m010-g100/p01-s03-c0043/sb0008	completion.json	0	100	101	100	100	0	8ba541bbcbf057b44e50e19e9b8e73fc0672aa12a776f6e7ebcff2c8c4deb192
p01-s03-c0043-v210-m010-g100-sb0009	p01-s03-c0043	sb0009	p01-neutral-feedback/s03-parameter-map-wave1-v210-m010-g100/p01-s03-c0043/sb0009	completion.json	0	100	101	100	100	0	8b8693c0dd425f0dff34da22ca1cf83b9360a7b9dee11ae47e395387a54cf2b3
p01-s03-c0043-v210-m010-g100-sb0010	p01-s03-c0043	sb0010	p01-neutral-feedback/s03-parameter-map-wave1-v210-m010-g100/p01-s03-c0043/sb0010	completion.json	0	100	101	100	100	0	554b08db25adec7138961411ad9fbec47c6fee0c423771b41b0250934e9464b7
p01-s03-c0043-v210-m010-g100-sb0011	p01-s03-c0043	sb0011	p01-neutral-feedback/s03-parameter-map-wave1-v210-m010-g100/p01-s03-c0043/sb0011	completion.json	0	100	101	100	100	0	ab0fe94543465c78274262baf6ce8f204a13b62e03a604bfdda2a73a4d1494c3
p01-s03-c0043-v210-m010-g100-sb0012	p01-s03-c0043	sb0012	p01-neutral-feedback/s03-parameter-map-wave1-v210-m010-g100/p01-s03-c0043/sb0012	completion.json	0	100	101	100	100	0	5c9e8a5731b14c33c212926c1d8f245f49b00f00ee97075cc1af5b2d1d7595be
p01-s03-c0044-v210-m010-g100-sb0001	p01-s03-c0044	sb0001	p01-neutral-feedback/s03-parameter-map-wave1-v210-m010-g100/p01-s03-c0044/sb0001	completion.json	0	100	101	100	100	0	ebdcfa0b68bd143b73aa0488419a80c0e727a180ec693f235e190181889ccc03
p01-s03-c0044-v210-m010-g100-sb0002	p01-s03-c0044	sb0002	p01-neutral-feedback/s03-parameter-map-wave1-v210-m010-g100/p01-s03-c0044/sb0002	completion.json	0	100	101	100	100	0	098cecddd2ab8c0bd5cd7ca29a5f81abdd2ccfdd37439083e70fedc54b0c4361
p01-s03-c0044-v210-m010-g100-sb0003	p01-s03-c0044	sb0003	p01-neutral-feedback/s03-parameter-map-wave1-v210-m010-g100/p01-s03-c0044/sb0003	completion.json	0	100	101	100	100	0	3e674b2bea92e053f61b04acedf68f41f6893b24676f5fa87aa35db97cfd276c
p01-s03-c0044-v210-m010-g100-sb0004	p01-s03-c0044	sb0004	p01-neutral-feedback/s03-parameter-map-wave1-v210-m010-g100/p01-s03-c0044/sb0004	completion.json	0	100	101	100	100	0	0ac9098f74683cf6a3ae5cb6807f9acb8d3073f46d626f3a31b84427f8a9e9ba
p01-s03-c0044-v210-m010-g100-sb0005	p01-s03-c0044	sb0005	p01-neutral-feedback/s03-parameter-map-wave1-v210-m010-g100/p01-s03-c0044/sb0005	completion.json	0	100	101	100	100	0	22abeeae200b6265bd9f258f44e840886bb0442944e9f8a167fb166f14559073
p01-s03-c0044-v210-m010-g100-sb0006	p01-s03-c0044	sb0006	p01-neutral-feedback/s03-parameter-map-wave1-v210-m010-g100/p01-s03-c0044/sb0006	completion.json	0	100	101	101	100	1	256806d66f553a0b0a1ee2d228ab065629e6a128bc9f1accca089784eeba76fe
p01-s03-c0044-v210-m010-g100-sb0007	p01-s03-c0044	sb0007	p01-neutral-feedback/s03-parameter-map-wave1-v210-m010-g100/p01-s03-c0044/sb0007	completion.json	0	100	101	101	100	1	0d05c6e74248560f91067c95b509b823de7cf50b6da3c9faa123a3af4d8447ce
p01-s03-c0044-v210-m010-g100-sb0008	p01-s03-c0044	sb0008	p01-neutral-feedback/s03-parameter-map-wave1-v210-m010-g100/p01-s03-c0044/sb0008	completion.json	0	100	101	101	100	1	3630bfba34df9edc964d9bd73137bee96795e97f4277e5ac3e8bd0dd90af6cbe
p01-s03-c0044-v210-m010-g100-sb0009	p01-s03-c0044	sb0009	p01-neutral-feedback/s03-parameter-map-wave1-v210-m010-g100/p01-s03-c0044/sb0009	completion.json	0	100	101	100	100	0	f361cc904a9df7bff304a9a7a9ba47702684b18b23b1028b26173e39c6c84ec7
p01-s03-c0044-v210-m010-g100-sb0010	p01-s03-c0044	sb0010	p01-neutral-feedback/s03-parameter-map-wave1-v210-m010-g100/p01-s03-c0044/sb0010	completion.json	0	100	101	100	100	0	1afa97fa8a08de718ca9e5dcee5a27107c5fc07a0d370b0315a75c5e2152d781
p01-s03-c0044-v210-m010-g100-sb0011	p01-s03-c0044	sb0011	p01-neutral-feedback/s03-parameter-map-wave1-v210-m010-g100/p01-s03-c0044/sb0011	completion.json	0	100	101	101	100	1	a039f68dd981b994cbaef9416f641ef149df8189a8997524f2841c259fbc9c2a
p01-s03-c0044-v210-m010-g100-sb0012	p01-s03-c0044	sb0012	p01-neutral-feedback/s03-parameter-map-wave1-v210-m010-g100/p01-s03-c0044/sb0012	completion.json	0	100	101	100	100	0	ed7c0a48c0ffb4892732a67e3da1733d0455432413977e8759cd1db2b8bee1d6
p01-s03-c0045-v210-m010-g100-sb0001	p01-s03-c0045	sb0001	p01-neutral-feedback/s03-parameter-map-wave1-v210-m010-g100/p01-s03-c0045/sb0001	completion.json	0	100	101	100	100	0	58e01d69cfb89fb65f5afd7b8f57543a7014ce96a1209d035f2ee617e719a4eb
p01-s03-c0045-v210-m010-g100-sb0002	p01-s03-c0045	sb0002	p01-neutral-feedback/s03-parameter-map-wave1-v210-m010-g100/p01-s03-c0045/sb0002	completion.json	0	100	101	100	100	0	49c87c09b51bb680c4f51a2f4fdd74d843d964ff8216eaf84f5d4b5d46e8a5fe
p01-s03-c0045-v210-m010-g100-sb0003	p01-s03-c0045	sb0003	p01-neutral-feedback/s03-parameter-map-wave1-v210-m010-g100/p01-s03-c0045/sb0003	completion.json	0	100	101	100	100	0	e9dcf3d7ea57f30f755442f973fd694db215915137ddfabd0f73bee893eb6dc1
p01-s03-c0045-v210-m010-g100-sb0004	p01-s03-c0045	sb0004	p01-neutral-feedback/s03-parameter-map-wave1-v210-m010-g100/p01-s03-c0045/sb0004	completion.json	0	100	101	100	100	0	d993eec5db6355cb257934de5a18b836276391b94b8a163fdba71c4de434d060
p01-s03-c0045-v210-m010-g100-sb0005	p01-s03-c0045	sb0005	p01-neutral-feedback/s03-parameter-map-wave1-v210-m010-g100/p01-s03-c0045/sb0005	completion.json	0	100	101	100	100	0	090b97a2d8c58bd62123611ab9e1dff2ce8fcd8de443cea4a0f7dd35c4a3b5a7
p01-s03-c0045-v210-m010-g100-sb0006	p01-s03-c0045	sb0006	p01-neutral-feedback/s03-parameter-map-wave1-v210-m010-g100/p01-s03-c0045/sb0006	completion.json	0	100	101	100	100	0	39eb68d09e6cdde869262c34f2c1d58871b8508ceee8d437da2d1adb70d45411
p01-s03-c0045-v210-m010-g100-sb0007	p01-s03-c0045	sb0007	p01-neutral-feedback/s03-parameter-map-wave1-v210-m010-g100/p01-s03-c0045/sb0007	completion.json	0	100	101	100	100	0	cb7f4df3f3d5555df38dc5130681101343278bde06ae9f844f7fab87b07e1adc
p01-s03-c0045-v210-m010-g100-sb0008	p01-s03-c0045	sb0008	p01-neutral-feedback/s03-parameter-map-wave1-v210-m010-g100/p01-s03-c0045/sb0008	completion.json	0	100	101	100	100	0	014dadc86f96f2bedb22385f64feaebddfc0cd32c4f509092487b9f7dbe40436
p01-s03-c0045-v210-m010-g100-sb0009	p01-s03-c0045	sb0009	p01-neutral-feedback/s03-parameter-map-wave1-v210-m010-g100/p01-s03-c0045/sb0009	completion.json	0	100	101	100	100	0	859980fa3f66b363679243a6467b2c54e57e2b7444bb2f6839745fab41a17658
p01-s03-c0045-v210-m010-g100-sb0010	p01-s03-c0045	sb0010	p01-neutral-feedback/s03-parameter-map-wave1-v210-m010-g100/p01-s03-c0045/sb0010	completion.json	0	100	101	100	100	0	f0237df7b7141d0385b789d5e035ff54634543184740c038c7b305e000eaa838
p01-s03-c0045-v210-m010-g100-sb0011	p01-s03-c0045	sb0011	p01-neutral-feedback/s03-parameter-map-wave1-v210-m010-g100/p01-s03-c0045/sb0011	completion.json	0	100	101	100	100	0	d502e95aa1e7bbc59dbb9ea7a1d098663e3b1bdc6407470d73018ccb0003b026
p01-s03-c0045-v210-m010-g100-sb0012	p01-s03-c0045	sb0012	p01-neutral-feedback/s03-parameter-map-wave1-v210-m010-g100/p01-s03-c0045/sb0012	completion.json	0	100	101	100	100	0	78321c9a531c3044e3497f0b9b05fe549cc134ef9ed76870dea558e25100a4aa
p01-s03-c0046-v210-m010-g100-sb0001	p01-s03-c0046	sb0001	p01-neutral-feedback/s03-parameter-map-wave1-v210-m010-g100/p01-s03-c0046/sb0001	completion.json	0	100	101	107	100	7	82dbec51d39e1f5ea4ecc7d603a6787b8a55f8c7e9d00030c353510b9591e319
p01-s03-c0046-v210-m010-g100-sb0002	p01-s03-c0046	sb0002	p01-neutral-feedback/s03-parameter-map-wave1-v210-m010-g100/p01-s03-c0046/sb0002	completion.json	0	100	101	106	100	6	347f1d7acd0912e76a2a651292337adc540e173188d4258baf48bdb577f429e5
p01-s03-c0046-v210-m010-g100-sb0003	p01-s03-c0046	sb0003	p01-neutral-feedback/s03-parameter-map-wave1-v210-m010-g100/p01-s03-c0046/sb0003	completion.json	0	100	101	106	100	6	f8181bd302187b483340e923c64fc6a08e766bb950fc1c8cade7852d4bfb3c2a
p01-s03-c0046-v210-m010-g100-sb0004	p01-s03-c0046	sb0004	p01-neutral-feedback/s03-parameter-map-wave1-v210-m010-g100/p01-s03-c0046/sb0004	completion.json	0	100	101	106	100	6	e3499893e0ec41835eb0882912a5afebe32b4d1d842700948f9c4553b38e78fb
p01-s03-c0046-v210-m010-g100-sb0005	p01-s03-c0046	sb0005	p01-neutral-feedback/s03-parameter-map-wave1-v210-m010-g100/p01-s03-c0046/sb0005	completion.json	0	100	101	106	100	6	86ce7e0b3cc37421bfb9515caf87163d2f108725ac2ef899680e9e49d32afeea
p01-s03-c0046-v210-m010-g100-sb0006	p01-s03-c0046	sb0006	p01-neutral-feedback/s03-parameter-map-wave1-v210-m010-g100/p01-s03-c0046/sb0006	completion.json	0	100	101	103	100	3	625f414989383eec33776f6f9fec04407a0c62f28b6800f3fac9a3e5b7136dc0
p01-s03-c0046-v210-m010-g100-sb0007	p01-s03-c0046	sb0007	p01-neutral-feedback/s03-parameter-map-wave1-v210-m010-g100/p01-s03-c0046/sb0007	completion.json	0	100	101	108	100	8	baf809b908b5fa36e38f42a582f6ab3a1876a123dd8f9262110f1f3c36b98557
p01-s03-c0046-v210-m010-g100-sb0008	p01-s03-c0046	sb0008	p01-neutral-feedback/s03-parameter-map-wave1-v210-m010-g100/p01-s03-c0046/sb0008	completion.json	0	100	101	105	100	5	bad41497ea74ef0630e8b8bcdd6ada56179df49f18bb4daafdb681740d8f1f53
p01-s03-c0046-v210-m010-g100-sb0009	p01-s03-c0046	sb0009	p01-neutral-feedback/s03-parameter-map-wave1-v210-m010-g100/p01-s03-c0046/sb0009	completion.json	0	100	101	103	100	3	ef3383a7da70aebe50ee16b013f21ef3aa883662a924dcad92540a55276d7793
p01-s03-c0046-v210-m010-g100-sb0010	p01-s03-c0046	sb0010	p01-neutral-feedback/s03-parameter-map-wave1-v210-m010-g100/p01-s03-c0046/sb0010	completion.json	0	100	101	106	100	6	e1fefd7509e266c3702714c92f6c3882906cae67c9eaa035d0aad01a5630d903
p01-s03-c0046-v210-m010-g100-sb0011	p01-s03-c0046	sb0011	p01-neutral-feedback/s03-parameter-map-wave1-v210-m010-g100/p01-s03-c0046/sb0011	completion.json	0	100	101	108	100	8	c6c7c2db1f581df253b4fc202fd27cbe6530bddbde81b082d4848a6351f6ed29
p01-s03-c0046-v210-m010-g100-sb0012	p01-s03-c0046	sb0012	p01-neutral-feedback/s03-parameter-map-wave1-v210-m010-g100/p01-s03-c0046/sb0012	completion.json	0	100	101	107	100	7	a4a26b26aa0a71a25c6f697ceba579034f7666a65595cacc59ae3a415fbe82d5
p01-s03-c0047-v210-m010-g100-sb0001	p01-s03-c0047	sb0001	p01-neutral-feedback/s03-parameter-map-wave1-v210-m010-g100/p01-s03-c0047/sb0001	completion.json	0	100	101	100	100	0	cd4675a7e84e774b779da60002f16619681eee18ea2ac7027dc345aed19a3d56
p01-s03-c0047-v210-m010-g100-sb0002	p01-s03-c0047	sb0002	p01-neutral-feedback/s03-parameter-map-wave1-v210-m010-g100/p01-s03-c0047/sb0002	completion.json	0	100	101	100	100	0	c0e31d5847a2c5884e664098965b3e1e10e7b3933f7c58ab7a30152edfe9b130
p01-s03-c0047-v210-m010-g100-sb0003	p01-s03-c0047	sb0003	p01-neutral-feedback/s03-parameter-map-wave1-v210-m010-g100/p01-s03-c0047/sb0003	completion.json	0	100	101	100	100	0	c5a76212868ceaeb8a7391ee8256f4ff26e1ba10d4159948e9626353cfcdebd9
p01-s03-c0047-v210-m010-g100-sb0004	p01-s03-c0047	sb0004	p01-neutral-feedback/s03-parameter-map-wave1-v210-m010-g100/p01-s03-c0047/sb0004	completion.json	0	100	101	100	100	0	c3961092551457dfac98b2ff5fb8a5bd3595fed7bf8f2d966a9e3000dcad7721
p01-s03-c0047-v210-m010-g100-sb0005	p01-s03-c0047	sb0005	p01-neutral-feedback/s03-parameter-map-wave1-v210-m010-g100/p01-s03-c0047/sb0005	completion.json	0	100	101	100	100	0	35c5448e0fde1a4b8d672d31aeb110422b9e8dda8e6d0390c247978b85925f01
p01-s03-c0047-v210-m010-g100-sb0006	p01-s03-c0047	sb0006	p01-neutral-feedback/s03-parameter-map-wave1-v210-m010-g100/p01-s03-c0047/sb0006	completion.json	0	100	101	100	100	0	468d16465482ee6e02e6a205dcc4c2f96885ca66fa32f6d9f20546a3d6c27a1b
p01-s03-c0047-v210-m010-g100-sb0007	p01-s03-c0047	sb0007	p01-neutral-feedback/s03-parameter-map-wave1-v210-m010-g100/p01-s03-c0047/sb0007	completion.json	0	100	101	100	100	0	635783134241c9355af8497763ec923f8cf44627af383b367faa73417893f3d7
p01-s03-c0047-v210-m010-g100-sb0008	p01-s03-c0047	sb0008	p01-neutral-feedback/s03-parameter-map-wave1-v210-m010-g100/p01-s03-c0047/sb0008	completion.json	0	100	101	100	100	0	7310333d7ba804b96c089ead8eafac3accab5a599b9d069d2643c66d7b20bba1
p01-s03-c0047-v210-m010-g100-sb0009	p01-s03-c0047	sb0009	p01-neutral-feedback/s03-parameter-map-wave1-v210-m010-g100/p01-s03-c0047/sb0009	completion.json	0	100	101	100	100	0	155c97f68a105e2fe7bb80b541c7eb825b20fc1de3d1c32b5c858f4bea0a99ef
p01-s03-c0047-v210-m010-g100-sb0010	p01-s03-c0047	sb0010	p01-neutral-feedback/s03-parameter-map-wave1-v210-m010-g100/p01-s03-c0047/sb0010	completion.json	0	100	101	100	100	0	7fdabc4d9ff00dc4b0a6df24dc25b126b71d82f012755822b915dddac5fa3429
p01-s03-c0047-v210-m010-g100-sb0011	p01-s03-c0047	sb0011	p01-neutral-feedback/s03-parameter-map-wave1-v210-m010-g100/p01-s03-c0047/sb0011	completion.json	0	100	101	100	100	0	63f5d23d28b57998fb5afa2e1e083300f4dc76b4650700c9a5aabd4fb6d7ddaa
p01-s03-c0047-v210-m010-g100-sb0012	p01-s03-c0047	sb0012	p01-neutral-feedback/s03-parameter-map-wave1-v210-m010-g100/p01-s03-c0047/sb0012	completion.json	0	100	101	100	100	0	759d2c09d3396803775510acc7328d6144412e58fd388cbc92a9b2ff87abb644
p01-s03-c0048-v210-m010-g100-sb0001	p01-s03-c0048	sb0001	p01-neutral-feedback/s03-parameter-map-wave1-v210-m010-g100/p01-s03-c0048/sb0001	completion.json	0	100	101	166	100	66	2fbf17c8505363a5631d67a8507ba09dfe126da83c5c87f37c9804e0dd25330d
p01-s03-c0048-v210-m010-g100-sb0002	p01-s03-c0048	sb0002	p01-neutral-feedback/s03-parameter-map-wave1-v210-m010-g100/p01-s03-c0048/sb0002	completion.json	0	100	101	157	100	57	1d9a42dfea634ae14e5b21b6ca4e67c8d71ef07711bdc2c721c489404a6124ac
p01-s03-c0048-v210-m010-g100-sb0003	p01-s03-c0048	sb0003	p01-neutral-feedback/s03-parameter-map-wave1-v210-m010-g100/p01-s03-c0048/sb0003	completion.json	0	100	101	157	100	57	a5ceac28fc73cb7292003c7e41abc875120717ec7aeaa5043919d0497e08fec4
p01-s03-c0048-v210-m010-g100-sb0004	p01-s03-c0048	sb0004	p01-neutral-feedback/s03-parameter-map-wave1-v210-m010-g100/p01-s03-c0048/sb0004	completion.json	0	100	101	164	100	64	6bb18642255bd565387ad9a28a51d94c8235ae0b3f34e85dbd7bd169867ab69c
p01-s03-c0048-v210-m010-g100-sb0005	p01-s03-c0048	sb0005	p01-neutral-feedback/s03-parameter-map-wave1-v210-m010-g100/p01-s03-c0048/sb0005	completion.json	0	100	101	165	100	65	07098ec03a82d84205906953af1de3c2d63d1e85a6fbc8853c2e13764490bf32
p01-s03-c0048-v210-m010-g100-sb0006	p01-s03-c0048	sb0006	p01-neutral-feedback/s03-parameter-map-wave1-v210-m010-g100/p01-s03-c0048/sb0006	completion.json	0	100	101	154	100	54	406bf4c14deab6ff2283ce44da78a95c8de8dc21f3f97fe4822cf8b48b03eb4a
p01-s03-c0048-v210-m010-g100-sb0007	p01-s03-c0048	sb0007	p01-neutral-feedback/s03-parameter-map-wave1-v210-m010-g100/p01-s03-c0048/sb0007	completion.json	0	100	101	158	100	58	cdd792aed9aedc147a6cefdd89c54a82732992d304ebc73bf3540c42f44019fd
p01-s03-c0048-v210-m010-g100-sb0008	p01-s03-c0048	sb0008	p01-neutral-feedback/s03-parameter-map-wave1-v210-m010-g100/p01-s03-c0048/sb0008	completion.json	0	100	101	157	100	57	498296e83650c682ea89c2d6fc2ade0957bf0a743dbdb893f0090b02c6c13d43
p01-s03-c0048-v210-m010-g100-sb0009	p01-s03-c0048	sb0009	p01-neutral-feedback/s03-parameter-map-wave1-v210-m010-g100/p01-s03-c0048/sb0009	completion.json	0	100	101	153	100	53	f31c7a941e0324cd6a7f81078fd2164eeb95e71cd22577033b015865a24f21d1
p01-s03-c0048-v210-m010-g100-sb0010	p01-s03-c0048	sb0010	p01-neutral-feedback/s03-parameter-map-wave1-v210-m010-g100/p01-s03-c0048/sb0010	completion.json	0	100	101	148	100	48	08b94ab8ed68e2018d372a36ab97255f752a45945d97025a6dd9c5b449d02e63
p01-s03-c0048-v210-m010-g100-sb0011	p01-s03-c0048	sb0011	p01-neutral-feedback/s03-parameter-map-wave1-v210-m010-g100/p01-s03-c0048/sb0011	completion.json	0	100	101	158	100	58	27b08335d018b15ee64ae02b8d2da3f4b1d4c2b8f40b1e507eceb252fc8196b9
p01-s03-c0048-v210-m010-g100-sb0012	p01-s03-c0048	sb0012	p01-neutral-feedback/s03-parameter-map-wave1-v210-m010-g100/p01-s03-c0048/sb0012	completion.json	0	100	101	163	100	63	769ddf6e8d8f2d98337605441b5107e5e4c0b68e85aeacbda53c6eafeee6eb13
p01-s03-c0049-v210-m010-g100-sb0001	p01-s03-c0049	sb0001	p01-neutral-feedback/s03-parameter-map-wave1-v210-m010-g100/p01-s03-c0049/sb0001	completion.json	0	100	101	100	100	0	e3cd6f2afda0fc17ab8dd714a08027c8c77a4319f8e2202af69a50b26aa94c47
p01-s03-c0049-v210-m010-g100-sb0002	p01-s03-c0049	sb0002	p01-neutral-feedback/s03-parameter-map-wave1-v210-m010-g100/p01-s03-c0049/sb0002	completion.json	0	100	101	100	100	0	fed810ad0bc00931a8da92b1ebaf4a10e09da2f8c4f209a43ae776452cffe58d
p01-s03-c0049-v210-m010-g100-sb0003	p01-s03-c0049	sb0003	p01-neutral-feedback/s03-parameter-map-wave1-v210-m010-g100/p01-s03-c0049/sb0003	completion.json	0	100	101	100	100	0	b99ae3b2d646055f4cda7549ac0b4200241111f6aba128e873f6e28127086807
p01-s03-c0049-v210-m010-g100-sb0004	p01-s03-c0049	sb0004	p01-neutral-feedback/s03-parameter-map-wave1-v210-m010-g100/p01-s03-c0049/sb0004	completion.json	0	100	101	100	100	0	cb1c5f251a6575eabba862bd8b86eedaaca8dc59a3da79105d95356bf71a53d5
p01-s03-c0049-v210-m010-g100-sb0005	p01-s03-c0049	sb0005	p01-neutral-feedback/s03-parameter-map-wave1-v210-m010-g100/p01-s03-c0049/sb0005	completion.json	0	100	101	100	100	0	cec165850a9df03aced586691ead4309b7789f5520dd66955557dbc494da514b
p01-s03-c0049-v210-m010-g100-sb0006	p01-s03-c0049	sb0006	p01-neutral-feedback/s03-parameter-map-wave1-v210-m010-g100/p01-s03-c0049/sb0006	completion.json	0	100	101	100	100	0	1d87ea4377645950c463fc9f3ef28a4c236d500565a898f59125095667bf2228
p01-s03-c0049-v210-m010-g100-sb0007	p01-s03-c0049	sb0007	p01-neutral-feedback/s03-parameter-map-wave1-v210-m010-g100/p01-s03-c0049/sb0007	completion.json	0	100	101	100	100	0	e48063e5748c6880ea14ce12dbb2a2b522d6ee3deeb0c1e537d132671da7fd9e
p01-s03-c0049-v210-m010-g100-sb0008	p01-s03-c0049	sb0008	p01-neutral-feedback/s03-parameter-map-wave1-v210-m010-g100/p01-s03-c0049/sb0008	completion.json	0	100	101	100	100	0	cda34b7aa029f3d976d9886beec4d613e15adbd9af8efb8e2dd0fdd23fedecd0
p01-s03-c0049-v210-m010-g100-sb0009	p01-s03-c0049	sb0009	p01-neutral-feedback/s03-parameter-map-wave1-v210-m010-g100/p01-s03-c0049/sb0009	completion.json	0	100	101	100	100	0	2a374dc9a5ebaaa0eb2c2c85cf58a9ec460bce6f25f152e861bdabf1885fd177
p01-s03-c0049-v210-m010-g100-sb0010	p01-s03-c0049	sb0010	p01-neutral-feedback/s03-parameter-map-wave1-v210-m010-g100/p01-s03-c0049/sb0010	completion.json	0	100	101	100	100	0	0d22e2778ced4ac853e812270922a563c6909d6f12a4f6532c519b6837ea1970
p01-s03-c0049-v210-m010-g100-sb0011	p01-s03-c0049	sb0011	p01-neutral-feedback/s03-parameter-map-wave1-v210-m010-g100/p01-s03-c0049/sb0011	completion.json	0	100	101	100	100	0	b0c43a64e1e1a0e0eded001495db55ebfb3f51c3cf0fa3ce6b09082e16ac61a1
p01-s03-c0049-v210-m010-g100-sb0012	p01-s03-c0049	sb0012	p01-neutral-feedback/s03-parameter-map-wave1-v210-m010-g100/p01-s03-c0049/sb0012	completion.json	0	100	101	100	100	0	49d28bbbb3cf33df68af544b26ae4c9699864340ec99fb3e16bf8b2a4727ea15
p01-s03-c0050-v210-m010-g100-sb0001	p01-s03-c0050	sb0001	p01-neutral-feedback/s03-parameter-map-wave1-v210-m010-g100/p01-s03-c0050/sb0001	completion.json	0	100	101	114	100	14	2afb6ae7c030e7a2e9eeb8f5ada9e7455479945eff833f781990beddda9ad579
p01-s03-c0050-v210-m010-g100-sb0002	p01-s03-c0050	sb0002	p01-neutral-feedback/s03-parameter-map-wave1-v210-m010-g100/p01-s03-c0050/sb0002	completion.json	0	100	101	115	100	15	28478e453c10c1c334da4c12cf1e0faefcab1be6fb180f746a3086450f8a993e
p01-s03-c0050-v210-m010-g100-sb0003	p01-s03-c0050	sb0003	p01-neutral-feedback/s03-parameter-map-wave1-v210-m010-g100/p01-s03-c0050/sb0003	completion.json	0	100	101	116	100	16	91f0a10ab18b6fd2e4ee4c1c6453493710f29342f72d12d53b88369691c183da
p01-s03-c0050-v210-m010-g100-sb0004	p01-s03-c0050	sb0004	p01-neutral-feedback/s03-parameter-map-wave1-v210-m010-g100/p01-s03-c0050/sb0004	completion.json	0	100	101	118	100	18	d062457cc975eebf7e6e195fbb6b32757b1a28f6d8e9ff0027bd6ecc5f7c1271
p01-s03-c0050-v210-m010-g100-sb0005	p01-s03-c0050	sb0005	p01-neutral-feedback/s03-parameter-map-wave1-v210-m010-g100/p01-s03-c0050/sb0005	completion.json	0	100	101	109	100	9	e6c9aa9b982cf548e1891a50a5ebbb4ac403917a69ff87521fdf2eefac98d1b0
p01-s03-c0050-v210-m010-g100-sb0006	p01-s03-c0050	sb0006	p01-neutral-feedback/s03-parameter-map-wave1-v210-m010-g100/p01-s03-c0050/sb0006	completion.json	0	100	101	115	100	15	314a563d9b37b8eb59a126f5252498e5f4e79304362d64357d54f12a8e26833d
p01-s03-c0050-v210-m010-g100-sb0007	p01-s03-c0050	sb0007	p01-neutral-feedback/s03-parameter-map-wave1-v210-m010-g100/p01-s03-c0050/sb0007	completion.json	0	100	101	117	100	17	424648e1028882c7ee731d3f6578bf88a55c87d9ba025076c8069206e7591bf1
p01-s03-c0050-v210-m010-g100-sb0008	p01-s03-c0050	sb0008	p01-neutral-feedback/s03-parameter-map-wave1-v210-m010-g100/p01-s03-c0050/sb0008	completion.json	0	100	101	118	100	18	2cd390686d22b782ed1bb7ff09374e15aed4c16244996420ca1eab9136d0b100
p01-s03-c0050-v210-m010-g100-sb0009	p01-s03-c0050	sb0009	p01-neutral-feedback/s03-parameter-map-wave1-v210-m010-g100/p01-s03-c0050/sb0009	completion.json	0	100	101	116	100	16	d1ab1468e653506d05810cbf00edca8617d72c84c3639446665a59d7e1827a63
p01-s03-c0050-v210-m010-g100-sb0010	p01-s03-c0050	sb0010	p01-neutral-feedback/s03-parameter-map-wave1-v210-m010-g100/p01-s03-c0050/sb0010	completion.json	0	100	101	109	100	9	48fb28941f07927897c2076ddaa9885fe814cd754bfb1396bf4c923b5ca9bbfd
p01-s03-c0050-v210-m010-g100-sb0011	p01-s03-c0050	sb0011	p01-neutral-feedback/s03-parameter-map-wave1-v210-m010-g100/p01-s03-c0050/sb0011	completion.json	0	100	101	118	100	18	198e7d9403f195d0879ca82b0e484f0d44b25334da25695c60984c03c84c7907
p01-s03-c0050-v210-m010-g100-sb0012	p01-s03-c0050	sb0012	p01-neutral-feedback/s03-parameter-map-wave1-v210-m010-g100/p01-s03-c0050/sb0012	completion.json	0	100	101	115	100	15	fbb060137630df34c764e9f917c521fed6c0e671c52e2adbee154e2f444d23a2
p01-s03-c0051-v210-adaptive-g1000-sb0001	p01-s03-c0051	sb0001	p01-neutral-feedback/s03-parameter-map-wave2-v210-adaptive-g1000/p01-s03-c0051/sb0001	pause.json	0	100	101	100	100	0	46ce64a91f42ccd74ca2f25455367afd9ef21dd223ae36c9e3132dc8f62ee083
p01-s03-c0051-v210-adaptive-g1000-sb0002	p01-s03-c0051	sb0002	p01-neutral-feedback/s03-parameter-map-wave2-v210-adaptive-g1000/p01-s03-c0051/sb0002	pause.json	0	100	101	100	100	0	6fc4ecd502ba540750318c07518073309baf0793898da345a7a331d16adb544f
p01-s03-c0051-v210-adaptive-g1000-sb0003	p01-s03-c0051	sb0003	p01-neutral-feedback/s03-parameter-map-wave2-v210-adaptive-g1000/p01-s03-c0051/sb0003	pause.json	0	100	101	100	100	0	e80feb8402805539175d6e78ff6c0907f64bb889152fb26456324321c7fe999c
p01-s03-c0051-v210-adaptive-g1000-sb0004	p01-s03-c0051	sb0004	p01-neutral-feedback/s03-parameter-map-wave2-v210-adaptive-g1000/p01-s03-c0051/sb0004	pause.json	0	100	101	100	100	0	ac816c64cf87ac013de7eb895b33390488964813c7572c2ceda553c7903dd2a6
p01-s03-c0051-v210-adaptive-g1000-sb0005	p01-s03-c0051	sb0005	p01-neutral-feedback/s03-parameter-map-wave2-v210-adaptive-g1000/p01-s03-c0051/sb0005	pause.json	0	100	101	100	100	0	759ce0824307013bdbd8d77db7121155c1161bf93314547b3dd7793b06d53139
p01-s03-c0051-v210-adaptive-g1000-sb0006	p01-s03-c0051	sb0006	p01-neutral-feedback/s03-parameter-map-wave2-v210-adaptive-g1000/p01-s03-c0051/sb0006	pause.json	0	100	101	100	100	0	aeb45f18a0b44e6a37ae656417cb8ba8ab7f3674c3cb71c6806045a1b6cc45b0
p01-s03-c0051-v210-adaptive-g1000-sb0007	p01-s03-c0051	sb0007	p01-neutral-feedback/s03-parameter-map-wave2-v210-adaptive-g1000/p01-s03-c0051/sb0007	pause.json	0	100	101	100	100	0	b89ad2bc1840a873c3949209da03d8017251b42ef0c488b9f0796d51a1addb61
p01-s03-c0051-v210-adaptive-g1000-sb0008	p01-s03-c0051	sb0008	p01-neutral-feedback/s03-parameter-map-wave2-v210-adaptive-g1000/p01-s03-c0051/sb0008	pause.json	0	100	101	100	100	0	3edb11cff45d77c6a7a66839fc3a4828b4a7eb9bedc934aec971bffcc42a0321
p01-s03-c0051-v210-adaptive-g1000-sb0009	p01-s03-c0051	sb0009	p01-neutral-feedback/s03-parameter-map-wave2-v210-adaptive-g1000/p01-s03-c0051/sb0009	pause.json	0	100	101	100	100	0	c4d7f22cdff8c30cd94a6428dd37ddcd885d4afdc7b3250e2a87c283b32ba7de
p01-s03-c0051-v210-adaptive-g1000-sb0010	p01-s03-c0051	sb0010	p01-neutral-feedback/s03-parameter-map-wave2-v210-adaptive-g1000/p01-s03-c0051/sb0010	pause.json	0	100	101	100	100	0	232e8334738c5117315f1b4809ebc114e7fd47befeadccdc6e3d302efc227565
p01-s03-c0051-v210-adaptive-g1000-sb0011	p01-s03-c0051	sb0011	p01-neutral-feedback/s03-parameter-map-wave2-v210-adaptive-g1000/p01-s03-c0051/sb0011	pause.json	0	100	101	100	100	0	034492c12e555d0cb9e9a37bcf836e7ee605c3f150ee111c3267631a522f1d45
p01-s03-c0051-v210-adaptive-g1000-sb0012	p01-s03-c0051	sb0012	p01-neutral-feedback/s03-parameter-map-wave2-v210-adaptive-g1000/p01-s03-c0051/sb0012	pause.json	0	100	101	100	100	0	f3e118828054e850c6fe91f8995a76597bcb237d3696cc73106f9478b56f7c70
p01-s03-c0052-v210-adaptive-g1000-sb0001	p01-s03-c0052	sb0001	p01-neutral-feedback/s03-parameter-map-wave2-v210-adaptive-g1000/p01-s03-c0052/sb0001	pause.json	0	100	101	100	100	0	b0095883771ee67d942875308b99009d9409fd71ed48469706f36347fe27e0fb
p01-s03-c0052-v210-adaptive-g1000-sb0002	p01-s03-c0052	sb0002	p01-neutral-feedback/s03-parameter-map-wave2-v210-adaptive-g1000/p01-s03-c0052/sb0002	pause.json	0	100	101	100	100	0	b1ef5c59421ecf83991044a01799e7e5258273a16195c53e56be27548dc7d535
p01-s03-c0052-v210-adaptive-g1000-sb0003	p01-s03-c0052	sb0003	p01-neutral-feedback/s03-parameter-map-wave2-v210-adaptive-g1000/p01-s03-c0052/sb0003	pause.json	0	100	101	100	100	0	a71417ab07326113a725310a8b31cc618a45d3fd6eed54cc499d2db151d47632
p01-s03-c0052-v210-adaptive-g1000-sb0004	p01-s03-c0052	sb0004	p01-neutral-feedback/s03-parameter-map-wave2-v210-adaptive-g1000/p01-s03-c0052/sb0004	pause.json	0	100	101	100	100	0	2fa3324d43d6bb00681a27a64314e69cc5c114b0d32d85b78c36091109cdcb39
p01-s03-c0052-v210-adaptive-g1000-sb0005	p01-s03-c0052	sb0005	p01-neutral-feedback/s03-parameter-map-wave2-v210-adaptive-g1000/p01-s03-c0052/sb0005	pause.json	0	100	101	100	100	0	103892966a454fe91f359f40eab64a284ed8a4045ba268a9ef89f34e679a6c57
p01-s03-c0052-v210-adaptive-g1000-sb0006	p01-s03-c0052	sb0006	p01-neutral-feedback/s03-parameter-map-wave2-v210-adaptive-g1000/p01-s03-c0052/sb0006	pause.json	0	100	101	100	100	0	afc179abe2fd095f2b9c6b8f4f2f5241f5b37a9c7007f49a63a4597a3367ce25
p01-s03-c0052-v210-adaptive-g1000-sb0007	p01-s03-c0052	sb0007	p01-neutral-feedback/s03-parameter-map-wave2-v210-adaptive-g1000/p01-s03-c0052/sb0007	pause.json	0	100	101	100	100	0	a11efa6d6bba7f2bbe8a8e77a64fdcb41e86905d015f6e849c6d31f11a15c079
p01-s03-c0052-v210-adaptive-g1000-sb0008	p01-s03-c0052	sb0008	p01-neutral-feedback/s03-parameter-map-wave2-v210-adaptive-g1000/p01-s03-c0052/sb0008	pause.json	0	100	101	100	100	0	202a8374fee065adb5c853daf193a2cfa14675d8275a89276fb54dbbd298bd5e
p01-s03-c0052-v210-adaptive-g1000-sb0009	p01-s03-c0052	sb0009	p01-neutral-feedback/s03-parameter-map-wave2-v210-adaptive-g1000/p01-s03-c0052/sb0009	pause.json	0	100	101	100	100	0	83a5835f65d91c709549fe4d01ebe57331682a30f1b6155edadf1da01622a906
p01-s03-c0052-v210-adaptive-g1000-sb0010	p01-s03-c0052	sb0010	p01-neutral-feedback/s03-parameter-map-wave2-v210-adaptive-g1000/p01-s03-c0052/sb0010	pause.json	0	100	101	100	100	0	9bd2858f587ab8e55114769993812f310e5e268a031277b3240172656b69c5b0
p01-s03-c0052-v210-adaptive-g1000-sb0011	p01-s03-c0052	sb0011	p01-neutral-feedback/s03-parameter-map-wave2-v210-adaptive-g1000/p01-s03-c0052/sb0011	pause.json	0	100	101	100	100	0	ff4c8d31343e4325f11e0af48966be88459624fce4b4ce7d274f78be6841122b
p01-s03-c0052-v210-adaptive-g1000-sb0012	p01-s03-c0052	sb0012	p01-neutral-feedback/s03-parameter-map-wave2-v210-adaptive-g1000/p01-s03-c0052/sb0012	pause.json	0	100	101	100	100	0	9a9b283f27b30bfca66f4212bf487cb5b7db70bc68c201b5a00091c547193e24
p01-s02-c0022-v210-m010-g250-sb0001	p01-s02-c0022	sb0001	p01-neutral-feedback/s02-equilibrium-precision-v210-m010-g250/p01-s02-c0022/sb0001	completion.json	0	100	101	100	100	0	aab12c5528064be63f27500866b32acbed99744340789ee1aa4e4a789a4137ae
p01-s02-c0022-v210-m010-g250-sb0002	p01-s02-c0022	sb0002	p01-neutral-feedback/s02-equilibrium-precision-v210-m010-g250/p01-s02-c0022/sb0002	completion.json	0	100	101	100	100	0	823fea1008fd8432fdd99bef7ea8feba4c8faac008dd813e077493edcf98c9f0
p01-s02-c0022-v210-m010-g250-sb0003	p01-s02-c0022	sb0003	p01-neutral-feedback/s02-equilibrium-precision-v210-m010-g250/p01-s02-c0022/sb0003	completion.json	0	100	101	100	100	0	9b103dd8181d7c2d7203e4f681efc6b6541d82a3063ca1c2cdbe2635aef4f4fe
p01-s02-c0022-v210-m010-g250-sb0004	p01-s02-c0022	sb0004	p01-neutral-feedback/s02-equilibrium-precision-v210-m010-g250/p01-s02-c0022/sb0004	completion.json	0	100	101	100	100	0	ce5b988431ce4c61b9d8fb27106d95b8047aa7b7c217c8c75088f127aa095a47
p01-s02-c0022-v210-m010-g250-sb0005	p01-s02-c0022	sb0005	p01-neutral-feedback/s02-equilibrium-precision-v210-m010-g250/p01-s02-c0022/sb0005	completion.json	0	100	101	100	100	0	5b0e4f8a94f3836edc4ce6d7c0c533bf2527a3438a62df9ad4d9228bef3609d4
p01-s02-c0022-v210-m010-g250-sb0006	p01-s02-c0022	sb0006	p01-neutral-feedback/s02-equilibrium-precision-v210-m010-g250/p01-s02-c0022/sb0006	completion.json	0	100	101	100	100	0	7ca5c0fc84e4d85a5148d40daa0faf5ee17e59a65b6c994735da1dc0f0a03b3e
p01-s02-c0022-v210-m010-g250-sb0007	p01-s02-c0022	sb0007	p01-neutral-feedback/s02-equilibrium-precision-v210-m010-g250/p01-s02-c0022/sb0007	completion.json	0	100	101	100	100	0	d6b851d3abba8e3f8b1d98a4dd34104cdbd60f7a5df4ff62d6adcda22eef4de2
p01-s02-c0022-v210-m010-g250-sb0008	p01-s02-c0022	sb0008	p01-neutral-feedback/s02-equilibrium-precision-v210-m010-g250/p01-s02-c0022/sb0008	completion.json	0	100	101	100	100	0	a4951b4f00b84b9153bf6f86e4587085b03a54a54e878cb86a33c4bd097d9bd6
p01-s02-c0022-v210-m010-g250-sb0009	p01-s02-c0022	sb0009	p01-neutral-feedback/s02-equilibrium-precision-v210-m010-g250/p01-s02-c0022/sb0009	completion.json	0	100	101	100	100	0	2cb80df7e88ec092a229791275a9a5aa04a9da8fd45e6e8e3cb26031e50a1999
p01-s02-c0022-v210-m010-g250-sb0010	p01-s02-c0022	sb0010	p01-neutral-feedback/s02-equilibrium-precision-v210-m010-g250/p01-s02-c0022/sb0010	completion.json	0	100	101	100	100	0	b33e367cf849aff6f2fa4b1d51755493987335d596792c0a8b0981a007020f4e
p01-s02-c0022-v210-m010-g250-sb0011	p01-s02-c0022	sb0011	p01-neutral-feedback/s02-equilibrium-precision-v210-m010-g250/p01-s02-c0022/sb0011	completion.json	0	100	101	100	100	0	9d77f75b932206765d282f1a58fa2a9ecd6bf56659defb82f2b0c7fedfd4bd6a
p01-s02-c0022-v210-m010-g250-sb0012	p01-s02-c0022	sb0012	p01-neutral-feedback/s02-equilibrium-precision-v210-m010-g250/p01-s02-c0022/sb0012	completion.json	0	100	101	100	100	0	0c357475f04ec857d50b94c8aeccff54f826835beebe6a2bf079c662c40be37b
p01-s03-c0054-v210-adaptive-g1000-sb0001	p01-s03-c0054	sb0001	p01-neutral-feedback/s03-parameter-map-wave2-v210-adaptive-g1000/p01-s03-c0054/sb0001	pause.json	0	100	101	100	100	0	bbb8c0ca4445b70998ab96eedcf3dd90ab618e7466c6bc33763097b19d154bdf
p01-s03-c0054-v210-adaptive-g1000-sb0002	p01-s03-c0054	sb0002	p01-neutral-feedback/s03-parameter-map-wave2-v210-adaptive-g1000/p01-s03-c0054/sb0002	pause.json	0	100	101	100	100	0	4c06b9c09b69cbd50b0d023503d2869567d42b7723aff36599ca475bf5c7b1e0
p01-s03-c0054-v210-adaptive-g1000-sb0003	p01-s03-c0054	sb0003	p01-neutral-feedback/s03-parameter-map-wave2-v210-adaptive-g1000/p01-s03-c0054/sb0003	pause.json	0	100	101	100	100	0	e50e00ed19f9ac983d1da753adc7301dd94d269db2955122380a6c9184f59423
p01-s03-c0054-v210-adaptive-g1000-sb0004	p01-s03-c0054	sb0004	p01-neutral-feedback/s03-parameter-map-wave2-v210-adaptive-g1000/p01-s03-c0054/sb0004	pause.json	0	100	101	100	100	0	762c2090ba041c7db7ddea8c78989065f4c450dedb1aecabb4a8477f370605dd
p01-s03-c0054-v210-adaptive-g1000-sb0005	p01-s03-c0054	sb0005	p01-neutral-feedback/s03-parameter-map-wave2-v210-adaptive-g1000/p01-s03-c0054/sb0005	pause.json	0	100	101	100	100	0	035dbd8b8ef6a36a11131201eee30c4acc73e46f80941d5b2a8cb340b75f175a
p01-s03-c0054-v210-adaptive-g1000-sb0006	p01-s03-c0054	sb0006	p01-neutral-feedback/s03-parameter-map-wave2-v210-adaptive-g1000/p01-s03-c0054/sb0006	pause.json	0	100	101	100	100	0	29f83e8c8e93c7181c05c73825f731002140650a533a63f4e8c642eb6d6c2deb
p01-s03-c0054-v210-adaptive-g1000-sb0007	p01-s03-c0054	sb0007	p01-neutral-feedback/s03-parameter-map-wave2-v210-adaptive-g1000/p01-s03-c0054/sb0007	pause.json	0	100	101	100	100	0	6b3805e0b0b5abf469a4263513a459d9d03c11dfea318830032e211e919d0887
p01-s03-c0054-v210-adaptive-g1000-sb0008	p01-s03-c0054	sb0008	p01-neutral-feedback/s03-parameter-map-wave2-v210-adaptive-g1000/p01-s03-c0054/sb0008	pause.json	0	100	101	100	100	0	ed963a3e3592b0e7b3ec51d4d4ec031af753280c21d8e58fac6c0f000062edf6
p01-s03-c0054-v210-adaptive-g1000-sb0009	p01-s03-c0054	sb0009	p01-neutral-feedback/s03-parameter-map-wave2-v210-adaptive-g1000/p01-s03-c0054/sb0009	pause.json	0	100	101	100	100	0	8ae9776e9c1f6e3e7da9ac2fa55a7def0fa7fda5d454c1d2a2ba18f382063378
p01-s03-c0054-v210-adaptive-g1000-sb0010	p01-s03-c0054	sb0010	p01-neutral-feedback/s03-parameter-map-wave2-v210-adaptive-g1000/p01-s03-c0054/sb0010	pause.json	0	100	101	100	100	0	4d92e7f96001c0ac4aae3a5d9c7870600a7280f15bea4cdb4c9e1f2021498ae7
p01-s03-c0054-v210-adaptive-g1000-sb0011	p01-s03-c0054	sb0011	p01-neutral-feedback/s03-parameter-map-wave2-v210-adaptive-g1000/p01-s03-c0054/sb0011	pause.json	0	100	101	100	100	0	86f3746014f758e4c2c4610e4182a34950a0eecec452dcbfc13c672ec60d8d2e
p01-s03-c0054-v210-adaptive-g1000-sb0012	p01-s03-c0054	sb0012	p01-neutral-feedback/s03-parameter-map-wave2-v210-adaptive-g1000/p01-s03-c0054/sb0012	pause.json	0	100	101	100	100	0	fca2ea38f2186cbb3bed63578dbd6995e4ee715c7ec7b14156e99fbe6a50c4b7
p01-s03-c0055-v210-adaptive-g1000-sb0001	p01-s03-c0055	sb0001	p01-neutral-feedback/s03-parameter-map-wave2-v210-adaptive-g1000/p01-s03-c0055/sb0001	pause.json	0	100	101	100	100	0	0f002ec0e40d1bce59a07929b6e5193bb453d6324bb7cc5bd4f9d256c06338f6
p01-s03-c0055-v210-adaptive-g1000-sb0002	p01-s03-c0055	sb0002	p01-neutral-feedback/s03-parameter-map-wave2-v210-adaptive-g1000/p01-s03-c0055/sb0002	pause.json	0	100	101	100	100	0	aff678e0953049027f2a0e753e6fb876a6f10d120b642c51578f15399e1ffdfa
p01-s03-c0055-v210-adaptive-g1000-sb0003	p01-s03-c0055	sb0003	p01-neutral-feedback/s03-parameter-map-wave2-v210-adaptive-g1000/p01-s03-c0055/sb0003	pause.json	0	100	101	100	100	0	4e727fe4d3edb4149cbe9c49d20eb000e727b465af152209cb22a69cb59bdab8
p01-s03-c0055-v210-adaptive-g1000-sb0004	p01-s03-c0055	sb0004	p01-neutral-feedback/s03-parameter-map-wave2-v210-adaptive-g1000/p01-s03-c0055/sb0004	pause.json	0	100	101	100	100	0	04cfa4638d372887f59c5e50c2b155f6bcfec7ca7a336a806f79fe3878d7682a
p01-s03-c0055-v210-adaptive-g1000-sb0005	p01-s03-c0055	sb0005	p01-neutral-feedback/s03-parameter-map-wave2-v210-adaptive-g1000/p01-s03-c0055/sb0005	pause.json	0	100	101	100	100	0	3bf976bf86fbb2261f1dab7ce33f40a696ca9b19ceb85877d0a9ba0620ca80cb
p01-s03-c0055-v210-adaptive-g1000-sb0006	p01-s03-c0055	sb0006	p01-neutral-feedback/s03-parameter-map-wave2-v210-adaptive-g1000/p01-s03-c0055/sb0006	pause.json	0	100	101	100	100	0	31b3b997ef15f7136a4ad7db2be59bf731ede80e6afdc59c3f643d9dd921e5a8
p01-s03-c0055-v210-adaptive-g1000-sb0007	p01-s03-c0055	sb0007	p01-neutral-feedback/s03-parameter-map-wave2-v210-adaptive-g1000/p01-s03-c0055/sb0007	pause.json	0	100	101	100	100	0	19207f662f370a678ef5b261465ae13a0543305fa6c3097ac14ac45df6cb2616
p01-s03-c0055-v210-adaptive-g1000-sb0008	p01-s03-c0055	sb0008	p01-neutral-feedback/s03-parameter-map-wave2-v210-adaptive-g1000/p01-s03-c0055/sb0008	pause.json	0	100	101	100	100	0	15e0397ba90bdbe53cf5c07cb6493cd10a89b9cf5bddccd9d6a1ebb6bd5102d0
p01-s03-c0055-v210-adaptive-g1000-sb0009	p01-s03-c0055	sb0009	p01-neutral-feedback/s03-parameter-map-wave2-v210-adaptive-g1000/p01-s03-c0055/sb0009	pause.json	0	100	101	100	100	0	9edde3e39cf6a06e793015508b855e7345505898bc8765e1a60d53a366f989b1
p01-s03-c0055-v210-adaptive-g1000-sb0010	p01-s03-c0055	sb0010	p01-neutral-feedback/s03-parameter-map-wave2-v210-adaptive-g1000/p01-s03-c0055/sb0010	pause.json	0	100	101	100	100	0	ae133b09821daba7b756d6891b7f1ef7e259c91dc465b90dbcf1ce7ef1e77e1d
p01-s03-c0055-v210-adaptive-g1000-sb0011	p01-s03-c0055	sb0011	p01-neutral-feedback/s03-parameter-map-wave2-v210-adaptive-g1000/p01-s03-c0055/sb0011	pause.json	0	100	101	100	100	0	2f151f2096e97e68faaf29a199cbcfa7061703a6b46d2788914295faaf6fd1b3
p01-s03-c0055-v210-adaptive-g1000-sb0012	p01-s03-c0055	sb0012	p01-neutral-feedback/s03-parameter-map-wave2-v210-adaptive-g1000/p01-s03-c0055/sb0012	pause.json	0	100	101	100	100	0	0cd749233063be709fe27036b34bf22970b2b9d6eae05bd505b155b1c545119d
p01-s03-c0056-v210-adaptive-g1000-sb0001	p01-s03-c0056	sb0001	p01-neutral-feedback/s03-parameter-map-wave2-v210-adaptive-g1000/p01-s03-c0056/sb0001	pause.json	0	100	101	100	100	0	3e249da0a7aeca8ee8b13418f9b180ed5aa13cfdbb31c5dd1597ebfbf3db77a5
p01-s03-c0056-v210-adaptive-g1000-sb0002	p01-s03-c0056	sb0002	p01-neutral-feedback/s03-parameter-map-wave2-v210-adaptive-g1000/p01-s03-c0056/sb0002	pause.json	0	100	101	100	100	0	1534f5fc1a05e592cf4a305ddc315ea74ae7e2d170e63cb583b6495b0035927d
p01-s03-c0056-v210-adaptive-g1000-sb0003	p01-s03-c0056	sb0003	p01-neutral-feedback/s03-parameter-map-wave2-v210-adaptive-g1000/p01-s03-c0056/sb0003	pause.json	0	100	101	100	100	0	c4a8c18a7802843b76911cac719def6dda082419a1269c27d17e0555803d67ce
p01-s03-c0056-v210-adaptive-g1000-sb0004	p01-s03-c0056	sb0004	p01-neutral-feedback/s03-parameter-map-wave2-v210-adaptive-g1000/p01-s03-c0056/sb0004	pause.json	0	100	101	100	100	0	bf8cc33785df7ad00fc6e1212cee946936d7a24f61895dbaa37d266a0f066602
p01-s03-c0056-v210-adaptive-g1000-sb0005	p01-s03-c0056	sb0005	p01-neutral-feedback/s03-parameter-map-wave2-v210-adaptive-g1000/p01-s03-c0056/sb0005	pause.json	0	100	101	100	100	0	0878e6f4500cc1feacbeaf2e04511f31f1e8b2d839a4e85f76b3a4a4a72a7ec5
p01-s03-c0056-v210-adaptive-g1000-sb0006	p01-s03-c0056	sb0006	p01-neutral-feedback/s03-parameter-map-wave2-v210-adaptive-g1000/p01-s03-c0056/sb0006	pause.json	0	100	101	100	100	0	4f43c872ac4b4b4f11b40e210952fb142e8307c5abfd9d5591a3689734cfc940
p01-s03-c0056-v210-adaptive-g1000-sb0007	p01-s03-c0056	sb0007	p01-neutral-feedback/s03-parameter-map-wave2-v210-adaptive-g1000/p01-s03-c0056/sb0007	pause.json	0	100	101	100	100	0	67ee1b8129086f233f7dd97a3703063a31de1f1545fb679cf2c9a840bb64cb48
p01-s03-c0056-v210-adaptive-g1000-sb0008	p01-s03-c0056	sb0008	p01-neutral-feedback/s03-parameter-map-wave2-v210-adaptive-g1000/p01-s03-c0056/sb0008	pause.json	0	100	101	100	100	0	1c3f4f1e2482cb645bd1113898bed8bc75919c3e41b62aea4d216b609a3757a9
p01-s03-c0056-v210-adaptive-g1000-sb0009	p01-s03-c0056	sb0009	p01-neutral-feedback/s03-parameter-map-wave2-v210-adaptive-g1000/p01-s03-c0056/sb0009	pause.json	0	100	101	100	100	0	88aa5e50172b1cdb330d58e2882fe1bc8477e74f70196ab2f732c4039669e306
p01-s03-c0056-v210-adaptive-g1000-sb0010	p01-s03-c0056	sb0010	p01-neutral-feedback/s03-parameter-map-wave2-v210-adaptive-g1000/p01-s03-c0056/sb0010	pause.json	0	100	101	100	100	0	b6f6a6460f3c9eab053961b3c92675dae97f4df3ef80d364f861cf04aad5aeed
p01-s03-c0056-v210-adaptive-g1000-sb0011	p01-s03-c0056	sb0011	p01-neutral-feedback/s03-parameter-map-wave2-v210-adaptive-g1000/p01-s03-c0056/sb0011	pause.json	0	100	101	100	100	0	b546f194bb7411e2057738a0623c84478eff2d2b3f7747340d58560b33d2a83b
p01-s03-c0056-v210-adaptive-g1000-sb0012	p01-s03-c0056	sb0012	p01-neutral-feedback/s03-parameter-map-wave2-v210-adaptive-g1000/p01-s03-c0056/sb0012	pause.json	0	100	101	100	100	0	35e9f10327a7bc3c8b690525f4f7fc271e097bba738fbe9c314372c22877764b
p01-s03-c0057-v210-adaptive-g1000-sb0001	p01-s03-c0057	sb0001	p01-neutral-feedback/s03-parameter-map-wave2-v210-adaptive-g1000/p01-s03-c0057/sb0001	pause.json	0	100	101	100	100	0	09bb381b2c5a175a5c89fefaf1b74fd6bd01a302d12fc090d82a0c5686da2fa0
p01-s03-c0057-v210-adaptive-g1000-sb0002	p01-s03-c0057	sb0002	p01-neutral-feedback/s03-parameter-map-wave2-v210-adaptive-g1000/p01-s03-c0057/sb0002	pause.json	0	100	101	100	100	0	ab8a2e7623df8da0fbc94ddfe5ec524d155e3fd617b0cc78c53282a37ef70643
p01-s03-c0057-v210-adaptive-g1000-sb0003	p01-s03-c0057	sb0003	p01-neutral-feedback/s03-parameter-map-wave2-v210-adaptive-g1000/p01-s03-c0057/sb0003	pause.json	0	100	101	100	100	0	6bb97dcb008c07a5a1a9bc24b98588346871df46e0bd1670eccacacec198d2f9
p01-s03-c0057-v210-adaptive-g1000-sb0004	p01-s03-c0057	sb0004	p01-neutral-feedback/s03-parameter-map-wave2-v210-adaptive-g1000/p01-s03-c0057/sb0004	pause.json	0	100	101	100	100	0	c31bab8743453d98d2a59a4335649277d88a0c426fe1304d7be8aad6aac8b15c
p01-s03-c0057-v210-adaptive-g1000-sb0005	p01-s03-c0057	sb0005	p01-neutral-feedback/s03-parameter-map-wave2-v210-adaptive-g1000/p01-s03-c0057/sb0005	pause.json	0	100	101	100	100	0	61c9d685e96310c94426cd424b37e3e7129253cf9f868b584160a87fd1c454bb
p01-s03-c0057-v210-adaptive-g1000-sb0006	p01-s03-c0057	sb0006	p01-neutral-feedback/s03-parameter-map-wave2-v210-adaptive-g1000/p01-s03-c0057/sb0006	pause.json	0	100	101	100	100	0	2f5c83b6c89a9d2ac7daf5bcdacaa2906b9df541a7fce2fbb379b852eb9eef8b
p01-s03-c0057-v210-adaptive-g1000-sb0007	p01-s03-c0057	sb0007	p01-neutral-feedback/s03-parameter-map-wave2-v210-adaptive-g1000/p01-s03-c0057/sb0007	pause.json	0	100	101	100	100	0	9348e4c556ce9f9a3e381a766e5e65a9b3d70bd2f22aea3f52100f3ba155fcee
p01-s03-c0057-v210-adaptive-g1000-sb0008	p01-s03-c0057	sb0008	p01-neutral-feedback/s03-parameter-map-wave2-v210-adaptive-g1000/p01-s03-c0057/sb0008	pause.json	0	100	101	100	100	0	9742b33d1a583a2b022feb840a4d2d9e0691cad5bb878218e422b4acb208d6ed
p01-s03-c0057-v210-adaptive-g1000-sb0009	p01-s03-c0057	sb0009	p01-neutral-feedback/s03-parameter-map-wave2-v210-adaptive-g1000/p01-s03-c0057/sb0009	pause.json	0	100	101	100	100	0	4a04bda2ffb8d9d9006a8399ce0dfd85f272b2cff02b1dc9855d86a7b7ee4b65
p01-s03-c0057-v210-adaptive-g1000-sb0010	p01-s03-c0057	sb0010	p01-neutral-feedback/s03-parameter-map-wave2-v210-adaptive-g1000/p01-s03-c0057/sb0010	pause.json	0	100	101	100	100	0	12ea680f2fb08250bfd89d42a6bddabc8e499a32d0f6442c4e8fd2225269079a
p01-s03-c0057-v210-adaptive-g1000-sb0011	p01-s03-c0057	sb0011	p01-neutral-feedback/s03-parameter-map-wave2-v210-adaptive-g1000/p01-s03-c0057/sb0011	pause.json	0	100	101	100	100	0	83369df547217bc3a6950bcbbfd508ab5b64dd915b325cccfcf2bdacae4fe0be
p01-s03-c0057-v210-adaptive-g1000-sb0012	p01-s03-c0057	sb0012	p01-neutral-feedback/s03-parameter-map-wave2-v210-adaptive-g1000/p01-s03-c0057/sb0012	pause.json	0	100	101	100	100	0	1c34fe9e90781539a5def7da530b901ce983fc1bc744dce20c5c5b6110f76432
p01-s03-c0058-v210-adaptive-g1000-sb0001	p01-s03-c0058	sb0001	p01-neutral-feedback/s03-parameter-map-wave2-v210-adaptive-g1000/p01-s03-c0058/sb0001	pause.json	0	100	101	100	100	0	7e342450d4609b026ddafdb3021f67d119992ac6a7b618c9e1c780aa17205581
p01-s03-c0058-v210-adaptive-g1000-sb0002	p01-s03-c0058	sb0002	p01-neutral-feedback/s03-parameter-map-wave2-v210-adaptive-g1000/p01-s03-c0058/sb0002	pause.json	0	100	101	100	100	0	1ef0c642994d5aa190f69af71659810e5dca4ef8b61452351fc2bf516bbf90f2
p01-s03-c0058-v210-adaptive-g1000-sb0003	p01-s03-c0058	sb0003	p01-neutral-feedback/s03-parameter-map-wave2-v210-adaptive-g1000/p01-s03-c0058/sb0003	pause.json	0	100	101	100	100	0	cf0f3af6c3d67783c51a04cbb7abd2b2865886f595438a94360858c7f2071fa8
p01-s03-c0058-v210-adaptive-g1000-sb0004	p01-s03-c0058	sb0004	p01-neutral-feedback/s03-parameter-map-wave2-v210-adaptive-g1000/p01-s03-c0058/sb0004	pause.json	0	100	101	100	100	0	953afba9e8c50158b43e22264b32108f898c7ac08c1e8702527097e6e8e42596
p01-s03-c0058-v210-adaptive-g1000-sb0005	p01-s03-c0058	sb0005	p01-neutral-feedback/s03-parameter-map-wave2-v210-adaptive-g1000/p01-s03-c0058/sb0005	pause.json	0	100	101	100	100	0	6df6332452f570e77eeb203a2b8443858c0810a2b6b22731f8b1fcf3f8bcb89d
p01-s03-c0058-v210-adaptive-g1000-sb0006	p01-s03-c0058	sb0006	p01-neutral-feedback/s03-parameter-map-wave2-v210-adaptive-g1000/p01-s03-c0058/sb0006	pause.json	0	100	101	100	100	0	da82e6e8c688e2cddce95ac5914ef168b511768daf4a39112066fb4d06f558d9
p01-s03-c0058-v210-adaptive-g1000-sb0007	p01-s03-c0058	sb0007	p01-neutral-feedback/s03-parameter-map-wave2-v210-adaptive-g1000/p01-s03-c0058/sb0007	pause.json	0	100	101	100	100	0	57e84324e4b3ba7821d69532bf343d123ac47cdf987f9012fa5c36a1805e0e86
p01-s03-c0058-v210-adaptive-g1000-sb0008	p01-s03-c0058	sb0008	p01-neutral-feedback/s03-parameter-map-wave2-v210-adaptive-g1000/p01-s03-c0058/sb0008	pause.json	0	100	101	100	100	0	f8e7f1919e4270fb691eb6e5658731ac4658fe0eb8bb10010cca6d5f14ebb5c5
p01-s03-c0058-v210-adaptive-g1000-sb0009	p01-s03-c0058	sb0009	p01-neutral-feedback/s03-parameter-map-wave2-v210-adaptive-g1000/p01-s03-c0058/sb0009	pause.json	0	100	101	100	100	0	82f8fca73d7ee2890e3aaa02b8170166537a8ee681bd2a892ab5774c4b38a105
p01-s03-c0058-v210-adaptive-g1000-sb0010	p01-s03-c0058	sb0010	p01-neutral-feedback/s03-parameter-map-wave2-v210-adaptive-g1000/p01-s03-c0058/sb0010	pause.json	0	100	101	100	100	0	17f4ad8bcb00a228df30b72ac6c508ec9181ffd12499463b0881fb31f4f44f4b
p01-s03-c0058-v210-adaptive-g1000-sb0011	p01-s03-c0058	sb0011	p01-neutral-feedback/s03-parameter-map-wave2-v210-adaptive-g1000/p01-s03-c0058/sb0011	pause.json	0	100	101	100	100	0	d5e014b75a15889f7bcc0f6a98dae1a2f1c693108bd0230f947df64d61029c1c
p01-s03-c0058-v210-adaptive-g1000-sb0012	p01-s03-c0058	sb0012	p01-neutral-feedback/s03-parameter-map-wave2-v210-adaptive-g1000/p01-s03-c0058/sb0012	pause.json	0	100	101	100	100	0	e3dc8456791584a00bb188faf49e5b0fe957a375afd3f918f6d922acd8634ade
p01-s03-c0059-v210-adaptive-g1000-sb0001	p01-s03-c0059	sb0001	p01-neutral-feedback/s03-parameter-map-wave2-v210-adaptive-g1000/p01-s03-c0059/sb0001	pause.json	0	100	101	100	100	0	3acd16dc3ab2b823b9ff31ead3d01d9a90aa50305efb441cb1b80cc672af9612
p01-s03-c0059-v210-adaptive-g1000-sb0002	p01-s03-c0059	sb0002	p01-neutral-feedback/s03-parameter-map-wave2-v210-adaptive-g1000/p01-s03-c0059/sb0002	pause.json	0	100	101	100	100	0	ee3bff5e0256f7ae42547964df6995b93a8cb34ac44a83de475f6c1954709be9
p01-s03-c0059-v210-adaptive-g1000-sb0003	p01-s03-c0059	sb0003	p01-neutral-feedback/s03-parameter-map-wave2-v210-adaptive-g1000/p01-s03-c0059/sb0003	pause.json	0	100	101	100	100	0	f53a3925a7ccef4a3d9ac285651d738b2017005b800102d64d95b2e2e5b3b3c5
p01-s03-c0059-v210-adaptive-g1000-sb0004	p01-s03-c0059	sb0004	p01-neutral-feedback/s03-parameter-map-wave2-v210-adaptive-g1000/p01-s03-c0059/sb0004	pause.json	0	100	101	100	100	0	87a71cbd22f78da74841586bd20f9def8ec73b0317914a96434ea027b70fbc95
p01-s03-c0059-v210-adaptive-g1000-sb0005	p01-s03-c0059	sb0005	p01-neutral-feedback/s03-parameter-map-wave2-v210-adaptive-g1000/p01-s03-c0059/sb0005	pause.json	0	100	101	100	100	0	dae08a5c36d09ecc41e0854eb13b807d618dca6c82be81cc2d60b761063e48f5
p01-s03-c0059-v210-adaptive-g1000-sb0006	p01-s03-c0059	sb0006	p01-neutral-feedback/s03-parameter-map-wave2-v210-adaptive-g1000/p01-s03-c0059/sb0006	pause.json	0	100	101	100	100	0	0c79bda2ddac6e96da7edae4dfaa16956379b3d38d1803fde7108b3b1e807543
p01-s03-c0059-v210-adaptive-g1000-sb0007	p01-s03-c0059	sb0007	p01-neutral-feedback/s03-parameter-map-wave2-v210-adaptive-g1000/p01-s03-c0059/sb0007	pause.json	0	100	101	100	100	0	b2998d5c60acad8429480314cea7cd8a0a4552a414ced547b44c2b0607f65ad8
p01-s03-c0059-v210-adaptive-g1000-sb0008	p01-s03-c0059	sb0008	p01-neutral-feedback/s03-parameter-map-wave2-v210-adaptive-g1000/p01-s03-c0059/sb0008	pause.json	0	100	101	100	100	0	ee23a0721c97f3cddfec803220761beb45ebf7995ed23320f9429cb2c37b9afb
p01-s03-c0059-v210-adaptive-g1000-sb0009	p01-s03-c0059	sb0009	p01-neutral-feedback/s03-parameter-map-wave2-v210-adaptive-g1000/p01-s03-c0059/sb0009	pause.json	0	100	101	100	100	0	6e390180a7f3aa2d221ad24b53c3e9ba4b9c27e416448f66531a81601e22f87d
p01-s03-c0059-v210-adaptive-g1000-sb0010	p01-s03-c0059	sb0010	p01-neutral-feedback/s03-parameter-map-wave2-v210-adaptive-g1000/p01-s03-c0059/sb0010	pause.json	0	100	101	100	100	0	823cf493d907f1e6716278e34be687e385cc3950b87840678f6020adca3f536c
p01-s03-c0059-v210-adaptive-g1000-sb0011	p01-s03-c0059	sb0011	p01-neutral-feedback/s03-parameter-map-wave2-v210-adaptive-g1000/p01-s03-c0059/sb0011	pause.json	0	100	101	100	100	0	e0b258a83aea9139c66e4881ea96ad8e898d723b6228b76aa4235b3a413d3716
p01-s03-c0059-v210-adaptive-g1000-sb0012	p01-s03-c0059	sb0012	p01-neutral-feedback/s03-parameter-map-wave2-v210-adaptive-g1000/p01-s03-c0059/sb0012	pause.json	0	100	101	100	100	0	a0c737c9564f13b6ed0be93137001600c7e96aa0da8807b15531be4e52dea804
p01-s03-c0060-v210-adaptive-g1000-sb0001	p01-s03-c0060	sb0001	p01-neutral-feedback/s03-parameter-map-wave2-v210-adaptive-g1000/p01-s03-c0060/sb0001	pause.json	0	100	101	100	100	0	e1c38801f8eb3a9445c74e8647ec11cefb29ba69c2cf4b4f50a2e0d3cdb3be47
p01-s03-c0060-v210-adaptive-g1000-sb0002	p01-s03-c0060	sb0002	p01-neutral-feedback/s03-parameter-map-wave2-v210-adaptive-g1000/p01-s03-c0060/sb0002	pause.json	0	100	101	100	100	0	6d92dc1fdf0b7eefcfe95a162219ba25c5eed3409e5fcb9e4a6b271bc63576d2
p01-s03-c0060-v210-adaptive-g1000-sb0003	p01-s03-c0060	sb0003	p01-neutral-feedback/s03-parameter-map-wave2-v210-adaptive-g1000/p01-s03-c0060/sb0003	pause.json	0	100	101	100	100	0	94019baded919d0ee8e807ba3f47a3ea149a9970151c64a6687e8506c0e4bb1f
p01-s03-c0060-v210-adaptive-g1000-sb0004	p01-s03-c0060	sb0004	p01-neutral-feedback/s03-parameter-map-wave2-v210-adaptive-g1000/p01-s03-c0060/sb0004	pause.json	0	100	101	100	100	0	cca81b5b1a924c613b32564c41d3ed5942f45d32860af240643d55c3b9d551ba
p01-s03-c0060-v210-adaptive-g1000-sb0005	p01-s03-c0060	sb0005	p01-neutral-feedback/s03-parameter-map-wave2-v210-adaptive-g1000/p01-s03-c0060/sb0005	pause.json	0	100	101	100	100	0	af5008a9b6f766418452aa6ef24f2a223812af69b857b930d6d0f2d2bbe4768d
p01-s03-c0060-v210-adaptive-g1000-sb0006	p01-s03-c0060	sb0006	p01-neutral-feedback/s03-parameter-map-wave2-v210-adaptive-g1000/p01-s03-c0060/sb0006	pause.json	0	100	101	100	100	0	fab964ce19b9c79114211be1ab5f7896ec072a47ba4f502a220a4c7d57f37121
p01-s03-c0060-v210-adaptive-g1000-sb0007	p01-s03-c0060	sb0007	p01-neutral-feedback/s03-parameter-map-wave2-v210-adaptive-g1000/p01-s03-c0060/sb0007	pause.json	0	100	101	100	100	0	5abeaa20687d1f16060e6f5028c433b7b371acb29a2351ba8b118b77501e6a70
p01-s03-c0060-v210-adaptive-g1000-sb0008	p01-s03-c0060	sb0008	p01-neutral-feedback/s03-parameter-map-wave2-v210-adaptive-g1000/p01-s03-c0060/sb0008	pause.json	0	100	101	100	100	0	41fa9ceead0e0c9913690c43b74762a72215b009e3b986d8d0e7b658a2340f6a
p01-s03-c0060-v210-adaptive-g1000-sb0009	p01-s03-c0060	sb0009	p01-neutral-feedback/s03-parameter-map-wave2-v210-adaptive-g1000/p01-s03-c0060/sb0009	pause.json	0	100	101	100	100	0	7cef49955fc9a212d9ce80804e49ee21ccfd0433e0d7b0dcf24f4dec2d57d498
p01-s03-c0060-v210-adaptive-g1000-sb0010	p01-s03-c0060	sb0010	p01-neutral-feedback/s03-parameter-map-wave2-v210-adaptive-g1000/p01-s03-c0060/sb0010	pause.json	0	100	101	100	100	0	c107646abccba350879f9a42fa8a72c3f589b6a0b74ac7d6d8cb1ed7d462d6db
p01-s03-c0060-v210-adaptive-g1000-sb0011	p01-s03-c0060	sb0011	p01-neutral-feedback/s03-parameter-map-wave2-v210-adaptive-g1000/p01-s03-c0060/sb0011	pause.json	0	100	101	100	100	0	d9651e5f7dbb59b6878333d833295ad58ada4de5032b6b18fb96e3f64f627536
p01-s03-c0060-v210-adaptive-g1000-sb0012	p01-s03-c0060	sb0012	p01-neutral-feedback/s03-parameter-map-wave2-v210-adaptive-g1000/p01-s03-c0060/sb0012	pause.json	0	100	101	100	100	0	6ce735b4c59c051e76a1560b1e440a5421650783d31e9471cb7eaadb14e1d15b
p01-s02-c0024-v210-m010-g250-sb0001	p01-s02-c0024	sb0001	p01-neutral-feedback/s02-equilibrium-precision-v210-m010-g250/p01-s02-c0024/sb0001	completion.json	0	100	101	100	100	0	300b872f7326a2a8bfe8d590d5f269f0ac6c0aff24e97b9f322f2369c4838718
p01-s02-c0024-v210-m010-g250-sb0002	p01-s02-c0024	sb0002	p01-neutral-feedback/s02-equilibrium-precision-v210-m010-g250/p01-s02-c0024/sb0002	completion.json	0	100	101	100	100	0	0397d9e9ee834cf36411a9ba9f75d401dc08e07d291d530256c45343cab051f0
p01-s02-c0024-v210-m010-g250-sb0003	p01-s02-c0024	sb0003	p01-neutral-feedback/s02-equilibrium-precision-v210-m010-g250/p01-s02-c0024/sb0003	completion.json	0	100	101	100	100	0	9e47c52a90dd3ebec311b495deceae972415a15a76ddec42be866f31e9cd25be
p01-s02-c0024-v210-m010-g250-sb0004	p01-s02-c0024	sb0004	p01-neutral-feedback/s02-equilibrium-precision-v210-m010-g250/p01-s02-c0024/sb0004	completion.json	0	100	101	100	100	0	a5b595b6232505255243bda5095a021d78359db5277f9e977a4e9c27bb5d9780
p01-s02-c0024-v210-m010-g250-sb0005	p01-s02-c0024	sb0005	p01-neutral-feedback/s02-equilibrium-precision-v210-m010-g250/p01-s02-c0024/sb0005	completion.json	0	100	101	100	100	0	638cbd16d736f0e93ee4b4e9f56c74145163b17c622ed2ac30fe3d8581616be7
p01-s02-c0024-v210-m010-g250-sb0006	p01-s02-c0024	sb0006	p01-neutral-feedback/s02-equilibrium-precision-v210-m010-g250/p01-s02-c0024/sb0006	completion.json	0	100	101	100	100	0	9de3b296abc9d220190d21e4b3b551982b974c8322511466ff12b06273a60845
p01-s02-c0024-v210-m010-g250-sb0007	p01-s02-c0024	sb0007	p01-neutral-feedback/s02-equilibrium-precision-v210-m010-g250/p01-s02-c0024/sb0007	completion.json	0	100	101	100	100	0	aa02a6bb1984b774356dc1a88c269ea5842a884f313d3a2f1b127a9c11b693ca
p01-s02-c0024-v210-m010-g250-sb0008	p01-s02-c0024	sb0008	p01-neutral-feedback/s02-equilibrium-precision-v210-m010-g250/p01-s02-c0024/sb0008	completion.json	0	100	101	100	100	0	dc0742d1ddb67bd8143fcf251c2eae231235ecda1c1de634d5c7123691f1f11d
p01-s02-c0024-v210-m010-g250-sb0009	p01-s02-c0024	sb0009	p01-neutral-feedback/s02-equilibrium-precision-v210-m010-g250/p01-s02-c0024/sb0009	completion.json	0	100	101	100	100	0	7d079eea491967b0aff01b068d8752a7981318ddf7a504e5eca28b567f86b2c6
p01-s02-c0024-v210-m010-g250-sb0010	p01-s02-c0024	sb0010	p01-neutral-feedback/s02-equilibrium-precision-v210-m010-g250/p01-s02-c0024/sb0010	completion.json	0	100	101	100	100	0	deccc4000d7f7e44b9e67b82b99ba414d12105ed4d35240e034ecc4a4a84d88c
p01-s02-c0024-v210-m010-g250-sb0011	p01-s02-c0024	sb0011	p01-neutral-feedback/s02-equilibrium-precision-v210-m010-g250/p01-s02-c0024/sb0011	completion.json	0	100	101	100	100	0	97f7dee22f509436bbe35fa872c2709b06043568c8f226cac15285567f8e6957
p01-s02-c0024-v210-m010-g250-sb0012	p01-s02-c0024	sb0012	p01-neutral-feedback/s02-equilibrium-precision-v210-m010-g250/p01-s02-c0024/sb0012	completion.json	0	100	101	100	100	0	6b5474840bc522740bdbc493659bd8331bfd3178151a2a2f4de98abcdbb92833
p01-s03-c0062-v210-adaptive-g1000-sb0001	p01-s03-c0062	sb0001	p01-neutral-feedback/s03-parameter-map-wave2-v210-adaptive-g1000/p01-s03-c0062/sb0001	pause.json	0	100	101	100	100	0	a88cb61ef0d883e62df0ca2f371742bb1c097ce51b4bba4c0b9b0e90de60ee82
p01-s03-c0062-v210-adaptive-g1000-sb0002	p01-s03-c0062	sb0002	p01-neutral-feedback/s03-parameter-map-wave2-v210-adaptive-g1000/p01-s03-c0062/sb0002	pause.json	0	100	101	100	100	0	1100b1b912c5f6921a8443ef18960981db0f322b32ab683fcdd052c8664fe7c5
p01-s03-c0062-v210-adaptive-g1000-sb0003	p01-s03-c0062	sb0003	p01-neutral-feedback/s03-parameter-map-wave2-v210-adaptive-g1000/p01-s03-c0062/sb0003	pause.json	0	100	101	100	100	0	6c98eb689f9910c5ff6ca55b0d78541c5363f6dba7629cf6f13ca73251413ca6
p01-s03-c0062-v210-adaptive-g1000-sb0004	p01-s03-c0062	sb0004	p01-neutral-feedback/s03-parameter-map-wave2-v210-adaptive-g1000/p01-s03-c0062/sb0004	pause.json	0	100	101	100	100	0	cd273321919c9fe0ab499d576c9bf74f29ea172a557a6d69568d57b525bc321f
p01-s03-c0062-v210-adaptive-g1000-sb0005	p01-s03-c0062	sb0005	p01-neutral-feedback/s03-parameter-map-wave2-v210-adaptive-g1000/p01-s03-c0062/sb0005	pause.json	0	100	101	100	100	0	e97d28c6dff79ff53ecd5b4bbbe0dfaecf21630a7d6cab7c815728127202bb8e
p01-s03-c0062-v210-adaptive-g1000-sb0006	p01-s03-c0062	sb0006	p01-neutral-feedback/s03-parameter-map-wave2-v210-adaptive-g1000/p01-s03-c0062/sb0006	pause.json	0	100	101	100	100	0	c5a57870fc7e66c35281bc99e3ad89c60ffaa9323848144c1d488bab1dec07b4
p01-s03-c0062-v210-adaptive-g1000-sb0007	p01-s03-c0062	sb0007	p01-neutral-feedback/s03-parameter-map-wave2-v210-adaptive-g1000/p01-s03-c0062/sb0007	pause.json	0	100	101	100	100	0	7274a2c486e7241d42e17e2983cf40fcdf7d1e15de56097358ff800b775850d4
p01-s03-c0062-v210-adaptive-g1000-sb0008	p01-s03-c0062	sb0008	p01-neutral-feedback/s03-parameter-map-wave2-v210-adaptive-g1000/p01-s03-c0062/sb0008	pause.json	0	100	101	100	100	0	968aa79ea7a12a1d4edc3b16d1a0684fee1ebfe81e861e89f056f6fa7c982483
p01-s03-c0062-v210-adaptive-g1000-sb0009	p01-s03-c0062	sb0009	p01-neutral-feedback/s03-parameter-map-wave2-v210-adaptive-g1000/p01-s03-c0062/sb0009	pause.json	0	100	101	100	100	0	4a5ac529b3250c283381966da92fa837d0a844623ce622ea4d84d46ca9bbdbbc
p01-s03-c0062-v210-adaptive-g1000-sb0010	p01-s03-c0062	sb0010	p01-neutral-feedback/s03-parameter-map-wave2-v210-adaptive-g1000/p01-s03-c0062/sb0010	pause.json	0	100	101	100	100	0	d4e54d7863b121c5e4593c0f132f43249cfc93dd06a070a7fa5cbd0b25b0abc7
p01-s03-c0062-v210-adaptive-g1000-sb0011	p01-s03-c0062	sb0011	p01-neutral-feedback/s03-parameter-map-wave2-v210-adaptive-g1000/p01-s03-c0062/sb0011	pause.json	0	100	101	100	100	0	74425b7a944015029e3f3cfbacbe1cd03ade763724566540638c98030c970eae
p01-s03-c0062-v210-adaptive-g1000-sb0012	p01-s03-c0062	sb0012	p01-neutral-feedback/s03-parameter-map-wave2-v210-adaptive-g1000/p01-s03-c0062/sb0012	pause.json	0	100	101	100	100	0	04c33a1091963d1cc27899d825b98e4941141daa4bbe9969343c7b37ff84b07c
p01-s03-c0063-v210-adaptive-g1000-sb0001	p01-s03-c0063	sb0001	p01-neutral-feedback/s03-parameter-map-wave2-v210-adaptive-g1000/p01-s03-c0063/sb0001	pause.json	0	100	101	100	100	0	9fc2322c44383ab90458dd84f1ad40d713738afe5c522d40062da7b572b90888
p01-s03-c0063-v210-adaptive-g1000-sb0002	p01-s03-c0063	sb0002	p01-neutral-feedback/s03-parameter-map-wave2-v210-adaptive-g1000/p01-s03-c0063/sb0002	pause.json	0	100	101	100	100	0	b5e5a71741a9478ae65efaac971a6f01da2bb39272fbd0265988df329c574ccc
p01-s03-c0063-v210-adaptive-g1000-sb0003	p01-s03-c0063	sb0003	p01-neutral-feedback/s03-parameter-map-wave2-v210-adaptive-g1000/p01-s03-c0063/sb0003	pause.json	0	100	101	100	100	0	7aed9e0673d0da505a9313f900ad4c6ddf3c9699657f71005644bfe2ed4eaa8f
p01-s03-c0063-v210-adaptive-g1000-sb0004	p01-s03-c0063	sb0004	p01-neutral-feedback/s03-parameter-map-wave2-v210-adaptive-g1000/p01-s03-c0063/sb0004	pause.json	0	100	101	100	100	0	b323cac46d96b65cdf11412189dcd04dd1e596b72463d7d6d25daba88a99e080
p01-s03-c0063-v210-adaptive-g1000-sb0005	p01-s03-c0063	sb0005	p01-neutral-feedback/s03-parameter-map-wave2-v210-adaptive-g1000/p01-s03-c0063/sb0005	pause.json	0	100	101	100	100	0	fce5859368e05db735c10591738c08d7e32bfa513bdd553780e40d0ca049e2f9
p01-s03-c0063-v210-adaptive-g1000-sb0006	p01-s03-c0063	sb0006	p01-neutral-feedback/s03-parameter-map-wave2-v210-adaptive-g1000/p01-s03-c0063/sb0006	pause.json	0	100	101	100	100	0	033d9c5e2cc134fab811cd907c287944a5b6b1ffcac3a85a2e1b4a852a943d41
p01-s03-c0063-v210-adaptive-g1000-sb0007	p01-s03-c0063	sb0007	p01-neutral-feedback/s03-parameter-map-wave2-v210-adaptive-g1000/p01-s03-c0063/sb0007	pause.json	0	100	101	100	100	0	f96a73d295e826a9b83a181e3f4252506e68ccbc031a76b0358f220ec8dc5ed5
p01-s03-c0063-v210-adaptive-g1000-sb0008	p01-s03-c0063	sb0008	p01-neutral-feedback/s03-parameter-map-wave2-v210-adaptive-g1000/p01-s03-c0063/sb0008	pause.json	0	100	101	100	100	0	f9585f433987637d2003b17345c38783bf1c52ee416c71988f3d4c35be1ce62e
p01-s03-c0063-v210-adaptive-g1000-sb0009	p01-s03-c0063	sb0009	p01-neutral-feedback/s03-parameter-map-wave2-v210-adaptive-g1000/p01-s03-c0063/sb0009	pause.json	0	100	101	100	100	0	41b87aa76f468c83a1e160e137d23345920bbd7fd71d477d98ee035a53164703
p01-s03-c0063-v210-adaptive-g1000-sb0010	p01-s03-c0063	sb0010	p01-neutral-feedback/s03-parameter-map-wave2-v210-adaptive-g1000/p01-s03-c0063/sb0010	pause.json	0	100	101	100	100	0	98ac14ccb2f6bb57b35bae2f36e56a02cc1208f6c88687b441350266a887b903
p01-s03-c0063-v210-adaptive-g1000-sb0011	p01-s03-c0063	sb0011	p01-neutral-feedback/s03-parameter-map-wave2-v210-adaptive-g1000/p01-s03-c0063/sb0011	pause.json	0	100	101	100	100	0	16610264d1ceada177e45711eb76873a67dec298e09979c9069d8a907b40ea0f
p01-s03-c0063-v210-adaptive-g1000-sb0012	p01-s03-c0063	sb0012	p01-neutral-feedback/s03-parameter-map-wave2-v210-adaptive-g1000/p01-s03-c0063/sb0012	pause.json	0	100	101	100	100	0	ca7fc220052cec5a131074880d76e3aee3f12671d9cc9b626361e061342dd437
p01-s03-c0064-v210-adaptive-g1000-sb0001	p01-s03-c0064	sb0001	p01-neutral-feedback/s03-parameter-map-wave2-v210-adaptive-g1000/p01-s03-c0064/sb0001	pause.json	0	100	101	100	100	0	cdc6d4d84dcf0f3d86cc248374cfd64dd3ea2a22eadd7249f3c9305df992cf88
p01-s03-c0064-v210-adaptive-g1000-sb0002	p01-s03-c0064	sb0002	p01-neutral-feedback/s03-parameter-map-wave2-v210-adaptive-g1000/p01-s03-c0064/sb0002	pause.json	0	100	101	100	100	0	65b9eb55b9222b3782bff552b183985736d6bdeee178073f64ef4d1cbe0065d6
p01-s03-c0064-v210-adaptive-g1000-sb0003	p01-s03-c0064	sb0003	p01-neutral-feedback/s03-parameter-map-wave2-v210-adaptive-g1000/p01-s03-c0064/sb0003	pause.json	0	100	101	100	100	0	0243d0605581b9e0fcc0d0676101f36a817fb6301daba2217310c3440c9cc0d5
p01-s03-c0064-v210-adaptive-g1000-sb0004	p01-s03-c0064	sb0004	p01-neutral-feedback/s03-parameter-map-wave2-v210-adaptive-g1000/p01-s03-c0064/sb0004	pause.json	0	100	101	100	100	0	035a2b9fa3d126bc6a509f46fe1a7196c48f42194bcf56dd63386c808bf673f7
p01-s03-c0064-v210-adaptive-g1000-sb0005	p01-s03-c0064	sb0005	p01-neutral-feedback/s03-parameter-map-wave2-v210-adaptive-g1000/p01-s03-c0064/sb0005	pause.json	0	100	101	100	100	0	99a5e4a7ffed4ba8dbef9cb268272d65b49d4b17e259fbc3f6249825878674d7
p01-s03-c0064-v210-adaptive-g1000-sb0006	p01-s03-c0064	sb0006	p01-neutral-feedback/s03-parameter-map-wave2-v210-adaptive-g1000/p01-s03-c0064/sb0006	pause.json	0	100	101	100	100	0	303b963394fd0663830b29730fbff0dbfa632a4a937216b510b383dd4e602ff7
p01-s03-c0064-v210-adaptive-g1000-sb0007	p01-s03-c0064	sb0007	p01-neutral-feedback/s03-parameter-map-wave2-v210-adaptive-g1000/p01-s03-c0064/sb0007	pause.json	0	100	101	100	100	0	c0e5163161438405b616c88faa08eeea6c2645a8c733eb057a15d72019443f34
p01-s03-c0064-v210-adaptive-g1000-sb0008	p01-s03-c0064	sb0008	p01-neutral-feedback/s03-parameter-map-wave2-v210-adaptive-g1000/p01-s03-c0064/sb0008	pause.json	0	100	101	100	100	0	f69e1c318b9edd56da1f7e7b6721011cd17c436b30eaaf4a406af0c82bb151c3
p01-s03-c0064-v210-adaptive-g1000-sb0009	p01-s03-c0064	sb0009	p01-neutral-feedback/s03-parameter-map-wave2-v210-adaptive-g1000/p01-s03-c0064/sb0009	pause.json	0	100	101	100	100	0	905fe058e81aeba4ed0ab6a81e6e930d8e14f9c66bf8cc0c01854b9d79e67807
p01-s03-c0064-v210-adaptive-g1000-sb0010	p01-s03-c0064	sb0010	p01-neutral-feedback/s03-parameter-map-wave2-v210-adaptive-g1000/p01-s03-c0064/sb0010	pause.json	0	100	101	100	100	0	8cc41e1c21f8f761169ed2511dcbe3e84ecf96f387d0f9e4390baf487f5701b9
p01-s03-c0064-v210-adaptive-g1000-sb0011	p01-s03-c0064	sb0011	p01-neutral-feedback/s03-parameter-map-wave2-v210-adaptive-g1000/p01-s03-c0064/sb0011	pause.json	0	100	101	100	100	0	f4f3af3a8ff29a1eba68487318c88befcde7a2bee7429b9374f4c5a6868fe633
p01-s03-c0064-v210-adaptive-g1000-sb0012	p01-s03-c0064	sb0012	p01-neutral-feedback/s03-parameter-map-wave2-v210-adaptive-g1000/p01-s03-c0064/sb0012	pause.json	0	100	101	100	100	0	ea7ef1f10a75a0ae068c5338dbe56daf38c001a345c3978a9becff015cba7ad7
p01-s03-c0065-v210-adaptive-g1000-sb0001	p01-s03-c0065	sb0001	p01-neutral-feedback/s03-parameter-map-wave2-v210-adaptive-g1000/p01-s03-c0065/sb0001	pause.json	0	100	101	100	100	0	9410bf72876531faf825388186a227db3a852277d8843094dfdbea7faf4a342f
p01-s03-c0065-v210-adaptive-g1000-sb0002	p01-s03-c0065	sb0002	p01-neutral-feedback/s03-parameter-map-wave2-v210-adaptive-g1000/p01-s03-c0065/sb0002	pause.json	0	100	101	100	100	0	fdb69c66748b7162c07c7cc67bfda276d0c70558bed2ba622e6e145ac39ec8a2
p01-s03-c0065-v210-adaptive-g1000-sb0003	p01-s03-c0065	sb0003	p01-neutral-feedback/s03-parameter-map-wave2-v210-adaptive-g1000/p01-s03-c0065/sb0003	pause.json	0	100	101	100	100	0	37b013141e48f47f157240dc7213eac34e66df3d0310c738eccf6fbecedce3ba
p01-s03-c0065-v210-adaptive-g1000-sb0004	p01-s03-c0065	sb0004	p01-neutral-feedback/s03-parameter-map-wave2-v210-adaptive-g1000/p01-s03-c0065/sb0004	pause.json	0	100	101	100	100	0	7eeb2983646a123ec0648c94e86fa59c459251f2ca71633211a2f69e991627a7
p01-s03-c0065-v210-adaptive-g1000-sb0005	p01-s03-c0065	sb0005	p01-neutral-feedback/s03-parameter-map-wave2-v210-adaptive-g1000/p01-s03-c0065/sb0005	pause.json	0	100	101	100	100	0	d42250da8d5c0c6919ec5d092c956285ad707877205b6966042bc737f5ecd101
p01-s03-c0065-v210-adaptive-g1000-sb0006	p01-s03-c0065	sb0006	p01-neutral-feedback/s03-parameter-map-wave2-v210-adaptive-g1000/p01-s03-c0065/sb0006	pause.json	0	100	101	100	100	0	1f1606fe64825426fb8228e08a3f4e96ba25ac653aebccb8e49df81e92426f13
p01-s03-c0065-v210-adaptive-g1000-sb0007	p01-s03-c0065	sb0007	p01-neutral-feedback/s03-parameter-map-wave2-v210-adaptive-g1000/p01-s03-c0065/sb0007	pause.json	0	100	101	100	100	0	dcc3730d56c7bd855fb6508cd3d3d06242177bc6b5c0de3858a9995972d3b5c8
p01-s03-c0065-v210-adaptive-g1000-sb0008	p01-s03-c0065	sb0008	p01-neutral-feedback/s03-parameter-map-wave2-v210-adaptive-g1000/p01-s03-c0065/sb0008	pause.json	0	100	101	100	100	0	c79bf2e919148d3eed4345b498ebf35897d1111773de08b69a2c5a9dbd3de505
p01-s03-c0065-v210-adaptive-g1000-sb0009	p01-s03-c0065	sb0009	p01-neutral-feedback/s03-parameter-map-wave2-v210-adaptive-g1000/p01-s03-c0065/sb0009	pause.json	0	100	101	100	100	0	714f30e57b6fa9a6849ecaf714814f1cbf989988a9fd8dda25959bdef87492db
p01-s03-c0065-v210-adaptive-g1000-sb0010	p01-s03-c0065	sb0010	p01-neutral-feedback/s03-parameter-map-wave2-v210-adaptive-g1000/p01-s03-c0065/sb0010	pause.json	0	100	101	100	100	0	3ac32178bf533de3c148bd6408cc1b0f82133734e9bcbff6884f4c2928a78896
p01-s03-c0065-v210-adaptive-g1000-sb0011	p01-s03-c0065	sb0011	p01-neutral-feedback/s03-parameter-map-wave2-v210-adaptive-g1000/p01-s03-c0065/sb0011	pause.json	0	100	101	100	100	0	8042ceb5bdecab861e40d561bed37709ccd530bf1d91f2661f6e48dbcc650b2c
p01-s03-c0065-v210-adaptive-g1000-sb0012	p01-s03-c0065	sb0012	p01-neutral-feedback/s03-parameter-map-wave2-v210-adaptive-g1000/p01-s03-c0065/sb0012	pause.json	0	100	101	100	100	0	2e64f2933724a331b9b078dc384f3dc44fca2c2f3e2585144beb2aa43e1aa799
p01-s03-c0067-v210-adaptive-g1000-sb0001	p01-s03-c0067	sb0001	p01-neutral-feedback/s03-parameter-map-wave2-v210-adaptive-g1000/p01-s03-c0067/sb0001	pause.json	0	100	101	100	100	0	7a1ad16efd19f82182e13b0aff5866f0ffbdcbf28b23e59a2e415a1993589ba0
p01-s03-c0067-v210-adaptive-g1000-sb0002	p01-s03-c0067	sb0002	p01-neutral-feedback/s03-parameter-map-wave2-v210-adaptive-g1000/p01-s03-c0067/sb0002	pause.json	0	100	101	100	100	0	ab4390d2a0ce1e955c2f328093a6c4e5d16686bac050275eec90287778782eb4
p01-s03-c0067-v210-adaptive-g1000-sb0003	p01-s03-c0067	sb0003	p01-neutral-feedback/s03-parameter-map-wave2-v210-adaptive-g1000/p01-s03-c0067/sb0003	pause.json	0	100	101	100	100	0	a2130613a5a43566bc0afcbe9102b5688a6a49c4c2fe18c242995e18c5ae704a
p01-s03-c0067-v210-adaptive-g1000-sb0004	p01-s03-c0067	sb0004	p01-neutral-feedback/s03-parameter-map-wave2-v210-adaptive-g1000/p01-s03-c0067/sb0004	pause.json	0	100	101	100	100	0	ff479451e15e5009f67784bc31a8a3ce6414814cee7a31cbaf1bd6e2ae8caf04
p01-s03-c0067-v210-adaptive-g1000-sb0005	p01-s03-c0067	sb0005	p01-neutral-feedback/s03-parameter-map-wave2-v210-adaptive-g1000/p01-s03-c0067/sb0005	pause.json	0	100	101	100	100	0	cac17d9180d74597f3e27d34d582fe2da51e24298accc1799ab0b65b6139d399
p01-s03-c0067-v210-adaptive-g1000-sb0006	p01-s03-c0067	sb0006	p01-neutral-feedback/s03-parameter-map-wave2-v210-adaptive-g1000/p01-s03-c0067/sb0006	pause.json	0	100	101	100	100	0	c05aa4169fb950c8948986304a9ff9ec5c11824f3f546ebf00cd372b1135eaaa
p01-s03-c0067-v210-adaptive-g1000-sb0007	p01-s03-c0067	sb0007	p01-neutral-feedback/s03-parameter-map-wave2-v210-adaptive-g1000/p01-s03-c0067/sb0007	pause.json	0	100	101	100	100	0	890f1da4aa7641c64114300227e379cc89c92ac752f2940d729ce38eef5b5cd4
p01-s03-c0067-v210-adaptive-g1000-sb0008	p01-s03-c0067	sb0008	p01-neutral-feedback/s03-parameter-map-wave2-v210-adaptive-g1000/p01-s03-c0067/sb0008	pause.json	0	100	101	100	100	0	154363606c6bd5c15823573075bc79518fdb7028525909e4c15c91b694d707cb
p01-s03-c0067-v210-adaptive-g1000-sb0009	p01-s03-c0067	sb0009	p01-neutral-feedback/s03-parameter-map-wave2-v210-adaptive-g1000/p01-s03-c0067/sb0009	pause.json	0	100	101	100	100	0	7435ddbdd5078a3551012795f224b21faa33d96e86716ca7053e8ede16332cd2
p01-s03-c0067-v210-adaptive-g1000-sb0010	p01-s03-c0067	sb0010	p01-neutral-feedback/s03-parameter-map-wave2-v210-adaptive-g1000/p01-s03-c0067/sb0010	pause.json	0	100	101	100	100	0	7170c326ad27f53613e50b21a96bbcfcb5eb1313d0ebe4ff50cc92c5cbbf53d5
p01-s03-c0067-v210-adaptive-g1000-sb0011	p01-s03-c0067	sb0011	p01-neutral-feedback/s03-parameter-map-wave2-v210-adaptive-g1000/p01-s03-c0067/sb0011	pause.json	0	100	101	100	100	0	285920bc01d733560fcb70cdedc950e1578760292393e255bdd2dbda59a60c92
p01-s03-c0067-v210-adaptive-g1000-sb0012	p01-s03-c0067	sb0012	p01-neutral-feedback/s03-parameter-map-wave2-v210-adaptive-g1000/p01-s03-c0067/sb0012	pause.json	0	100	101	100	100	0	a61cbf4c23e27ae3928715256ee4a9ede455bfc9764a93b3d4542e916ced0af5
p01-s03-c0068-v210-adaptive-g1000-sb0001	p01-s03-c0068	sb0001	p01-neutral-feedback/s03-parameter-map-wave2-v210-adaptive-g1000/p01-s03-c0068/sb0001	pause.json	0	100	101	100	100	0	e1a2a2b2245816d0cc6307800f898d97db6a1bdc965718276e3418e100ca428a
p01-s03-c0068-v210-adaptive-g1000-sb0002	p01-s03-c0068	sb0002	p01-neutral-feedback/s03-parameter-map-wave2-v210-adaptive-g1000/p01-s03-c0068/sb0002	pause.json	0	100	101	100	100	0	5f5a7fbd8af767c1edaf2e8c9e001561d2859e8f2e13ec975a4a9748513a8062
p01-s03-c0068-v210-adaptive-g1000-sb0003	p01-s03-c0068	sb0003	p01-neutral-feedback/s03-parameter-map-wave2-v210-adaptive-g1000/p01-s03-c0068/sb0003	pause.json	0	100	101	100	100	0	04257dd3fa8fed64589ae392de5d01f49391ac32fdf74961bdb4743f094b995c
p01-s03-c0068-v210-adaptive-g1000-sb0004	p01-s03-c0068	sb0004	p01-neutral-feedback/s03-parameter-map-wave2-v210-adaptive-g1000/p01-s03-c0068/sb0004	pause.json	0	100	101	100	100	0	96a520f609ada10a217b8b256e1a9480f400a95bd4112a0a2ed6a3f6acd289da
p01-s03-c0068-v210-adaptive-g1000-sb0005	p01-s03-c0068	sb0005	p01-neutral-feedback/s03-parameter-map-wave2-v210-adaptive-g1000/p01-s03-c0068/sb0005	pause.json	0	100	101	100	100	0	f91baadbac6470a9eaae5a9395825a5c6d2d20a32e72eb419e07ab273f4de994
p01-s03-c0068-v210-adaptive-g1000-sb0006	p01-s03-c0068	sb0006	p01-neutral-feedback/s03-parameter-map-wave2-v210-adaptive-g1000/p01-s03-c0068/sb0006	pause.json	0	100	101	100	100	0	d111e3f2bba7b1b7af43fb88e62d6106cc794067cda1d961040884e976bac40c
p01-s03-c0068-v210-adaptive-g1000-sb0007	p01-s03-c0068	sb0007	p01-neutral-feedback/s03-parameter-map-wave2-v210-adaptive-g1000/p01-s03-c0068/sb0007	pause.json	0	100	101	100	100	0	a83d432b295b4f7e42e934f2adcd4e81cdd2aba06bfa69e916a5291196cf21c3
p01-s03-c0068-v210-adaptive-g1000-sb0008	p01-s03-c0068	sb0008	p01-neutral-feedback/s03-parameter-map-wave2-v210-adaptive-g1000/p01-s03-c0068/sb0008	pause.json	0	100	101	100	100	0	09b5632da42c72bf3b88ac18337798dbd263b5a8808836b170b65036304ba662
p01-s03-c0068-v210-adaptive-g1000-sb0009	p01-s03-c0068	sb0009	p01-neutral-feedback/s03-parameter-map-wave2-v210-adaptive-g1000/p01-s03-c0068/sb0009	pause.json	0	100	101	100	100	0	6c3c32fcbb215a1c26c76d88f3df7cb12bcaaff27943c7315e5721445af78ed9
p01-s03-c0068-v210-adaptive-g1000-sb0010	p01-s03-c0068	sb0010	p01-neutral-feedback/s03-parameter-map-wave2-v210-adaptive-g1000/p01-s03-c0068/sb0010	pause.json	0	100	101	100	100	0	468880f305bc7bacd691c6aff8a3e1bd118b939d688f99b45dcfefae51c5a48e
p01-s03-c0068-v210-adaptive-g1000-sb0011	p01-s03-c0068	sb0011	p01-neutral-feedback/s03-parameter-map-wave2-v210-adaptive-g1000/p01-s03-c0068/sb0011	pause.json	0	100	101	100	100	0	0ed88fbc861975219441ee81a133b3974e5bfb65d52eaf15e1472e92b9725b02
p01-s03-c0068-v210-adaptive-g1000-sb0012	p01-s03-c0068	sb0012	p01-neutral-feedback/s03-parameter-map-wave2-v210-adaptive-g1000/p01-s03-c0068/sb0012	pause.json	0	100	101	100	100	0	c373a0857e2565550b7e76b8b1d0889754812da587cdeded0bcc9dc71d100f0e
p01-s03-c0069-v210-adaptive-g1000-sb0001	p01-s03-c0069	sb0001	p01-neutral-feedback/s03-parameter-map-wave2-v210-adaptive-g1000/p01-s03-c0069/sb0001	pause.json	0	100	101	100	100	0	89b1f8f95927ca14a7f0841427cf557f45788cc33fdae4a11afe39c468d6c86a
p01-s03-c0069-v210-adaptive-g1000-sb0002	p01-s03-c0069	sb0002	p01-neutral-feedback/s03-parameter-map-wave2-v210-adaptive-g1000/p01-s03-c0069/sb0002	pause.json	0	100	101	100	100	0	41a8cc579f5a78402f2c70b347fb4846c948089cba83cbeacde8b6642790a1fd
p01-s03-c0069-v210-adaptive-g1000-sb0003	p01-s03-c0069	sb0003	p01-neutral-feedback/s03-parameter-map-wave2-v210-adaptive-g1000/p01-s03-c0069/sb0003	pause.json	0	100	101	100	100	0	0ae4f5cb49bf49a92ab43a2c9c6ac1ac9e76591a0fefc27dd3d451cf57ac0a57
p01-s03-c0069-v210-adaptive-g1000-sb0004	p01-s03-c0069	sb0004	p01-neutral-feedback/s03-parameter-map-wave2-v210-adaptive-g1000/p01-s03-c0069/sb0004	pause.json	0	100	101	100	100	0	ae3b368abe91d884e313a47b262e70b5bafb604858f4ead2f9550bdf2b395016
p01-s03-c0069-v210-adaptive-g1000-sb0005	p01-s03-c0069	sb0005	p01-neutral-feedback/s03-parameter-map-wave2-v210-adaptive-g1000/p01-s03-c0069/sb0005	pause.json	0	100	101	100	100	0	7128cab84bb9fa66de8d0b160a52f2dba24ba3efe493c7a33b4e8d141e137640
p01-s03-c0069-v210-adaptive-g1000-sb0006	p01-s03-c0069	sb0006	p01-neutral-feedback/s03-parameter-map-wave2-v210-adaptive-g1000/p01-s03-c0069/sb0006	pause.json	0	100	101	100	100	0	a24c7ab6c786614c1765d3ca2abe77b33e8e5d0c878328a368ae331fda35380b
p01-s03-c0069-v210-adaptive-g1000-sb0007	p01-s03-c0069	sb0007	p01-neutral-feedback/s03-parameter-map-wave2-v210-adaptive-g1000/p01-s03-c0069/sb0007	pause.json	0	100	101	100	100	0	b9ec619623f1cdeac0f0a705fb8b2ea780752263506ae8e0570dbaee7baa864a
p01-s03-c0069-v210-adaptive-g1000-sb0008	p01-s03-c0069	sb0008	p01-neutral-feedback/s03-parameter-map-wave2-v210-adaptive-g1000/p01-s03-c0069/sb0008	pause.json	0	100	101	100	100	0	f276a5c1ee8d0d3075d7d41aeab5501dae24636f9eccef4c74afc221167c125c
p01-s03-c0069-v210-adaptive-g1000-sb0009	p01-s03-c0069	sb0009	p01-neutral-feedback/s03-parameter-map-wave2-v210-adaptive-g1000/p01-s03-c0069/sb0009	pause.json	0	100	101	100	100	0	400eee320951d22f64a890afc201b96f5392e2207cc5412bfb4dd2635d540c92
p01-s03-c0069-v210-adaptive-g1000-sb0010	p01-s03-c0069	sb0010	p01-neutral-feedback/s03-parameter-map-wave2-v210-adaptive-g1000/p01-s03-c0069/sb0010	pause.json	0	100	101	100	100	0	18c89d1a944ccba62eb0fcb502e92f838f7ed30f1e61ea592c603bae6c407412
p01-s03-c0069-v210-adaptive-g1000-sb0011	p01-s03-c0069	sb0011	p01-neutral-feedback/s03-parameter-map-wave2-v210-adaptive-g1000/p01-s03-c0069/sb0011	pause.json	0	100	101	100	100	0	a2c6be2f9d910c96653d159ddb2956a28dede4cec509b18b50e3952655798cae
p01-s03-c0069-v210-adaptive-g1000-sb0012	p01-s03-c0069	sb0012	p01-neutral-feedback/s03-parameter-map-wave2-v210-adaptive-g1000/p01-s03-c0069/sb0012	pause.json	0	100	101	100	100	0	963ab75224d2767b011b69a4b6f1ffe3602594c066f4d57f4560bb5c1f85887e
p01-s03-c0070-v210-adaptive-g1000-sb0001	p01-s03-c0070	sb0001	p01-neutral-feedback/s03-parameter-map-wave2-v210-adaptive-g1000/p01-s03-c0070/sb0001	pause.json	0	100	101	100	100	0	09446dceb85427f762fbd0b628bf18de94026317140b631b640dd74a2365c2b8
p01-s03-c0070-v210-adaptive-g1000-sb0002	p01-s03-c0070	sb0002	p01-neutral-feedback/s03-parameter-map-wave2-v210-adaptive-g1000/p01-s03-c0070/sb0002	pause.json	0	100	101	100	100	0	7e2ee9fc8449d99197c4c29e02be685bfdc949ec7ae08adfdb799f1943184b95
p01-s03-c0070-v210-adaptive-g1000-sb0003	p01-s03-c0070	sb0003	p01-neutral-feedback/s03-parameter-map-wave2-v210-adaptive-g1000/p01-s03-c0070/sb0003	pause.json	0	100	101	100	100	0	c667fbcbb2eeb247476159d364962d812dc5315e1823a77b8bc042a911d30c28
p01-s03-c0070-v210-adaptive-g1000-sb0004	p01-s03-c0070	sb0004	p01-neutral-feedback/s03-parameter-map-wave2-v210-adaptive-g1000/p01-s03-c0070/sb0004	pause.json	0	100	101	100	100	0	5263c72fc4da854da6a893de551ecc87450077ee3fa5f9aa15a9c51002d02dc7
p01-s03-c0070-v210-adaptive-g1000-sb0005	p01-s03-c0070	sb0005	p01-neutral-feedback/s03-parameter-map-wave2-v210-adaptive-g1000/p01-s03-c0070/sb0005	pause.json	0	100	101	100	100	0	29f9710ce315392866be145d2d07ef83f247afc1f029b0aa3f472c3ac1605d55
p01-s03-c0070-v210-adaptive-g1000-sb0006	p01-s03-c0070	sb0006	p01-neutral-feedback/s03-parameter-map-wave2-v210-adaptive-g1000/p01-s03-c0070/sb0006	pause.json	0	100	101	100	100	0	56217c74b81dfd1f72968dd958b5c9ef30e0d9a046cf1af9cdea61926e11a87d
p01-s03-c0070-v210-adaptive-g1000-sb0007	p01-s03-c0070	sb0007	p01-neutral-feedback/s03-parameter-map-wave2-v210-adaptive-g1000/p01-s03-c0070/sb0007	pause.json	0	100	101	100	100	0	a64a81125599a5d945d4e2b6337921f1b8ab2e63d37154c915fd9891a6a80070
p01-s03-c0070-v210-adaptive-g1000-sb0008	p01-s03-c0070	sb0008	p01-neutral-feedback/s03-parameter-map-wave2-v210-adaptive-g1000/p01-s03-c0070/sb0008	pause.json	0	100	101	100	100	0	da2757872bd337fd4b00e7ab37abeb46a86e6d4ef0daa1997efb6de8f6e17e86
p01-s03-c0070-v210-adaptive-g1000-sb0009	p01-s03-c0070	sb0009	p01-neutral-feedback/s03-parameter-map-wave2-v210-adaptive-g1000/p01-s03-c0070/sb0009	pause.json	0	100	101	100	100	0	719a0485f100d2e38a9b033770e068def119d8b6f7f8877c465433db609cdd7f
p01-s03-c0070-v210-adaptive-g1000-sb0010	p01-s03-c0070	sb0010	p01-neutral-feedback/s03-parameter-map-wave2-v210-adaptive-g1000/p01-s03-c0070/sb0010	pause.json	0	100	101	100	100	0	dcf554df543f24cb0516398e769f66caddbe2288fb2e2338adb2b4356895aaf4
p01-s03-c0070-v210-adaptive-g1000-sb0011	p01-s03-c0070	sb0011	p01-neutral-feedback/s03-parameter-map-wave2-v210-adaptive-g1000/p01-s03-c0070/sb0011	pause.json	0	100	101	100	100	0	bae3ba1e12c5a50c4ba4264a918bf945f4476e594909ade301af89566743438f
p01-s03-c0070-v210-adaptive-g1000-sb0012	p01-s03-c0070	sb0012	p01-neutral-feedback/s03-parameter-map-wave2-v210-adaptive-g1000/p01-s03-c0070/sb0012	pause.json	0	100	101	100	100	0	1ab887ee97059e0dc26296c86e7f6878dd9b4f75009ca178df9aabd66a12a080
p01-s03-c0071-v210-adaptive-g1000-sb0001	p01-s03-c0071	sb0001	p01-neutral-feedback/s03-parameter-map-wave2-v210-adaptive-g1000/p01-s03-c0071/sb0001	pause.json	0	100	101	100	100	0	b758efb56d5ce2522e8db8aa2e7e7d051c94c04f1cbd875ee347af3ecc2d925d
p01-s03-c0071-v210-adaptive-g1000-sb0002	p01-s03-c0071	sb0002	p01-neutral-feedback/s03-parameter-map-wave2-v210-adaptive-g1000/p01-s03-c0071/sb0002	pause.json	0	100	101	100	100	0	493c37167bd5932d497a3f9985f9631fd9997cfd85dc88ef5677a255b8cf7d9c
p01-s03-c0071-v210-adaptive-g1000-sb0003	p01-s03-c0071	sb0003	p01-neutral-feedback/s03-parameter-map-wave2-v210-adaptive-g1000/p01-s03-c0071/sb0003	pause.json	0	100	101	100	100	0	dc82dbaae3dc5a038cef0c8c11325036009a2b7e627d29674742e7bc3d2927e1
p01-s03-c0071-v210-adaptive-g1000-sb0004	p01-s03-c0071	sb0004	p01-neutral-feedback/s03-parameter-map-wave2-v210-adaptive-g1000/p01-s03-c0071/sb0004	pause.json	0	100	101	100	100	0	fe2416cd18c1b2e09a2b94d5048380414d5238fcec7219ba0429eaa772c04849
p01-s03-c0071-v210-adaptive-g1000-sb0005	p01-s03-c0071	sb0005	p01-neutral-feedback/s03-parameter-map-wave2-v210-adaptive-g1000/p01-s03-c0071/sb0005	pause.json	0	100	101	100	100	0	a9a205db65763efc88551d286a0a9b15cc5673359fb73e76717f621f59c8ca88
p01-s03-c0071-v210-adaptive-g1000-sb0006	p01-s03-c0071	sb0006	p01-neutral-feedback/s03-parameter-map-wave2-v210-adaptive-g1000/p01-s03-c0071/sb0006	pause.json	0	100	101	100	100	0	2d6f1f58e585052660c860ae11b11ebc73a5865113aa11a7110599f07b850fb6
p01-s03-c0071-v210-adaptive-g1000-sb0007	p01-s03-c0071	sb0007	p01-neutral-feedback/s03-parameter-map-wave2-v210-adaptive-g1000/p01-s03-c0071/sb0007	pause.json	0	100	101	100	100	0	e1c10ececb526cd5b54c130201bd189dc3537e20a33fca3d054d8e74665de84d
p01-s03-c0071-v210-adaptive-g1000-sb0008	p01-s03-c0071	sb0008	p01-neutral-feedback/s03-parameter-map-wave2-v210-adaptive-g1000/p01-s03-c0071/sb0008	pause.json	0	100	101	100	100	0	529916fa9330f99223727a0eb9c84fbbc1a6b8f9e752674d860687d6f03c5035
p01-s03-c0071-v210-adaptive-g1000-sb0009	p01-s03-c0071	sb0009	p01-neutral-feedback/s03-parameter-map-wave2-v210-adaptive-g1000/p01-s03-c0071/sb0009	pause.json	0	100	101	100	100	0	14f6fc90ee28b1771d2f51978b9c643929cfa226098dbd43e935a8f4eba3d38d
p01-s03-c0071-v210-adaptive-g1000-sb0010	p01-s03-c0071	sb0010	p01-neutral-feedback/s03-parameter-map-wave2-v210-adaptive-g1000/p01-s03-c0071/sb0010	pause.json	0	100	101	100	100	0	261a83656d7b4925ff4e90448bf013b3c87b355cd85effe8c0b98a43012d6f4a
p01-s03-c0071-v210-adaptive-g1000-sb0011	p01-s03-c0071	sb0011	p01-neutral-feedback/s03-parameter-map-wave2-v210-adaptive-g1000/p01-s03-c0071/sb0011	pause.json	0	100	101	100	100	0	787f5cb57b94e280979ef2c9329d22f655ba55c36c0ac58c7ffc563e3becea6b
p01-s03-c0071-v210-adaptive-g1000-sb0012	p01-s03-c0071	sb0012	p01-neutral-feedback/s03-parameter-map-wave2-v210-adaptive-g1000/p01-s03-c0071/sb0012	pause.json	0	100	101	100	100	0	da928b7fc7396ea70083f7b118b472a2f790be8a71634fa7f91ebaf6c4ee6da7
p01-s03-c0072-v210-adaptive-g1000-sb0001	p01-s03-c0072	sb0001	p01-neutral-feedback/s03-parameter-map-wave2-v210-adaptive-g1000/p01-s03-c0072/sb0001	pause.json	0	100	101	100	100	0	2e9c28f1a16fae73520d44b317a04e19fd5e79bd6438411eb381679c2e0ebc8d
p01-s03-c0072-v210-adaptive-g1000-sb0002	p01-s03-c0072	sb0002	p01-neutral-feedback/s03-parameter-map-wave2-v210-adaptive-g1000/p01-s03-c0072/sb0002	pause.json	0	100	101	100	100	0	0eb9ac47f0c0bdb1f9b5abe06975d258cfcd1e277fbd8220496aeeee5b36d3c3
p01-s03-c0072-v210-adaptive-g1000-sb0003	p01-s03-c0072	sb0003	p01-neutral-feedback/s03-parameter-map-wave2-v210-adaptive-g1000/p01-s03-c0072/sb0003	pause.json	0	100	101	100	100	0	c87691127323f64e509555e5b24ff2d9034589bef2c0b28b78989d7715714122
p01-s03-c0072-v210-adaptive-g1000-sb0004	p01-s03-c0072	sb0004	p01-neutral-feedback/s03-parameter-map-wave2-v210-adaptive-g1000/p01-s03-c0072/sb0004	pause.json	0	100	101	100	100	0	ca2725f35d38e9bfa686a514273df5fcd357eb60817156bf30f7200b342025f7
p01-s03-c0072-v210-adaptive-g1000-sb0005	p01-s03-c0072	sb0005	p01-neutral-feedback/s03-parameter-map-wave2-v210-adaptive-g1000/p01-s03-c0072/sb0005	pause.json	0	100	101	100	100	0	9a00fba60551eb16d910c2bd5f5e762c07368e398bacbdf39ebbc84e43f76b39
p01-s03-c0072-v210-adaptive-g1000-sb0006	p01-s03-c0072	sb0006	p01-neutral-feedback/s03-parameter-map-wave2-v210-adaptive-g1000/p01-s03-c0072/sb0006	pause.json	0	100	101	100	100	0	de18cc548c587c06b92a41aa3536f22438a3b11b843b19422eaa9b08b8c781ae
p01-s03-c0072-v210-adaptive-g1000-sb0007	p01-s03-c0072	sb0007	p01-neutral-feedback/s03-parameter-map-wave2-v210-adaptive-g1000/p01-s03-c0072/sb0007	pause.json	0	100	101	100	100	0	47bdd017b97ac3eacef2f566cbfe399f30b61c1f3735cbc9c2f5f7d205eb0932
p01-s03-c0072-v210-adaptive-g1000-sb0008	p01-s03-c0072	sb0008	p01-neutral-feedback/s03-parameter-map-wave2-v210-adaptive-g1000/p01-s03-c0072/sb0008	pause.json	0	100	101	100	100	0	238a1f1128190d72f10bf54b22058b16c140ea8c3090677c6290e4b10abb538f
p01-s03-c0072-v210-adaptive-g1000-sb0009	p01-s03-c0072	sb0009	p01-neutral-feedback/s03-parameter-map-wave2-v210-adaptive-g1000/p01-s03-c0072/sb0009	pause.json	0	100	101	100	100	0	33012aa77c59dbbf3debdb95c857d616fb17fc4802eb91fb1e6bc5176f59e6ff
p01-s03-c0072-v210-adaptive-g1000-sb0010	p01-s03-c0072	sb0010	p01-neutral-feedback/s03-parameter-map-wave2-v210-adaptive-g1000/p01-s03-c0072/sb0010	pause.json	0	100	101	100	100	0	d7e31b303d1e75bbca212b496922e56d0a487dec39178378591234b62465b6dd
p01-s03-c0072-v210-adaptive-g1000-sb0011	p01-s03-c0072	sb0011	p01-neutral-feedback/s03-parameter-map-wave2-v210-adaptive-g1000/p01-s03-c0072/sb0011	pause.json	0	100	101	100	100	0	b11e3de59b02439846f468d06a97b516828acdb1a8f7472613b0dcaf9ae0ea8c
p01-s03-c0072-v210-adaptive-g1000-sb0012	p01-s03-c0072	sb0012	p01-neutral-feedback/s03-parameter-map-wave2-v210-adaptive-g1000/p01-s03-c0072/sb0012	pause.json	0	100	101	100	100	0	5c0996b7ccd91ff1be4159699ed4105c721c027521a1e71ed3193ef8b4f3c3f7
p01-s03-c0074-v210-adaptive-g1000-sb0001	p01-s03-c0074	sb0001	p01-neutral-feedback/s03-parameter-map-wave2-v210-adaptive-g1000/p01-s03-c0074/sb0001	pause.json	0	100	101	100	100	0	a097e6efb7a8f79f4cbac65a38f3128136b8335d8fa20f23ebf2d44a97554e5b
p01-s03-c0074-v210-adaptive-g1000-sb0002	p01-s03-c0074	sb0002	p01-neutral-feedback/s03-parameter-map-wave2-v210-adaptive-g1000/p01-s03-c0074/sb0002	pause.json	0	100	101	100	100	0	4dd763f4f024e7fc6c25f6b725e0482ff59b3790ba3c076ab6edb669bc196055
p01-s03-c0074-v210-adaptive-g1000-sb0003	p01-s03-c0074	sb0003	p01-neutral-feedback/s03-parameter-map-wave2-v210-adaptive-g1000/p01-s03-c0074/sb0003	pause.json	0	100	101	100	100	0	be194148a17b8fd8a5a6ad8620962f05e991214fa8a9bd57b576914c8606f532
p01-s03-c0074-v210-adaptive-g1000-sb0004	p01-s03-c0074	sb0004	p01-neutral-feedback/s03-parameter-map-wave2-v210-adaptive-g1000/p01-s03-c0074/sb0004	pause.json	0	100	101	100	100	0	0f974896fdce9e5d767d006773c023d9338eb97e3a7b86296b5917f03f9e6508
p01-s03-c0074-v210-adaptive-g1000-sb0005	p01-s03-c0074	sb0005	p01-neutral-feedback/s03-parameter-map-wave2-v210-adaptive-g1000/p01-s03-c0074/sb0005	pause.json	0	100	101	100	100	0	7ca16afe9d86b4c133c825a6e3d3c1f780b16ec0bb9827b1b56d6de371bf72d2
p01-s03-c0074-v210-adaptive-g1000-sb0006	p01-s03-c0074	sb0006	p01-neutral-feedback/s03-parameter-map-wave2-v210-adaptive-g1000/p01-s03-c0074/sb0006	pause.json	0	100	101	100	100	0	0e56b3cfa9eac1d0859e19a0fe6bf319f739c4977c17c6aac1e9e3f809163870
p01-s03-c0074-v210-adaptive-g1000-sb0007	p01-s03-c0074	sb0007	p01-neutral-feedback/s03-parameter-map-wave2-v210-adaptive-g1000/p01-s03-c0074/sb0007	pause.json	0	100	101	100	100	0	67f639b0cba4fd6f240362824672e6644356f5d18a63bd57d526fbd5342ac566
p01-s03-c0074-v210-adaptive-g1000-sb0008	p01-s03-c0074	sb0008	p01-neutral-feedback/s03-parameter-map-wave2-v210-adaptive-g1000/p01-s03-c0074/sb0008	pause.json	0	100	101	100	100	0	bd8d334a6d288744073c7de15d5bf1226d76aa080d9533bf09b17be04a99d2f7
p01-s03-c0074-v210-adaptive-g1000-sb0009	p01-s03-c0074	sb0009	p01-neutral-feedback/s03-parameter-map-wave2-v210-adaptive-g1000/p01-s03-c0074/sb0009	pause.json	0	100	101	100	100	0	ee021e40a96be518bca0d485937f27300b6d54c04d44a8c46ad2378a725d852f
p01-s03-c0074-v210-adaptive-g1000-sb0010	p01-s03-c0074	sb0010	p01-neutral-feedback/s03-parameter-map-wave2-v210-adaptive-g1000/p01-s03-c0074/sb0010	pause.json	0	100	101	100	100	0	f8185c3321b9c5f86536b1984ed98e64de36d67569c66874e5a9414e9444b6ac
p01-s03-c0074-v210-adaptive-g1000-sb0011	p01-s03-c0074	sb0011	p01-neutral-feedback/s03-parameter-map-wave2-v210-adaptive-g1000/p01-s03-c0074/sb0011	pause.json	0	100	101	100	100	0	011fbf21bd1dbfdf0c00340dbb299783f5ed7af1521bc35bc692c1e2e8871ff2
p01-s03-c0074-v210-adaptive-g1000-sb0012	p01-s03-c0074	sb0012	p01-neutral-feedback/s03-parameter-map-wave2-v210-adaptive-g1000/p01-s03-c0074/sb0012	pause.json	0	100	101	100	100	0	43ee8c38b3bcfd49748b846b3a3d77b7527ec46f6f31d81fd0041efa1a7bddcd
p01-s03-c0075-v210-adaptive-g1000-sb0001	p01-s03-c0075	sb0001	p01-neutral-feedback/s03-parameter-map-wave2-v210-adaptive-g1000/p01-s03-c0075/sb0001	pause.json	0	100	101	100	100	0	8e0b6dfd62edc27fd1a5a812b888d95a4e8f06d8e1a46cc2ebfdaf03bdc08d60
p01-s03-c0075-v210-adaptive-g1000-sb0002	p01-s03-c0075	sb0002	p01-neutral-feedback/s03-parameter-map-wave2-v210-adaptive-g1000/p01-s03-c0075/sb0002	pause.json	0	100	101	100	100	0	8a957f82ea748d9d73f47a56d8fecf1428f2f89e605f62cc8e370ebf88c40ed3
p01-s03-c0075-v210-adaptive-g1000-sb0003	p01-s03-c0075	sb0003	p01-neutral-feedback/s03-parameter-map-wave2-v210-adaptive-g1000/p01-s03-c0075/sb0003	pause.json	0	100	101	100	100	0	31f9e853902c0255b9acf4734cbcf203ae6aaf9fa9722c8a94e59fb56c3235b8
p01-s03-c0075-v210-adaptive-g1000-sb0004	p01-s03-c0075	sb0004	p01-neutral-feedback/s03-parameter-map-wave2-v210-adaptive-g1000/p01-s03-c0075/sb0004	pause.json	0	100	101	100	100	0	840fd18192f77a54d8153e7c1c1b731482ac5117f176ea7edeb172f99ead78e6
p01-s03-c0075-v210-adaptive-g1000-sb0005	p01-s03-c0075	sb0005	p01-neutral-feedback/s03-parameter-map-wave2-v210-adaptive-g1000/p01-s03-c0075/sb0005	pause.json	0	100	101	100	100	0	4620cded6818918623491d99f091668da71f3201901b0b347401cdcf4ad7b278
p01-s03-c0075-v210-adaptive-g1000-sb0006	p01-s03-c0075	sb0006	p01-neutral-feedback/s03-parameter-map-wave2-v210-adaptive-g1000/p01-s03-c0075/sb0006	pause.json	0	100	101	100	100	0	a19609717adf8f6eb34536ae2edb706d2633868771eca02c1c06a3d0618f3b77
p01-s03-c0075-v210-adaptive-g1000-sb0007	p01-s03-c0075	sb0007	p01-neutral-feedback/s03-parameter-map-wave2-v210-adaptive-g1000/p01-s03-c0075/sb0007	pause.json	0	100	101	100	100	0	3127b5b60a550e1b18d90adacbccf2cee8c4b29a6b5bc9944fb3f0545cd274cd
p01-s03-c0075-v210-adaptive-g1000-sb0008	p01-s03-c0075	sb0008	p01-neutral-feedback/s03-parameter-map-wave2-v210-adaptive-g1000/p01-s03-c0075/sb0008	pause.json	0	100	101	100	100	0	7c614fdb0f48a05397a187850268234aa2d9890c8edeccb05cf0f68b23bc86ab
p01-s03-c0075-v210-adaptive-g1000-sb0009	p01-s03-c0075	sb0009	p01-neutral-feedback/s03-parameter-map-wave2-v210-adaptive-g1000/p01-s03-c0075/sb0009	pause.json	0	100	101	100	100	0	17a8a02ae06f42db9cdc6b70f5ceaf94c54ddcd597d386d6e4ac15b28086a745
p01-s03-c0075-v210-adaptive-g1000-sb0010	p01-s03-c0075	sb0010	p01-neutral-feedback/s03-parameter-map-wave2-v210-adaptive-g1000/p01-s03-c0075/sb0010	pause.json	0	100	101	100	100	0	32ddcbdc219cdf51334136eb8ad614716f7119a1f8cb87135964253dfe6e9592
p01-s03-c0075-v210-adaptive-g1000-sb0011	p01-s03-c0075	sb0011	p01-neutral-feedback/s03-parameter-map-wave2-v210-adaptive-g1000/p01-s03-c0075/sb0011	pause.json	0	100	101	100	100	0	dfcdcc2b7c2b8841062a24115d87c35155511fc36a2a2e8cee4d1ee27ca6c2a3
p01-s03-c0075-v210-adaptive-g1000-sb0012	p01-s03-c0075	sb0012	p01-neutral-feedback/s03-parameter-map-wave2-v210-adaptive-g1000/p01-s03-c0075/sb0012	pause.json	0	100	101	100	100	0	36e0e8843815efb39b1ba0b5cde03fc662d612406d30acc695773c5a6a1666e7
p01-s03-c0076-v210-adaptive-g1000-sb0001	p01-s03-c0076	sb0001	p01-neutral-feedback/s03-parameter-map-wave2-v210-adaptive-g1000/p01-s03-c0076/sb0001	pause.json	0	100	101	100	100	0	6660f7abc379f50cab3b301eaadc654304c83d440d03f08ab52cc45766a0c0f0
p01-s03-c0076-v210-adaptive-g1000-sb0002	p01-s03-c0076	sb0002	p01-neutral-feedback/s03-parameter-map-wave2-v210-adaptive-g1000/p01-s03-c0076/sb0002	pause.json	0	100	101	100	100	0	9f53f49180d8d024b01290015eedd944ca4e4035adb8a98137dfdbfacb2e415f
p01-s03-c0076-v210-adaptive-g1000-sb0003	p01-s03-c0076	sb0003	p01-neutral-feedback/s03-parameter-map-wave2-v210-adaptive-g1000/p01-s03-c0076/sb0003	pause.json	0	100	101	100	100	0	b417f0765017759c197009e40a4285d63bff662bf315a299fb245f84e1bba673
p01-s03-c0076-v210-adaptive-g1000-sb0004	p01-s03-c0076	sb0004	p01-neutral-feedback/s03-parameter-map-wave2-v210-adaptive-g1000/p01-s03-c0076/sb0004	pause.json	0	100	101	100	100	0	4837f66cf7d67d63002734f59217e1b8f71040214628c05b5249feff1e815a13
p01-s03-c0076-v210-adaptive-g1000-sb0005	p01-s03-c0076	sb0005	p01-neutral-feedback/s03-parameter-map-wave2-v210-adaptive-g1000/p01-s03-c0076/sb0005	pause.json	0	100	101	100	100	0	77e273f4d9e35e2b28e6782c1d7ecc1cd03e819a9b9b818def4e38a291b8d28c
p01-s03-c0076-v210-adaptive-g1000-sb0006	p01-s03-c0076	sb0006	p01-neutral-feedback/s03-parameter-map-wave2-v210-adaptive-g1000/p01-s03-c0076/sb0006	pause.json	0	100	101	100	100	0	6f3c1d2f1c453daba4f63fd91ae9ab75f58d480dfb26237bf4250a527b13a368
p01-s03-c0076-v210-adaptive-g1000-sb0007	p01-s03-c0076	sb0007	p01-neutral-feedback/s03-parameter-map-wave2-v210-adaptive-g1000/p01-s03-c0076/sb0007	pause.json	0	100	101	100	100	0	770f2570aca0c54d0937c363dd78fe5b99b45fa974abdacf310772b8964963d9
p01-s03-c0076-v210-adaptive-g1000-sb0008	p01-s03-c0076	sb0008	p01-neutral-feedback/s03-parameter-map-wave2-v210-adaptive-g1000/p01-s03-c0076/sb0008	pause.json	0	100	101	100	100	0	d6bf5eaebca7e74cb070aa66d8fa2961cd5c65f9de8082cb2849b85f6783f301
p01-s03-c0076-v210-adaptive-g1000-sb0009	p01-s03-c0076	sb0009	p01-neutral-feedback/s03-parameter-map-wave2-v210-adaptive-g1000/p01-s03-c0076/sb0009	pause.json	0	100	101	100	100	0	d0d82f3c133a3d63368601e0fedf15cb976245156db5334a6dc9b5ef5a74226c
p01-s03-c0076-v210-adaptive-g1000-sb0010	p01-s03-c0076	sb0010	p01-neutral-feedback/s03-parameter-map-wave2-v210-adaptive-g1000/p01-s03-c0076/sb0010	pause.json	0	100	101	100	100	0	c8012c3b99b408dd2dff20351fc63f71ce8b93ecb80d8b9d1967443cd12c2128
p01-s03-c0076-v210-adaptive-g1000-sb0011	p01-s03-c0076	sb0011	p01-neutral-feedback/s03-parameter-map-wave2-v210-adaptive-g1000/p01-s03-c0076/sb0011	pause.json	0	100	101	100	100	0	89d66476710367cb4fcfb114f98bcd669c80c085eac689a22e39376e970aff41
p01-s03-c0076-v210-adaptive-g1000-sb0012	p01-s03-c0076	sb0012	p01-neutral-feedback/s03-parameter-map-wave2-v210-adaptive-g1000/p01-s03-c0076/sb0012	pause.json	0	100	101	100	100	0	f4ff0b18fb36c1ca64b2a21450ad4472e63b11e0c90fbaf367a15bf17b684006
p01-s03-c0077-v210-adaptive-g1000-sb0001	p01-s03-c0077	sb0001	p01-neutral-feedback/s03-parameter-map-wave2-v210-adaptive-g1000/p01-s03-c0077/sb0001	pause.json	0	100	101	100	100	0	ea3a2217664fb7ee7100e529b117a35cbab5de68b4bf3ea861018ad58b7b92b2
p01-s03-c0077-v210-adaptive-g1000-sb0002	p01-s03-c0077	sb0002	p01-neutral-feedback/s03-parameter-map-wave2-v210-adaptive-g1000/p01-s03-c0077/sb0002	pause.json	0	100	101	100	100	0	a541abb853a101ce170379e6eb2a94c64bb7de1a4926367576cd1ed0d3e1193f
p01-s03-c0077-v210-adaptive-g1000-sb0003	p01-s03-c0077	sb0003	p01-neutral-feedback/s03-parameter-map-wave2-v210-adaptive-g1000/p01-s03-c0077/sb0003	pause.json	0	100	101	100	100	0	d21421532814cb045584df7aca3b9e4816dafaa6602911eae57527cc3b8b9266
p01-s03-c0077-v210-adaptive-g1000-sb0004	p01-s03-c0077	sb0004	p01-neutral-feedback/s03-parameter-map-wave2-v210-adaptive-g1000/p01-s03-c0077/sb0004	pause.json	0	100	101	100	100	0	a5138309ca3ed47195092bfafdd53cdbbb5e1f911195ab757ee00cf2d81942d1
p01-s03-c0077-v210-adaptive-g1000-sb0005	p01-s03-c0077	sb0005	p01-neutral-feedback/s03-parameter-map-wave2-v210-adaptive-g1000/p01-s03-c0077/sb0005	pause.json	0	100	101	100	100	0	015a6a1960ef8994b3408b23de770c8358521ad89e0e161ba2b17c2aca92b9b3
p01-s03-c0077-v210-adaptive-g1000-sb0006	p01-s03-c0077	sb0006	p01-neutral-feedback/s03-parameter-map-wave2-v210-adaptive-g1000/p01-s03-c0077/sb0006	pause.json	0	100	101	100	100	0	2fabcf606ad5586603eb12e3747314d907df7d31de4a5c0a069c9bd896812607
p01-s03-c0077-v210-adaptive-g1000-sb0007	p01-s03-c0077	sb0007	p01-neutral-feedback/s03-parameter-map-wave2-v210-adaptive-g1000/p01-s03-c0077/sb0007	pause.json	0	100	101	100	100	0	9ee948b14e4cb95a82a606d608bca6b88351df179506fa3157bb76c4d07d8a82
p01-s03-c0077-v210-adaptive-g1000-sb0008	p01-s03-c0077	sb0008	p01-neutral-feedback/s03-parameter-map-wave2-v210-adaptive-g1000/p01-s03-c0077/sb0008	pause.json	0	100	101	100	100	0	3c468d4ecd1bcf6ba1dbb84d3b5b7c974d12e790947f31c6e99cad5c00aa2ae5
p01-s03-c0077-v210-adaptive-g1000-sb0009	p01-s03-c0077	sb0009	p01-neutral-feedback/s03-parameter-map-wave2-v210-adaptive-g1000/p01-s03-c0077/sb0009	pause.json	0	100	101	100	100	0	dbb0576c79cbfd6f5885caade691f374c090f491221584a39f5b458aaa12e701
p01-s03-c0077-v210-adaptive-g1000-sb0010	p01-s03-c0077	sb0010	p01-neutral-feedback/s03-parameter-map-wave2-v210-adaptive-g1000/p01-s03-c0077/sb0010	pause.json	0	100	101	100	100	0	e08c7fd855460f92370d4216b8512b8c4184459dc74529350db4532bca65a074
p01-s03-c0077-v210-adaptive-g1000-sb0011	p01-s03-c0077	sb0011	p01-neutral-feedback/s03-parameter-map-wave2-v210-adaptive-g1000/p01-s03-c0077/sb0011	pause.json	0	100	101	100	100	0	ca1c027a215299e884cbe2657119f1c2625a41cb02ed307181b976ee60184351
p01-s03-c0077-v210-adaptive-g1000-sb0012	p01-s03-c0077	sb0012	p01-neutral-feedback/s03-parameter-map-wave2-v210-adaptive-g1000/p01-s03-c0077/sb0012	pause.json	0	100	101	100	100	0	73093123dda5341c94097f2fc69def4cfa684759af198701f55cab911d02252d
p01-s03-c0078-v210-adaptive-g1000-sb0001	p01-s03-c0078	sb0001	p01-neutral-feedback/s03-parameter-map-wave2-v210-adaptive-g1000/p01-s03-c0078/sb0001	pause.json	0	100	101	100	100	0	085f079cfee7b0a3303bc942ebc68fec4b04fae2aed020e5fb927f58fc6fe731
p01-s03-c0078-v210-adaptive-g1000-sb0002	p01-s03-c0078	sb0002	p01-neutral-feedback/s03-parameter-map-wave2-v210-adaptive-g1000/p01-s03-c0078/sb0002	pause.json	0	100	101	100	100	0	3f60417e5d08bf97ddcbd03a94ec3a0578c8c54c93d00b1b0381ca36771b3ad2
p01-s03-c0078-v210-adaptive-g1000-sb0003	p01-s03-c0078	sb0003	p01-neutral-feedback/s03-parameter-map-wave2-v210-adaptive-g1000/p01-s03-c0078/sb0003	pause.json	0	100	101	100	100	0	1f9ea1ca92e7797eafa8ae623f43e94d392d92089152f1fa4407e6a181bde9fa
p01-s03-c0078-v210-adaptive-g1000-sb0004	p01-s03-c0078	sb0004	p01-neutral-feedback/s03-parameter-map-wave2-v210-adaptive-g1000/p01-s03-c0078/sb0004	pause.json	0	100	101	100	100	0	cfa28953e324297cc9761d380e2238c8398dc3dca140b9395600ced4eef4add5
p01-s03-c0078-v210-adaptive-g1000-sb0005	p01-s03-c0078	sb0005	p01-neutral-feedback/s03-parameter-map-wave2-v210-adaptive-g1000/p01-s03-c0078/sb0005	pause.json	0	100	101	100	100	0	32f758894501a9a1d4307b76b30e477dfcf012d6b22efc475c4e31bf8758f51e
p01-s03-c0078-v210-adaptive-g1000-sb0006	p01-s03-c0078	sb0006	p01-neutral-feedback/s03-parameter-map-wave2-v210-adaptive-g1000/p01-s03-c0078/sb0006	pause.json	0	100	101	100	100	0	3353e3bc4d7153474ff4c04f9fa8b639261c2412032165da30a126454c6a1a0f
p01-s03-c0078-v210-adaptive-g1000-sb0007	p01-s03-c0078	sb0007	p01-neutral-feedback/s03-parameter-map-wave2-v210-adaptive-g1000/p01-s03-c0078/sb0007	pause.json	0	100	101	100	100	0	07b5f9248d462efd6c2ebb7fdd9dc67b6074a22efd2879ca62769cdfa3250e25
p01-s03-c0078-v210-adaptive-g1000-sb0008	p01-s03-c0078	sb0008	p01-neutral-feedback/s03-parameter-map-wave2-v210-adaptive-g1000/p01-s03-c0078/sb0008	pause.json	0	100	101	100	100	0	83507c05ab448906d256064b70a44866dbf9fed61ed13656f5771a1d1115c6b5
p01-s03-c0078-v210-adaptive-g1000-sb0009	p01-s03-c0078	sb0009	p01-neutral-feedback/s03-parameter-map-wave2-v210-adaptive-g1000/p01-s03-c0078/sb0009	pause.json	0	100	101	100	100	0	3476cb7d87a5631ca37e1cd6292c16ec346e616c432c946cff9720b65e291f00
p01-s03-c0078-v210-adaptive-g1000-sb0010	p01-s03-c0078	sb0010	p01-neutral-feedback/s03-parameter-map-wave2-v210-adaptive-g1000/p01-s03-c0078/sb0010	pause.json	0	100	101	100	100	0	71e104ee4dedc4bd0ff65109acc1283b7280aa48d10d3932d5c68cb455a09732
p01-s03-c0078-v210-adaptive-g1000-sb0011	p01-s03-c0078	sb0011	p01-neutral-feedback/s03-parameter-map-wave2-v210-adaptive-g1000/p01-s03-c0078/sb0011	pause.json	0	100	101	100	100	0	4648581405ea9cd0b23b176e0b6e41a941120ef5a65b9eabdd57008352b21abe
p01-s03-c0078-v210-adaptive-g1000-sb0012	p01-s03-c0078	sb0012	p01-neutral-feedback/s03-parameter-map-wave2-v210-adaptive-g1000/p01-s03-c0078/sb0012	pause.json	0	100	101	100	100	0	2559a013122f55c53711cfbec19297898337e41bd332a98a2b54cc03fe65bbad
p01-s03-c0079-v210-adaptive-g1000-sb0001	p01-s03-c0079	sb0001	p01-neutral-feedback/s03-parameter-map-wave2-v210-adaptive-g1000/p01-s03-c0079/sb0001	pause.json	0	100	101	100	100	0	41da267ca6f2381255ab63fe20194c79748fe555ef407d97231bff391b511903
p01-s03-c0079-v210-adaptive-g1000-sb0002	p01-s03-c0079	sb0002	p01-neutral-feedback/s03-parameter-map-wave2-v210-adaptive-g1000/p01-s03-c0079/sb0002	pause.json	0	100	101	100	100	0	44377e07893b2c8b9014dd0f14c4a2f1b476e2f88838d9c94328be9f88078b8f
p01-s03-c0079-v210-adaptive-g1000-sb0003	p01-s03-c0079	sb0003	p01-neutral-feedback/s03-parameter-map-wave2-v210-adaptive-g1000/p01-s03-c0079/sb0003	pause.json	0	100	101	100	100	0	b7fa644a47ac50f8c7e5f264034376d4410cb383c048a74b00d57b81bea22a9c
p01-s03-c0079-v210-adaptive-g1000-sb0004	p01-s03-c0079	sb0004	p01-neutral-feedback/s03-parameter-map-wave2-v210-adaptive-g1000/p01-s03-c0079/sb0004	pause.json	0	100	101	100	100	0	308ace38beeadd40d83ef41c677b31c774bff66864754dd53c6de9f977f322e9
p01-s03-c0079-v210-adaptive-g1000-sb0005	p01-s03-c0079	sb0005	p01-neutral-feedback/s03-parameter-map-wave2-v210-adaptive-g1000/p01-s03-c0079/sb0005	pause.json	0	100	101	100	100	0	b62ab481f4ff60f6be4d79e382ab10ebea49659937ff72b920951d1c6f7a0c79
p01-s03-c0079-v210-adaptive-g1000-sb0006	p01-s03-c0079	sb0006	p01-neutral-feedback/s03-parameter-map-wave2-v210-adaptive-g1000/p01-s03-c0079/sb0006	pause.json	0	100	101	100	100	0	4b5c6b4396bcddadbf521e335a6cde4d65750c04177b180cdca581ccedf61620
p01-s03-c0079-v210-adaptive-g1000-sb0007	p01-s03-c0079	sb0007	p01-neutral-feedback/s03-parameter-map-wave2-v210-adaptive-g1000/p01-s03-c0079/sb0007	pause.json	0	100	101	100	100	0	89718e5bebf9650c8dec4e82e746ab4e2cffb0e2072170c6f8458199e35e71a2
p01-s03-c0079-v210-adaptive-g1000-sb0008	p01-s03-c0079	sb0008	p01-neutral-feedback/s03-parameter-map-wave2-v210-adaptive-g1000/p01-s03-c0079/sb0008	pause.json	0	100	101	100	100	0	e316493c1fc1b8823b8518122cca98a230664a0cc6ad75eaef36ba41db4c4e4f
p01-s03-c0079-v210-adaptive-g1000-sb0009	p01-s03-c0079	sb0009	p01-neutral-feedback/s03-parameter-map-wave2-v210-adaptive-g1000/p01-s03-c0079/sb0009	pause.json	0	100	101	100	100	0	09fe76507cf8013dd8d88a1ca783deb6d17d8ee142353df51fe53adf2fed76f6
p01-s03-c0079-v210-adaptive-g1000-sb0010	p01-s03-c0079	sb0010	p01-neutral-feedback/s03-parameter-map-wave2-v210-adaptive-g1000/p01-s03-c0079/sb0010	pause.json	0	100	101	100	100	0	b636a8406a6b64cff02ccf25eab171cb6465faa2112cdae4445cbcbf3b40576d
p01-s03-c0079-v210-adaptive-g1000-sb0011	p01-s03-c0079	sb0011	p01-neutral-feedback/s03-parameter-map-wave2-v210-adaptive-g1000/p01-s03-c0079/sb0011	pause.json	0	100	101	100	100	0	ce61a7f319cdc43f51cdc11b63731cb18addc75f30ffcf1bd82b3f9d2d4f7a7c
p01-s03-c0079-v210-adaptive-g1000-sb0012	p01-s03-c0079	sb0012	p01-neutral-feedback/s03-parameter-map-wave2-v210-adaptive-g1000/p01-s03-c0079/sb0012	pause.json	0	100	101	100	100	0	df2f537a6e41237e814acfe7f6da3b2d314a3e203696b42af613bca173887b89
p01-s03-c0081-v210-adaptive-g1000-sb0001	p01-s03-c0081	sb0001	p01-neutral-feedback/s03-parameter-map-wave2-v210-adaptive-g1000/p01-s03-c0081/sb0001	pause.json	0	100	101	100	100	0	49e21977f2e6a14ef6dae0a61972056a678b12c5935d7db3c7d9fed378c900ff
p01-s03-c0081-v210-adaptive-g1000-sb0002	p01-s03-c0081	sb0002	p01-neutral-feedback/s03-parameter-map-wave2-v210-adaptive-g1000/p01-s03-c0081/sb0002	pause.json	0	100	101	100	100	0	9a312151e7035a6c710bca73f71e9f88bfaa059caf563d1c45626d1cfafd6dee
p01-s03-c0081-v210-adaptive-g1000-sb0003	p01-s03-c0081	sb0003	p01-neutral-feedback/s03-parameter-map-wave2-v210-adaptive-g1000/p01-s03-c0081/sb0003	pause.json	0	100	101	100	100	0	b46bda1e25841d336db9deb3c706ac751d3ef655755eabae68e05610c0b7d132
p01-s03-c0081-v210-adaptive-g1000-sb0004	p01-s03-c0081	sb0004	p01-neutral-feedback/s03-parameter-map-wave2-v210-adaptive-g1000/p01-s03-c0081/sb0004	pause.json	0	100	101	100	100	0	7ff8b277ccc4b2fa742e728d19f8507d2a0a708d0ca070336b37890f1bba093d
p01-s03-c0081-v210-adaptive-g1000-sb0005	p01-s03-c0081	sb0005	p01-neutral-feedback/s03-parameter-map-wave2-v210-adaptive-g1000/p01-s03-c0081/sb0005	pause.json	0	100	101	100	100	0	8d89ee11b1a6c7a3d447caed6ddba8f437dcbdbfa9568881c6984615afd00d78
p01-s03-c0081-v210-adaptive-g1000-sb0006	p01-s03-c0081	sb0006	p01-neutral-feedback/s03-parameter-map-wave2-v210-adaptive-g1000/p01-s03-c0081/sb0006	pause.json	0	100	101	100	100	0	15bfe0a9c4f7b21db465927abb3d2fbec9f0bb5e3eef76739c231493e5697c8f
p01-s03-c0081-v210-adaptive-g1000-sb0007	p01-s03-c0081	sb0007	p01-neutral-feedback/s03-parameter-map-wave2-v210-adaptive-g1000/p01-s03-c0081/sb0007	pause.json	0	100	101	100	100	0	2dc7c697e510af6db96ede35dbd06e667d702a388069dd5eff51db43cb896d6b
p01-s03-c0081-v210-adaptive-g1000-sb0008	p01-s03-c0081	sb0008	p01-neutral-feedback/s03-parameter-map-wave2-v210-adaptive-g1000/p01-s03-c0081/sb0008	pause.json	0	100	101	100	100	0	4d0882151e5d19aaa96a7e41cac6e8299f3b5e671cf2ec88ed600271ded11f7b
p01-s03-c0081-v210-adaptive-g1000-sb0009	p01-s03-c0081	sb0009	p01-neutral-feedback/s03-parameter-map-wave2-v210-adaptive-g1000/p01-s03-c0081/sb0009	pause.json	0	100	101	100	100	0	ada716fc2446ba5d05464660fee519535ee2a5230bfe561de54ab161d5eaac63
p01-s03-c0081-v210-adaptive-g1000-sb0010	p01-s03-c0081	sb0010	p01-neutral-feedback/s03-parameter-map-wave2-v210-adaptive-g1000/p01-s03-c0081/sb0010	pause.json	0	100	101	100	100	0	40c5d5d9d27af4626c685e575c6103313c7bfd2b8f7b90f84f9854137b7dc679
p01-s03-c0081-v210-adaptive-g1000-sb0011	p01-s03-c0081	sb0011	p01-neutral-feedback/s03-parameter-map-wave2-v210-adaptive-g1000/p01-s03-c0081/sb0011	pause.json	0	100	101	100	100	0	f760bb234b865b42c006c67e18322e8164e909c02701b051b56a6a763bcd85ff
p01-s03-c0081-v210-adaptive-g1000-sb0012	p01-s03-c0081	sb0012	p01-neutral-feedback/s03-parameter-map-wave2-v210-adaptive-g1000/p01-s03-c0081/sb0012	pause.json	0	100	101	100	100	0	0cec3a5ad1f2f09beddf0d58ab0411704ed56b8cbd57ced49cd11fd6650465fd
p01-s03-c0082-v210-adaptive-g1000-sb0001	p01-s03-c0082	sb0001	p01-neutral-feedback/s03-parameter-map-wave2-v210-adaptive-g1000/p01-s03-c0082/sb0001	pause.json	0	100	101	100	100	0	4814213e20504eab740bce2489598bcd92579c0124307a16e75939e1f6dc6dc4
p01-s03-c0082-v210-adaptive-g1000-sb0002	p01-s03-c0082	sb0002	p01-neutral-feedback/s03-parameter-map-wave2-v210-adaptive-g1000/p01-s03-c0082/sb0002	pause.json	0	100	101	100	100	0	3e5c66585c429897113755cd64b612c68cd1e6bfebf3d77587cd342eba765cd0
p01-s03-c0082-v210-adaptive-g1000-sb0003	p01-s03-c0082	sb0003	p01-neutral-feedback/s03-parameter-map-wave2-v210-adaptive-g1000/p01-s03-c0082/sb0003	pause.json	0	100	101	100	100	0	0409665f5b089f01d91d01d8adb3f4ce6ee6212aa4819b7fe4c61785bf160cac
p01-s03-c0082-v210-adaptive-g1000-sb0004	p01-s03-c0082	sb0004	p01-neutral-feedback/s03-parameter-map-wave2-v210-adaptive-g1000/p01-s03-c0082/sb0004	pause.json	0	100	101	100	100	0	2b92aedded8a30c8f688fed6cb6ece3f0c6c88651245c34774bba1e914339ed6
p01-s03-c0082-v210-adaptive-g1000-sb0005	p01-s03-c0082	sb0005	p01-neutral-feedback/s03-parameter-map-wave2-v210-adaptive-g1000/p01-s03-c0082/sb0005	pause.json	0	100	101	100	100	0	5243088a7dc8862bf84b1f7ff7380b255ff2bbf011d8dda311f03b312795b8f2
p01-s03-c0082-v210-adaptive-g1000-sb0006	p01-s03-c0082	sb0006	p01-neutral-feedback/s03-parameter-map-wave2-v210-adaptive-g1000/p01-s03-c0082/sb0006	pause.json	0	100	101	100	100	0	933f4123300ee9adcd27d74473f5fa72839a6d10549e500b7e53ed82302a8eb4
p01-s03-c0082-v210-adaptive-g1000-sb0007	p01-s03-c0082	sb0007	p01-neutral-feedback/s03-parameter-map-wave2-v210-adaptive-g1000/p01-s03-c0082/sb0007	pause.json	0	100	101	100	100	0	b0adce323a691affd9cf85a64fa19989ac301acb6a34c23bb513b7e878ac8b43
p01-s03-c0082-v210-adaptive-g1000-sb0008	p01-s03-c0082	sb0008	p01-neutral-feedback/s03-parameter-map-wave2-v210-adaptive-g1000/p01-s03-c0082/sb0008	pause.json	0	100	101	100	100	0	e7d4a386fa311708c401be67c4099d3fba436299bb154a57120e8d6a4f691c79
p01-s03-c0082-v210-adaptive-g1000-sb0009	p01-s03-c0082	sb0009	p01-neutral-feedback/s03-parameter-map-wave2-v210-adaptive-g1000/p01-s03-c0082/sb0009	pause.json	0	100	101	100	100	0	1c82923cecffbe80860856ade54a969429f8eefd781ab8fe001140e49ded6f10
p01-s03-c0082-v210-adaptive-g1000-sb0010	p01-s03-c0082	sb0010	p01-neutral-feedback/s03-parameter-map-wave2-v210-adaptive-g1000/p01-s03-c0082/sb0010	pause.json	0	100	101	100	100	0	fa79f93d449253b0de6decb5be9a0b40914a9c97273b309d6a9e034191e4f707
p01-s03-c0082-v210-adaptive-g1000-sb0011	p01-s03-c0082	sb0011	p01-neutral-feedback/s03-parameter-map-wave2-v210-adaptive-g1000/p01-s03-c0082/sb0011	pause.json	0	100	101	100	100	0	8200450fd5ea7ba874e2234992e0de0b612d8a36dbe160e6c2513857cd802255
p01-s03-c0082-v210-adaptive-g1000-sb0012	p01-s03-c0082	sb0012	p01-neutral-feedback/s03-parameter-map-wave2-v210-adaptive-g1000/p01-s03-c0082/sb0012	pause.json	0	100	101	100	100	0	842d38ece8d6e84c5e239a7d04be58c537ac34b010e2ac9cccd608df11ac9629
p01-s03-c0083-v210-adaptive-g1000-sb0001	p01-s03-c0083	sb0001	p01-neutral-feedback/s03-parameter-map-wave2-v210-adaptive-g1000/p01-s03-c0083/sb0001	pause.json	0	100	101	100	100	0	02d9c89dde005495a5426f2be0afd81d35e74d73009a1f874b1775286528b3c4
p01-s03-c0083-v210-adaptive-g1000-sb0002	p01-s03-c0083	sb0002	p01-neutral-feedback/s03-parameter-map-wave2-v210-adaptive-g1000/p01-s03-c0083/sb0002	pause.json	0	100	101	100	100	0	79a49003dc2f86b07240e7f5e806298667a34920e1f90202dfdfac2a06916f98
p01-s03-c0083-v210-adaptive-g1000-sb0003	p01-s03-c0083	sb0003	p01-neutral-feedback/s03-parameter-map-wave2-v210-adaptive-g1000/p01-s03-c0083/sb0003	pause.json	0	100	101	100	100	0	7a50466d67adbc08cc2f5659561b125c6f83787a3cc5ff8bae2c99a742dfefa8
p01-s03-c0083-v210-adaptive-g1000-sb0004	p01-s03-c0083	sb0004	p01-neutral-feedback/s03-parameter-map-wave2-v210-adaptive-g1000/p01-s03-c0083/sb0004	pause.json	0	100	101	100	100	0	af95be312b8a3deda95be17e597f0d18c0223458c094641059db4d10c5edeabd
p01-s03-c0083-v210-adaptive-g1000-sb0005	p01-s03-c0083	sb0005	p01-neutral-feedback/s03-parameter-map-wave2-v210-adaptive-g1000/p01-s03-c0083/sb0005	pause.json	0	100	101	100	100	0	9ac7013ffa82eb81fb32a94facd6998294d756914979c91a0cb76a8a3d3edb8b
p01-s03-c0083-v210-adaptive-g1000-sb0006	p01-s03-c0083	sb0006	p01-neutral-feedback/s03-parameter-map-wave2-v210-adaptive-g1000/p01-s03-c0083/sb0006	pause.json	0	100	101	100	100	0	896b1f946ab4f4bb402de1b2ded349eb6f138e3dde2a365f6a4d52b2d1dab130
p01-s03-c0083-v210-adaptive-g1000-sb0007	p01-s03-c0083	sb0007	p01-neutral-feedback/s03-parameter-map-wave2-v210-adaptive-g1000/p01-s03-c0083/sb0007	pause.json	0	100	101	100	100	0	7a1a8c199c040dd6abf428776b851fdff7c724de4ad3a45cc49ddedfb0034e9e
p01-s03-c0083-v210-adaptive-g1000-sb0008	p01-s03-c0083	sb0008	p01-neutral-feedback/s03-parameter-map-wave2-v210-adaptive-g1000/p01-s03-c0083/sb0008	pause.json	0	100	101	100	100	0	63ed300d0c9f8317742d3b749d2c562c8f26b052b607b0b3bc3bde5da56a3f97
p01-s03-c0083-v210-adaptive-g1000-sb0009	p01-s03-c0083	sb0009	p01-neutral-feedback/s03-parameter-map-wave2-v210-adaptive-g1000/p01-s03-c0083/sb0009	pause.json	0	100	101	100	100	0	b06812e8a523b2fb86c6f7f201b521ae69d7580a8fe8c078dd7f09fb497b130a
p01-s03-c0083-v210-adaptive-g1000-sb0010	p01-s03-c0083	sb0010	p01-neutral-feedback/s03-parameter-map-wave2-v210-adaptive-g1000/p01-s03-c0083/sb0010	pause.json	0	100	101	100	100	0	b11e1c5d3448f3a862980f80cf24e276a1b8b8fafb92f4ddacb398bf86cd425d
p01-s03-c0083-v210-adaptive-g1000-sb0011	p01-s03-c0083	sb0011	p01-neutral-feedback/s03-parameter-map-wave2-v210-adaptive-g1000/p01-s03-c0083/sb0011	pause.json	0	100	101	100	100	0	9c75d89b0960a8d2bd7a4c401ce5879fc6b8f48a391638369e64cec0c84648d6
p01-s03-c0083-v210-adaptive-g1000-sb0012	p01-s03-c0083	sb0012	p01-neutral-feedback/s03-parameter-map-wave2-v210-adaptive-g1000/p01-s03-c0083/sb0012	pause.json	0	100	101	100	100	0	caa3d5c07ded46eb8d5e9e27c6d8f70491ea865436d64351a778c7be77e2b13d
p01-s03-c0084-v210-adaptive-g1000-sb0001	p01-s03-c0084	sb0001	p01-neutral-feedback/s03-parameter-map-wave2-v210-adaptive-g1000/p01-s03-c0084/sb0001	pause.json	0	100	101	24	24	0	7d944662bd06222f8fa4216884d1d516a747c93b36f0c7780d14e9431f3b0360
p01-s03-c0084-v210-adaptive-g1000-sb0002	p01-s03-c0084	sb0002	p01-neutral-feedback/s03-parameter-map-wave2-v210-adaptive-g1000/p01-s03-c0084/sb0002	pause.json	0	100	101	27	27	0	590034d0305294577a98ee020695c5e3453477dd330fba7f82c6c6d584353754
p01-s03-c0084-v210-adaptive-g1000-sb0003	p01-s03-c0084	sb0003	p01-neutral-feedback/s03-parameter-map-wave2-v210-adaptive-g1000/p01-s03-c0084/sb0003	pause.json	0	100	101	22	22	0	7a2ea561211be849d4fd22d194cdc2cf13efcf74da414f5d6fc6db667a01f453
p01-s03-c0084-v210-adaptive-g1000-sb0004	p01-s03-c0084	sb0004	p01-neutral-feedback/s03-parameter-map-wave2-v210-adaptive-g1000/p01-s03-c0084/sb0004	pause.json	0	100	101	21	21	0	7dc869e37b06da1374ad1bb3d8cae8030106a92b799bd57f151447bfd924be76
p01-s03-c0084-v210-adaptive-g1000-sb0005	p01-s03-c0084	sb0005	p01-neutral-feedback/s03-parameter-map-wave2-v210-adaptive-g1000/p01-s03-c0084/sb0005	pause.json	0	100	101	26	26	0	93fc578ba2fea1613191369bcef1fc406a0fb3aa7b9c166669a11ca64069b536
p01-s03-c0084-v210-adaptive-g1000-sb0006	p01-s03-c0084	sb0006	p01-neutral-feedback/s03-parameter-map-wave2-v210-adaptive-g1000/p01-s03-c0084/sb0006	pause.json	0	100	101	25	25	0	953b40cadb08cbfe62b71b8a55583b07d7977a7739ee39128f10d0d0c10673e0
p01-s03-c0084-v210-adaptive-g1000-sb0007	p01-s03-c0084	sb0007	p01-neutral-feedback/s03-parameter-map-wave2-v210-adaptive-g1000/p01-s03-c0084/sb0007	pause.json	0	100	101	21	21	0	45a0920d00d0d02aa6b2e0c05ea7b054913fa472cf26c6522fcc74e440b388d8
p01-s03-c0084-v210-adaptive-g1000-sb0008	p01-s03-c0084	sb0008	p01-neutral-feedback/s03-parameter-map-wave2-v210-adaptive-g1000/p01-s03-c0084/sb0008	pause.json	0	100	101	20	20	0	1a200bf1e9b067ad5bd35ac42a91a24a0990ac953a71cd837576c8fce449c9ec
p01-s03-c0084-v210-adaptive-g1000-sb0009	p01-s03-c0084	sb0009	p01-neutral-feedback/s03-parameter-map-wave2-v210-adaptive-g1000/p01-s03-c0084/sb0009	pause.json	0	100	101	26	26	0	949c42d2cdc93aabb7898969341a3429c826562a888e9cdd71a0a7f969262d78
p01-s03-c0084-v210-adaptive-g1000-sb0010	p01-s03-c0084	sb0010	p01-neutral-feedback/s03-parameter-map-wave2-v210-adaptive-g1000/p01-s03-c0084/sb0010	pause.json	0	100	101	21	21	0	93b84cceb044fdc1fafc6f676bb2381a9d7e3cfe9d18a6e6954c0dd3bdcbff54
p01-s03-c0084-v210-adaptive-g1000-sb0011	p01-s03-c0084	sb0011	p01-neutral-feedback/s03-parameter-map-wave2-v210-adaptive-g1000/p01-s03-c0084/sb0011	pause.json	0	100	101	24	24	0	9ab4ecb95d9de1ca4ae95d4dc4a1517263ab71d3f89dbb8fc08e104c2141ccba
p01-s03-c0084-v210-adaptive-g1000-sb0012	p01-s03-c0084	sb0012	p01-neutral-feedback/s03-parameter-map-wave2-v210-adaptive-g1000/p01-s03-c0084/sb0012	pause.json	0	100	101	22	22	0	4f01544245f8e4090a2113d496749e85a14947357f1cc100c22adb95741a3ea8
p01-s03-c0085-v210-adaptive-g1000-sb0001	p01-s03-c0085	sb0001	p01-neutral-feedback/s03-parameter-map-wave2-v210-adaptive-g1000/p01-s03-c0085/sb0001	pause.json	0	100	101	100	100	0	359806b2dc149cbc7212987283252ea0d968dfcfc33d21e983cac077bd299ba7
p01-s03-c0085-v210-adaptive-g1000-sb0002	p01-s03-c0085	sb0002	p01-neutral-feedback/s03-parameter-map-wave2-v210-adaptive-g1000/p01-s03-c0085/sb0002	pause.json	0	100	101	100	100	0	397c0070a6daacaf619d630ff23e6631e9f0f1ffaf08538841337a6f379f8b17
p01-s03-c0085-v210-adaptive-g1000-sb0003	p01-s03-c0085	sb0003	p01-neutral-feedback/s03-parameter-map-wave2-v210-adaptive-g1000/p01-s03-c0085/sb0003	pause.json	0	100	101	100	100	0	d7d5211e5ed04322a8841d0aa6b106ca691ea8c32c88d4363cad09b23b217ca7
p01-s03-c0085-v210-adaptive-g1000-sb0004	p01-s03-c0085	sb0004	p01-neutral-feedback/s03-parameter-map-wave2-v210-adaptive-g1000/p01-s03-c0085/sb0004	pause.json	0	100	101	100	100	0	87bfd0ced8ad88cf73d331cf9f633ad8042b6cc84c4bc5ff57a3b7bcce39ad16
p01-s03-c0085-v210-adaptive-g1000-sb0005	p01-s03-c0085	sb0005	p01-neutral-feedback/s03-parameter-map-wave2-v210-adaptive-g1000/p01-s03-c0085/sb0005	pause.json	0	100	101	100	100	0	9a9529286db7135a5dfe405a3afa1d5a17d0eab2cc1683d13f157dc97f76ebc7
p01-s03-c0085-v210-adaptive-g1000-sb0006	p01-s03-c0085	sb0006	p01-neutral-feedback/s03-parameter-map-wave2-v210-adaptive-g1000/p01-s03-c0085/sb0006	pause.json	0	100	101	100	100	0	7e8773e653facc53d169e660b4d8be1042e8ad53ccefa9a70fd31d657d635487
p01-s03-c0085-v210-adaptive-g1000-sb0007	p01-s03-c0085	sb0007	p01-neutral-feedback/s03-parameter-map-wave2-v210-adaptive-g1000/p01-s03-c0085/sb0007	pause.json	0	100	101	100	100	0	09d57270ec173895517728695e1797e3f068ea6fcaaf0ebd7c023fdc0bf90ea0
p01-s03-c0085-v210-adaptive-g1000-sb0008	p01-s03-c0085	sb0008	p01-neutral-feedback/s03-parameter-map-wave2-v210-adaptive-g1000/p01-s03-c0085/sb0008	pause.json	0	100	101	100	100	0	f974e53c3c0a9b422b6f6f5913234b52bac52cfbbe51621f5e97c56d1adbb68a
p01-s03-c0085-v210-adaptive-g1000-sb0009	p01-s03-c0085	sb0009	p01-neutral-feedback/s03-parameter-map-wave2-v210-adaptive-g1000/p01-s03-c0085/sb0009	pause.json	0	100	101	100	100	0	a85e03cf13b3f11483c3303917eb7f8c01bcfdc8584cecc7f0bc9ec4cfa293df
p01-s03-c0085-v210-adaptive-g1000-sb0010	p01-s03-c0085	sb0010	p01-neutral-feedback/s03-parameter-map-wave2-v210-adaptive-g1000/p01-s03-c0085/sb0010	pause.json	0	100	101	100	100	0	9d85792f058c280cc7d22ee19e1507b8a698adf5c240b7ee48b2ddfa38d4d1dd
p01-s03-c0085-v210-adaptive-g1000-sb0011	p01-s03-c0085	sb0011	p01-neutral-feedback/s03-parameter-map-wave2-v210-adaptive-g1000/p01-s03-c0085/sb0011	pause.json	0	100	101	100	100	0	beab9bd43e5ee5211dee0097cf10ac37ae8197f200c7123b94fc0c7938eb86c5
p01-s03-c0085-v210-adaptive-g1000-sb0012	p01-s03-c0085	sb0012	p01-neutral-feedback/s03-parameter-map-wave2-v210-adaptive-g1000/p01-s03-c0085/sb0012	pause.json	0	100	101	100	100	0	1c2b8c252689e1ee612766c553b341f7514dbbe223324f921b1887d7cc0245ac
p01-s03-c0086-v210-adaptive-g1000-sb0001	p01-s03-c0086	sb0001	p01-neutral-feedback/s03-parameter-map-wave2-v210-adaptive-g1000/p01-s03-c0086/sb0001	pause.json	0	100	101	100	100	0	0fbac754c52b3ab3107790ad8b38aa96e2565c798143415cd86de67d0d6c16b7
p01-s03-c0086-v210-adaptive-g1000-sb0002	p01-s03-c0086	sb0002	p01-neutral-feedback/s03-parameter-map-wave2-v210-adaptive-g1000/p01-s03-c0086/sb0002	pause.json	0	100	101	100	100	0	e4cfba3423b48029ebbeb0cd83a8c9c06f910f3bc3b5ff2f31bd46ba6668c114
p01-s03-c0086-v210-adaptive-g1000-sb0003	p01-s03-c0086	sb0003	p01-neutral-feedback/s03-parameter-map-wave2-v210-adaptive-g1000/p01-s03-c0086/sb0003	pause.json	0	100	101	100	100	0	9e9c21e121802e61525ec55be36de32ae193cd01fb9032fc5b9db2fd45176546
p01-s03-c0086-v210-adaptive-g1000-sb0004	p01-s03-c0086	sb0004	p01-neutral-feedback/s03-parameter-map-wave2-v210-adaptive-g1000/p01-s03-c0086/sb0004	pause.json	0	100	101	100	100	0	dfb25d28193adcd1c1fb36d8200c66bdfda5c46e3912d5513ffd870a01bf6d85
p01-s03-c0086-v210-adaptive-g1000-sb0005	p01-s03-c0086	sb0005	p01-neutral-feedback/s03-parameter-map-wave2-v210-adaptive-g1000/p01-s03-c0086/sb0005	pause.json	0	100	101	100	100	0	e570cc02e948ae26ea7afe4eae7a001599ae2648059922db6741f179650ce2b7
p01-s03-c0086-v210-adaptive-g1000-sb0006	p01-s03-c0086	sb0006	p01-neutral-feedback/s03-parameter-map-wave2-v210-adaptive-g1000/p01-s03-c0086/sb0006	pause.json	0	100	101	100	100	0	9c0759e9e7c5618ea5974041e929295fc6be00ef1ea0bee30cee3ba4ea4011d2
p01-s03-c0086-v210-adaptive-g1000-sb0007	p01-s03-c0086	sb0007	p01-neutral-feedback/s03-parameter-map-wave2-v210-adaptive-g1000/p01-s03-c0086/sb0007	pause.json	0	100	101	100	100	0	12262543f7deeeebbde65051177c0c4a6e3bd0133fd6b781afb07f47295e3408
p01-s03-c0086-v210-adaptive-g1000-sb0008	p01-s03-c0086	sb0008	p01-neutral-feedback/s03-parameter-map-wave2-v210-adaptive-g1000/p01-s03-c0086/sb0008	pause.json	0	100	101	100	100	0	e8e8308abe255ef3fbd463bffd5721490a0d6d565d980423c7012489839b5c6b
p01-s03-c0086-v210-adaptive-g1000-sb0009	p01-s03-c0086	sb0009	p01-neutral-feedback/s03-parameter-map-wave2-v210-adaptive-g1000/p01-s03-c0086/sb0009	pause.json	0	100	101	100	100	0	f47005eaa4c0a6966d18f9487b0bc04df9e43bcf0645410222e983a26c1a1f4f
p01-s03-c0086-v210-adaptive-g1000-sb0010	p01-s03-c0086	sb0010	p01-neutral-feedback/s03-parameter-map-wave2-v210-adaptive-g1000/p01-s03-c0086/sb0010	pause.json	0	100	101	100	100	0	147a82cc7c994a96544b466caa369da8847fa19dbe8981c120aa75e95e0b835c
p01-s03-c0086-v210-adaptive-g1000-sb0011	p01-s03-c0086	sb0011	p01-neutral-feedback/s03-parameter-map-wave2-v210-adaptive-g1000/p01-s03-c0086/sb0011	pause.json	0	100	101	100	100	0	0b11dae2dfaf960f375fe0aab921ac84880d29065fb33a9538e6bf6d820b6ac3
p01-s03-c0086-v210-adaptive-g1000-sb0012	p01-s03-c0086	sb0012	p01-neutral-feedback/s03-parameter-map-wave2-v210-adaptive-g1000/p01-s03-c0086/sb0012	pause.json	0	100	101	100	100	0	e74a1e8af7294639b9f230c34c461b7775b2a4198da492558aab8d64abb37e0c
p01-s03-c0088-v210-adaptive-g1000-sb0001	p01-s03-c0088	sb0001	p01-neutral-feedback/s03-parameter-map-wave2-v210-adaptive-g1000/p01-s03-c0088/sb0001	pause.json	0	100	101	100	100	0	9d11c0df4b916a2c2f7ec17e45bd19e231b04493edf68d90c23be00e65cc12f0
p01-s03-c0088-v210-adaptive-g1000-sb0002	p01-s03-c0088	sb0002	p01-neutral-feedback/s03-parameter-map-wave2-v210-adaptive-g1000/p01-s03-c0088/sb0002	pause.json	0	100	101	100	100	0	925c3e58821d4fed372ebcbca82f04c1b66a27a31d0ad4a0a1b411af7cee2e30
p01-s03-c0088-v210-adaptive-g1000-sb0003	p01-s03-c0088	sb0003	p01-neutral-feedback/s03-parameter-map-wave2-v210-adaptive-g1000/p01-s03-c0088/sb0003	pause.json	0	100	101	100	100	0	0f57f11318a8bc14e2078672913f48db42259196e61a462bec3c7fc4eed1cd34
p01-s03-c0088-v210-adaptive-g1000-sb0004	p01-s03-c0088	sb0004	p01-neutral-feedback/s03-parameter-map-wave2-v210-adaptive-g1000/p01-s03-c0088/sb0004	pause.json	0	100	101	100	100	0	3af6057e8c243f864727631ce9f2205f46807daeb2d6bbf00a4d63f085c01b61
p01-s03-c0088-v210-adaptive-g1000-sb0005	p01-s03-c0088	sb0005	p01-neutral-feedback/s03-parameter-map-wave2-v210-adaptive-g1000/p01-s03-c0088/sb0005	pause.json	0	100	101	100	100	0	02bad997253e415b3abcc370381eb094c8eae84ab2dd314341aeb44ee321aed1
p01-s03-c0088-v210-adaptive-g1000-sb0006	p01-s03-c0088	sb0006	p01-neutral-feedback/s03-parameter-map-wave2-v210-adaptive-g1000/p01-s03-c0088/sb0006	pause.json	0	100	101	100	100	0	064e16fa7f44d68daa01ef413d91f3cab34433e577d32a2148d0a5081b7812ce
p01-s03-c0088-v210-adaptive-g1000-sb0007	p01-s03-c0088	sb0007	p01-neutral-feedback/s03-parameter-map-wave2-v210-adaptive-g1000/p01-s03-c0088/sb0007	pause.json	0	100	101	100	100	0	bd0b5e630f3ccf9e4183e44bda1e17cafdf79e17e58f00af873176ae52e3c81a
p01-s03-c0088-v210-adaptive-g1000-sb0008	p01-s03-c0088	sb0008	p01-neutral-feedback/s03-parameter-map-wave2-v210-adaptive-g1000/p01-s03-c0088/sb0008	pause.json	0	100	101	100	100	0	0fbf7f7236e4da8d010584ff6ac68295828be7c74911866edb387f88a802a50f
p01-s03-c0088-v210-adaptive-g1000-sb0009	p01-s03-c0088	sb0009	p01-neutral-feedback/s03-parameter-map-wave2-v210-adaptive-g1000/p01-s03-c0088/sb0009	pause.json	0	100	101	100	100	0	df2fbf862984e92b7ef57f22981723278c894b9aa8085bc2f88310f76497fa61
p01-s03-c0088-v210-adaptive-g1000-sb0010	p01-s03-c0088	sb0010	p01-neutral-feedback/s03-parameter-map-wave2-v210-adaptive-g1000/p01-s03-c0088/sb0010	pause.json	0	100	101	100	100	0	3507d099aec74f9306d5abaca44131a3a42ab13b9646f9066bde7ca0ceacb0b2
p01-s03-c0088-v210-adaptive-g1000-sb0011	p01-s03-c0088	sb0011	p01-neutral-feedback/s03-parameter-map-wave2-v210-adaptive-g1000/p01-s03-c0088/sb0011	pause.json	0	100	101	100	100	0	e10e9d2e15c9ad777eb026c46ecd07e8b81bdcbde083487e12fad1d719ddf84d
p01-s03-c0088-v210-adaptive-g1000-sb0012	p01-s03-c0088	sb0012	p01-neutral-feedback/s03-parameter-map-wave2-v210-adaptive-g1000/p01-s03-c0088/sb0012	pause.json	0	100	101	100	100	0	a67c2b38c24f1001dd9526c849357ad520fb54ec0f1688007ba191907763d72e
p01-s03-c0089-v210-adaptive-g1000-sb0001	p01-s03-c0089	sb0001	p01-neutral-feedback/s03-parameter-map-wave2-v210-adaptive-g1000/p01-s03-c0089/sb0001	pause.json	0	100	101	100	100	0	c323237cba3e7ef123aee950c54dcdc84c424250d9eb75e8d5da829b97b3b71c
p01-s03-c0089-v210-adaptive-g1000-sb0002	p01-s03-c0089	sb0002	p01-neutral-feedback/s03-parameter-map-wave2-v210-adaptive-g1000/p01-s03-c0089/sb0002	pause.json	0	100	101	100	100	0	b9c2fda3fc7c84c260240f0a58da08699b98cc8c6d93a080f13e70441633b76b
p01-s03-c0089-v210-adaptive-g1000-sb0003	p01-s03-c0089	sb0003	p01-neutral-feedback/s03-parameter-map-wave2-v210-adaptive-g1000/p01-s03-c0089/sb0003	pause.json	0	100	101	100	100	0	9f5581fe8a23c740e666544b8b31a8d52348e98a462a792249cd9b5a3a48c3e9
p01-s03-c0089-v210-adaptive-g1000-sb0004	p01-s03-c0089	sb0004	p01-neutral-feedback/s03-parameter-map-wave2-v210-adaptive-g1000/p01-s03-c0089/sb0004	pause.json	0	100	101	100	100	0	91abb12f21daf26bfd2be83ee9e889343ce6e6ec550435e946eebe725983d7a3
p01-s03-c0089-v210-adaptive-g1000-sb0005	p01-s03-c0089	sb0005	p01-neutral-feedback/s03-parameter-map-wave2-v210-adaptive-g1000/p01-s03-c0089/sb0005	pause.json	0	100	101	100	100	0	164839f8fc30b3672101568b78b861fd24bc543fd552bf7b525fcac359546a05
p01-s03-c0089-v210-adaptive-g1000-sb0006	p01-s03-c0089	sb0006	p01-neutral-feedback/s03-parameter-map-wave2-v210-adaptive-g1000/p01-s03-c0089/sb0006	pause.json	0	100	101	100	100	0	14b4da50a094024afd6078a7fbd1fbb3d07ab6a77bbc4f0d23758c0bf849e3e8
p01-s03-c0089-v210-adaptive-g1000-sb0007	p01-s03-c0089	sb0007	p01-neutral-feedback/s03-parameter-map-wave2-v210-adaptive-g1000/p01-s03-c0089/sb0007	pause.json	0	100	101	100	100	0	f27ca6dafc07b93524d7d2bd205d17a9abe2fca80e04ed259607b46b22fe3425
p01-s03-c0089-v210-adaptive-g1000-sb0008	p01-s03-c0089	sb0008	p01-neutral-feedback/s03-parameter-map-wave2-v210-adaptive-g1000/p01-s03-c0089/sb0008	pause.json	0	100	101	100	100	0	bf4bcbcd4012bfe4ed3c05ae9249e9b2928402f1f4ffab0f8a3f51087279cd8b
p01-s03-c0089-v210-adaptive-g1000-sb0009	p01-s03-c0089	sb0009	p01-neutral-feedback/s03-parameter-map-wave2-v210-adaptive-g1000/p01-s03-c0089/sb0009	pause.json	0	100	101	100	100	0	5d9dd798964fae0dcef673a16cbe2aee133c0987870863c4dd751fb13b780cfd
p01-s03-c0089-v210-adaptive-g1000-sb0010	p01-s03-c0089	sb0010	p01-neutral-feedback/s03-parameter-map-wave2-v210-adaptive-g1000/p01-s03-c0089/sb0010	pause.json	0	100	101	100	100	0	1490a1616d3c4ac7ffc9118abb81e526e459597c7afb7404e8e1288a341ab6aa
p01-s03-c0089-v210-adaptive-g1000-sb0011	p01-s03-c0089	sb0011	p01-neutral-feedback/s03-parameter-map-wave2-v210-adaptive-g1000/p01-s03-c0089/sb0011	pause.json	0	100	101	100	100	0	12b78043c83a747e4dd43ee2acde13f64338c0e3b23ee34ee2cb7f36bcf4239d
p01-s03-c0089-v210-adaptive-g1000-sb0012	p01-s03-c0089	sb0012	p01-neutral-feedback/s03-parameter-map-wave2-v210-adaptive-g1000/p01-s03-c0089/sb0012	pause.json	0	100	101	100	100	0	2e9f5e61fbdece2e4c0399882158371a0e83ea906812b7e0f9bbe58573c18ed3
p01-s03-c0090-v210-adaptive-g1000-sb0001	p01-s03-c0090	sb0001	p01-neutral-feedback/s03-parameter-map-wave2-v210-adaptive-g1000/p01-s03-c0090/sb0001	pause.json	0	100	101	100	100	0	cb374f46fa8d2611414ba417432581423eefe1bcf1b6bfc6eb877dc77e3577d5
p01-s03-c0090-v210-adaptive-g1000-sb0002	p01-s03-c0090	sb0002	p01-neutral-feedback/s03-parameter-map-wave2-v210-adaptive-g1000/p01-s03-c0090/sb0002	pause.json	0	100	101	100	100	0	949c9ff648bf1c02bac49ec756674da6e3393535e6e0de7cb51078c836e05d57
p01-s03-c0090-v210-adaptive-g1000-sb0003	p01-s03-c0090	sb0003	p01-neutral-feedback/s03-parameter-map-wave2-v210-adaptive-g1000/p01-s03-c0090/sb0003	pause.json	0	100	101	100	100	0	88a9a409f9be0b8208f2633cbccfcd839ef978f23525e09dde9968c95ff4dfeb
p01-s03-c0090-v210-adaptive-g1000-sb0004	p01-s03-c0090	sb0004	p01-neutral-feedback/s03-parameter-map-wave2-v210-adaptive-g1000/p01-s03-c0090/sb0004	pause.json	0	100	101	100	100	0	a2f402fc17e587d513a0845326d0efc8e26e673642ed0a0863b35526a11602f4
p01-s03-c0090-v210-adaptive-g1000-sb0005	p01-s03-c0090	sb0005	p01-neutral-feedback/s03-parameter-map-wave2-v210-adaptive-g1000/p01-s03-c0090/sb0005	pause.json	0	100	101	100	100	0	3ede6298f354b48e125eae81f08e719c3bd99cd56e9f7bc9b60768ef21ce6ab8
p01-s03-c0090-v210-adaptive-g1000-sb0006	p01-s03-c0090	sb0006	p01-neutral-feedback/s03-parameter-map-wave2-v210-adaptive-g1000/p01-s03-c0090/sb0006	pause.json	0	100	101	100	100	0	75b5e265fd14223897cea76b5e508ef2b2d318b4f8baf4f793d3d88505f61ada
p01-s03-c0090-v210-adaptive-g1000-sb0007	p01-s03-c0090	sb0007	p01-neutral-feedback/s03-parameter-map-wave2-v210-adaptive-g1000/p01-s03-c0090/sb0007	pause.json	0	100	101	100	100	0	0e3e9f262fa3d9d7269d416cc67cf007684fc94e355fb6ad1ca39a3f013267e9
p01-s03-c0090-v210-adaptive-g1000-sb0008	p01-s03-c0090	sb0008	p01-neutral-feedback/s03-parameter-map-wave2-v210-adaptive-g1000/p01-s03-c0090/sb0008	pause.json	0	100	101	100	100	0	e8914ac885de61f356a84f83feb0dcc231667a1a12d408d8995e360f17d946eb
p01-s03-c0090-v210-adaptive-g1000-sb0009	p01-s03-c0090	sb0009	p01-neutral-feedback/s03-parameter-map-wave2-v210-adaptive-g1000/p01-s03-c0090/sb0009	pause.json	0	100	101	100	100	0	029d51651d719e753af490dda3e4f2c0de0b8ab29b19fc01ed9b36c9ebabe5b1
p01-s03-c0090-v210-adaptive-g1000-sb0010	p01-s03-c0090	sb0010	p01-neutral-feedback/s03-parameter-map-wave2-v210-adaptive-g1000/p01-s03-c0090/sb0010	pause.json	0	100	101	100	100	0	9f2a28b571cf97fba3682946e20a7cb0e9e74f7ea2fadad9e40d9603925510b7
p01-s03-c0090-v210-adaptive-g1000-sb0011	p01-s03-c0090	sb0011	p01-neutral-feedback/s03-parameter-map-wave2-v210-adaptive-g1000/p01-s03-c0090/sb0011	pause.json	0	100	101	100	100	0	ff2edd4207e4dea935bcc9695260cd5810e5c101cf529bc9d368d3b76df0b137
p01-s03-c0090-v210-adaptive-g1000-sb0012	p01-s03-c0090	sb0012	p01-neutral-feedback/s03-parameter-map-wave2-v210-adaptive-g1000/p01-s03-c0090/sb0012	pause.json	0	100	101	100	100	0	bd93ff17c0cd677a002f90427e27167231a8697e2da223f4c3d77bf0c646fea0
p01-s03-c0091-v210-bridge-g100-sb0001	p01-s03-c0091	sb0001	p01-neutral-feedback/s03-parameter-map-wave3-v210-bridge-g100/p01-s03-c0091/sb0001	completion.json	0	100	101	100	100	0	f4b0d5a37c4828f2941a52c13f65d1099032a0b524774abc28dc6aaaadf40af5
p01-s03-c0091-v210-bridge-g100-sb0002	p01-s03-c0091	sb0002	p01-neutral-feedback/s03-parameter-map-wave3-v210-bridge-g100/p01-s03-c0091/sb0002	completion.json	0	100	101	100	100	0	ac9820e599077aa22b7a3623a7fb5c60a99261573f478c12289e6f27e205fa25
p01-s03-c0091-v210-bridge-g100-sb0003	p01-s03-c0091	sb0003	p01-neutral-feedback/s03-parameter-map-wave3-v210-bridge-g100/p01-s03-c0091/sb0003	completion.json	0	100	101	100	100	0	01526c40c1dc6ba7eeb810e7a0c33f923565d5b81945ebeaf96721cbe0ca5b03
p01-s03-c0091-v210-bridge-g100-sb0004	p01-s03-c0091	sb0004	p01-neutral-feedback/s03-parameter-map-wave3-v210-bridge-g100/p01-s03-c0091/sb0004	completion.json	0	100	101	100	100	0	d5b5303ca42d0a77cc7668f2cf9f7cab152f0689c66bf7d64818d7e37eeb3bf5
p01-s03-c0091-v210-bridge-g100-sb0005	p01-s03-c0091	sb0005	p01-neutral-feedback/s03-parameter-map-wave3-v210-bridge-g100/p01-s03-c0091/sb0005	completion.json	0	100	101	100	100	0	beb6d8693990541a7e7d64e6935ffe9e79c0cfe5ef7bb196f4762cb2b42c2d6d
p01-s03-c0091-v210-bridge-g100-sb0006	p01-s03-c0091	sb0006	p01-neutral-feedback/s03-parameter-map-wave3-v210-bridge-g100/p01-s03-c0091/sb0006	completion.json	0	100	101	100	100	0	0d751ad7ab43f80b32467cd8db84e94d61bf949835617c6edd38232985d23bc1
p01-s03-c0092-v210-bridge-g100-sb0001	p01-s03-c0092	sb0001	p01-neutral-feedback/s03-parameter-map-wave3-v210-bridge-g100/p01-s03-c0092/sb0001	completion.json	0	100	101	100	100	0	ab0aee0d32ee8711c95278a58d7ee6053c70404d2f211d936311ce3abbb35296
p01-s03-c0092-v210-bridge-g100-sb0002	p01-s03-c0092	sb0002	p01-neutral-feedback/s03-parameter-map-wave3-v210-bridge-g100/p01-s03-c0092/sb0002	completion.json	0	100	101	100	100	0	53b97497780a4f73ae1ee1103424bf80c4062fba2f194898e5e4d4ce4770b107
p01-s03-c0092-v210-bridge-g100-sb0003	p01-s03-c0092	sb0003	p01-neutral-feedback/s03-parameter-map-wave3-v210-bridge-g100/p01-s03-c0092/sb0003	completion.json	0	100	101	100	100	0	ff50a83e95556219e65a81566fefbe4fe0af50213e3ffba652acd18716bc157b
p01-s03-c0092-v210-bridge-g100-sb0004	p01-s03-c0092	sb0004	p01-neutral-feedback/s03-parameter-map-wave3-v210-bridge-g100/p01-s03-c0092/sb0004	completion.json	0	100	101	100	100	0	393c2850b5feb7f912870e862db7f61ed94163a35d2e91419f1cbd3dbb3818cd
p01-s03-c0092-v210-bridge-g100-sb0005	p01-s03-c0092	sb0005	p01-neutral-feedback/s03-parameter-map-wave3-v210-bridge-g100/p01-s03-c0092/sb0005	completion.json	0	100	101	100	100	0	f2d7ec2941bf9c4fde9ee31600ce9bc022ede52d83e906df0892246cc164bc03
p01-s03-c0092-v210-bridge-g100-sb0006	p01-s03-c0092	sb0006	p01-neutral-feedback/s03-parameter-map-wave3-v210-bridge-g100/p01-s03-c0092/sb0006	completion.json	0	100	101	100	100	0	20ad6f73dbd50e38b0d19ce07f084b833dd1f628b7ad88c58c9c57238f9d5a41
p01-s03-c0093-v210-bridge-g100-sb0001	p01-s03-c0093	sb0001	p01-neutral-feedback/s03-parameter-map-wave3-v210-bridge-g100/p01-s03-c0093/sb0001	completion.json	0	100	101	100	100	0	5578e81f789de12d6191ae70466d12cfde9bda335cf9c3820dd27c4fff877178
p01-s03-c0093-v210-bridge-g100-sb0002	p01-s03-c0093	sb0002	p01-neutral-feedback/s03-parameter-map-wave3-v210-bridge-g100/p01-s03-c0093/sb0002	completion.json	0	100	101	100	100	0	e6ba0610d0db689de6639f44663ca964003740999890ae2e5c61bb92f812540f
p01-s03-c0093-v210-bridge-g100-sb0003	p01-s03-c0093	sb0003	p01-neutral-feedback/s03-parameter-map-wave3-v210-bridge-g100/p01-s03-c0093/sb0003	completion.json	0	100	101	100	100	0	a3145fcb3a34442a02bd83ca203d83b0fc3685f121fe41398799a4263081aaa6
p01-s03-c0093-v210-bridge-g100-sb0004	p01-s03-c0093	sb0004	p01-neutral-feedback/s03-parameter-map-wave3-v210-bridge-g100/p01-s03-c0093/sb0004	completion.json	0	100	101	100	100	0	ea06b56a6afb81028d4102d46c481bf31a73678156ac5fa9c859f2eee7a1d9cc
p01-s03-c0093-v210-bridge-g100-sb0005	p01-s03-c0093	sb0005	p01-neutral-feedback/s03-parameter-map-wave3-v210-bridge-g100/p01-s03-c0093/sb0005	completion.json	0	100	101	100	100	0	7c82b80f2ef61d19325967d559967c5257803539902594e2c1351e19aefa147d
p01-s03-c0093-v210-bridge-g100-sb0006	p01-s03-c0093	sb0006	p01-neutral-feedback/s03-parameter-map-wave3-v210-bridge-g100/p01-s03-c0093/sb0006	completion.json	0	100	101	100	100	0	4a03945aa662c859fd6d997d343e3c99a06e0df47a8af7ff838e680f11cd778e
p01-s03-c0094-v210-bridge-g100-sb0001	p01-s03-c0094	sb0001	p01-neutral-feedback/s03-parameter-map-wave3-v210-bridge-g100/p01-s03-c0094/sb0001	completion.json	0	100	101	100	100	0	66d7bb8b0c6820d46e71a83b9845a0cb518e79c78e30d30f642c69b04777845a
p01-s03-c0094-v210-bridge-g100-sb0002	p01-s03-c0094	sb0002	p01-neutral-feedback/s03-parameter-map-wave3-v210-bridge-g100/p01-s03-c0094/sb0002	completion.json	0	100	101	100	100	0	95d284adc44c8d1d53b4d8c2ccf4b06c44bb8ee43c1d24d998a8f932fe3f2d8e
p01-s03-c0094-v210-bridge-g100-sb0003	p01-s03-c0094	sb0003	p01-neutral-feedback/s03-parameter-map-wave3-v210-bridge-g100/p01-s03-c0094/sb0003	completion.json	0	100	101	100	100	0	6d5e8809f5844f576a9124c55a44e314023897bf809a4c604162abe6cb599fbe
p01-s03-c0094-v210-bridge-g100-sb0004	p01-s03-c0094	sb0004	p01-neutral-feedback/s03-parameter-map-wave3-v210-bridge-g100/p01-s03-c0094/sb0004	completion.json	0	100	101	100	100	0	ce7c71460436cc2804c7e50246fcccc69315ba21483dfd842e6f589564fabbb4
p01-s03-c0094-v210-bridge-g100-sb0005	p01-s03-c0094	sb0005	p01-neutral-feedback/s03-parameter-map-wave3-v210-bridge-g100/p01-s03-c0094/sb0005	completion.json	0	100	101	100	100	0	3ebaa8a8f723330f298d77a8f7f6197d09ac6062aba3932577630a303c0b2391
p01-s03-c0094-v210-bridge-g100-sb0006	p01-s03-c0094	sb0006	p01-neutral-feedback/s03-parameter-map-wave3-v210-bridge-g100/p01-s03-c0094/sb0006	completion.json	0	100	101	100	100	0	ab8e3fa62de915e8294bd4c0cdf5f4077198f3acc0ef6d57a4be6b39c8bc7f36
p01-s03-c0095-v210-bridge-g100-sb0001	p01-s03-c0095	sb0001	p01-neutral-feedback/s03-parameter-map-wave3-v210-bridge-g100/p01-s03-c0095/sb0001	completion.json	0	100	101	100	100	0	569f59857434d9748f5e8daab5d76592f0d8bf441e9ba82f558802d180656b72
p01-s03-c0095-v210-bridge-g100-sb0002	p01-s03-c0095	sb0002	p01-neutral-feedback/s03-parameter-map-wave3-v210-bridge-g100/p01-s03-c0095/sb0002	completion.json	0	100	101	100	100	0	06bc0275e1e81b09d239469fb43d722e91afdeaacdce29cc336ad0cc7d60429b
p01-s03-c0095-v210-bridge-g100-sb0003	p01-s03-c0095	sb0003	p01-neutral-feedback/s03-parameter-map-wave3-v210-bridge-g100/p01-s03-c0095/sb0003	completion.json	0	100	101	100	100	0	454eb9aca465bfde9a8588a38a577ed2dc9c5028d0815a0228d8f083dbbaf25c
p01-s03-c0095-v210-bridge-g100-sb0004	p01-s03-c0095	sb0004	p01-neutral-feedback/s03-parameter-map-wave3-v210-bridge-g100/p01-s03-c0095/sb0004	completion.json	0	100	101	100	100	0	be8bcda02e634ba493d766bf349d1c401cd1b2cf60ffca69d380174118f856bb
p01-s03-c0095-v210-bridge-g100-sb0005	p01-s03-c0095	sb0005	p01-neutral-feedback/s03-parameter-map-wave3-v210-bridge-g100/p01-s03-c0095/sb0005	completion.json	0	100	101	100	100	0	43f047797ebfdbc0440a3328a32c7095b12c331d5381a5c0188bfac8dad5054e
p01-s03-c0095-v210-bridge-g100-sb0006	p01-s03-c0095	sb0006	p01-neutral-feedback/s03-parameter-map-wave3-v210-bridge-g100/p01-s03-c0095/sb0006	completion.json	0	100	101	100	100	0	287f0ca3860e6ee680502bd9f78023bfa88b09760b5fe4790d957bb3e2a89c97
p01-s03-c0096-v210-bridge-g100-sb0001	p01-s03-c0096	sb0001	p01-neutral-feedback/s03-parameter-map-wave3-v210-bridge-g100/p01-s03-c0096/sb0001	completion.json	0	100	101	100	100	0	fc54929775f3ba3888b1f38d71562bdfc3e5faca61fdfd2cefe86247974cc4d0
p01-s03-c0096-v210-bridge-g100-sb0002	p01-s03-c0096	sb0002	p01-neutral-feedback/s03-parameter-map-wave3-v210-bridge-g100/p01-s03-c0096/sb0002	completion.json	0	100	101	100	100	0	eb8e47066e89554d628d90e6a928bb851e3ebca3377a0140e927663c8e9ab785
p01-s03-c0096-v210-bridge-g100-sb0003	p01-s03-c0096	sb0003	p01-neutral-feedback/s03-parameter-map-wave3-v210-bridge-g100/p01-s03-c0096/sb0003	completion.json	0	100	101	100	100	0	65689a002c7db0094886d35d1d6237e5cd86699b0ad3f482b7dc522b320899ae
p01-s03-c0096-v210-bridge-g100-sb0004	p01-s03-c0096	sb0004	p01-neutral-feedback/s03-parameter-map-wave3-v210-bridge-g100/p01-s03-c0096/sb0004	completion.json	0	100	101	100	100	0	0da7842c54fcb59985c093b0bde09f7b8d3a9022d974cde62b3f0b21c084195f
p01-s03-c0096-v210-bridge-g100-sb0005	p01-s03-c0096	sb0005	p01-neutral-feedback/s03-parameter-map-wave3-v210-bridge-g100/p01-s03-c0096/sb0005	completion.json	0	100	101	100	100	0	9598c45e0d52fafe0e3809f71712ea4e999be3891fe49c272073ebe6f2e33f09
p01-s03-c0096-v210-bridge-g100-sb0006	p01-s03-c0096	sb0006	p01-neutral-feedback/s03-parameter-map-wave3-v210-bridge-g100/p01-s03-c0096/sb0006	completion.json	0	100	101	100	100	0	7f88c9f957ae67756a44be0fbb53732a8d0571db8557da075e118c12c3de074c
p01-s03-c0097-v210-bridge-g100-sb0001	p01-s03-c0097	sb0001	p01-neutral-feedback/s03-parameter-map-wave3-v210-bridge-g100/p01-s03-c0097/sb0001	completion.json	0	100	101	100	100	0	92b334ddd0913aba0d9772f665643127f68c32d6dcfb4b373b39e8436c01b7b1
p01-s03-c0097-v210-bridge-g100-sb0002	p01-s03-c0097	sb0002	p01-neutral-feedback/s03-parameter-map-wave3-v210-bridge-g100/p01-s03-c0097/sb0002	completion.json	0	100	101	100	100	0	b3f7d93449bab67c9dadfbaf94bc520b150bd52c4f416164c76509abe9d6c74a
p01-s03-c0097-v210-bridge-g100-sb0003	p01-s03-c0097	sb0003	p01-neutral-feedback/s03-parameter-map-wave3-v210-bridge-g100/p01-s03-c0097/sb0003	completion.json	0	100	101	100	100	0	cd202658f5d586296ba35f07edd9bce819fdeb195c937e92856142a7e7280ef3
p01-s03-c0097-v210-bridge-g100-sb0004	p01-s03-c0097	sb0004	p01-neutral-feedback/s03-parameter-map-wave3-v210-bridge-g100/p01-s03-c0097/sb0004	completion.json	0	100	101	100	100	0	2f361cb049f7000ae62657582c2feff128dea98e182ac331a00e28b73c61dddd
p01-s03-c0097-v210-bridge-g100-sb0005	p01-s03-c0097	sb0005	p01-neutral-feedback/s03-parameter-map-wave3-v210-bridge-g100/p01-s03-c0097/sb0005	completion.json	0	100	101	100	100	0	791d67d974088b984c6c59e5b69beed5c7d91d5a2525043251fc6e2b09c96063
p01-s03-c0097-v210-bridge-g100-sb0006	p01-s03-c0097	sb0006	p01-neutral-feedback/s03-parameter-map-wave3-v210-bridge-g100/p01-s03-c0097/sb0006	completion.json	0	100	101	100	100	0	91d691a45330025672bdf908ed97612f8e442461b568160e79e9253b275c03da
p01-s03-c0098-v210-bridge-g100-sb0001	p01-s03-c0098	sb0001	p01-neutral-feedback/s03-parameter-map-wave3-v210-bridge-g100/p01-s03-c0098/sb0001	completion.json	0	100	101	100	100	0	77fe8df78020d7b417c5454412a9fd6303f38e5bd0ad49961a66a9005c121f0e
p01-s03-c0098-v210-bridge-g100-sb0002	p01-s03-c0098	sb0002	p01-neutral-feedback/s03-parameter-map-wave3-v210-bridge-g100/p01-s03-c0098/sb0002	completion.json	0	100	101	100	100	0	1b8bf8c7d862376849772b61f3b3a302f1839128430433daaf782e5813e289b7
p01-s03-c0098-v210-bridge-g100-sb0003	p01-s03-c0098	sb0003	p01-neutral-feedback/s03-parameter-map-wave3-v210-bridge-g100/p01-s03-c0098/sb0003	completion.json	0	100	101	100	100	0	1251e2d11b858985b291b16b2fac6877e64b39a06a7e02609eaf6a909a5fc1fb
p01-s03-c0098-v210-bridge-g100-sb0004	p01-s03-c0098	sb0004	p01-neutral-feedback/s03-parameter-map-wave3-v210-bridge-g100/p01-s03-c0098/sb0004	completion.json	0	100	101	100	100	0	b3c54180eb80e5a460945dd4ff2d1003e2b40e764a843717e9e718f44dbb992f
p01-s03-c0098-v210-bridge-g100-sb0005	p01-s03-c0098	sb0005	p01-neutral-feedback/s03-parameter-map-wave3-v210-bridge-g100/p01-s03-c0098/sb0005	completion.json	0	100	101	100	100	0	38e8d44c72ff1f07dafc6d702f68f6ea16d8fa4aaf0140252ff983fc65d3980c
p01-s03-c0098-v210-bridge-g100-sb0006	p01-s03-c0098	sb0006	p01-neutral-feedback/s03-parameter-map-wave3-v210-bridge-g100/p01-s03-c0098/sb0006	completion.json	0	100	101	100	100	0	f6d3eb183545ff041cb12529f6a0891851e41708fcab6f3ad1a82ffac415f506
p01-s03-c0099-v210-bridge-g100-sb0001	p01-s03-c0099	sb0001	p01-neutral-feedback/s03-parameter-map-wave3-v210-bridge-g100/p01-s03-c0099/sb0001	completion.json	0	100	101	100	100	0	6785ce8719b4064db9d882a07be95a92e0fd7b7f3cc89a64c0fb4459954b13a7
p01-s03-c0099-v210-bridge-g100-sb0002	p01-s03-c0099	sb0002	p01-neutral-feedback/s03-parameter-map-wave3-v210-bridge-g100/p01-s03-c0099/sb0002	completion.json	0	100	101	100	100	0	41d4df1f9067cf304e75f40bf59b6f3f2bf8370d04ab341ee677295997773c5d
p01-s03-c0099-v210-bridge-g100-sb0003	p01-s03-c0099	sb0003	p01-neutral-feedback/s03-parameter-map-wave3-v210-bridge-g100/p01-s03-c0099/sb0003	completion.json	0	100	101	100	100	0	e65da5fef6b7be6b040f7cb5ff14d44f1e5a43a1b54c894dac29564ef4a5e334
p01-s03-c0099-v210-bridge-g100-sb0004	p01-s03-c0099	sb0004	p01-neutral-feedback/s03-parameter-map-wave3-v210-bridge-g100/p01-s03-c0099/sb0004	completion.json	0	100	101	100	100	0	1197f1eecc339e77faf308de86b8d0545fce33be00dba2f8435144da69e7bbaa
p01-s03-c0099-v210-bridge-g100-sb0005	p01-s03-c0099	sb0005	p01-neutral-feedback/s03-parameter-map-wave3-v210-bridge-g100/p01-s03-c0099/sb0005	completion.json	0	100	101	100	100	0	0cb7d1d7b6bc908c3e8ec4c28f75006e04f7844df81c41cb6959b933165ddc2d
p01-s03-c0099-v210-bridge-g100-sb0006	p01-s03-c0099	sb0006	p01-neutral-feedback/s03-parameter-map-wave3-v210-bridge-g100/p01-s03-c0099/sb0006	completion.json	0	100	101	100	100	0	08145bc864bc87abf117f70de10c2841082c228d937d490bf67ba0ad550fccc6
p01-s03-c0100-v210-bridge-g100-sb0001	p01-s03-c0100	sb0001	p01-neutral-feedback/s03-parameter-map-wave3-v210-bridge-g100/p01-s03-c0100/sb0001	completion.json	0	100	101	100	100	0	3a2e285e18a6d3fa64a54f6873c380348bbb1283cac97f5b99dcef572be288e1
p01-s03-c0100-v210-bridge-g100-sb0002	p01-s03-c0100	sb0002	p01-neutral-feedback/s03-parameter-map-wave3-v210-bridge-g100/p01-s03-c0100/sb0002	completion.json	0	100	101	100	100	0	1492b9b3af59e7493fe5cff746c7529c2130bc6cf5bdac50fac0a030a227d6b8
p01-s03-c0100-v210-bridge-g100-sb0003	p01-s03-c0100	sb0003	p01-neutral-feedback/s03-parameter-map-wave3-v210-bridge-g100/p01-s03-c0100/sb0003	completion.json	0	100	101	100	100	0	b0916f4feb72addb51e0c3482c9b70a40642305047f3d7374516e059225442af
p01-s03-c0100-v210-bridge-g100-sb0004	p01-s03-c0100	sb0004	p01-neutral-feedback/s03-parameter-map-wave3-v210-bridge-g100/p01-s03-c0100/sb0004	completion.json	0	100	101	100	100	0	f7cf5944779a4049930c04066a5ff922e4e012a93ee3551686a4314f0840983c
p01-s03-c0100-v210-bridge-g100-sb0005	p01-s03-c0100	sb0005	p01-neutral-feedback/s03-parameter-map-wave3-v210-bridge-g100/p01-s03-c0100/sb0005	completion.json	0	100	101	100	100	0	d3485a920636a25adbec55c7434f2291b1d74b1a75a5574590438e4456a6c3ef
p01-s03-c0100-v210-bridge-g100-sb0006	p01-s03-c0100	sb0006	p01-neutral-feedback/s03-parameter-map-wave3-v210-bridge-g100/p01-s03-c0100/sb0006	completion.json	0	100	101	100	100	0	8b1334f26466fbf14b7021de1b49cf7fea43f67b14e255089070957d85fcae6e
p01-s03-c0101-v210-bridge-g100-sb0001	p01-s03-c0101	sb0001	p01-neutral-feedback/s03-parameter-map-wave3-v210-bridge-g100/p01-s03-c0101/sb0001	completion.json	0	100	101	100	100	0	d06786f7457787ee0d206e9b772c36601494f1c2e991b6cf4d87e9759b322308
p01-s03-c0101-v210-bridge-g100-sb0002	p01-s03-c0101	sb0002	p01-neutral-feedback/s03-parameter-map-wave3-v210-bridge-g100/p01-s03-c0101/sb0002	completion.json	0	100	101	100	100	0	173e00fc54bd9c0f96d89790d760e9a2bdb9a6639a206167ecbc118eba4816b5
p01-s03-c0101-v210-bridge-g100-sb0003	p01-s03-c0101	sb0003	p01-neutral-feedback/s03-parameter-map-wave3-v210-bridge-g100/p01-s03-c0101/sb0003	completion.json	0	100	101	100	100	0	8e973dd98a7e568b92792e641ea498451992638a4c61b4efce1b172737963853
p01-s03-c0101-v210-bridge-g100-sb0004	p01-s03-c0101	sb0004	p01-neutral-feedback/s03-parameter-map-wave3-v210-bridge-g100/p01-s03-c0101/sb0004	completion.json	0	100	101	100	100	0	4a3442f4077f434bdd2264b2d68a82182471529be175b76b16971d42c8beccd3
p01-s03-c0101-v210-bridge-g100-sb0005	p01-s03-c0101	sb0005	p01-neutral-feedback/s03-parameter-map-wave3-v210-bridge-g100/p01-s03-c0101/sb0005	completion.json	0	100	101	100	100	0	cfd760a92e8da30b419d2e36ae7bc39c14a473c4d09b5516b24b8ca61059a11b
p01-s03-c0101-v210-bridge-g100-sb0006	p01-s03-c0101	sb0006	p01-neutral-feedback/s03-parameter-map-wave3-v210-bridge-g100/p01-s03-c0101/sb0006	completion.json	0	100	101	100	100	0	693d6f64e74abb13b5d225eddfd3ab570ca9f5b0962472d4265b202a41fe031e
p01-s03-c0102-v210-bridge-g100-sb0001	p01-s03-c0102	sb0001	p01-neutral-feedback/s03-parameter-map-wave3-v210-bridge-g100/p01-s03-c0102/sb0001	completion.json	0	100	101	100	100	0	24bb256a06b4780cebe9353b450602ab5851df5a2493ec666ec056429cd7ce9f
p01-s03-c0102-v210-bridge-g100-sb0002	p01-s03-c0102	sb0002	p01-neutral-feedback/s03-parameter-map-wave3-v210-bridge-g100/p01-s03-c0102/sb0002	completion.json	0	100	101	100	100	0	6c95fdb6a12101ec6616a149227865880faa45fd5a27c9ed9a08cb3bebd5e632
p01-s03-c0102-v210-bridge-g100-sb0003	p01-s03-c0102	sb0003	p01-neutral-feedback/s03-parameter-map-wave3-v210-bridge-g100/p01-s03-c0102/sb0003	completion.json	0	100	101	100	100	0	0fb94a379832c94253cb322462380331b42917589765ea4b6ec36ebc59a76a01
p01-s03-c0102-v210-bridge-g100-sb0004	p01-s03-c0102	sb0004	p01-neutral-feedback/s03-parameter-map-wave3-v210-bridge-g100/p01-s03-c0102/sb0004	completion.json	0	100	101	100	100	0	9a73356321fa2d8fe882b66a2e1bdfdf762189145b5d30a662cc0aa9c6d73ba3
p01-s03-c0102-v210-bridge-g100-sb0005	p01-s03-c0102	sb0005	p01-neutral-feedback/s03-parameter-map-wave3-v210-bridge-g100/p01-s03-c0102/sb0005	completion.json	0	100	101	100	100	0	137ed9b1089be3e7d4780a27ae7d3db7df096d61fca247cc85cd2b444657e4f7
p01-s03-c0102-v210-bridge-g100-sb0006	p01-s03-c0102	sb0006	p01-neutral-feedback/s03-parameter-map-wave3-v210-bridge-g100/p01-s03-c0102/sb0006	completion.json	0	100	101	100	100	0	75267720593ce2c74a3b1c3e9fdfb8ed4a64a165964ec87b792a860234130e43
p01-s03-c0103-v210-bridge-g100-sb0001	p01-s03-c0103	sb0001	p01-neutral-feedback/s03-parameter-map-wave3-v210-bridge-g100/p01-s03-c0103/sb0001	completion.json	0	100	101	100	100	0	982ec6286c3d3400b489d24c96d1ba4acb66bae228f58cf7d690999da88db975
p01-s03-c0103-v210-bridge-g100-sb0002	p01-s03-c0103	sb0002	p01-neutral-feedback/s03-parameter-map-wave3-v210-bridge-g100/p01-s03-c0103/sb0002	completion.json	0	100	101	100	100	0	02568089856aba88e24bd7c5222f0b10a53f421a0ba3e432c7a9a400435840bd
p01-s03-c0103-v210-bridge-g100-sb0003	p01-s03-c0103	sb0003	p01-neutral-feedback/s03-parameter-map-wave3-v210-bridge-g100/p01-s03-c0103/sb0003	completion.json	0	100	101	100	100	0	cc6114c2227b43ca05e0ce6ee3cbcd8a16c728c3ae710da270102802f26c302f
p01-s03-c0103-v210-bridge-g100-sb0004	p01-s03-c0103	sb0004	p01-neutral-feedback/s03-parameter-map-wave3-v210-bridge-g100/p01-s03-c0103/sb0004	completion.json	0	100	101	100	100	0	d4b4074bb1780df993111f78d48d2d72ae135bf13d9bcaf6114e4e8298958c63
p01-s03-c0103-v210-bridge-g100-sb0005	p01-s03-c0103	sb0005	p01-neutral-feedback/s03-parameter-map-wave3-v210-bridge-g100/p01-s03-c0103/sb0005	completion.json	0	100	101	100	100	0	654abdcd67ab9bbc8bf0fea500d49057925cd565faecab43c228a3b02d1c0a97
p01-s03-c0103-v210-bridge-g100-sb0006	p01-s03-c0103	sb0006	p01-neutral-feedback/s03-parameter-map-wave3-v210-bridge-g100/p01-s03-c0103/sb0006	completion.json	0	100	101	100	100	0	6f5cc20b9b1157d8d69a4b26de37e683c49096273ee9bd21ade4713ae332487e
p01-s03-c0104-v210-bridge-g100-sb0001	p01-s03-c0104	sb0001	p01-neutral-feedback/s03-parameter-map-wave3-v210-bridge-g100/p01-s03-c0104/sb0001	completion.json	0	100	101	100	100	0	d5f362e997ddb4d75c85dfb9ca5d73322a117f3b0ba60ad4fcb62f02cf78dfd9
p01-s03-c0104-v210-bridge-g100-sb0002	p01-s03-c0104	sb0002	p01-neutral-feedback/s03-parameter-map-wave3-v210-bridge-g100/p01-s03-c0104/sb0002	completion.json	0	100	101	100	100	0	9c5c63a7a4b15060bab7ae6724fd24aa5d2720cef5be1c87f151d52fd9ca59e3
p01-s03-c0104-v210-bridge-g100-sb0003	p01-s03-c0104	sb0003	p01-neutral-feedback/s03-parameter-map-wave3-v210-bridge-g100/p01-s03-c0104/sb0003	completion.json	0	100	101	100	100	0	fc14446e80ccd51b62e1494a67baf00405417644c566abd7d379c4436b4f3e9e
p01-s03-c0104-v210-bridge-g100-sb0004	p01-s03-c0104	sb0004	p01-neutral-feedback/s03-parameter-map-wave3-v210-bridge-g100/p01-s03-c0104/sb0004	completion.json	0	100	101	100	100	0	d2cf985065e01164fdf2a834bf85100768dd2f8831f15b4c4dcad59fbfbac917
p01-s03-c0104-v210-bridge-g100-sb0005	p01-s03-c0104	sb0005	p01-neutral-feedback/s03-parameter-map-wave3-v210-bridge-g100/p01-s03-c0104/sb0005	completion.json	0	100	101	100	100	0	13d908daec025b7e4b60c84f69d3ebc7796cec1b9cb0cf720c6c3d451a95d95e
p01-s03-c0104-v210-bridge-g100-sb0006	p01-s03-c0104	sb0006	p01-neutral-feedback/s03-parameter-map-wave3-v210-bridge-g100/p01-s03-c0104/sb0006	completion.json	0	100	101	100	100	0	1be6ff5213be2dcd1e55a50ed0ff7660b4452eda6ca627f0cecb08b42464db9c
p01-s03-c0105-v210-bridge-g100-sb0001	p01-s03-c0105	sb0001	p01-neutral-feedback/s03-parameter-map-wave3-v210-bridge-g100/p01-s03-c0105/sb0001	completion.json	0	100	101	100	100	0	d6ffe9cc1f52297df517ca92ed541db6a2ef0b8b75c571013aa1fd7cf5e39512
p01-s03-c0105-v210-bridge-g100-sb0002	p01-s03-c0105	sb0002	p01-neutral-feedback/s03-parameter-map-wave3-v210-bridge-g100/p01-s03-c0105/sb0002	completion.json	0	100	101	100	100	0	99be9c945adfc76b1289c21df0310d9e72ebd9138f1ae7530373b1223b42f913
p01-s03-c0105-v210-bridge-g100-sb0003	p01-s03-c0105	sb0003	p01-neutral-feedback/s03-parameter-map-wave3-v210-bridge-g100/p01-s03-c0105/sb0003	completion.json	0	100	101	100	100	0	8e331f2251ac96505ee2764cdd0159653ecfefc4e37fa304f96cd4bf7796ebf6
p01-s03-c0105-v210-bridge-g100-sb0004	p01-s03-c0105	sb0004	p01-neutral-feedback/s03-parameter-map-wave3-v210-bridge-g100/p01-s03-c0105/sb0004	completion.json	0	100	101	100	100	0	2c89cbb8a661d325941109744ee5c4007c76cf57572f2890d9cb207758401441
p01-s03-c0105-v210-bridge-g100-sb0005	p01-s03-c0105	sb0005	p01-neutral-feedback/s03-parameter-map-wave3-v210-bridge-g100/p01-s03-c0105/sb0005	completion.json	0	100	101	100	100	0	dbb8b32a04c188ba50b8dfc53c4ef628a5c566210170d397af9a796dc2b2a601
p01-s03-c0105-v210-bridge-g100-sb0006	p01-s03-c0105	sb0006	p01-neutral-feedback/s03-parameter-map-wave3-v210-bridge-g100/p01-s03-c0105/sb0006	completion.json	0	100	101	100	100	0	3afe0054ce63405178e1ac09d553e7e94ecfa567a2b2fd9c07c22070e2c0e26c
p01-s03-c0106-v210-bridge-g100-sb0001	p01-s03-c0106	sb0001	p01-neutral-feedback/s03-parameter-map-wave3-v210-bridge-g100/p01-s03-c0106/sb0001	completion.json	0	100	101	100	100	0	504ee1946dec1961168e5fbdf793ee6b70c61a7be4395e630bfa193e5af3f7e6
p01-s03-c0106-v210-bridge-g100-sb0002	p01-s03-c0106	sb0002	p01-neutral-feedback/s03-parameter-map-wave3-v210-bridge-g100/p01-s03-c0106/sb0002	completion.json	0	100	101	100	100	0	2a079fd5fc759e5ad524e28a0a3e2f3ed13f6bf3340026e1a0d2175061600e44
p01-s03-c0106-v210-bridge-g100-sb0003	p01-s03-c0106	sb0003	p01-neutral-feedback/s03-parameter-map-wave3-v210-bridge-g100/p01-s03-c0106/sb0003	completion.json	0	100	101	100	100	0	217cc2aca33a95b7c9dd0d991646a6fe106397439059d7052906ff00a6d9b44f
p01-s03-c0106-v210-bridge-g100-sb0004	p01-s03-c0106	sb0004	p01-neutral-feedback/s03-parameter-map-wave3-v210-bridge-g100/p01-s03-c0106/sb0004	completion.json	0	100	101	100	100	0	8880d5b68d07b3d540e46ee60f08ed84ae4b27c4e84e7f450fef2f11b6baab85
p01-s03-c0106-v210-bridge-g100-sb0005	p01-s03-c0106	sb0005	p01-neutral-feedback/s03-parameter-map-wave3-v210-bridge-g100/p01-s03-c0106/sb0005	completion.json	0	100	101	100	100	0	0297304aacc65796c858e81d59ce5176a0e63b7015830c1ef34fb193478eba6a
p01-s03-c0106-v210-bridge-g100-sb0006	p01-s03-c0106	sb0006	p01-neutral-feedback/s03-parameter-map-wave3-v210-bridge-g100/p01-s03-c0106/sb0006	completion.json	0	100	101	100	100	0	3033d2e003dc58745a2b6b3d404723213ed0e8bad5b4ae948e4163356fdb7c32
