sample_id	analysis_set	panel	analysis_role	include_primary_dbrda	cell_id	cell	seed_block_id	master_seed	source_role	source_cell_id	source_run_id	source_alias_count	passage	H	B	HB	log10_H	log10_B	log10_HB	f	e	R	alpha	alpha_target	m	u	mutation_enabled	host_return_enabled	immediate_host_signal
wave1_h_alpha_u__c0021__sb0001__g100	wave1_h_alpha_u	H-by-alpha-by-u	paired-no-return-control	false	p01-s02-c0021	c0021	sb0001	666	reused-stage2-no-return-control	p01-s02-c0021	p01-s02-c0021-v210-m010-g250-sb0001	2	100	100	10	1000	2	1	3	0	0	0	0	0	0.1	0	false	false	0
wave1_h_alpha_u__c0021__sb0002__g100	wave1_h_alpha_u	H-by-alpha-by-u	paired-no-return-control	false	p01-s02-c0021	c0021	sb0002	667	reused-stage2-no-return-control	p01-s02-c0021	p01-s02-c0021-v210-m010-g250-sb0002	2	100	100	10	1000	2	1	3	0	0	0	0	0	0.1	0	false	false	0
wave1_h_alpha_u__c0021__sb0003__g100	wave1_h_alpha_u	H-by-alpha-by-u	paired-no-return-control	false	p01-s02-c0021	c0021	sb0003	668	reused-stage2-no-return-control	p01-s02-c0021	p01-s02-c0021-v210-m010-g250-sb0003	2	100	100	10	1000	2	1	3	0	0	0	0	0	0.1	0	false	false	0
wave1_h_alpha_u__c0021__sb0004__g100	wave1_h_alpha_u	H-by-alpha-by-u	paired-no-return-control	false	p01-s02-c0021	c0021	sb0004	669	reused-stage2-no-return-control	p01-s02-c0021	p01-s02-c0021-v210-m010-g250-sb0004	2	100	100	10	1000	2	1	3	0	0	0	0	0	0.1	0	false	false	0
wave1_h_alpha_u__c0021__sb0005__g100	wave1_h_alpha_u	H-by-alpha-by-u	paired-no-return-control	false	p01-s02-c0021	c0021	sb0005	670	reused-stage2-no-return-control	p01-s02-c0021	p01-s02-c0021-v210-m010-g250-sb0005	2	100	100	10	1000	2	1	3	0	0	0	0	0	0.1	0	false	false	0
wave1_h_alpha_u__c0021__sb0006__g100	wave1_h_alpha_u	H-by-alpha-by-u	paired-no-return-control	false	p01-s02-c0021	c0021	sb0006	671	reused-stage2-no-return-control	p01-s02-c0021	p01-s02-c0021-v210-m010-g250-sb0006	2	100	100	10	1000	2	1	3	0	0	0	0	0	0.1	0	false	false	0
wave1_h_alpha_u__c0021__sb0007__g100	wave1_h_alpha_u	H-by-alpha-by-u	paired-no-return-control	false	p01-s02-c0021	c0021	sb0007	672	reused-stage2-no-return-control	p01-s02-c0021	p01-s02-c0021-v210-m010-g250-sb0007	2	100	100	10	1000	2	1	3	0	0	0	0	0	0.1	0	false	false	0
wave1_h_alpha_u__c0021__sb0008__g100	wave1_h_alpha_u	H-by-alpha-by-u	paired-no-return-control	false	p01-s02-c0021	c0021	sb0008	673	reused-stage2-no-return-control	p01-s02-c0021	p01-s02-c0021-v210-m010-g250-sb0008	2	100	100	10	1000	2	1	3	0	0	0	0	0	0.1	0	false	false	0
wave1_h_alpha_u__c0021__sb0009__g100	wave1_h_alpha_u	H-by-alpha-by-u	paired-no-return-control	false	p01-s02-c0021	c0021	sb0009	674	reused-stage2-no-return-control	p01-s02-c0021	p01-s02-c0021-v210-m010-g250-sb0009	2	100	100	10	1000	2	1	3	0	0	0	0	0	0.1	0	false	false	0
wave1_h_alpha_u__c0021__sb0010__g100	wave1_h_alpha_u	H-by-alpha-by-u	paired-no-return-control	false	p01-s02-c0021	c0021	sb0010	675	reused-stage2-no-return-control	p01-s02-c0021	p01-s02-c0021-v210-m010-g250-sb0010	2	100	100	10	1000	2	1	3	0	0	0	0	0	0.1	0	false	false	0
wave1_h_alpha_u__c0021__sb0011__g100	wave1_h_alpha_u	H-by-alpha-by-u	paired-no-return-control	false	p01-s02-c0021	c0021	sb0011	676	reused-stage2-no-return-control	p01-s02-c0021	p01-s02-c0021-v210-m010-g250-sb0011	2	100	100	10	1000	2	1	3	0	0	0	0	0	0.1	0	false	false	0
wave1_h_alpha_u__c0021__sb0012__g100	wave1_h_alpha_u	H-by-alpha-by-u	paired-no-return-control	false	p01-s02-c0021	c0021	sb0012	677	reused-stage2-no-return-control	p01-s02-c0021	p01-s02-c0021-v210-m010-g250-sb0012	2	100	100	10	1000	2	1	3	0	0	0	0	0	0.1	0	false	false	0
wave1_h_alpha_u__c0027__sb0001__g100	wave1_h_alpha_u	H-by-alpha-by-u	factorial-treatment	true	p01-s03-c0027	c0027	sb0001	666	wave1-simulation	p01-s03-c0027	p01-s03-c0027-v210-m010-g100-sb0001	1	100	100	10	1000	2	1	3	1e-05	10000	1000000	0.000999000999001	0.001	0.1	0	false	true	0.0008991008991009
wave1_h_alpha_u__c0027__sb0002__g100	wave1_h_alpha_u	H-by-alpha-by-u	factorial-treatment	true	p01-s03-c0027	c0027	sb0002	667	wave1-simulation	p01-s03-c0027	p01-s03-c0027-v210-m010-g100-sb0002	1	100	100	10	1000	2	1	3	1e-05	10000	1000000	0.000999000999001	0.001	0.1	0	false	true	0.0008991008991009
wave1_h_alpha_u__c0027__sb0003__g100	wave1_h_alpha_u	H-by-alpha-by-u	factorial-treatment	true	p01-s03-c0027	c0027	sb0003	668	wave1-simulation	p01-s03-c0027	p01-s03-c0027-v210-m010-g100-sb0003	1	100	100	10	1000	2	1	3	1e-05	10000	1000000	0.000999000999001	0.001	0.1	0	false	true	0.0008991008991009
wave1_h_alpha_u__c0027__sb0004__g100	wave1_h_alpha_u	H-by-alpha-by-u	factorial-treatment	true	p01-s03-c0027	c0027	sb0004	669	wave1-simulation	p01-s03-c0027	p01-s03-c0027-v210-m010-g100-sb0004	1	100	100	10	1000	2	1	3	1e-05	10000	1000000	0.000999000999001	0.001	0.1	0	false	true	0.0008991008991009
wave1_h_alpha_u__c0027__sb0005__g100	wave1_h_alpha_u	H-by-alpha-by-u	factorial-treatment	true	p01-s03-c0027	c0027	sb0005	670	wave1-simulation	p01-s03-c0027	p01-s03-c0027-v210-m010-g100-sb0005	1	100	100	10	1000	2	1	3	1e-05	10000	1000000	0.000999000999001	0.001	0.1	0	false	true	0.0008991008991009
wave1_h_alpha_u__c0027__sb0006__g100	wave1_h_alpha_u	H-by-alpha-by-u	factorial-treatment	true	p01-s03-c0027	c0027	sb0006	671	wave1-simulation	p01-s03-c0027	p01-s03-c0027-v210-m010-g100-sb0006	1	100	100	10	1000	2	1	3	1e-05	10000	1000000	0.000999000999001	0.001	0.1	0	false	true	0.0008991008991009
wave1_h_alpha_u__c0027__sb0007__g100	wave1_h_alpha_u	H-by-alpha-by-u	factorial-treatment	true	p01-s03-c0027	c0027	sb0007	672	wave1-simulation	p01-s03-c0027	p01-s03-c0027-v210-m010-g100-sb0007	1	100	100	10	1000	2	1	3	1e-05	10000	1000000	0.000999000999001	0.001	0.1	0	false	true	0.0008991008991009
wave1_h_alpha_u__c0027__sb0008__g100	wave1_h_alpha_u	H-by-alpha-by-u	factorial-treatment	true	p01-s03-c0027	c0027	sb0008	673	wave1-simulation	p01-s03-c0027	p01-s03-c0027-v210-m010-g100-sb0008	1	100	100	10	1000	2	1	3	1e-05	10000	1000000	0.000999000999001	0.001	0.1	0	false	true	0.0008991008991009
wave1_h_alpha_u__c0027__sb0009__g100	wave1_h_alpha_u	H-by-alpha-by-u	factorial-treatment	true	p01-s03-c0027	c0027	sb0009	674	wave1-simulation	p01-s03-c0027	p01-s03-c0027-v210-m010-g100-sb0009	1	100	100	10	1000	2	1	3	1e-05	10000	1000000	0.000999000999001	0.001	0.1	0	false	true	0.0008991008991009
wave1_h_alpha_u__c0027__sb0010__g100	wave1_h_alpha_u	H-by-alpha-by-u	factorial-treatment	true	p01-s03-c0027	c0027	sb0010	675	wave1-simulation	p01-s03-c0027	p01-s03-c0027-v210-m010-g100-sb0010	1	100	100	10	1000	2	1	3	1e-05	10000	1000000	0.000999000999001	0.001	0.1	0	false	true	0.0008991008991009
wave1_h_alpha_u__c0027__sb0011__g100	wave1_h_alpha_u	H-by-alpha-by-u	factorial-treatment	true	p01-s03-c0027	c0027	sb0011	676	wave1-simulation	p01-s03-c0027	p01-s03-c0027-v210-m010-g100-sb0011	1	100	100	10	1000	2	1	3	1e-05	10000	1000000	0.000999000999001	0.001	0.1	0	false	true	0.0008991008991009
wave1_h_alpha_u__c0027__sb0012__g100	wave1_h_alpha_u	H-by-alpha-by-u	factorial-treatment	true	p01-s03-c0027	c0027	sb0012	677	wave1-simulation	p01-s03-c0027	p01-s03-c0027-v210-m010-g100-sb0012	1	100	100	10	1000	2	1	3	1e-05	10000	1000000	0.000999000999001	0.001	0.1	0	false	true	0.0008991008991009
wave1_h_alpha_u__c0028__sb0001__g100	wave1_h_alpha_u	H-by-alpha-by-u	factorial-treatment	true	p01-s03-c0028	c0028	sb0001	666	wave1-simulation	p01-s03-c0028	p01-s03-c0028-v210-m010-g100-sb0001	1	100	100	10	1000	2	1	3	1e-05	10000	1000000	0.000999000999001	0.001	0.1	1e-10	true	true	0.0008991008991009
wave1_h_alpha_u__c0028__sb0002__g100	wave1_h_alpha_u	H-by-alpha-by-u	factorial-treatment	true	p01-s03-c0028	c0028	sb0002	667	wave1-simulation	p01-s03-c0028	p01-s03-c0028-v210-m010-g100-sb0002	1	100	100	10	1000	2	1	3	1e-05	10000	1000000	0.000999000999001	0.001	0.1	1e-10	true	true	0.0008991008991009
wave1_h_alpha_u__c0028__sb0003__g100	wave1_h_alpha_u	H-by-alpha-by-u	factorial-treatment	true	p01-s03-c0028	c0028	sb0003	668	wave1-simulation	p01-s03-c0028	p01-s03-c0028-v210-m010-g100-sb0003	1	100	100	10	1000	2	1	3	1e-05	10000	1000000	0.000999000999001	0.001	0.1	1e-10	true	true	0.0008991008991009
wave1_h_alpha_u__c0028__sb0004__g100	wave1_h_alpha_u	H-by-alpha-by-u	factorial-treatment	true	p01-s03-c0028	c0028	sb0004	669	wave1-simulation	p01-s03-c0028	p01-s03-c0028-v210-m010-g100-sb0004	1	100	100	10	1000	2	1	3	1e-05	10000	1000000	0.000999000999001	0.001	0.1	1e-10	true	true	0.0008991008991009
wave1_h_alpha_u__c0028__sb0005__g100	wave1_h_alpha_u	H-by-alpha-by-u	factorial-treatment	true	p01-s03-c0028	c0028	sb0005	670	wave1-simulation	p01-s03-c0028	p01-s03-c0028-v210-m010-g100-sb0005	1	100	100	10	1000	2	1	3	1e-05	10000	1000000	0.000999000999001	0.001	0.1	1e-10	true	true	0.0008991008991009
wave1_h_alpha_u__c0028__sb0006__g100	wave1_h_alpha_u	H-by-alpha-by-u	factorial-treatment	true	p01-s03-c0028	c0028	sb0006	671	wave1-simulation	p01-s03-c0028	p01-s03-c0028-v210-m010-g100-sb0006	1	100	100	10	1000	2	1	3	1e-05	10000	1000000	0.000999000999001	0.001	0.1	1e-10	true	true	0.0008991008991009
wave1_h_alpha_u__c0028__sb0007__g100	wave1_h_alpha_u	H-by-alpha-by-u	factorial-treatment	true	p01-s03-c0028	c0028	sb0007	672	wave1-simulation	p01-s03-c0028	p01-s03-c0028-v210-m010-g100-sb0007	1	100	100	10	1000	2	1	3	1e-05	10000	1000000	0.000999000999001	0.001	0.1	1e-10	true	true	0.0008991008991009
wave1_h_alpha_u__c0028__sb0008__g100	wave1_h_alpha_u	H-by-alpha-by-u	factorial-treatment	true	p01-s03-c0028	c0028	sb0008	673	wave1-simulation	p01-s03-c0028	p01-s03-c0028-v210-m010-g100-sb0008	1	100	100	10	1000	2	1	3	1e-05	10000	1000000	0.000999000999001	0.001	0.1	1e-10	true	true	0.0008991008991009
wave1_h_alpha_u__c0028__sb0009__g100	wave1_h_alpha_u	H-by-alpha-by-u	factorial-treatment	true	p01-s03-c0028	c0028	sb0009	674	wave1-simulation	p01-s03-c0028	p01-s03-c0028-v210-m010-g100-sb0009	1	100	100	10	1000	2	1	3	1e-05	10000	1000000	0.000999000999001	0.001	0.1	1e-10	true	true	0.0008991008991009
wave1_h_alpha_u__c0028__sb0010__g100	wave1_h_alpha_u	H-by-alpha-by-u	factorial-treatment	true	p01-s03-c0028	c0028	sb0010	675	wave1-simulation	p01-s03-c0028	p01-s03-c0028-v210-m010-g100-sb0010	1	100	100	10	1000	2	1	3	1e-05	10000	1000000	0.000999000999001	0.001	0.1	1e-10	true	true	0.0008991008991009
wave1_h_alpha_u__c0028__sb0011__g100	wave1_h_alpha_u	H-by-alpha-by-u	factorial-treatment	true	p01-s03-c0028	c0028	sb0011	676	wave1-simulation	p01-s03-c0028	p01-s03-c0028-v210-m010-g100-sb0011	1	100	100	10	1000	2	1	3	1e-05	10000	1000000	0.000999000999001	0.001	0.1	1e-10	true	true	0.0008991008991009
wave1_h_alpha_u__c0028__sb0012__g100	wave1_h_alpha_u	H-by-alpha-by-u	factorial-treatment	true	p01-s03-c0028	c0028	sb0012	677	wave1-simulation	p01-s03-c0028	p01-s03-c0028-v210-m010-g100-sb0012	1	100	100	10	1000	2	1	3	1e-05	10000	1000000	0.000999000999001	0.001	0.1	1e-10	true	true	0.0008991008991009
wave1_h_alpha_u__c0029__sb0001__g100	wave1_h_alpha_u	H-by-alpha-by-u	factorial-treatment	true	p01-s03-c0029	c0029	sb0001	666	wave1-simulation	p01-s03-c0029	p01-s03-c0029-v210-m010-g100-sb0001	1	100	100	10	1000	2	1	3	0.000101	101000	10100000	0.00999900999901	0.01	0.1	0	false	true	0.008999108999109
wave1_h_alpha_u__c0029__sb0002__g100	wave1_h_alpha_u	H-by-alpha-by-u	factorial-treatment	true	p01-s03-c0029	c0029	sb0002	667	wave1-simulation	p01-s03-c0029	p01-s03-c0029-v210-m010-g100-sb0002	1	100	100	10	1000	2	1	3	0.000101	101000	10100000	0.00999900999901	0.01	0.1	0	false	true	0.008999108999109
wave1_h_alpha_u__c0029__sb0003__g100	wave1_h_alpha_u	H-by-alpha-by-u	factorial-treatment	true	p01-s03-c0029	c0029	sb0003	668	wave1-simulation	p01-s03-c0029	p01-s03-c0029-v210-m010-g100-sb0003	1	100	100	10	1000	2	1	3	0.000101	101000	10100000	0.00999900999901	0.01	0.1	0	false	true	0.008999108999109
wave1_h_alpha_u__c0029__sb0004__g100	wave1_h_alpha_u	H-by-alpha-by-u	factorial-treatment	true	p01-s03-c0029	c0029	sb0004	669	wave1-simulation	p01-s03-c0029	p01-s03-c0029-v210-m010-g100-sb0004	1	100	100	10	1000	2	1	3	0.000101	101000	10100000	0.00999900999901	0.01	0.1	0	false	true	0.008999108999109
wave1_h_alpha_u__c0029__sb0005__g100	wave1_h_alpha_u	H-by-alpha-by-u	factorial-treatment	true	p01-s03-c0029	c0029	sb0005	670	wave1-simulation	p01-s03-c0029	p01-s03-c0029-v210-m010-g100-sb0005	1	100	100	10	1000	2	1	3	0.000101	101000	10100000	0.00999900999901	0.01	0.1	0	false	true	0.008999108999109
wave1_h_alpha_u__c0029__sb0006__g100	wave1_h_alpha_u	H-by-alpha-by-u	factorial-treatment	true	p01-s03-c0029	c0029	sb0006	671	wave1-simulation	p01-s03-c0029	p01-s03-c0029-v210-m010-g100-sb0006	1	100	100	10	1000	2	1	3	0.000101	101000	10100000	0.00999900999901	0.01	0.1	0	false	true	0.008999108999109
wave1_h_alpha_u__c0029__sb0007__g100	wave1_h_alpha_u	H-by-alpha-by-u	factorial-treatment	true	p01-s03-c0029	c0029	sb0007	672	wave1-simulation	p01-s03-c0029	p01-s03-c0029-v210-m010-g100-sb0007	1	100	100	10	1000	2	1	3	0.000101	101000	10100000	0.00999900999901	0.01	0.1	0	false	true	0.008999108999109
wave1_h_alpha_u__c0029__sb0008__g100	wave1_h_alpha_u	H-by-alpha-by-u	factorial-treatment	true	p01-s03-c0029	c0029	sb0008	673	wave1-simulation	p01-s03-c0029	p01-s03-c0029-v210-m010-g100-sb0008	1	100	100	10	1000	2	1	3	0.000101	101000	10100000	0.00999900999901	0.01	0.1	0	false	true	0.008999108999109
wave1_h_alpha_u__c0029__sb0009__g100	wave1_h_alpha_u	H-by-alpha-by-u	factorial-treatment	true	p01-s03-c0029	c0029	sb0009	674	wave1-simulation	p01-s03-c0029	p01-s03-c0029-v210-m010-g100-sb0009	1	100	100	10	1000	2	1	3	0.000101	101000	10100000	0.00999900999901	0.01	0.1	0	false	true	0.008999108999109
wave1_h_alpha_u__c0029__sb0010__g100	wave1_h_alpha_u	H-by-alpha-by-u	factorial-treatment	true	p01-s03-c0029	c0029	sb0010	675	wave1-simulation	p01-s03-c0029	p01-s03-c0029-v210-m010-g100-sb0010	1	100	100	10	1000	2	1	3	0.000101	101000	10100000	0.00999900999901	0.01	0.1	0	false	true	0.008999108999109
wave1_h_alpha_u__c0029__sb0011__g100	wave1_h_alpha_u	H-by-alpha-by-u	factorial-treatment	true	p01-s03-c0029	c0029	sb0011	676	wave1-simulation	p01-s03-c0029	p01-s03-c0029-v210-m010-g100-sb0011	1	100	100	10	1000	2	1	3	0.000101	101000	10100000	0.00999900999901	0.01	0.1	0	false	true	0.008999108999109
wave1_h_alpha_u__c0029__sb0012__g100	wave1_h_alpha_u	H-by-alpha-by-u	factorial-treatment	true	p01-s03-c0029	c0029	sb0012	677	wave1-simulation	p01-s03-c0029	p01-s03-c0029-v210-m010-g100-sb0012	1	100	100	10	1000	2	1	3	0.000101	101000	10100000	0.00999900999901	0.01	0.1	0	false	true	0.008999108999109
wave1_h_alpha_u__c0030__sb0001__g100	wave1_h_alpha_u	H-by-alpha-by-u	factorial-treatment	true	p01-s03-c0030	c0030	sb0001	666	wave1-simulation	p01-s03-c0030	p01-s03-c0030-v210-m010-g100-sb0001	1	100	100	10	1000	2	1	3	0.000101	101000	10100000	0.00999900999901	0.01	0.1	1e-10	true	true	0.008999108999109
wave1_h_alpha_u__c0030__sb0002__g100	wave1_h_alpha_u	H-by-alpha-by-u	factorial-treatment	true	p01-s03-c0030	c0030	sb0002	667	wave1-simulation	p01-s03-c0030	p01-s03-c0030-v210-m010-g100-sb0002	1	100	100	10	1000	2	1	3	0.000101	101000	10100000	0.00999900999901	0.01	0.1	1e-10	true	true	0.008999108999109
wave1_h_alpha_u__c0030__sb0003__g100	wave1_h_alpha_u	H-by-alpha-by-u	factorial-treatment	true	p01-s03-c0030	c0030	sb0003	668	wave1-simulation	p01-s03-c0030	p01-s03-c0030-v210-m010-g100-sb0003	1	100	100	10	1000	2	1	3	0.000101	101000	10100000	0.00999900999901	0.01	0.1	1e-10	true	true	0.008999108999109
wave1_h_alpha_u__c0030__sb0004__g100	wave1_h_alpha_u	H-by-alpha-by-u	factorial-treatment	true	p01-s03-c0030	c0030	sb0004	669	wave1-simulation	p01-s03-c0030	p01-s03-c0030-v210-m010-g100-sb0004	1	100	100	10	1000	2	1	3	0.000101	101000	10100000	0.00999900999901	0.01	0.1	1e-10	true	true	0.008999108999109
wave1_h_alpha_u__c0030__sb0005__g100	wave1_h_alpha_u	H-by-alpha-by-u	factorial-treatment	true	p01-s03-c0030	c0030	sb0005	670	wave1-simulation	p01-s03-c0030	p01-s03-c0030-v210-m010-g100-sb0005	1	100	100	10	1000	2	1	3	0.000101	101000	10100000	0.00999900999901	0.01	0.1	1e-10	true	true	0.008999108999109
wave1_h_alpha_u__c0030__sb0006__g100	wave1_h_alpha_u	H-by-alpha-by-u	factorial-treatment	true	p01-s03-c0030	c0030	sb0006	671	wave1-simulation	p01-s03-c0030	p01-s03-c0030-v210-m010-g100-sb0006	1	100	100	10	1000	2	1	3	0.000101	101000	10100000	0.00999900999901	0.01	0.1	1e-10	true	true	0.008999108999109
wave1_h_alpha_u__c0030__sb0007__g100	wave1_h_alpha_u	H-by-alpha-by-u	factorial-treatment	true	p01-s03-c0030	c0030	sb0007	672	wave1-simulation	p01-s03-c0030	p01-s03-c0030-v210-m010-g100-sb0007	1	100	100	10	1000	2	1	3	0.000101	101000	10100000	0.00999900999901	0.01	0.1	1e-10	true	true	0.008999108999109
wave1_h_alpha_u__c0030__sb0008__g100	wave1_h_alpha_u	H-by-alpha-by-u	factorial-treatment	true	p01-s03-c0030	c0030	sb0008	673	wave1-simulation	p01-s03-c0030	p01-s03-c0030-v210-m010-g100-sb0008	1	100	100	10	1000	2	1	3	0.000101	101000	10100000	0.00999900999901	0.01	0.1	1e-10	true	true	0.008999108999109
wave1_h_alpha_u__c0030__sb0009__g100	wave1_h_alpha_u	H-by-alpha-by-u	factorial-treatment	true	p01-s03-c0030	c0030	sb0009	674	wave1-simulation	p01-s03-c0030	p01-s03-c0030-v210-m010-g100-sb0009	1	100	100	10	1000	2	1	3	0.000101	101000	10100000	0.00999900999901	0.01	0.1	1e-10	true	true	0.008999108999109
wave1_h_alpha_u__c0030__sb0010__g100	wave1_h_alpha_u	H-by-alpha-by-u	factorial-treatment	true	p01-s03-c0030	c0030	sb0010	675	wave1-simulation	p01-s03-c0030	p01-s03-c0030-v210-m010-g100-sb0010	1	100	100	10	1000	2	1	3	0.000101	101000	10100000	0.00999900999901	0.01	0.1	1e-10	true	true	0.008999108999109
wave1_h_alpha_u__c0030__sb0011__g100	wave1_h_alpha_u	H-by-alpha-by-u	factorial-treatment	true	p01-s03-c0030	c0030	sb0011	676	wave1-simulation	p01-s03-c0030	p01-s03-c0030-v210-m010-g100-sb0011	1	100	100	10	1000	2	1	3	0.000101	101000	10100000	0.00999900999901	0.01	0.1	1e-10	true	true	0.008999108999109
wave1_h_alpha_u__c0030__sb0012__g100	wave1_h_alpha_u	H-by-alpha-by-u	factorial-treatment	true	p01-s03-c0030	c0030	sb0012	677	wave1-simulation	p01-s03-c0030	p01-s03-c0030-v210-m010-g100-sb0012	1	100	100	10	1000	2	1	3	0.000101	101000	10100000	0.00999900999901	0.01	0.1	1e-10	true	true	0.008999108999109
wave1_h_alpha_u__c0031__sb0001__g100	wave1_h_alpha_u	H-by-alpha-by-u	factorial-treatment	true	p01-s03-c0031	c0031	sb0001	666	wave1-simulation	p01-s03-c0031	p01-s03-c0031-v210-m010-g100-sb0001	1	100	100	10	1000	2	1	3	0.0011111	1111100	111110000	0.0999990999991	0.1	0.1	0	false	true	0.08999918999919
wave1_h_alpha_u__c0031__sb0002__g100	wave1_h_alpha_u	H-by-alpha-by-u	factorial-treatment	true	p01-s03-c0031	c0031	sb0002	667	wave1-simulation	p01-s03-c0031	p01-s03-c0031-v210-m010-g100-sb0002	1	100	100	10	1000	2	1	3	0.0011111	1111100	111110000	0.0999990999991	0.1	0.1	0	false	true	0.08999918999919
wave1_h_alpha_u__c0031__sb0003__g100	wave1_h_alpha_u	H-by-alpha-by-u	factorial-treatment	true	p01-s03-c0031	c0031	sb0003	668	wave1-simulation	p01-s03-c0031	p01-s03-c0031-v210-m010-g100-sb0003	1	100	100	10	1000	2	1	3	0.0011111	1111100	111110000	0.0999990999991	0.1	0.1	0	false	true	0.08999918999919
wave1_h_alpha_u__c0031__sb0004__g100	wave1_h_alpha_u	H-by-alpha-by-u	factorial-treatment	true	p01-s03-c0031	c0031	sb0004	669	wave1-simulation	p01-s03-c0031	p01-s03-c0031-v210-m010-g100-sb0004	1	100	100	10	1000	2	1	3	0.0011111	1111100	111110000	0.0999990999991	0.1	0.1	0	false	true	0.08999918999919
wave1_h_alpha_u__c0031__sb0005__g100	wave1_h_alpha_u	H-by-alpha-by-u	factorial-treatment	true	p01-s03-c0031	c0031	sb0005	670	wave1-simulation	p01-s03-c0031	p01-s03-c0031-v210-m010-g100-sb0005	1	100	100	10	1000	2	1	3	0.0011111	1111100	111110000	0.0999990999991	0.1	0.1	0	false	true	0.08999918999919
wave1_h_alpha_u__c0031__sb0006__g100	wave1_h_alpha_u	H-by-alpha-by-u	factorial-treatment	true	p01-s03-c0031	c0031	sb0006	671	wave1-simulation	p01-s03-c0031	p01-s03-c0031-v210-m010-g100-sb0006	1	100	100	10	1000	2	1	3	0.0011111	1111100	111110000	0.0999990999991	0.1	0.1	0	false	true	0.08999918999919
wave1_h_alpha_u__c0031__sb0007__g100	wave1_h_alpha_u	H-by-alpha-by-u	factorial-treatment	true	p01-s03-c0031	c0031	sb0007	672	wave1-simulation	p01-s03-c0031	p01-s03-c0031-v210-m010-g100-sb0007	1	100	100	10	1000	2	1	3	0.0011111	1111100	111110000	0.0999990999991	0.1	0.1	0	false	true	0.08999918999919
wave1_h_alpha_u__c0031__sb0008__g100	wave1_h_alpha_u	H-by-alpha-by-u	factorial-treatment	true	p01-s03-c0031	c0031	sb0008	673	wave1-simulation	p01-s03-c0031	p01-s03-c0031-v210-m010-g100-sb0008	1	100	100	10	1000	2	1	3	0.0011111	1111100	111110000	0.0999990999991	0.1	0.1	0	false	true	0.08999918999919
wave1_h_alpha_u__c0031__sb0009__g100	wave1_h_alpha_u	H-by-alpha-by-u	factorial-treatment	true	p01-s03-c0031	c0031	sb0009	674	wave1-simulation	p01-s03-c0031	p01-s03-c0031-v210-m010-g100-sb0009	1	100	100	10	1000	2	1	3	0.0011111	1111100	111110000	0.0999990999991	0.1	0.1	0	false	true	0.08999918999919
wave1_h_alpha_u__c0031__sb0010__g100	wave1_h_alpha_u	H-by-alpha-by-u	factorial-treatment	true	p01-s03-c0031	c0031	sb0010	675	wave1-simulation	p01-s03-c0031	p01-s03-c0031-v210-m010-g100-sb0010	1	100	100	10	1000	2	1	3	0.0011111	1111100	111110000	0.0999990999991	0.1	0.1	0	false	true	0.08999918999919
wave1_h_alpha_u__c0031__sb0011__g100	wave1_h_alpha_u	H-by-alpha-by-u	factorial-treatment	true	p01-s03-c0031	c0031	sb0011	676	wave1-simulation	p01-s03-c0031	p01-s03-c0031-v210-m010-g100-sb0011	1	100	100	10	1000	2	1	3	0.0011111	1111100	111110000	0.0999990999991	0.1	0.1	0	false	true	0.08999918999919
wave1_h_alpha_u__c0031__sb0012__g100	wave1_h_alpha_u	H-by-alpha-by-u	factorial-treatment	true	p01-s03-c0031	c0031	sb0012	677	wave1-simulation	p01-s03-c0031	p01-s03-c0031-v210-m010-g100-sb0012	1	100	100	10	1000	2	1	3	0.0011111	1111100	111110000	0.0999990999991	0.1	0.1	0	false	true	0.08999918999919
wave1_h_alpha_u__c0032__sb0001__g100	wave1_h_alpha_u	H-by-alpha-by-u	factorial-treatment	true	p01-s03-c0032	c0032	sb0001	666	wave1-simulation	p01-s03-c0032	p01-s03-c0032-v210-m010-g100-sb0001	1	100	100	10	1000	2	1	3	0.0011111	1111100	111110000	0.0999990999991	0.1	0.1	1e-10	true	true	0.08999918999919
wave1_h_alpha_u__c0032__sb0002__g100	wave1_h_alpha_u	H-by-alpha-by-u	factorial-treatment	true	p01-s03-c0032	c0032	sb0002	667	wave1-simulation	p01-s03-c0032	p01-s03-c0032-v210-m010-g100-sb0002	1	100	100	10	1000	2	1	3	0.0011111	1111100	111110000	0.0999990999991	0.1	0.1	1e-10	true	true	0.08999918999919
wave1_h_alpha_u__c0032__sb0003__g100	wave1_h_alpha_u	H-by-alpha-by-u	factorial-treatment	true	p01-s03-c0032	c0032	sb0003	668	wave1-simulation	p01-s03-c0032	p01-s03-c0032-v210-m010-g100-sb0003	1	100	100	10	1000	2	1	3	0.0011111	1111100	111110000	0.0999990999991	0.1	0.1	1e-10	true	true	0.08999918999919
wave1_h_alpha_u__c0032__sb0004__g100	wave1_h_alpha_u	H-by-alpha-by-u	factorial-treatment	true	p01-s03-c0032	c0032	sb0004	669	wave1-simulation	p01-s03-c0032	p01-s03-c0032-v210-m010-g100-sb0004	1	100	100	10	1000	2	1	3	0.0011111	1111100	111110000	0.0999990999991	0.1	0.1	1e-10	true	true	0.08999918999919
wave1_h_alpha_u__c0032__sb0005__g100	wave1_h_alpha_u	H-by-alpha-by-u	factorial-treatment	true	p01-s03-c0032	c0032	sb0005	670	wave1-simulation	p01-s03-c0032	p01-s03-c0032-v210-m010-g100-sb0005	1	100	100	10	1000	2	1	3	0.0011111	1111100	111110000	0.0999990999991	0.1	0.1	1e-10	true	true	0.08999918999919
wave1_h_alpha_u__c0032__sb0006__g100	wave1_h_alpha_u	H-by-alpha-by-u	factorial-treatment	true	p01-s03-c0032	c0032	sb0006	671	wave1-simulation	p01-s03-c0032	p01-s03-c0032-v210-m010-g100-sb0006	1	100	100	10	1000	2	1	3	0.0011111	1111100	111110000	0.0999990999991	0.1	0.1	1e-10	true	true	0.08999918999919
wave1_h_alpha_u__c0032__sb0007__g100	wave1_h_alpha_u	H-by-alpha-by-u	factorial-treatment	true	p01-s03-c0032	c0032	sb0007	672	wave1-simulation	p01-s03-c0032	p01-s03-c0032-v210-m010-g100-sb0007	1	100	100	10	1000	2	1	3	0.0011111	1111100	111110000	0.0999990999991	0.1	0.1	1e-10	true	true	0.08999918999919
wave1_h_alpha_u__c0032__sb0008__g100	wave1_h_alpha_u	H-by-alpha-by-u	factorial-treatment	true	p01-s03-c0032	c0032	sb0008	673	wave1-simulation	p01-s03-c0032	p01-s03-c0032-v210-m010-g100-sb0008	1	100	100	10	1000	2	1	3	0.0011111	1111100	111110000	0.0999990999991	0.1	0.1	1e-10	true	true	0.08999918999919
wave1_h_alpha_u__c0032__sb0009__g100	wave1_h_alpha_u	H-by-alpha-by-u	factorial-treatment	true	p01-s03-c0032	c0032	sb0009	674	wave1-simulation	p01-s03-c0032	p01-s03-c0032-v210-m010-g100-sb0009	1	100	100	10	1000	2	1	3	0.0011111	1111100	111110000	0.0999990999991	0.1	0.1	1e-10	true	true	0.08999918999919
wave1_h_alpha_u__c0032__sb0010__g100	wave1_h_alpha_u	H-by-alpha-by-u	factorial-treatment	true	p01-s03-c0032	c0032	sb0010	675	wave1-simulation	p01-s03-c0032	p01-s03-c0032-v210-m010-g100-sb0010	1	100	100	10	1000	2	1	3	0.0011111	1111100	111110000	0.0999990999991	0.1	0.1	1e-10	true	true	0.08999918999919
wave1_h_alpha_u__c0032__sb0011__g100	wave1_h_alpha_u	H-by-alpha-by-u	factorial-treatment	true	p01-s03-c0032	c0032	sb0011	676	wave1-simulation	p01-s03-c0032	p01-s03-c0032-v210-m010-g100-sb0011	1	100	100	10	1000	2	1	3	0.0011111	1111100	111110000	0.0999990999991	0.1	0.1	1e-10	true	true	0.08999918999919
wave1_h_alpha_u__c0032__sb0012__g100	wave1_h_alpha_u	H-by-alpha-by-u	factorial-treatment	true	p01-s03-c0032	c0032	sb0012	677	wave1-simulation	p01-s03-c0032	p01-s03-c0032-v210-m010-g100-sb0012	1	100	100	10	1000	2	1	3	0.0011111	1111100	111110000	0.0999990999991	0.1	0.1	1e-10	true	true	0.08999918999919
wave1_h_alpha_u__c0033__sb0001__g100	wave1_h_alpha_u	H-by-alpha-by-u	factorial-treatment	true	p01-s03-c0033	c0033	sb0001	666	wave1-simulation	p01-s03-c0033	p01-s03-c0033-v210-m010-g100-sb0001	1	100	100	10	1000	2	1	3	0.99	990000000	99000000000	0.99	0.99	0.1	0	false	true	0.891
wave1_h_alpha_u__c0033__sb0002__g100	wave1_h_alpha_u	H-by-alpha-by-u	factorial-treatment	true	p01-s03-c0033	c0033	sb0002	667	wave1-simulation	p01-s03-c0033	p01-s03-c0033-v210-m010-g100-sb0002	1	100	100	10	1000	2	1	3	0.99	990000000	99000000000	0.99	0.99	0.1	0	false	true	0.891
wave1_h_alpha_u__c0033__sb0003__g100	wave1_h_alpha_u	H-by-alpha-by-u	factorial-treatment	true	p01-s03-c0033	c0033	sb0003	668	wave1-simulation	p01-s03-c0033	p01-s03-c0033-v210-m010-g100-sb0003	1	100	100	10	1000	2	1	3	0.99	990000000	99000000000	0.99	0.99	0.1	0	false	true	0.891
wave1_h_alpha_u__c0033__sb0004__g100	wave1_h_alpha_u	H-by-alpha-by-u	factorial-treatment	true	p01-s03-c0033	c0033	sb0004	669	wave1-simulation	p01-s03-c0033	p01-s03-c0033-v210-m010-g100-sb0004	1	100	100	10	1000	2	1	3	0.99	990000000	99000000000	0.99	0.99	0.1	0	false	true	0.891
wave1_h_alpha_u__c0033__sb0005__g100	wave1_h_alpha_u	H-by-alpha-by-u	factorial-treatment	true	p01-s03-c0033	c0033	sb0005	670	wave1-simulation	p01-s03-c0033	p01-s03-c0033-v210-m010-g100-sb0005	1	100	100	10	1000	2	1	3	0.99	990000000	99000000000	0.99	0.99	0.1	0	false	true	0.891
wave1_h_alpha_u__c0033__sb0006__g100	wave1_h_alpha_u	H-by-alpha-by-u	factorial-treatment	true	p01-s03-c0033	c0033	sb0006	671	wave1-simulation	p01-s03-c0033	p01-s03-c0033-v210-m010-g100-sb0006	1	100	100	10	1000	2	1	3	0.99	990000000	99000000000	0.99	0.99	0.1	0	false	true	0.891
wave1_h_alpha_u__c0033__sb0007__g100	wave1_h_alpha_u	H-by-alpha-by-u	factorial-treatment	true	p01-s03-c0033	c0033	sb0007	672	wave1-simulation	p01-s03-c0033	p01-s03-c0033-v210-m010-g100-sb0007	1	100	100	10	1000	2	1	3	0.99	990000000	99000000000	0.99	0.99	0.1	0	false	true	0.891
wave1_h_alpha_u__c0033__sb0008__g100	wave1_h_alpha_u	H-by-alpha-by-u	factorial-treatment	true	p01-s03-c0033	c0033	sb0008	673	wave1-simulation	p01-s03-c0033	p01-s03-c0033-v210-m010-g100-sb0008	1	100	100	10	1000	2	1	3	0.99	990000000	99000000000	0.99	0.99	0.1	0	false	true	0.891
wave1_h_alpha_u__c0033__sb0009__g100	wave1_h_alpha_u	H-by-alpha-by-u	factorial-treatment	true	p01-s03-c0033	c0033	sb0009	674	wave1-simulation	p01-s03-c0033	p01-s03-c0033-v210-m010-g100-sb0009	1	100	100	10	1000	2	1	3	0.99	990000000	99000000000	0.99	0.99	0.1	0	false	true	0.891
wave1_h_alpha_u__c0033__sb0010__g100	wave1_h_alpha_u	H-by-alpha-by-u	factorial-treatment	true	p01-s03-c0033	c0033	sb0010	675	wave1-simulation	p01-s03-c0033	p01-s03-c0033-v210-m010-g100-sb0010	1	100	100	10	1000	2	1	3	0.99	990000000	99000000000	0.99	0.99	0.1	0	false	true	0.891
wave1_h_alpha_u__c0033__sb0011__g100	wave1_h_alpha_u	H-by-alpha-by-u	factorial-treatment	true	p01-s03-c0033	c0033	sb0011	676	wave1-simulation	p01-s03-c0033	p01-s03-c0033-v210-m010-g100-sb0011	1	100	100	10	1000	2	1	3	0.99	990000000	99000000000	0.99	0.99	0.1	0	false	true	0.891
wave1_h_alpha_u__c0033__sb0012__g100	wave1_h_alpha_u	H-by-alpha-by-u	factorial-treatment	true	p01-s03-c0033	c0033	sb0012	677	wave1-simulation	p01-s03-c0033	p01-s03-c0033-v210-m010-g100-sb0012	1	100	100	10	1000	2	1	3	0.99	990000000	99000000000	0.99	0.99	0.1	0	false	true	0.891
wave1_h_alpha_u__c0034__sb0001__g100	wave1_h_alpha_u	H-by-alpha-by-u	factorial-treatment	true	p01-s03-c0034	c0034	sb0001	666	wave1-simulation	p01-s03-c0034	p01-s03-c0034-v210-m010-g100-sb0001	1	100	100	10	1000	2	1	3	0.99	990000000	99000000000	0.99	0.99	0.1	1e-10	true	true	0.891
wave1_h_alpha_u__c0034__sb0002__g100	wave1_h_alpha_u	H-by-alpha-by-u	factorial-treatment	true	p01-s03-c0034	c0034	sb0002	667	wave1-simulation	p01-s03-c0034	p01-s03-c0034-v210-m010-g100-sb0002	1	100	100	10	1000	2	1	3	0.99	990000000	99000000000	0.99	0.99	0.1	1e-10	true	true	0.891
wave1_h_alpha_u__c0034__sb0003__g100	wave1_h_alpha_u	H-by-alpha-by-u	factorial-treatment	true	p01-s03-c0034	c0034	sb0003	668	wave1-simulation	p01-s03-c0034	p01-s03-c0034-v210-m010-g100-sb0003	1	100	100	10	1000	2	1	3	0.99	990000000	99000000000	0.99	0.99	0.1	1e-10	true	true	0.891
wave1_h_alpha_u__c0034__sb0004__g100	wave1_h_alpha_u	H-by-alpha-by-u	factorial-treatment	true	p01-s03-c0034	c0034	sb0004	669	wave1-simulation	p01-s03-c0034	p01-s03-c0034-v210-m010-g100-sb0004	1	100	100	10	1000	2	1	3	0.99	990000000	99000000000	0.99	0.99	0.1	1e-10	true	true	0.891
wave1_h_alpha_u__c0034__sb0005__g100	wave1_h_alpha_u	H-by-alpha-by-u	factorial-treatment	true	p01-s03-c0034	c0034	sb0005	670	wave1-simulation	p01-s03-c0034	p01-s03-c0034-v210-m010-g100-sb0005	1	100	100	10	1000	2	1	3	0.99	990000000	99000000000	0.99	0.99	0.1	1e-10	true	true	0.891
wave1_h_alpha_u__c0034__sb0006__g100	wave1_h_alpha_u	H-by-alpha-by-u	factorial-treatment	true	p01-s03-c0034	c0034	sb0006	671	wave1-simulation	p01-s03-c0034	p01-s03-c0034-v210-m010-g100-sb0006	1	100	100	10	1000	2	1	3	0.99	990000000	99000000000	0.99	0.99	0.1	1e-10	true	true	0.891
wave1_h_alpha_u__c0034__sb0007__g100	wave1_h_alpha_u	H-by-alpha-by-u	factorial-treatment	true	p01-s03-c0034	c0034	sb0007	672	wave1-simulation	p01-s03-c0034	p01-s03-c0034-v210-m010-g100-sb0007	1	100	100	10	1000	2	1	3	0.99	990000000	99000000000	0.99	0.99	0.1	1e-10	true	true	0.891
wave1_h_alpha_u__c0034__sb0008__g100	wave1_h_alpha_u	H-by-alpha-by-u	factorial-treatment	true	p01-s03-c0034	c0034	sb0008	673	wave1-simulation	p01-s03-c0034	p01-s03-c0034-v210-m010-g100-sb0008	1	100	100	10	1000	2	1	3	0.99	990000000	99000000000	0.99	0.99	0.1	1e-10	true	true	0.891
wave1_h_alpha_u__c0034__sb0009__g100	wave1_h_alpha_u	H-by-alpha-by-u	factorial-treatment	true	p01-s03-c0034	c0034	sb0009	674	wave1-simulation	p01-s03-c0034	p01-s03-c0034-v210-m010-g100-sb0009	1	100	100	10	1000	2	1	3	0.99	990000000	99000000000	0.99	0.99	0.1	1e-10	true	true	0.891
wave1_h_alpha_u__c0034__sb0010__g100	wave1_h_alpha_u	H-by-alpha-by-u	factorial-treatment	true	p01-s03-c0034	c0034	sb0010	675	wave1-simulation	p01-s03-c0034	p01-s03-c0034-v210-m010-g100-sb0010	1	100	100	10	1000	2	1	3	0.99	990000000	99000000000	0.99	0.99	0.1	1e-10	true	true	0.891
wave1_h_alpha_u__c0034__sb0011__g100	wave1_h_alpha_u	H-by-alpha-by-u	factorial-treatment	true	p01-s03-c0034	c0034	sb0011	676	wave1-simulation	p01-s03-c0034	p01-s03-c0034-v210-m010-g100-sb0011	1	100	100	10	1000	2	1	3	0.99	990000000	99000000000	0.99	0.99	0.1	1e-10	true	true	0.891
wave1_h_alpha_u__c0034__sb0012__g100	wave1_h_alpha_u	H-by-alpha-by-u	factorial-treatment	true	p01-s03-c0034	c0034	sb0012	677	wave1-simulation	p01-s03-c0034	p01-s03-c0034-v210-m010-g100-sb0012	1	100	100	10	1000	2	1	3	0.99	990000000	99000000000	0.99	0.99	0.1	1e-10	true	true	0.891
wave1_h_alpha_u__c0035__sb0001__g100	wave1_h_alpha_u	H-by-alpha-by-u	factorial-treatment	true	p01-s03-c0035	c0035	sb0001	666	wave1-simulation	p01-s03-c0035	p01-s03-c0035-v210-m010-g100-sb0001	1	100	1000	10	10000	3	1	4	1e-06	1000	1000000	0.000999000999001	0.001	0.1	0	false	true	0.0008991008991009
wave1_h_alpha_u__c0035__sb0002__g100	wave1_h_alpha_u	H-by-alpha-by-u	factorial-treatment	true	p01-s03-c0035	c0035	sb0002	667	wave1-simulation	p01-s03-c0035	p01-s03-c0035-v210-m010-g100-sb0002	1	100	1000	10	10000	3	1	4	1e-06	1000	1000000	0.000999000999001	0.001	0.1	0	false	true	0.0008991008991009
wave1_h_alpha_u__c0035__sb0003__g100	wave1_h_alpha_u	H-by-alpha-by-u	factorial-treatment	true	p01-s03-c0035	c0035	sb0003	668	wave1-simulation	p01-s03-c0035	p01-s03-c0035-v210-m010-g100-sb0003	1	100	1000	10	10000	3	1	4	1e-06	1000	1000000	0.000999000999001	0.001	0.1	0	false	true	0.0008991008991009
wave1_h_alpha_u__c0035__sb0004__g100	wave1_h_alpha_u	H-by-alpha-by-u	factorial-treatment	true	p01-s03-c0035	c0035	sb0004	669	wave1-simulation	p01-s03-c0035	p01-s03-c0035-v210-m010-g100-sb0004	1	100	1000	10	10000	3	1	4	1e-06	1000	1000000	0.000999000999001	0.001	0.1	0	false	true	0.0008991008991009
wave1_h_alpha_u__c0035__sb0005__g100	wave1_h_alpha_u	H-by-alpha-by-u	factorial-treatment	true	p01-s03-c0035	c0035	sb0005	670	wave1-simulation	p01-s03-c0035	p01-s03-c0035-v210-m010-g100-sb0005	1	100	1000	10	10000	3	1	4	1e-06	1000	1000000	0.000999000999001	0.001	0.1	0	false	true	0.0008991008991009
wave1_h_alpha_u__c0035__sb0006__g100	wave1_h_alpha_u	H-by-alpha-by-u	factorial-treatment	true	p01-s03-c0035	c0035	sb0006	671	wave1-simulation	p01-s03-c0035	p01-s03-c0035-v210-m010-g100-sb0006	1	100	1000	10	10000	3	1	4	1e-06	1000	1000000	0.000999000999001	0.001	0.1	0	false	true	0.0008991008991009
wave1_h_alpha_u__c0035__sb0007__g100	wave1_h_alpha_u	H-by-alpha-by-u	factorial-treatment	true	p01-s03-c0035	c0035	sb0007	672	wave1-simulation	p01-s03-c0035	p01-s03-c0035-v210-m010-g100-sb0007	1	100	1000	10	10000	3	1	4	1e-06	1000	1000000	0.000999000999001	0.001	0.1	0	false	true	0.0008991008991009
wave1_h_alpha_u__c0035__sb0008__g100	wave1_h_alpha_u	H-by-alpha-by-u	factorial-treatment	true	p01-s03-c0035	c0035	sb0008	673	wave1-simulation	p01-s03-c0035	p01-s03-c0035-v210-m010-g100-sb0008	1	100	1000	10	10000	3	1	4	1e-06	1000	1000000	0.000999000999001	0.001	0.1	0	false	true	0.0008991008991009
wave1_h_alpha_u__c0035__sb0009__g100	wave1_h_alpha_u	H-by-alpha-by-u	factorial-treatment	true	p01-s03-c0035	c0035	sb0009	674	wave1-simulation	p01-s03-c0035	p01-s03-c0035-v210-m010-g100-sb0009	1	100	1000	10	10000	3	1	4	1e-06	1000	1000000	0.000999000999001	0.001	0.1	0	false	true	0.0008991008991009
wave1_h_alpha_u__c0035__sb0010__g100	wave1_h_alpha_u	H-by-alpha-by-u	factorial-treatment	true	p01-s03-c0035	c0035	sb0010	675	wave1-simulation	p01-s03-c0035	p01-s03-c0035-v210-m010-g100-sb0010	1	100	1000	10	10000	3	1	4	1e-06	1000	1000000	0.000999000999001	0.001	0.1	0	false	true	0.0008991008991009
wave1_h_alpha_u__c0035__sb0011__g100	wave1_h_alpha_u	H-by-alpha-by-u	factorial-treatment	true	p01-s03-c0035	c0035	sb0011	676	wave1-simulation	p01-s03-c0035	p01-s03-c0035-v210-m010-g100-sb0011	1	100	1000	10	10000	3	1	4	1e-06	1000	1000000	0.000999000999001	0.001	0.1	0	false	true	0.0008991008991009
wave1_h_alpha_u__c0035__sb0012__g100	wave1_h_alpha_u	H-by-alpha-by-u	factorial-treatment	true	p01-s03-c0035	c0035	sb0012	677	wave1-simulation	p01-s03-c0035	p01-s03-c0035-v210-m010-g100-sb0012	1	100	1000	10	10000	3	1	4	1e-06	1000	1000000	0.000999000999001	0.001	0.1	0	false	true	0.0008991008991009
wave1_h_alpha_u__c0036__sb0001__g100	wave1_h_alpha_u	H-by-alpha-by-u	factorial-treatment	true	p01-s03-c0036	c0036	sb0001	666	wave1-simulation	p01-s03-c0036	p01-s03-c0036-v210-m010-g100-sb0001	1	100	1000	10	10000	3	1	4	1e-06	1000	1000000	0.000999000999001	0.001	0.1	1e-10	true	true	0.0008991008991009
wave1_h_alpha_u__c0036__sb0002__g100	wave1_h_alpha_u	H-by-alpha-by-u	factorial-treatment	true	p01-s03-c0036	c0036	sb0002	667	wave1-simulation	p01-s03-c0036	p01-s03-c0036-v210-m010-g100-sb0002	1	100	1000	10	10000	3	1	4	1e-06	1000	1000000	0.000999000999001	0.001	0.1	1e-10	true	true	0.0008991008991009
wave1_h_alpha_u__c0036__sb0003__g100	wave1_h_alpha_u	H-by-alpha-by-u	factorial-treatment	true	p01-s03-c0036	c0036	sb0003	668	wave1-simulation	p01-s03-c0036	p01-s03-c0036-v210-m010-g100-sb0003	1	100	1000	10	10000	3	1	4	1e-06	1000	1000000	0.000999000999001	0.001	0.1	1e-10	true	true	0.0008991008991009
wave1_h_alpha_u__c0036__sb0004__g100	wave1_h_alpha_u	H-by-alpha-by-u	factorial-treatment	true	p01-s03-c0036	c0036	sb0004	669	wave1-simulation	p01-s03-c0036	p01-s03-c0036-v210-m010-g100-sb0004	1	100	1000	10	10000	3	1	4	1e-06	1000	1000000	0.000999000999001	0.001	0.1	1e-10	true	true	0.0008991008991009
wave1_h_alpha_u__c0036__sb0005__g100	wave1_h_alpha_u	H-by-alpha-by-u	factorial-treatment	true	p01-s03-c0036	c0036	sb0005	670	wave1-simulation	p01-s03-c0036	p01-s03-c0036-v210-m010-g100-sb0005	1	100	1000	10	10000	3	1	4	1e-06	1000	1000000	0.000999000999001	0.001	0.1	1e-10	true	true	0.0008991008991009
wave1_h_alpha_u__c0036__sb0006__g100	wave1_h_alpha_u	H-by-alpha-by-u	factorial-treatment	true	p01-s03-c0036	c0036	sb0006	671	wave1-simulation	p01-s03-c0036	p01-s03-c0036-v210-m010-g100-sb0006	1	100	1000	10	10000	3	1	4	1e-06	1000	1000000	0.000999000999001	0.001	0.1	1e-10	true	true	0.0008991008991009
wave1_h_alpha_u__c0036__sb0007__g100	wave1_h_alpha_u	H-by-alpha-by-u	factorial-treatment	true	p01-s03-c0036	c0036	sb0007	672	wave1-simulation	p01-s03-c0036	p01-s03-c0036-v210-m010-g100-sb0007	1	100	1000	10	10000	3	1	4	1e-06	1000	1000000	0.000999000999001	0.001	0.1	1e-10	true	true	0.0008991008991009
wave1_h_alpha_u__c0036__sb0008__g100	wave1_h_alpha_u	H-by-alpha-by-u	factorial-treatment	true	p01-s03-c0036	c0036	sb0008	673	wave1-simulation	p01-s03-c0036	p01-s03-c0036-v210-m010-g100-sb0008	1	100	1000	10	10000	3	1	4	1e-06	1000	1000000	0.000999000999001	0.001	0.1	1e-10	true	true	0.0008991008991009
wave1_h_alpha_u__c0036__sb0009__g100	wave1_h_alpha_u	H-by-alpha-by-u	factorial-treatment	true	p01-s03-c0036	c0036	sb0009	674	wave1-simulation	p01-s03-c0036	p01-s03-c0036-v210-m010-g100-sb0009	1	100	1000	10	10000	3	1	4	1e-06	1000	1000000	0.000999000999001	0.001	0.1	1e-10	true	true	0.0008991008991009
wave1_h_alpha_u__c0036__sb0010__g100	wave1_h_alpha_u	H-by-alpha-by-u	factorial-treatment	true	p01-s03-c0036	c0036	sb0010	675	wave1-simulation	p01-s03-c0036	p01-s03-c0036-v210-m010-g100-sb0010	1	100	1000	10	10000	3	1	4	1e-06	1000	1000000	0.000999000999001	0.001	0.1	1e-10	true	true	0.0008991008991009
wave1_h_alpha_u__c0036__sb0011__g100	wave1_h_alpha_u	H-by-alpha-by-u	factorial-treatment	true	p01-s03-c0036	c0036	sb0011	676	wave1-simulation	p01-s03-c0036	p01-s03-c0036-v210-m010-g100-sb0011	1	100	1000	10	10000	3	1	4	1e-06	1000	1000000	0.000999000999001	0.001	0.1	1e-10	true	true	0.0008991008991009
wave1_h_alpha_u__c0036__sb0012__g100	wave1_h_alpha_u	H-by-alpha-by-u	factorial-treatment	true	p01-s03-c0036	c0036	sb0012	677	wave1-simulation	p01-s03-c0036	p01-s03-c0036-v210-m010-g100-sb0012	1	100	1000	10	10000	3	1	4	1e-06	1000	1000000	0.000999000999001	0.001	0.1	1e-10	true	true	0.0008991008991009
wave1_h_alpha_u__c0037__sb0001__g100	wave1_h_alpha_u	H-by-alpha-by-u	factorial-treatment	true	p01-s03-c0037	c0037	sb0001	666	wave1-simulation	p01-s03-c0037	p01-s03-c0037-v210-m010-g100-sb0001	2	100	1000	10	10000	3	1	4	1.01e-05	10100	10100000	0.00999900999901	0.01	0.1	0	false	true	0.008999108999109
wave1_h_alpha_u__c0037__sb0002__g100	wave1_h_alpha_u	H-by-alpha-by-u	factorial-treatment	true	p01-s03-c0037	c0037	sb0002	667	wave1-simulation	p01-s03-c0037	p01-s03-c0037-v210-m010-g100-sb0002	2	100	1000	10	10000	3	1	4	1.01e-05	10100	10100000	0.00999900999901	0.01	0.1	0	false	true	0.008999108999109
wave1_h_alpha_u__c0037__sb0003__g100	wave1_h_alpha_u	H-by-alpha-by-u	factorial-treatment	true	p01-s03-c0037	c0037	sb0003	668	wave1-simulation	p01-s03-c0037	p01-s03-c0037-v210-m010-g100-sb0003	2	100	1000	10	10000	3	1	4	1.01e-05	10100	10100000	0.00999900999901	0.01	0.1	0	false	true	0.008999108999109
wave1_h_alpha_u__c0037__sb0004__g100	wave1_h_alpha_u	H-by-alpha-by-u	factorial-treatment	true	p01-s03-c0037	c0037	sb0004	669	wave1-simulation	p01-s03-c0037	p01-s03-c0037-v210-m010-g100-sb0004	2	100	1000	10	10000	3	1	4	1.01e-05	10100	10100000	0.00999900999901	0.01	0.1	0	false	true	0.008999108999109
wave1_h_alpha_u__c0037__sb0005__g100	wave1_h_alpha_u	H-by-alpha-by-u	factorial-treatment	true	p01-s03-c0037	c0037	sb0005	670	wave1-simulation	p01-s03-c0037	p01-s03-c0037-v210-m010-g100-sb0005	2	100	1000	10	10000	3	1	4	1.01e-05	10100	10100000	0.00999900999901	0.01	0.1	0	false	true	0.008999108999109
wave1_h_alpha_u__c0037__sb0006__g100	wave1_h_alpha_u	H-by-alpha-by-u	factorial-treatment	true	p01-s03-c0037	c0037	sb0006	671	wave1-simulation	p01-s03-c0037	p01-s03-c0037-v210-m010-g100-sb0006	2	100	1000	10	10000	3	1	4	1.01e-05	10100	10100000	0.00999900999901	0.01	0.1	0	false	true	0.008999108999109
wave1_h_alpha_u__c0037__sb0007__g100	wave1_h_alpha_u	H-by-alpha-by-u	factorial-treatment	true	p01-s03-c0037	c0037	sb0007	672	wave1-simulation	p01-s03-c0037	p01-s03-c0037-v210-m010-g100-sb0007	2	100	1000	10	10000	3	1	4	1.01e-05	10100	10100000	0.00999900999901	0.01	0.1	0	false	true	0.008999108999109
wave1_h_alpha_u__c0037__sb0008__g100	wave1_h_alpha_u	H-by-alpha-by-u	factorial-treatment	true	p01-s03-c0037	c0037	sb0008	673	wave1-simulation	p01-s03-c0037	p01-s03-c0037-v210-m010-g100-sb0008	2	100	1000	10	10000	3	1	4	1.01e-05	10100	10100000	0.00999900999901	0.01	0.1	0	false	true	0.008999108999109
wave1_h_alpha_u__c0037__sb0009__g100	wave1_h_alpha_u	H-by-alpha-by-u	factorial-treatment	true	p01-s03-c0037	c0037	sb0009	674	wave1-simulation	p01-s03-c0037	p01-s03-c0037-v210-m010-g100-sb0009	2	100	1000	10	10000	3	1	4	1.01e-05	10100	10100000	0.00999900999901	0.01	0.1	0	false	true	0.008999108999109
wave1_h_alpha_u__c0037__sb0010__g100	wave1_h_alpha_u	H-by-alpha-by-u	factorial-treatment	true	p01-s03-c0037	c0037	sb0010	675	wave1-simulation	p01-s03-c0037	p01-s03-c0037-v210-m010-g100-sb0010	2	100	1000	10	10000	3	1	4	1.01e-05	10100	10100000	0.00999900999901	0.01	0.1	0	false	true	0.008999108999109
wave1_h_alpha_u__c0037__sb0011__g100	wave1_h_alpha_u	H-by-alpha-by-u	factorial-treatment	true	p01-s03-c0037	c0037	sb0011	676	wave1-simulation	p01-s03-c0037	p01-s03-c0037-v210-m010-g100-sb0011	2	100	1000	10	10000	3	1	4	1.01e-05	10100	10100000	0.00999900999901	0.01	0.1	0	false	true	0.008999108999109
wave1_h_alpha_u__c0037__sb0012__g100	wave1_h_alpha_u	H-by-alpha-by-u	factorial-treatment	true	p01-s03-c0037	c0037	sb0012	677	wave1-simulation	p01-s03-c0037	p01-s03-c0037-v210-m010-g100-sb0012	2	100	1000	10	10000	3	1	4	1.01e-05	10100	10100000	0.00999900999901	0.01	0.1	0	false	true	0.008999108999109
wave1_h_alpha_u__c0038__sb0001__g100	wave1_h_alpha_u	H-by-alpha-by-u	factorial-treatment	true	p01-s03-c0038	c0038	sb0001	666	wave1-simulation	p01-s03-c0038	p01-s03-c0038-v210-m010-g100-sb0001	1	100	1000	10	10000	3	1	4	1.01e-05	10100	10100000	0.00999900999901	0.01	0.1	1e-10	true	true	0.008999108999109
wave1_h_alpha_u__c0038__sb0002__g100	wave1_h_alpha_u	H-by-alpha-by-u	factorial-treatment	true	p01-s03-c0038	c0038	sb0002	667	wave1-simulation	p01-s03-c0038	p01-s03-c0038-v210-m010-g100-sb0002	1	100	1000	10	10000	3	1	4	1.01e-05	10100	10100000	0.00999900999901	0.01	0.1	1e-10	true	true	0.008999108999109
wave1_h_alpha_u__c0038__sb0003__g100	wave1_h_alpha_u	H-by-alpha-by-u	factorial-treatment	true	p01-s03-c0038	c0038	sb0003	668	wave1-simulation	p01-s03-c0038	p01-s03-c0038-v210-m010-g100-sb0003	1	100	1000	10	10000	3	1	4	1.01e-05	10100	10100000	0.00999900999901	0.01	0.1	1e-10	true	true	0.008999108999109
wave1_h_alpha_u__c0038__sb0004__g100	wave1_h_alpha_u	H-by-alpha-by-u	factorial-treatment	true	p01-s03-c0038	c0038	sb0004	669	wave1-simulation	p01-s03-c0038	p01-s03-c0038-v210-m010-g100-sb0004	1	100	1000	10	10000	3	1	4	1.01e-05	10100	10100000	0.00999900999901	0.01	0.1	1e-10	true	true	0.008999108999109
wave1_h_alpha_u__c0038__sb0005__g100	wave1_h_alpha_u	H-by-alpha-by-u	factorial-treatment	true	p01-s03-c0038	c0038	sb0005	670	wave1-simulation	p01-s03-c0038	p01-s03-c0038-v210-m010-g100-sb0005	1	100	1000	10	10000	3	1	4	1.01e-05	10100	10100000	0.00999900999901	0.01	0.1	1e-10	true	true	0.008999108999109
wave1_h_alpha_u__c0038__sb0006__g100	wave1_h_alpha_u	H-by-alpha-by-u	factorial-treatment	true	p01-s03-c0038	c0038	sb0006	671	wave1-simulation	p01-s03-c0038	p01-s03-c0038-v210-m010-g100-sb0006	1	100	1000	10	10000	3	1	4	1.01e-05	10100	10100000	0.00999900999901	0.01	0.1	1e-10	true	true	0.008999108999109
wave1_h_alpha_u__c0038__sb0007__g100	wave1_h_alpha_u	H-by-alpha-by-u	factorial-treatment	true	p01-s03-c0038	c0038	sb0007	672	wave1-simulation	p01-s03-c0038	p01-s03-c0038-v210-m010-g100-sb0007	1	100	1000	10	10000	3	1	4	1.01e-05	10100	10100000	0.00999900999901	0.01	0.1	1e-10	true	true	0.008999108999109
wave1_h_alpha_u__c0038__sb0008__g100	wave1_h_alpha_u	H-by-alpha-by-u	factorial-treatment	true	p01-s03-c0038	c0038	sb0008	673	wave1-simulation	p01-s03-c0038	p01-s03-c0038-v210-m010-g100-sb0008	1	100	1000	10	10000	3	1	4	1.01e-05	10100	10100000	0.00999900999901	0.01	0.1	1e-10	true	true	0.008999108999109
wave1_h_alpha_u__c0038__sb0009__g100	wave1_h_alpha_u	H-by-alpha-by-u	factorial-treatment	true	p01-s03-c0038	c0038	sb0009	674	wave1-simulation	p01-s03-c0038	p01-s03-c0038-v210-m010-g100-sb0009	1	100	1000	10	10000	3	1	4	1.01e-05	10100	10100000	0.00999900999901	0.01	0.1	1e-10	true	true	0.008999108999109
wave1_h_alpha_u__c0038__sb0010__g100	wave1_h_alpha_u	H-by-alpha-by-u	factorial-treatment	true	p01-s03-c0038	c0038	sb0010	675	wave1-simulation	p01-s03-c0038	p01-s03-c0038-v210-m010-g100-sb0010	1	100	1000	10	10000	3	1	4	1.01e-05	10100	10100000	0.00999900999901	0.01	0.1	1e-10	true	true	0.008999108999109
wave1_h_alpha_u__c0038__sb0011__g100	wave1_h_alpha_u	H-by-alpha-by-u	factorial-treatment	true	p01-s03-c0038	c0038	sb0011	676	wave1-simulation	p01-s03-c0038	p01-s03-c0038-v210-m010-g100-sb0011	1	100	1000	10	10000	3	1	4	1.01e-05	10100	10100000	0.00999900999901	0.01	0.1	1e-10	true	true	0.008999108999109
wave1_h_alpha_u__c0038__sb0012__g100	wave1_h_alpha_u	H-by-alpha-by-u	factorial-treatment	true	p01-s03-c0038	c0038	sb0012	677	wave1-simulation	p01-s03-c0038	p01-s03-c0038-v210-m010-g100-sb0012	1	100	1000	10	10000	3	1	4	1.01e-05	10100	10100000	0.00999900999901	0.01	0.1	1e-10	true	true	0.008999108999109
wave1_h_alpha_u__c0039__sb0001__g100	wave1_h_alpha_u	H-by-alpha-by-u	factorial-treatment	true	p01-s03-c0039	c0039	sb0001	666	wave1-simulation	p01-s03-c0039	p01-s03-c0039-v210-m010-g100-sb0001	2	100	1000	10	10000	3	1	4	0.00011111	111110	111110000	0.0999990999991	0.1	0.1	0	false	true	0.08999918999919
wave1_h_alpha_u__c0039__sb0002__g100	wave1_h_alpha_u	H-by-alpha-by-u	factorial-treatment	true	p01-s03-c0039	c0039	sb0002	667	wave1-simulation	p01-s03-c0039	p01-s03-c0039-v210-m010-g100-sb0002	2	100	1000	10	10000	3	1	4	0.00011111	111110	111110000	0.0999990999991	0.1	0.1	0	false	true	0.08999918999919
wave1_h_alpha_u__c0039__sb0003__g100	wave1_h_alpha_u	H-by-alpha-by-u	factorial-treatment	true	p01-s03-c0039	c0039	sb0003	668	wave1-simulation	p01-s03-c0039	p01-s03-c0039-v210-m010-g100-sb0003	2	100	1000	10	10000	3	1	4	0.00011111	111110	111110000	0.0999990999991	0.1	0.1	0	false	true	0.08999918999919
wave1_h_alpha_u__c0039__sb0004__g100	wave1_h_alpha_u	H-by-alpha-by-u	factorial-treatment	true	p01-s03-c0039	c0039	sb0004	669	wave1-simulation	p01-s03-c0039	p01-s03-c0039-v210-m010-g100-sb0004	2	100	1000	10	10000	3	1	4	0.00011111	111110	111110000	0.0999990999991	0.1	0.1	0	false	true	0.08999918999919
wave1_h_alpha_u__c0039__sb0005__g100	wave1_h_alpha_u	H-by-alpha-by-u	factorial-treatment	true	p01-s03-c0039	c0039	sb0005	670	wave1-simulation	p01-s03-c0039	p01-s03-c0039-v210-m010-g100-sb0005	2	100	1000	10	10000	3	1	4	0.00011111	111110	111110000	0.0999990999991	0.1	0.1	0	false	true	0.08999918999919
wave1_h_alpha_u__c0039__sb0006__g100	wave1_h_alpha_u	H-by-alpha-by-u	factorial-treatment	true	p01-s03-c0039	c0039	sb0006	671	wave1-simulation	p01-s03-c0039	p01-s03-c0039-v210-m010-g100-sb0006	2	100	1000	10	10000	3	1	4	0.00011111	111110	111110000	0.0999990999991	0.1	0.1	0	false	true	0.08999918999919
wave1_h_alpha_u__c0039__sb0007__g100	wave1_h_alpha_u	H-by-alpha-by-u	factorial-treatment	true	p01-s03-c0039	c0039	sb0007	672	wave1-simulation	p01-s03-c0039	p01-s03-c0039-v210-m010-g100-sb0007	2	100	1000	10	10000	3	1	4	0.00011111	111110	111110000	0.0999990999991	0.1	0.1	0	false	true	0.08999918999919
wave1_h_alpha_u__c0039__sb0008__g100	wave1_h_alpha_u	H-by-alpha-by-u	factorial-treatment	true	p01-s03-c0039	c0039	sb0008	673	wave1-simulation	p01-s03-c0039	p01-s03-c0039-v210-m010-g100-sb0008	2	100	1000	10	10000	3	1	4	0.00011111	111110	111110000	0.0999990999991	0.1	0.1	0	false	true	0.08999918999919
wave1_h_alpha_u__c0039__sb0009__g100	wave1_h_alpha_u	H-by-alpha-by-u	factorial-treatment	true	p01-s03-c0039	c0039	sb0009	674	wave1-simulation	p01-s03-c0039	p01-s03-c0039-v210-m010-g100-sb0009	2	100	1000	10	10000	3	1	4	0.00011111	111110	111110000	0.0999990999991	0.1	0.1	0	false	true	0.08999918999919
wave1_h_alpha_u__c0039__sb0010__g100	wave1_h_alpha_u	H-by-alpha-by-u	factorial-treatment	true	p01-s03-c0039	c0039	sb0010	675	wave1-simulation	p01-s03-c0039	p01-s03-c0039-v210-m010-g100-sb0010	2	100	1000	10	10000	3	1	4	0.00011111	111110	111110000	0.0999990999991	0.1	0.1	0	false	true	0.08999918999919
wave1_h_alpha_u__c0039__sb0011__g100	wave1_h_alpha_u	H-by-alpha-by-u	factorial-treatment	true	p01-s03-c0039	c0039	sb0011	676	wave1-simulation	p01-s03-c0039	p01-s03-c0039-v210-m010-g100-sb0011	2	100	1000	10	10000	3	1	4	0.00011111	111110	111110000	0.0999990999991	0.1	0.1	0	false	true	0.08999918999919
wave1_h_alpha_u__c0039__sb0012__g100	wave1_h_alpha_u	H-by-alpha-by-u	factorial-treatment	true	p01-s03-c0039	c0039	sb0012	677	wave1-simulation	p01-s03-c0039	p01-s03-c0039-v210-m010-g100-sb0012	2	100	1000	10	10000	3	1	4	0.00011111	111110	111110000	0.0999990999991	0.1	0.1	0	false	true	0.08999918999919
wave1_h_alpha_u__c0040__sb0001__g100	wave1_h_alpha_u	H-by-alpha-by-u	factorial-treatment	true	p01-s03-c0040	c0040	sb0001	666	wave1-simulation	p01-s03-c0040	p01-s03-c0040-v210-m010-g100-sb0001	1	100	1000	10	10000	3	1	4	0.00011111	111110	111110000	0.0999990999991	0.1	0.1	1e-10	true	true	0.08999918999919
wave1_h_alpha_u__c0040__sb0002__g100	wave1_h_alpha_u	H-by-alpha-by-u	factorial-treatment	true	p01-s03-c0040	c0040	sb0002	667	wave1-simulation	p01-s03-c0040	p01-s03-c0040-v210-m010-g100-sb0002	1	100	1000	10	10000	3	1	4	0.00011111	111110	111110000	0.0999990999991	0.1	0.1	1e-10	true	true	0.08999918999919
wave1_h_alpha_u__c0040__sb0003__g100	wave1_h_alpha_u	H-by-alpha-by-u	factorial-treatment	true	p01-s03-c0040	c0040	sb0003	668	wave1-simulation	p01-s03-c0040	p01-s03-c0040-v210-m010-g100-sb0003	1	100	1000	10	10000	3	1	4	0.00011111	111110	111110000	0.0999990999991	0.1	0.1	1e-10	true	true	0.08999918999919
wave1_h_alpha_u__c0040__sb0004__g100	wave1_h_alpha_u	H-by-alpha-by-u	factorial-treatment	true	p01-s03-c0040	c0040	sb0004	669	wave1-simulation	p01-s03-c0040	p01-s03-c0040-v210-m010-g100-sb0004	1	100	1000	10	10000	3	1	4	0.00011111	111110	111110000	0.0999990999991	0.1	0.1	1e-10	true	true	0.08999918999919
wave1_h_alpha_u__c0040__sb0005__g100	wave1_h_alpha_u	H-by-alpha-by-u	factorial-treatment	true	p01-s03-c0040	c0040	sb0005	670	wave1-simulation	p01-s03-c0040	p01-s03-c0040-v210-m010-g100-sb0005	1	100	1000	10	10000	3	1	4	0.00011111	111110	111110000	0.0999990999991	0.1	0.1	1e-10	true	true	0.08999918999919
wave1_h_alpha_u__c0040__sb0006__g100	wave1_h_alpha_u	H-by-alpha-by-u	factorial-treatment	true	p01-s03-c0040	c0040	sb0006	671	wave1-simulation	p01-s03-c0040	p01-s03-c0040-v210-m010-g100-sb0006	1	100	1000	10	10000	3	1	4	0.00011111	111110	111110000	0.0999990999991	0.1	0.1	1e-10	true	true	0.08999918999919
wave1_h_alpha_u__c0040__sb0007__g100	wave1_h_alpha_u	H-by-alpha-by-u	factorial-treatment	true	p01-s03-c0040	c0040	sb0007	672	wave1-simulation	p01-s03-c0040	p01-s03-c0040-v210-m010-g100-sb0007	1	100	1000	10	10000	3	1	4	0.00011111	111110	111110000	0.0999990999991	0.1	0.1	1e-10	true	true	0.08999918999919
wave1_h_alpha_u__c0040__sb0008__g100	wave1_h_alpha_u	H-by-alpha-by-u	factorial-treatment	true	p01-s03-c0040	c0040	sb0008	673	wave1-simulation	p01-s03-c0040	p01-s03-c0040-v210-m010-g100-sb0008	1	100	1000	10	10000	3	1	4	0.00011111	111110	111110000	0.0999990999991	0.1	0.1	1e-10	true	true	0.08999918999919
wave1_h_alpha_u__c0040__sb0009__g100	wave1_h_alpha_u	H-by-alpha-by-u	factorial-treatment	true	p01-s03-c0040	c0040	sb0009	674	wave1-simulation	p01-s03-c0040	p01-s03-c0040-v210-m010-g100-sb0009	1	100	1000	10	10000	3	1	4	0.00011111	111110	111110000	0.0999990999991	0.1	0.1	1e-10	true	true	0.08999918999919
wave1_h_alpha_u__c0040__sb0010__g100	wave1_h_alpha_u	H-by-alpha-by-u	factorial-treatment	true	p01-s03-c0040	c0040	sb0010	675	wave1-simulation	p01-s03-c0040	p01-s03-c0040-v210-m010-g100-sb0010	1	100	1000	10	10000	3	1	4	0.00011111	111110	111110000	0.0999990999991	0.1	0.1	1e-10	true	true	0.08999918999919
wave1_h_alpha_u__c0040__sb0011__g100	wave1_h_alpha_u	H-by-alpha-by-u	factorial-treatment	true	p01-s03-c0040	c0040	sb0011	676	wave1-simulation	p01-s03-c0040	p01-s03-c0040-v210-m010-g100-sb0011	1	100	1000	10	10000	3	1	4	0.00011111	111110	111110000	0.0999990999991	0.1	0.1	1e-10	true	true	0.08999918999919
wave1_h_alpha_u__c0040__sb0012__g100	wave1_h_alpha_u	H-by-alpha-by-u	factorial-treatment	true	p01-s03-c0040	c0040	sb0012	677	wave1-simulation	p01-s03-c0040	p01-s03-c0040-v210-m010-g100-sb0012	1	100	1000	10	10000	3	1	4	0.00011111	111110	111110000	0.0999990999991	0.1	0.1	1e-10	true	true	0.08999918999919
wave1_h_alpha_u__c0041__sb0001__g100	wave1_h_alpha_u	H-by-alpha-by-u	factorial-treatment	true	p01-s03-c0041	c0041	sb0001	666	wave1-simulation	p01-s03-c0041	p01-s03-c0041-v210-m010-g100-sb0001	2	100	1000	10	10000	3	1	4	0.099	99000000	99000000000	0.99	0.99	0.1	0	false	true	0.891
wave1_h_alpha_u__c0041__sb0002__g100	wave1_h_alpha_u	H-by-alpha-by-u	factorial-treatment	true	p01-s03-c0041	c0041	sb0002	667	wave1-simulation	p01-s03-c0041	p01-s03-c0041-v210-m010-g100-sb0002	2	100	1000	10	10000	3	1	4	0.099	99000000	99000000000	0.99	0.99	0.1	0	false	true	0.891
wave1_h_alpha_u__c0041__sb0003__g100	wave1_h_alpha_u	H-by-alpha-by-u	factorial-treatment	true	p01-s03-c0041	c0041	sb0003	668	wave1-simulation	p01-s03-c0041	p01-s03-c0041-v210-m010-g100-sb0003	2	100	1000	10	10000	3	1	4	0.099	99000000	99000000000	0.99	0.99	0.1	0	false	true	0.891
wave1_h_alpha_u__c0041__sb0004__g100	wave1_h_alpha_u	H-by-alpha-by-u	factorial-treatment	true	p01-s03-c0041	c0041	sb0004	669	wave1-simulation	p01-s03-c0041	p01-s03-c0041-v210-m010-g100-sb0004	2	100	1000	10	10000	3	1	4	0.099	99000000	99000000000	0.99	0.99	0.1	0	false	true	0.891
wave1_h_alpha_u__c0041__sb0005__g100	wave1_h_alpha_u	H-by-alpha-by-u	factorial-treatment	true	p01-s03-c0041	c0041	sb0005	670	wave1-simulation	p01-s03-c0041	p01-s03-c0041-v210-m010-g100-sb0005	2	100	1000	10	10000	3	1	4	0.099	99000000	99000000000	0.99	0.99	0.1	0	false	true	0.891
wave1_h_alpha_u__c0041__sb0006__g100	wave1_h_alpha_u	H-by-alpha-by-u	factorial-treatment	true	p01-s03-c0041	c0041	sb0006	671	wave1-simulation	p01-s03-c0041	p01-s03-c0041-v210-m010-g100-sb0006	2	100	1000	10	10000	3	1	4	0.099	99000000	99000000000	0.99	0.99	0.1	0	false	true	0.891
wave1_h_alpha_u__c0041__sb0007__g100	wave1_h_alpha_u	H-by-alpha-by-u	factorial-treatment	true	p01-s03-c0041	c0041	sb0007	672	wave1-simulation	p01-s03-c0041	p01-s03-c0041-v210-m010-g100-sb0007	2	100	1000	10	10000	3	1	4	0.099	99000000	99000000000	0.99	0.99	0.1	0	false	true	0.891
wave1_h_alpha_u__c0041__sb0008__g100	wave1_h_alpha_u	H-by-alpha-by-u	factorial-treatment	true	p01-s03-c0041	c0041	sb0008	673	wave1-simulation	p01-s03-c0041	p01-s03-c0041-v210-m010-g100-sb0008	2	100	1000	10	10000	3	1	4	0.099	99000000	99000000000	0.99	0.99	0.1	0	false	true	0.891
wave1_h_alpha_u__c0041__sb0009__g100	wave1_h_alpha_u	H-by-alpha-by-u	factorial-treatment	true	p01-s03-c0041	c0041	sb0009	674	wave1-simulation	p01-s03-c0041	p01-s03-c0041-v210-m010-g100-sb0009	2	100	1000	10	10000	3	1	4	0.099	99000000	99000000000	0.99	0.99	0.1	0	false	true	0.891
wave1_h_alpha_u__c0041__sb0010__g100	wave1_h_alpha_u	H-by-alpha-by-u	factorial-treatment	true	p01-s03-c0041	c0041	sb0010	675	wave1-simulation	p01-s03-c0041	p01-s03-c0041-v210-m010-g100-sb0010	2	100	1000	10	10000	3	1	4	0.099	99000000	99000000000	0.99	0.99	0.1	0	false	true	0.891
wave1_h_alpha_u__c0041__sb0011__g100	wave1_h_alpha_u	H-by-alpha-by-u	factorial-treatment	true	p01-s03-c0041	c0041	sb0011	676	wave1-simulation	p01-s03-c0041	p01-s03-c0041-v210-m010-g100-sb0011	2	100	1000	10	10000	3	1	4	0.099	99000000	99000000000	0.99	0.99	0.1	0	false	true	0.891
wave1_h_alpha_u__c0041__sb0012__g100	wave1_h_alpha_u	H-by-alpha-by-u	factorial-treatment	true	p01-s03-c0041	c0041	sb0012	677	wave1-simulation	p01-s03-c0041	p01-s03-c0041-v210-m010-g100-sb0012	2	100	1000	10	10000	3	1	4	0.099	99000000	99000000000	0.99	0.99	0.1	0	false	true	0.891
wave1_h_alpha_u__c0042__sb0001__g100	wave1_h_alpha_u	H-by-alpha-by-u	factorial-treatment	true	p01-s03-c0042	c0042	sb0001	666	wave1-simulation	p01-s03-c0042	p01-s03-c0042-v210-m010-g100-sb0001	1	100	1000	10	10000	3	1	4	0.099	99000000	99000000000	0.99	0.99	0.1	1e-10	true	true	0.891
wave1_h_alpha_u__c0042__sb0002__g100	wave1_h_alpha_u	H-by-alpha-by-u	factorial-treatment	true	p01-s03-c0042	c0042	sb0002	667	wave1-simulation	p01-s03-c0042	p01-s03-c0042-v210-m010-g100-sb0002	1	100	1000	10	10000	3	1	4	0.099	99000000	99000000000	0.99	0.99	0.1	1e-10	true	true	0.891
wave1_h_alpha_u__c0042__sb0003__g100	wave1_h_alpha_u	H-by-alpha-by-u	factorial-treatment	true	p01-s03-c0042	c0042	sb0003	668	wave1-simulation	p01-s03-c0042	p01-s03-c0042-v210-m010-g100-sb0003	1	100	1000	10	10000	3	1	4	0.099	99000000	99000000000	0.99	0.99	0.1	1e-10	true	true	0.891
wave1_h_alpha_u__c0042__sb0004__g100	wave1_h_alpha_u	H-by-alpha-by-u	factorial-treatment	true	p01-s03-c0042	c0042	sb0004	669	wave1-simulation	p01-s03-c0042	p01-s03-c0042-v210-m010-g100-sb0004	1	100	1000	10	10000	3	1	4	0.099	99000000	99000000000	0.99	0.99	0.1	1e-10	true	true	0.891
wave1_h_alpha_u__c0042__sb0005__g100	wave1_h_alpha_u	H-by-alpha-by-u	factorial-treatment	true	p01-s03-c0042	c0042	sb0005	670	wave1-simulation	p01-s03-c0042	p01-s03-c0042-v210-m010-g100-sb0005	1	100	1000	10	10000	3	1	4	0.099	99000000	99000000000	0.99	0.99	0.1	1e-10	true	true	0.891
wave1_h_alpha_u__c0042__sb0006__g100	wave1_h_alpha_u	H-by-alpha-by-u	factorial-treatment	true	p01-s03-c0042	c0042	sb0006	671	wave1-simulation	p01-s03-c0042	p01-s03-c0042-v210-m010-g100-sb0006	1	100	1000	10	10000	3	1	4	0.099	99000000	99000000000	0.99	0.99	0.1	1e-10	true	true	0.891
wave1_h_alpha_u__c0042__sb0007__g100	wave1_h_alpha_u	H-by-alpha-by-u	factorial-treatment	true	p01-s03-c0042	c0042	sb0007	672	wave1-simulation	p01-s03-c0042	p01-s03-c0042-v210-m010-g100-sb0007	1	100	1000	10	10000	3	1	4	0.099	99000000	99000000000	0.99	0.99	0.1	1e-10	true	true	0.891
wave1_h_alpha_u__c0042__sb0008__g100	wave1_h_alpha_u	H-by-alpha-by-u	factorial-treatment	true	p01-s03-c0042	c0042	sb0008	673	wave1-simulation	p01-s03-c0042	p01-s03-c0042-v210-m010-g100-sb0008	1	100	1000	10	10000	3	1	4	0.099	99000000	99000000000	0.99	0.99	0.1	1e-10	true	true	0.891
wave1_h_alpha_u__c0042__sb0009__g100	wave1_h_alpha_u	H-by-alpha-by-u	factorial-treatment	true	p01-s03-c0042	c0042	sb0009	674	wave1-simulation	p01-s03-c0042	p01-s03-c0042-v210-m010-g100-sb0009	1	100	1000	10	10000	3	1	4	0.099	99000000	99000000000	0.99	0.99	0.1	1e-10	true	true	0.891
wave1_h_alpha_u__c0042__sb0010__g100	wave1_h_alpha_u	H-by-alpha-by-u	factorial-treatment	true	p01-s03-c0042	c0042	sb0010	675	wave1-simulation	p01-s03-c0042	p01-s03-c0042-v210-m010-g100-sb0010	1	100	1000	10	10000	3	1	4	0.099	99000000	99000000000	0.99	0.99	0.1	1e-10	true	true	0.891
wave1_h_alpha_u__c0042__sb0011__g100	wave1_h_alpha_u	H-by-alpha-by-u	factorial-treatment	true	p01-s03-c0042	c0042	sb0011	676	wave1-simulation	p01-s03-c0042	p01-s03-c0042-v210-m010-g100-sb0011	1	100	1000	10	10000	3	1	4	0.099	99000000	99000000000	0.99	0.99	0.1	1e-10	true	true	0.891
wave1_h_alpha_u__c0042__sb0012__g100	wave1_h_alpha_u	H-by-alpha-by-u	factorial-treatment	true	p01-s03-c0042	c0042	sb0012	677	wave1-simulation	p01-s03-c0042	p01-s03-c0042-v210-m010-g100-sb0012	1	100	1000	10	10000	3	1	4	0.099	99000000	99000000000	0.99	0.99	0.1	1e-10	true	true	0.891
wave1_h_alpha_u__c0043__sb0001__g100	wave1_h_alpha_u	H-by-alpha-by-u	factorial-treatment	true	p01-s03-c0043	c0043	sb0001	666	wave1-simulation	p01-s03-c0043	p01-s03-c0043-v210-m010-g100-sb0001	1	100	10000	10	100000	4	1	5	1e-07	100	1000000	0.000999000999001	0.001	0.1	0	false	true	0.0008991008991009
wave1_h_alpha_u__c0043__sb0002__g100	wave1_h_alpha_u	H-by-alpha-by-u	factorial-treatment	true	p01-s03-c0043	c0043	sb0002	667	wave1-simulation	p01-s03-c0043	p01-s03-c0043-v210-m010-g100-sb0002	1	100	10000	10	100000	4	1	5	1e-07	100	1000000	0.000999000999001	0.001	0.1	0	false	true	0.0008991008991009
wave1_h_alpha_u__c0043__sb0003__g100	wave1_h_alpha_u	H-by-alpha-by-u	factorial-treatment	true	p01-s03-c0043	c0043	sb0003	668	wave1-simulation	p01-s03-c0043	p01-s03-c0043-v210-m010-g100-sb0003	1	100	10000	10	100000	4	1	5	1e-07	100	1000000	0.000999000999001	0.001	0.1	0	false	true	0.0008991008991009
wave1_h_alpha_u__c0043__sb0004__g100	wave1_h_alpha_u	H-by-alpha-by-u	factorial-treatment	true	p01-s03-c0043	c0043	sb0004	669	wave1-simulation	p01-s03-c0043	p01-s03-c0043-v210-m010-g100-sb0004	1	100	10000	10	100000	4	1	5	1e-07	100	1000000	0.000999000999001	0.001	0.1	0	false	true	0.0008991008991009
wave1_h_alpha_u__c0043__sb0005__g100	wave1_h_alpha_u	H-by-alpha-by-u	factorial-treatment	true	p01-s03-c0043	c0043	sb0005	670	wave1-simulation	p01-s03-c0043	p01-s03-c0043-v210-m010-g100-sb0005	1	100	10000	10	100000	4	1	5	1e-07	100	1000000	0.000999000999001	0.001	0.1	0	false	true	0.0008991008991009
wave1_h_alpha_u__c0043__sb0006__g100	wave1_h_alpha_u	H-by-alpha-by-u	factorial-treatment	true	p01-s03-c0043	c0043	sb0006	671	wave1-simulation	p01-s03-c0043	p01-s03-c0043-v210-m010-g100-sb0006	1	100	10000	10	100000	4	1	5	1e-07	100	1000000	0.000999000999001	0.001	0.1	0	false	true	0.0008991008991009
wave1_h_alpha_u__c0043__sb0007__g100	wave1_h_alpha_u	H-by-alpha-by-u	factorial-treatment	true	p01-s03-c0043	c0043	sb0007	672	wave1-simulation	p01-s03-c0043	p01-s03-c0043-v210-m010-g100-sb0007	1	100	10000	10	100000	4	1	5	1e-07	100	1000000	0.000999000999001	0.001	0.1	0	false	true	0.0008991008991009
wave1_h_alpha_u__c0043__sb0008__g100	wave1_h_alpha_u	H-by-alpha-by-u	factorial-treatment	true	p01-s03-c0043	c0043	sb0008	673	wave1-simulation	p01-s03-c0043	p01-s03-c0043-v210-m010-g100-sb0008	1	100	10000	10	100000	4	1	5	1e-07	100	1000000	0.000999000999001	0.001	0.1	0	false	true	0.0008991008991009
wave1_h_alpha_u__c0043__sb0009__g100	wave1_h_alpha_u	H-by-alpha-by-u	factorial-treatment	true	p01-s03-c0043	c0043	sb0009	674	wave1-simulation	p01-s03-c0043	p01-s03-c0043-v210-m010-g100-sb0009	1	100	10000	10	100000	4	1	5	1e-07	100	1000000	0.000999000999001	0.001	0.1	0	false	true	0.0008991008991009
wave1_h_alpha_u__c0043__sb0010__g100	wave1_h_alpha_u	H-by-alpha-by-u	factorial-treatment	true	p01-s03-c0043	c0043	sb0010	675	wave1-simulation	p01-s03-c0043	p01-s03-c0043-v210-m010-g100-sb0010	1	100	10000	10	100000	4	1	5	1e-07	100	1000000	0.000999000999001	0.001	0.1	0	false	true	0.0008991008991009
wave1_h_alpha_u__c0043__sb0011__g100	wave1_h_alpha_u	H-by-alpha-by-u	factorial-treatment	true	p01-s03-c0043	c0043	sb0011	676	wave1-simulation	p01-s03-c0043	p01-s03-c0043-v210-m010-g100-sb0011	1	100	10000	10	100000	4	1	5	1e-07	100	1000000	0.000999000999001	0.001	0.1	0	false	true	0.0008991008991009
wave1_h_alpha_u__c0043__sb0012__g100	wave1_h_alpha_u	H-by-alpha-by-u	factorial-treatment	true	p01-s03-c0043	c0043	sb0012	677	wave1-simulation	p01-s03-c0043	p01-s03-c0043-v210-m010-g100-sb0012	1	100	10000	10	100000	4	1	5	1e-07	100	1000000	0.000999000999001	0.001	0.1	0	false	true	0.0008991008991009
wave1_h_alpha_u__c0044__sb0001__g100	wave1_h_alpha_u	H-by-alpha-by-u	factorial-treatment	true	p01-s03-c0044	c0044	sb0001	666	wave1-simulation	p01-s03-c0044	p01-s03-c0044-v210-m010-g100-sb0001	1	100	10000	10	100000	4	1	5	1e-07	100	1000000	0.000999000999001	0.001	0.1	1e-10	true	true	0.0008991008991009
wave1_h_alpha_u__c0044__sb0002__g100	wave1_h_alpha_u	H-by-alpha-by-u	factorial-treatment	true	p01-s03-c0044	c0044	sb0002	667	wave1-simulation	p01-s03-c0044	p01-s03-c0044-v210-m010-g100-sb0002	1	100	10000	10	100000	4	1	5	1e-07	100	1000000	0.000999000999001	0.001	0.1	1e-10	true	true	0.0008991008991009
wave1_h_alpha_u__c0044__sb0003__g100	wave1_h_alpha_u	H-by-alpha-by-u	factorial-treatment	true	p01-s03-c0044	c0044	sb0003	668	wave1-simulation	p01-s03-c0044	p01-s03-c0044-v210-m010-g100-sb0003	1	100	10000	10	100000	4	1	5	1e-07	100	1000000	0.000999000999001	0.001	0.1	1e-10	true	true	0.0008991008991009
wave1_h_alpha_u__c0044__sb0004__g100	wave1_h_alpha_u	H-by-alpha-by-u	factorial-treatment	true	p01-s03-c0044	c0044	sb0004	669	wave1-simulation	p01-s03-c0044	p01-s03-c0044-v210-m010-g100-sb0004	1	100	10000	10	100000	4	1	5	1e-07	100	1000000	0.000999000999001	0.001	0.1	1e-10	true	true	0.0008991008991009
wave1_h_alpha_u__c0044__sb0005__g100	wave1_h_alpha_u	H-by-alpha-by-u	factorial-treatment	true	p01-s03-c0044	c0044	sb0005	670	wave1-simulation	p01-s03-c0044	p01-s03-c0044-v210-m010-g100-sb0005	1	100	10000	10	100000	4	1	5	1e-07	100	1000000	0.000999000999001	0.001	0.1	1e-10	true	true	0.0008991008991009
wave1_h_alpha_u__c0044__sb0006__g100	wave1_h_alpha_u	H-by-alpha-by-u	factorial-treatment	true	p01-s03-c0044	c0044	sb0006	671	wave1-simulation	p01-s03-c0044	p01-s03-c0044-v210-m010-g100-sb0006	1	100	10000	10	100000	4	1	5	1e-07	100	1000000	0.000999000999001	0.001	0.1	1e-10	true	true	0.0008991008991009
wave1_h_alpha_u__c0044__sb0007__g100	wave1_h_alpha_u	H-by-alpha-by-u	factorial-treatment	true	p01-s03-c0044	c0044	sb0007	672	wave1-simulation	p01-s03-c0044	p01-s03-c0044-v210-m010-g100-sb0007	1	100	10000	10	100000	4	1	5	1e-07	100	1000000	0.000999000999001	0.001	0.1	1e-10	true	true	0.0008991008991009
wave1_h_alpha_u__c0044__sb0008__g100	wave1_h_alpha_u	H-by-alpha-by-u	factorial-treatment	true	p01-s03-c0044	c0044	sb0008	673	wave1-simulation	p01-s03-c0044	p01-s03-c0044-v210-m010-g100-sb0008	1	100	10000	10	100000	4	1	5	1e-07	100	1000000	0.000999000999001	0.001	0.1	1e-10	true	true	0.0008991008991009
wave1_h_alpha_u__c0044__sb0009__g100	wave1_h_alpha_u	H-by-alpha-by-u	factorial-treatment	true	p01-s03-c0044	c0044	sb0009	674	wave1-simulation	p01-s03-c0044	p01-s03-c0044-v210-m010-g100-sb0009	1	100	10000	10	100000	4	1	5	1e-07	100	1000000	0.000999000999001	0.001	0.1	1e-10	true	true	0.0008991008991009
wave1_h_alpha_u__c0044__sb0010__g100	wave1_h_alpha_u	H-by-alpha-by-u	factorial-treatment	true	p01-s03-c0044	c0044	sb0010	675	wave1-simulation	p01-s03-c0044	p01-s03-c0044-v210-m010-g100-sb0010	1	100	10000	10	100000	4	1	5	1e-07	100	1000000	0.000999000999001	0.001	0.1	1e-10	true	true	0.0008991008991009
wave1_h_alpha_u__c0044__sb0011__g100	wave1_h_alpha_u	H-by-alpha-by-u	factorial-treatment	true	p01-s03-c0044	c0044	sb0011	676	wave1-simulation	p01-s03-c0044	p01-s03-c0044-v210-m010-g100-sb0011	1	100	10000	10	100000	4	1	5	1e-07	100	1000000	0.000999000999001	0.001	0.1	1e-10	true	true	0.0008991008991009
wave1_h_alpha_u__c0044__sb0012__g100	wave1_h_alpha_u	H-by-alpha-by-u	factorial-treatment	true	p01-s03-c0044	c0044	sb0012	677	wave1-simulation	p01-s03-c0044	p01-s03-c0044-v210-m010-g100-sb0012	1	100	10000	10	100000	4	1	5	1e-07	100	1000000	0.000999000999001	0.001	0.1	1e-10	true	true	0.0008991008991009
wave1_h_alpha_u__c0045__sb0001__g100	wave1_h_alpha_u	H-by-alpha-by-u	factorial-treatment	true	p01-s03-c0045	c0045	sb0001	666	wave1-simulation	p01-s03-c0045	p01-s03-c0045-v210-m010-g100-sb0001	1	100	10000	10	100000	4	1	5	1.01e-06	1010	10100000	0.00999900999901	0.01	0.1	0	false	true	0.008999108999109
wave1_h_alpha_u__c0045__sb0002__g100	wave1_h_alpha_u	H-by-alpha-by-u	factorial-treatment	true	p01-s03-c0045	c0045	sb0002	667	wave1-simulation	p01-s03-c0045	p01-s03-c0045-v210-m010-g100-sb0002	1	100	10000	10	100000	4	1	5	1.01e-06	1010	10100000	0.00999900999901	0.01	0.1	0	false	true	0.008999108999109
wave1_h_alpha_u__c0045__sb0003__g100	wave1_h_alpha_u	H-by-alpha-by-u	factorial-treatment	true	p01-s03-c0045	c0045	sb0003	668	wave1-simulation	p01-s03-c0045	p01-s03-c0045-v210-m010-g100-sb0003	1	100	10000	10	100000	4	1	5	1.01e-06	1010	10100000	0.00999900999901	0.01	0.1	0	false	true	0.008999108999109
wave1_h_alpha_u__c0045__sb0004__g100	wave1_h_alpha_u	H-by-alpha-by-u	factorial-treatment	true	p01-s03-c0045	c0045	sb0004	669	wave1-simulation	p01-s03-c0045	p01-s03-c0045-v210-m010-g100-sb0004	1	100	10000	10	100000	4	1	5	1.01e-06	1010	10100000	0.00999900999901	0.01	0.1	0	false	true	0.008999108999109
wave1_h_alpha_u__c0045__sb0005__g100	wave1_h_alpha_u	H-by-alpha-by-u	factorial-treatment	true	p01-s03-c0045	c0045	sb0005	670	wave1-simulation	p01-s03-c0045	p01-s03-c0045-v210-m010-g100-sb0005	1	100	10000	10	100000	4	1	5	1.01e-06	1010	10100000	0.00999900999901	0.01	0.1	0	false	true	0.008999108999109
wave1_h_alpha_u__c0045__sb0006__g100	wave1_h_alpha_u	H-by-alpha-by-u	factorial-treatment	true	p01-s03-c0045	c0045	sb0006	671	wave1-simulation	p01-s03-c0045	p01-s03-c0045-v210-m010-g100-sb0006	1	100	10000	10	100000	4	1	5	1.01e-06	1010	10100000	0.00999900999901	0.01	0.1	0	false	true	0.008999108999109
wave1_h_alpha_u__c0045__sb0007__g100	wave1_h_alpha_u	H-by-alpha-by-u	factorial-treatment	true	p01-s03-c0045	c0045	sb0007	672	wave1-simulation	p01-s03-c0045	p01-s03-c0045-v210-m010-g100-sb0007	1	100	10000	10	100000	4	1	5	1.01e-06	1010	10100000	0.00999900999901	0.01	0.1	0	false	true	0.008999108999109
wave1_h_alpha_u__c0045__sb0008__g100	wave1_h_alpha_u	H-by-alpha-by-u	factorial-treatment	true	p01-s03-c0045	c0045	sb0008	673	wave1-simulation	p01-s03-c0045	p01-s03-c0045-v210-m010-g100-sb0008	1	100	10000	10	100000	4	1	5	1.01e-06	1010	10100000	0.00999900999901	0.01	0.1	0	false	true	0.008999108999109
wave1_h_alpha_u__c0045__sb0009__g100	wave1_h_alpha_u	H-by-alpha-by-u	factorial-treatment	true	p01-s03-c0045	c0045	sb0009	674	wave1-simulation	p01-s03-c0045	p01-s03-c0045-v210-m010-g100-sb0009	1	100	10000	10	100000	4	1	5	1.01e-06	1010	10100000	0.00999900999901	0.01	0.1	0	false	true	0.008999108999109
wave1_h_alpha_u__c0045__sb0010__g100	wave1_h_alpha_u	H-by-alpha-by-u	factorial-treatment	true	p01-s03-c0045	c0045	sb0010	675	wave1-simulation	p01-s03-c0045	p01-s03-c0045-v210-m010-g100-sb0010	1	100	10000	10	100000	4	1	5	1.01e-06	1010	10100000	0.00999900999901	0.01	0.1	0	false	true	0.008999108999109
wave1_h_alpha_u__c0045__sb0011__g100	wave1_h_alpha_u	H-by-alpha-by-u	factorial-treatment	true	p01-s03-c0045	c0045	sb0011	676	wave1-simulation	p01-s03-c0045	p01-s03-c0045-v210-m010-g100-sb0011	1	100	10000	10	100000	4	1	5	1.01e-06	1010	10100000	0.00999900999901	0.01	0.1	0	false	true	0.008999108999109
wave1_h_alpha_u__c0045__sb0012__g100	wave1_h_alpha_u	H-by-alpha-by-u	factorial-treatment	true	p01-s03-c0045	c0045	sb0012	677	wave1-simulation	p01-s03-c0045	p01-s03-c0045-v210-m010-g100-sb0012	1	100	10000	10	100000	4	1	5	1.01e-06	1010	10100000	0.00999900999901	0.01	0.1	0	false	true	0.008999108999109
wave1_h_alpha_u__c0046__sb0001__g100	wave1_h_alpha_u	H-by-alpha-by-u	factorial-treatment	true	p01-s03-c0046	c0046	sb0001	666	wave1-simulation	p01-s03-c0046	p01-s03-c0046-v210-m010-g100-sb0001	1	100	10000	10	100000	4	1	5	1.01e-06	1010	10100000	0.00999900999901	0.01	0.1	1e-10	true	true	0.008999108999109
wave1_h_alpha_u__c0046__sb0002__g100	wave1_h_alpha_u	H-by-alpha-by-u	factorial-treatment	true	p01-s03-c0046	c0046	sb0002	667	wave1-simulation	p01-s03-c0046	p01-s03-c0046-v210-m010-g100-sb0002	1	100	10000	10	100000	4	1	5	1.01e-06	1010	10100000	0.00999900999901	0.01	0.1	1e-10	true	true	0.008999108999109
wave1_h_alpha_u__c0046__sb0003__g100	wave1_h_alpha_u	H-by-alpha-by-u	factorial-treatment	true	p01-s03-c0046	c0046	sb0003	668	wave1-simulation	p01-s03-c0046	p01-s03-c0046-v210-m010-g100-sb0003	1	100	10000	10	100000	4	1	5	1.01e-06	1010	10100000	0.00999900999901	0.01	0.1	1e-10	true	true	0.008999108999109
wave1_h_alpha_u__c0046__sb0004__g100	wave1_h_alpha_u	H-by-alpha-by-u	factorial-treatment	true	p01-s03-c0046	c0046	sb0004	669	wave1-simulation	p01-s03-c0046	p01-s03-c0046-v210-m010-g100-sb0004	1	100	10000	10	100000	4	1	5	1.01e-06	1010	10100000	0.00999900999901	0.01	0.1	1e-10	true	true	0.008999108999109
wave1_h_alpha_u__c0046__sb0005__g100	wave1_h_alpha_u	H-by-alpha-by-u	factorial-treatment	true	p01-s03-c0046	c0046	sb0005	670	wave1-simulation	p01-s03-c0046	p01-s03-c0046-v210-m010-g100-sb0005	1	100	10000	10	100000	4	1	5	1.01e-06	1010	10100000	0.00999900999901	0.01	0.1	1e-10	true	true	0.008999108999109
wave1_h_alpha_u__c0046__sb0006__g100	wave1_h_alpha_u	H-by-alpha-by-u	factorial-treatment	true	p01-s03-c0046	c0046	sb0006	671	wave1-simulation	p01-s03-c0046	p01-s03-c0046-v210-m010-g100-sb0006	1	100	10000	10	100000	4	1	5	1.01e-06	1010	10100000	0.00999900999901	0.01	0.1	1e-10	true	true	0.008999108999109
wave1_h_alpha_u__c0046__sb0007__g100	wave1_h_alpha_u	H-by-alpha-by-u	factorial-treatment	true	p01-s03-c0046	c0046	sb0007	672	wave1-simulation	p01-s03-c0046	p01-s03-c0046-v210-m010-g100-sb0007	1	100	10000	10	100000	4	1	5	1.01e-06	1010	10100000	0.00999900999901	0.01	0.1	1e-10	true	true	0.008999108999109
wave1_h_alpha_u__c0046__sb0008__g100	wave1_h_alpha_u	H-by-alpha-by-u	factorial-treatment	true	p01-s03-c0046	c0046	sb0008	673	wave1-simulation	p01-s03-c0046	p01-s03-c0046-v210-m010-g100-sb0008	1	100	10000	10	100000	4	1	5	1.01e-06	1010	10100000	0.00999900999901	0.01	0.1	1e-10	true	true	0.008999108999109
wave1_h_alpha_u__c0046__sb0009__g100	wave1_h_alpha_u	H-by-alpha-by-u	factorial-treatment	true	p01-s03-c0046	c0046	sb0009	674	wave1-simulation	p01-s03-c0046	p01-s03-c0046-v210-m010-g100-sb0009	1	100	10000	10	100000	4	1	5	1.01e-06	1010	10100000	0.00999900999901	0.01	0.1	1e-10	true	true	0.008999108999109
wave1_h_alpha_u__c0046__sb0010__g100	wave1_h_alpha_u	H-by-alpha-by-u	factorial-treatment	true	p01-s03-c0046	c0046	sb0010	675	wave1-simulation	p01-s03-c0046	p01-s03-c0046-v210-m010-g100-sb0010	1	100	10000	10	100000	4	1	5	1.01e-06	1010	10100000	0.00999900999901	0.01	0.1	1e-10	true	true	0.008999108999109
wave1_h_alpha_u__c0046__sb0011__g100	wave1_h_alpha_u	H-by-alpha-by-u	factorial-treatment	true	p01-s03-c0046	c0046	sb0011	676	wave1-simulation	p01-s03-c0046	p01-s03-c0046-v210-m010-g100-sb0011	1	100	10000	10	100000	4	1	5	1.01e-06	1010	10100000	0.00999900999901	0.01	0.1	1e-10	true	true	0.008999108999109
wave1_h_alpha_u__c0046__sb0012__g100	wave1_h_alpha_u	H-by-alpha-by-u	factorial-treatment	true	p01-s03-c0046	c0046	sb0012	677	wave1-simulation	p01-s03-c0046	p01-s03-c0046-v210-m010-g100-sb0012	1	100	10000	10	100000	4	1	5	1.01e-06	1010	10100000	0.00999900999901	0.01	0.1	1e-10	true	true	0.008999108999109
wave1_h_alpha_u__c0047__sb0001__g100	wave1_h_alpha_u	H-by-alpha-by-u	factorial-treatment	true	p01-s03-c0047	c0047	sb0001	666	wave1-simulation	p01-s03-c0047	p01-s03-c0047-v210-m010-g100-sb0001	1	100	10000	10	100000	4	1	5	1.1111e-05	11111	111110000	0.0999990999991	0.1	0.1	0	false	true	0.08999918999919
wave1_h_alpha_u__c0047__sb0002__g100	wave1_h_alpha_u	H-by-alpha-by-u	factorial-treatment	true	p01-s03-c0047	c0047	sb0002	667	wave1-simulation	p01-s03-c0047	p01-s03-c0047-v210-m010-g100-sb0002	1	100	10000	10	100000	4	1	5	1.1111e-05	11111	111110000	0.0999990999991	0.1	0.1	0	false	true	0.08999918999919
wave1_h_alpha_u__c0047__sb0003__g100	wave1_h_alpha_u	H-by-alpha-by-u	factorial-treatment	true	p01-s03-c0047	c0047	sb0003	668	wave1-simulation	p01-s03-c0047	p01-s03-c0047-v210-m010-g100-sb0003	1	100	10000	10	100000	4	1	5	1.1111e-05	11111	111110000	0.0999990999991	0.1	0.1	0	false	true	0.08999918999919
wave1_h_alpha_u__c0047__sb0004__g100	wave1_h_alpha_u	H-by-alpha-by-u	factorial-treatment	true	p01-s03-c0047	c0047	sb0004	669	wave1-simulation	p01-s03-c0047	p01-s03-c0047-v210-m010-g100-sb0004	1	100	10000	10	100000	4	1	5	1.1111e-05	11111	111110000	0.0999990999991	0.1	0.1	0	false	true	0.08999918999919
wave1_h_alpha_u__c0047__sb0005__g100	wave1_h_alpha_u	H-by-alpha-by-u	factorial-treatment	true	p01-s03-c0047	c0047	sb0005	670	wave1-simulation	p01-s03-c0047	p01-s03-c0047-v210-m010-g100-sb0005	1	100	10000	10	100000	4	1	5	1.1111e-05	11111	111110000	0.0999990999991	0.1	0.1	0	false	true	0.08999918999919
wave1_h_alpha_u__c0047__sb0006__g100	wave1_h_alpha_u	H-by-alpha-by-u	factorial-treatment	true	p01-s03-c0047	c0047	sb0006	671	wave1-simulation	p01-s03-c0047	p01-s03-c0047-v210-m010-g100-sb0006	1	100	10000	10	100000	4	1	5	1.1111e-05	11111	111110000	0.0999990999991	0.1	0.1	0	false	true	0.08999918999919
wave1_h_alpha_u__c0047__sb0007__g100	wave1_h_alpha_u	H-by-alpha-by-u	factorial-treatment	true	p01-s03-c0047	c0047	sb0007	672	wave1-simulation	p01-s03-c0047	p01-s03-c0047-v210-m010-g100-sb0007	1	100	10000	10	100000	4	1	5	1.1111e-05	11111	111110000	0.0999990999991	0.1	0.1	0	false	true	0.08999918999919
wave1_h_alpha_u__c0047__sb0008__g100	wave1_h_alpha_u	H-by-alpha-by-u	factorial-treatment	true	p01-s03-c0047	c0047	sb0008	673	wave1-simulation	p01-s03-c0047	p01-s03-c0047-v210-m010-g100-sb0008	1	100	10000	10	100000	4	1	5	1.1111e-05	11111	111110000	0.0999990999991	0.1	0.1	0	false	true	0.08999918999919
wave1_h_alpha_u__c0047__sb0009__g100	wave1_h_alpha_u	H-by-alpha-by-u	factorial-treatment	true	p01-s03-c0047	c0047	sb0009	674	wave1-simulation	p01-s03-c0047	p01-s03-c0047-v210-m010-g100-sb0009	1	100	10000	10	100000	4	1	5	1.1111e-05	11111	111110000	0.0999990999991	0.1	0.1	0	false	true	0.08999918999919
wave1_h_alpha_u__c0047__sb0010__g100	wave1_h_alpha_u	H-by-alpha-by-u	factorial-treatment	true	p01-s03-c0047	c0047	sb0010	675	wave1-simulation	p01-s03-c0047	p01-s03-c0047-v210-m010-g100-sb0010	1	100	10000	10	100000	4	1	5	1.1111e-05	11111	111110000	0.0999990999991	0.1	0.1	0	false	true	0.08999918999919
wave1_h_alpha_u__c0047__sb0011__g100	wave1_h_alpha_u	H-by-alpha-by-u	factorial-treatment	true	p01-s03-c0047	c0047	sb0011	676	wave1-simulation	p01-s03-c0047	p01-s03-c0047-v210-m010-g100-sb0011	1	100	10000	10	100000	4	1	5	1.1111e-05	11111	111110000	0.0999990999991	0.1	0.1	0	false	true	0.08999918999919
wave1_h_alpha_u__c0047__sb0012__g100	wave1_h_alpha_u	H-by-alpha-by-u	factorial-treatment	true	p01-s03-c0047	c0047	sb0012	677	wave1-simulation	p01-s03-c0047	p01-s03-c0047-v210-m010-g100-sb0012	1	100	10000	10	100000	4	1	5	1.1111e-05	11111	111110000	0.0999990999991	0.1	0.1	0	false	true	0.08999918999919
wave1_h_alpha_u__c0048__sb0001__g100	wave1_h_alpha_u	H-by-alpha-by-u	factorial-treatment	true	p01-s03-c0048	c0048	sb0001	666	wave1-simulation	p01-s03-c0048	p01-s03-c0048-v210-m010-g100-sb0001	1	100	10000	10	100000	4	1	5	1.1111e-05	11111	111110000	0.0999990999991	0.1	0.1	1e-10	true	true	0.08999918999919
wave1_h_alpha_u__c0048__sb0002__g100	wave1_h_alpha_u	H-by-alpha-by-u	factorial-treatment	true	p01-s03-c0048	c0048	sb0002	667	wave1-simulation	p01-s03-c0048	p01-s03-c0048-v210-m010-g100-sb0002	1	100	10000	10	100000	4	1	5	1.1111e-05	11111	111110000	0.0999990999991	0.1	0.1	1e-10	true	true	0.08999918999919
wave1_h_alpha_u__c0048__sb0003__g100	wave1_h_alpha_u	H-by-alpha-by-u	factorial-treatment	true	p01-s03-c0048	c0048	sb0003	668	wave1-simulation	p01-s03-c0048	p01-s03-c0048-v210-m010-g100-sb0003	1	100	10000	10	100000	4	1	5	1.1111e-05	11111	111110000	0.0999990999991	0.1	0.1	1e-10	true	true	0.08999918999919
wave1_h_alpha_u__c0048__sb0004__g100	wave1_h_alpha_u	H-by-alpha-by-u	factorial-treatment	true	p01-s03-c0048	c0048	sb0004	669	wave1-simulation	p01-s03-c0048	p01-s03-c0048-v210-m010-g100-sb0004	1	100	10000	10	100000	4	1	5	1.1111e-05	11111	111110000	0.0999990999991	0.1	0.1	1e-10	true	true	0.08999918999919
wave1_h_alpha_u__c0048__sb0005__g100	wave1_h_alpha_u	H-by-alpha-by-u	factorial-treatment	true	p01-s03-c0048	c0048	sb0005	670	wave1-simulation	p01-s03-c0048	p01-s03-c0048-v210-m010-g100-sb0005	1	100	10000	10	100000	4	1	5	1.1111e-05	11111	111110000	0.0999990999991	0.1	0.1	1e-10	true	true	0.08999918999919
wave1_h_alpha_u__c0048__sb0006__g100	wave1_h_alpha_u	H-by-alpha-by-u	factorial-treatment	true	p01-s03-c0048	c0048	sb0006	671	wave1-simulation	p01-s03-c0048	p01-s03-c0048-v210-m010-g100-sb0006	1	100	10000	10	100000	4	1	5	1.1111e-05	11111	111110000	0.0999990999991	0.1	0.1	1e-10	true	true	0.08999918999919
wave1_h_alpha_u__c0048__sb0007__g100	wave1_h_alpha_u	H-by-alpha-by-u	factorial-treatment	true	p01-s03-c0048	c0048	sb0007	672	wave1-simulation	p01-s03-c0048	p01-s03-c0048-v210-m010-g100-sb0007	1	100	10000	10	100000	4	1	5	1.1111e-05	11111	111110000	0.0999990999991	0.1	0.1	1e-10	true	true	0.08999918999919
wave1_h_alpha_u__c0048__sb0008__g100	wave1_h_alpha_u	H-by-alpha-by-u	factorial-treatment	true	p01-s03-c0048	c0048	sb0008	673	wave1-simulation	p01-s03-c0048	p01-s03-c0048-v210-m010-g100-sb0008	1	100	10000	10	100000	4	1	5	1.1111e-05	11111	111110000	0.0999990999991	0.1	0.1	1e-10	true	true	0.08999918999919
wave1_h_alpha_u__c0048__sb0009__g100	wave1_h_alpha_u	H-by-alpha-by-u	factorial-treatment	true	p01-s03-c0048	c0048	sb0009	674	wave1-simulation	p01-s03-c0048	p01-s03-c0048-v210-m010-g100-sb0009	1	100	10000	10	100000	4	1	5	1.1111e-05	11111	111110000	0.0999990999991	0.1	0.1	1e-10	true	true	0.08999918999919
wave1_h_alpha_u__c0048__sb0010__g100	wave1_h_alpha_u	H-by-alpha-by-u	factorial-treatment	true	p01-s03-c0048	c0048	sb0010	675	wave1-simulation	p01-s03-c0048	p01-s03-c0048-v210-m010-g100-sb0010	1	100	10000	10	100000	4	1	5	1.1111e-05	11111	111110000	0.0999990999991	0.1	0.1	1e-10	true	true	0.08999918999919
wave1_h_alpha_u__c0048__sb0011__g100	wave1_h_alpha_u	H-by-alpha-by-u	factorial-treatment	true	p01-s03-c0048	c0048	sb0011	676	wave1-simulation	p01-s03-c0048	p01-s03-c0048-v210-m010-g100-sb0011	1	100	10000	10	100000	4	1	5	1.1111e-05	11111	111110000	0.0999990999991	0.1	0.1	1e-10	true	true	0.08999918999919
wave1_h_alpha_u__c0048__sb0012__g100	wave1_h_alpha_u	H-by-alpha-by-u	factorial-treatment	true	p01-s03-c0048	c0048	sb0012	677	wave1-simulation	p01-s03-c0048	p01-s03-c0048-v210-m010-g100-sb0012	1	100	10000	10	100000	4	1	5	1.1111e-05	11111	111110000	0.0999990999991	0.1	0.1	1e-10	true	true	0.08999918999919
wave1_h_alpha_u__c0049__sb0001__g100	wave1_h_alpha_u	H-by-alpha-by-u	factorial-treatment	true	p01-s03-c0049	c0049	sb0001	666	wave1-simulation	p01-s03-c0049	p01-s03-c0049-v210-m010-g100-sb0001	1	100	10000	10	100000	4	1	5	0.0099	9900000	99000000000	0.99	0.99	0.1	0	false	true	0.891
wave1_h_alpha_u__c0049__sb0002__g100	wave1_h_alpha_u	H-by-alpha-by-u	factorial-treatment	true	p01-s03-c0049	c0049	sb0002	667	wave1-simulation	p01-s03-c0049	p01-s03-c0049-v210-m010-g100-sb0002	1	100	10000	10	100000	4	1	5	0.0099	9900000	99000000000	0.99	0.99	0.1	0	false	true	0.891
wave1_h_alpha_u__c0049__sb0003__g100	wave1_h_alpha_u	H-by-alpha-by-u	factorial-treatment	true	p01-s03-c0049	c0049	sb0003	668	wave1-simulation	p01-s03-c0049	p01-s03-c0049-v210-m010-g100-sb0003	1	100	10000	10	100000	4	1	5	0.0099	9900000	99000000000	0.99	0.99	0.1	0	false	true	0.891
wave1_h_alpha_u__c0049__sb0004__g100	wave1_h_alpha_u	H-by-alpha-by-u	factorial-treatment	true	p01-s03-c0049	c0049	sb0004	669	wave1-simulation	p01-s03-c0049	p01-s03-c0049-v210-m010-g100-sb0004	1	100	10000	10	100000	4	1	5	0.0099	9900000	99000000000	0.99	0.99	0.1	0	false	true	0.891
wave1_h_alpha_u__c0049__sb0005__g100	wave1_h_alpha_u	H-by-alpha-by-u	factorial-treatment	true	p01-s03-c0049	c0049	sb0005	670	wave1-simulation	p01-s03-c0049	p01-s03-c0049-v210-m010-g100-sb0005	1	100	10000	10	100000	4	1	5	0.0099	9900000	99000000000	0.99	0.99	0.1	0	false	true	0.891
wave1_h_alpha_u__c0049__sb0006__g100	wave1_h_alpha_u	H-by-alpha-by-u	factorial-treatment	true	p01-s03-c0049	c0049	sb0006	671	wave1-simulation	p01-s03-c0049	p01-s03-c0049-v210-m010-g100-sb0006	1	100	10000	10	100000	4	1	5	0.0099	9900000	99000000000	0.99	0.99	0.1	0	false	true	0.891
wave1_h_alpha_u__c0049__sb0007__g100	wave1_h_alpha_u	H-by-alpha-by-u	factorial-treatment	true	p01-s03-c0049	c0049	sb0007	672	wave1-simulation	p01-s03-c0049	p01-s03-c0049-v210-m010-g100-sb0007	1	100	10000	10	100000	4	1	5	0.0099	9900000	99000000000	0.99	0.99	0.1	0	false	true	0.891
wave1_h_alpha_u__c0049__sb0008__g100	wave1_h_alpha_u	H-by-alpha-by-u	factorial-treatment	true	p01-s03-c0049	c0049	sb0008	673	wave1-simulation	p01-s03-c0049	p01-s03-c0049-v210-m010-g100-sb0008	1	100	10000	10	100000	4	1	5	0.0099	9900000	99000000000	0.99	0.99	0.1	0	false	true	0.891
wave1_h_alpha_u__c0049__sb0009__g100	wave1_h_alpha_u	H-by-alpha-by-u	factorial-treatment	true	p01-s03-c0049	c0049	sb0009	674	wave1-simulation	p01-s03-c0049	p01-s03-c0049-v210-m010-g100-sb0009	1	100	10000	10	100000	4	1	5	0.0099	9900000	99000000000	0.99	0.99	0.1	0	false	true	0.891
wave1_h_alpha_u__c0049__sb0010__g100	wave1_h_alpha_u	H-by-alpha-by-u	factorial-treatment	true	p01-s03-c0049	c0049	sb0010	675	wave1-simulation	p01-s03-c0049	p01-s03-c0049-v210-m010-g100-sb0010	1	100	10000	10	100000	4	1	5	0.0099	9900000	99000000000	0.99	0.99	0.1	0	false	true	0.891
wave1_h_alpha_u__c0049__sb0011__g100	wave1_h_alpha_u	H-by-alpha-by-u	factorial-treatment	true	p01-s03-c0049	c0049	sb0011	676	wave1-simulation	p01-s03-c0049	p01-s03-c0049-v210-m010-g100-sb0011	1	100	10000	10	100000	4	1	5	0.0099	9900000	99000000000	0.99	0.99	0.1	0	false	true	0.891
wave1_h_alpha_u__c0049__sb0012__g100	wave1_h_alpha_u	H-by-alpha-by-u	factorial-treatment	true	p01-s03-c0049	c0049	sb0012	677	wave1-simulation	p01-s03-c0049	p01-s03-c0049-v210-m010-g100-sb0012	1	100	10000	10	100000	4	1	5	0.0099	9900000	99000000000	0.99	0.99	0.1	0	false	true	0.891
wave1_h_alpha_u__c0050__sb0001__g100	wave1_h_alpha_u	H-by-alpha-by-u	factorial-treatment	true	p01-s03-c0050	c0050	sb0001	666	wave1-simulation	p01-s03-c0050	p01-s03-c0050-v210-m010-g100-sb0001	1	100	10000	10	100000	4	1	5	0.0099	9900000	99000000000	0.99	0.99	0.1	1e-10	true	true	0.891
wave1_h_alpha_u__c0050__sb0002__g100	wave1_h_alpha_u	H-by-alpha-by-u	factorial-treatment	true	p01-s03-c0050	c0050	sb0002	667	wave1-simulation	p01-s03-c0050	p01-s03-c0050-v210-m010-g100-sb0002	1	100	10000	10	100000	4	1	5	0.0099	9900000	99000000000	0.99	0.99	0.1	1e-10	true	true	0.891
wave1_h_alpha_u__c0050__sb0003__g100	wave1_h_alpha_u	H-by-alpha-by-u	factorial-treatment	true	p01-s03-c0050	c0050	sb0003	668	wave1-simulation	p01-s03-c0050	p01-s03-c0050-v210-m010-g100-sb0003	1	100	10000	10	100000	4	1	5	0.0099	9900000	99000000000	0.99	0.99	0.1	1e-10	true	true	0.891
wave1_h_alpha_u__c0050__sb0004__g100	wave1_h_alpha_u	H-by-alpha-by-u	factorial-treatment	true	p01-s03-c0050	c0050	sb0004	669	wave1-simulation	p01-s03-c0050	p01-s03-c0050-v210-m010-g100-sb0004	1	100	10000	10	100000	4	1	5	0.0099	9900000	99000000000	0.99	0.99	0.1	1e-10	true	true	0.891
wave1_h_alpha_u__c0050__sb0005__g100	wave1_h_alpha_u	H-by-alpha-by-u	factorial-treatment	true	p01-s03-c0050	c0050	sb0005	670	wave1-simulation	p01-s03-c0050	p01-s03-c0050-v210-m010-g100-sb0005	1	100	10000	10	100000	4	1	5	0.0099	9900000	99000000000	0.99	0.99	0.1	1e-10	true	true	0.891
wave1_h_alpha_u__c0050__sb0006__g100	wave1_h_alpha_u	H-by-alpha-by-u	factorial-treatment	true	p01-s03-c0050	c0050	sb0006	671	wave1-simulation	p01-s03-c0050	p01-s03-c0050-v210-m010-g100-sb0006	1	100	10000	10	100000	4	1	5	0.0099	9900000	99000000000	0.99	0.99	0.1	1e-10	true	true	0.891
wave1_h_alpha_u__c0050__sb0007__g100	wave1_h_alpha_u	H-by-alpha-by-u	factorial-treatment	true	p01-s03-c0050	c0050	sb0007	672	wave1-simulation	p01-s03-c0050	p01-s03-c0050-v210-m010-g100-sb0007	1	100	10000	10	100000	4	1	5	0.0099	9900000	99000000000	0.99	0.99	0.1	1e-10	true	true	0.891
wave1_h_alpha_u__c0050__sb0008__g100	wave1_h_alpha_u	H-by-alpha-by-u	factorial-treatment	true	p01-s03-c0050	c0050	sb0008	673	wave1-simulation	p01-s03-c0050	p01-s03-c0050-v210-m010-g100-sb0008	1	100	10000	10	100000	4	1	5	0.0099	9900000	99000000000	0.99	0.99	0.1	1e-10	true	true	0.891
wave1_h_alpha_u__c0050__sb0009__g100	wave1_h_alpha_u	H-by-alpha-by-u	factorial-treatment	true	p01-s03-c0050	c0050	sb0009	674	wave1-simulation	p01-s03-c0050	p01-s03-c0050-v210-m010-g100-sb0009	1	100	10000	10	100000	4	1	5	0.0099	9900000	99000000000	0.99	0.99	0.1	1e-10	true	true	0.891
wave1_h_alpha_u__c0050__sb0010__g100	wave1_h_alpha_u	H-by-alpha-by-u	factorial-treatment	true	p01-s03-c0050	c0050	sb0010	675	wave1-simulation	p01-s03-c0050	p01-s03-c0050-v210-m010-g100-sb0010	1	100	10000	10	100000	4	1	5	0.0099	9900000	99000000000	0.99	0.99	0.1	1e-10	true	true	0.891
wave1_h_alpha_u__c0050__sb0011__g100	wave1_h_alpha_u	H-by-alpha-by-u	factorial-treatment	true	p01-s03-c0050	c0050	sb0011	676	wave1-simulation	p01-s03-c0050	p01-s03-c0050-v210-m010-g100-sb0011	1	100	10000	10	100000	4	1	5	0.0099	9900000	99000000000	0.99	0.99	0.1	1e-10	true	true	0.891
wave1_h_alpha_u__c0050__sb0012__g100	wave1_h_alpha_u	H-by-alpha-by-u	factorial-treatment	true	p01-s03-c0050	c0050	sb0012	677	wave1-simulation	p01-s03-c0050	p01-s03-c0050-v210-m010-g100-sb0012	1	100	10000	10	100000	4	1	5	0.0099	9900000	99000000000	0.99	0.99	0.1	1e-10	true	true	0.891
wave2a_h_by_b__c0051__sb0001__g100	wave2a_h_by_b	H-by-B	factorial-treatment	true	p01-s03-c0051	c0051	sb0001	666	wave2-simulation	p01-s03-c0051	p01-s03-c0051-v210-adaptive-g1000-sb0001	1	100	100	1	100	2	0	2	0.01	10000000	1000000000	0.5	0.5	0.1	0	false	true	0.45
wave2a_h_by_b__c0051__sb0002__g100	wave2a_h_by_b	H-by-B	factorial-treatment	true	p01-s03-c0051	c0051	sb0002	667	wave2-simulation	p01-s03-c0051	p01-s03-c0051-v210-adaptive-g1000-sb0002	1	100	100	1	100	2	0	2	0.01	10000000	1000000000	0.5	0.5	0.1	0	false	true	0.45
wave2a_h_by_b__c0051__sb0003__g100	wave2a_h_by_b	H-by-B	factorial-treatment	true	p01-s03-c0051	c0051	sb0003	668	wave2-simulation	p01-s03-c0051	p01-s03-c0051-v210-adaptive-g1000-sb0003	1	100	100	1	100	2	0	2	0.01	10000000	1000000000	0.5	0.5	0.1	0	false	true	0.45
wave2a_h_by_b__c0051__sb0004__g100	wave2a_h_by_b	H-by-B	factorial-treatment	true	p01-s03-c0051	c0051	sb0004	669	wave2-simulation	p01-s03-c0051	p01-s03-c0051-v210-adaptive-g1000-sb0004	1	100	100	1	100	2	0	2	0.01	10000000	1000000000	0.5	0.5	0.1	0	false	true	0.45
wave2a_h_by_b__c0051__sb0005__g100	wave2a_h_by_b	H-by-B	factorial-treatment	true	p01-s03-c0051	c0051	sb0005	670	wave2-simulation	p01-s03-c0051	p01-s03-c0051-v210-adaptive-g1000-sb0005	1	100	100	1	100	2	0	2	0.01	10000000	1000000000	0.5	0.5	0.1	0	false	true	0.45
wave2a_h_by_b__c0051__sb0006__g100	wave2a_h_by_b	H-by-B	factorial-treatment	true	p01-s03-c0051	c0051	sb0006	671	wave2-simulation	p01-s03-c0051	p01-s03-c0051-v210-adaptive-g1000-sb0006	1	100	100	1	100	2	0	2	0.01	10000000	1000000000	0.5	0.5	0.1	0	false	true	0.45
wave2a_h_by_b__c0051__sb0007__g100	wave2a_h_by_b	H-by-B	factorial-treatment	true	p01-s03-c0051	c0051	sb0007	672	wave2-simulation	p01-s03-c0051	p01-s03-c0051-v210-adaptive-g1000-sb0007	1	100	100	1	100	2	0	2	0.01	10000000	1000000000	0.5	0.5	0.1	0	false	true	0.45
wave2a_h_by_b__c0051__sb0008__g100	wave2a_h_by_b	H-by-B	factorial-treatment	true	p01-s03-c0051	c0051	sb0008	673	wave2-simulation	p01-s03-c0051	p01-s03-c0051-v210-adaptive-g1000-sb0008	1	100	100	1	100	2	0	2	0.01	10000000	1000000000	0.5	0.5	0.1	0	false	true	0.45
wave2a_h_by_b__c0051__sb0009__g100	wave2a_h_by_b	H-by-B	factorial-treatment	true	p01-s03-c0051	c0051	sb0009	674	wave2-simulation	p01-s03-c0051	p01-s03-c0051-v210-adaptive-g1000-sb0009	1	100	100	1	100	2	0	2	0.01	10000000	1000000000	0.5	0.5	0.1	0	false	true	0.45
wave2a_h_by_b__c0051__sb0010__g100	wave2a_h_by_b	H-by-B	factorial-treatment	true	p01-s03-c0051	c0051	sb0010	675	wave2-simulation	p01-s03-c0051	p01-s03-c0051-v210-adaptive-g1000-sb0010	1	100	100	1	100	2	0	2	0.01	10000000	1000000000	0.5	0.5	0.1	0	false	true	0.45
wave2a_h_by_b__c0051__sb0011__g100	wave2a_h_by_b	H-by-B	factorial-treatment	true	p01-s03-c0051	c0051	sb0011	676	wave2-simulation	p01-s03-c0051	p01-s03-c0051-v210-adaptive-g1000-sb0011	1	100	100	1	100	2	0	2	0.01	10000000	1000000000	0.5	0.5	0.1	0	false	true	0.45
wave2a_h_by_b__c0051__sb0012__g100	wave2a_h_by_b	H-by-B	factorial-treatment	true	p01-s03-c0051	c0051	sb0012	677	wave2-simulation	p01-s03-c0051	p01-s03-c0051-v210-adaptive-g1000-sb0012	1	100	100	1	100	2	0	2	0.01	10000000	1000000000	0.5	0.5	0.1	0	false	true	0.45
wave2a_h_by_b__c0052__sb0001__g100	wave2a_h_by_b	H-by-B	factorial-treatment	true	p01-s03-c0052	c0052	sb0001	666	wave2-simulation	p01-s03-c0052	p01-s03-c0052-v210-adaptive-g1000-sb0001	1	100	100	5	500	2	0.698970004336019	2.69897000433602	0.01	10000000	1000000000	0.5	0.5	0.1	0	false	true	0.45
wave2a_h_by_b__c0052__sb0002__g100	wave2a_h_by_b	H-by-B	factorial-treatment	true	p01-s03-c0052	c0052	sb0002	667	wave2-simulation	p01-s03-c0052	p01-s03-c0052-v210-adaptive-g1000-sb0002	1	100	100	5	500	2	0.698970004336019	2.69897000433602	0.01	10000000	1000000000	0.5	0.5	0.1	0	false	true	0.45
wave2a_h_by_b__c0052__sb0003__g100	wave2a_h_by_b	H-by-B	factorial-treatment	true	p01-s03-c0052	c0052	sb0003	668	wave2-simulation	p01-s03-c0052	p01-s03-c0052-v210-adaptive-g1000-sb0003	1	100	100	5	500	2	0.698970004336019	2.69897000433602	0.01	10000000	1000000000	0.5	0.5	0.1	0	false	true	0.45
wave2a_h_by_b__c0052__sb0004__g100	wave2a_h_by_b	H-by-B	factorial-treatment	true	p01-s03-c0052	c0052	sb0004	669	wave2-simulation	p01-s03-c0052	p01-s03-c0052-v210-adaptive-g1000-sb0004	1	100	100	5	500	2	0.698970004336019	2.69897000433602	0.01	10000000	1000000000	0.5	0.5	0.1	0	false	true	0.45
wave2a_h_by_b__c0052__sb0005__g100	wave2a_h_by_b	H-by-B	factorial-treatment	true	p01-s03-c0052	c0052	sb0005	670	wave2-simulation	p01-s03-c0052	p01-s03-c0052-v210-adaptive-g1000-sb0005	1	100	100	5	500	2	0.698970004336019	2.69897000433602	0.01	10000000	1000000000	0.5	0.5	0.1	0	false	true	0.45
wave2a_h_by_b__c0052__sb0006__g100	wave2a_h_by_b	H-by-B	factorial-treatment	true	p01-s03-c0052	c0052	sb0006	671	wave2-simulation	p01-s03-c0052	p01-s03-c0052-v210-adaptive-g1000-sb0006	1	100	100	5	500	2	0.698970004336019	2.69897000433602	0.01	10000000	1000000000	0.5	0.5	0.1	0	false	true	0.45
wave2a_h_by_b__c0052__sb0007__g100	wave2a_h_by_b	H-by-B	factorial-treatment	true	p01-s03-c0052	c0052	sb0007	672	wave2-simulation	p01-s03-c0052	p01-s03-c0052-v210-adaptive-g1000-sb0007	1	100	100	5	500	2	0.698970004336019	2.69897000433602	0.01	10000000	1000000000	0.5	0.5	0.1	0	false	true	0.45
wave2a_h_by_b__c0052__sb0008__g100	wave2a_h_by_b	H-by-B	factorial-treatment	true	p01-s03-c0052	c0052	sb0008	673	wave2-simulation	p01-s03-c0052	p01-s03-c0052-v210-adaptive-g1000-sb0008	1	100	100	5	500	2	0.698970004336019	2.69897000433602	0.01	10000000	1000000000	0.5	0.5	0.1	0	false	true	0.45
wave2a_h_by_b__c0052__sb0009__g100	wave2a_h_by_b	H-by-B	factorial-treatment	true	p01-s03-c0052	c0052	sb0009	674	wave2-simulation	p01-s03-c0052	p01-s03-c0052-v210-adaptive-g1000-sb0009	1	100	100	5	500	2	0.698970004336019	2.69897000433602	0.01	10000000	1000000000	0.5	0.5	0.1	0	false	true	0.45
wave2a_h_by_b__c0052__sb0010__g100	wave2a_h_by_b	H-by-B	factorial-treatment	true	p01-s03-c0052	c0052	sb0010	675	wave2-simulation	p01-s03-c0052	p01-s03-c0052-v210-adaptive-g1000-sb0010	1	100	100	5	500	2	0.698970004336019	2.69897000433602	0.01	10000000	1000000000	0.5	0.5	0.1	0	false	true	0.45
wave2a_h_by_b__c0052__sb0011__g100	wave2a_h_by_b	H-by-B	factorial-treatment	true	p01-s03-c0052	c0052	sb0011	676	wave2-simulation	p01-s03-c0052	p01-s03-c0052-v210-adaptive-g1000-sb0011	1	100	100	5	500	2	0.698970004336019	2.69897000433602	0.01	10000000	1000000000	0.5	0.5	0.1	0	false	true	0.45
wave2a_h_by_b__c0052__sb0012__g100	wave2a_h_by_b	H-by-B	factorial-treatment	true	p01-s03-c0052	c0052	sb0012	677	wave2-simulation	p01-s03-c0052	p01-s03-c0052-v210-adaptive-g1000-sb0012	1	100	100	5	500	2	0.698970004336019	2.69897000433602	0.01	10000000	1000000000	0.5	0.5	0.1	0	false	true	0.45
wave2a_h_by_b__c0053__sb0001__g100	wave2a_h_by_b	H-by-B	factorial-treatment	true	p01-s03-c0053	c0053	sb0001	666	reused-stage2-simulation	p01-s02-c0022	p01-s02-c0022-v210-m010-g250-sb0001	1	100	100	10	1000	2	1	3	0.01	10000000	1000000000	0.5	0.5	0.1	0	false	true	0.45
wave2a_h_by_b__c0053__sb0002__g100	wave2a_h_by_b	H-by-B	factorial-treatment	true	p01-s03-c0053	c0053	sb0002	667	reused-stage2-simulation	p01-s02-c0022	p01-s02-c0022-v210-m010-g250-sb0002	1	100	100	10	1000	2	1	3	0.01	10000000	1000000000	0.5	0.5	0.1	0	false	true	0.45
wave2a_h_by_b__c0053__sb0003__g100	wave2a_h_by_b	H-by-B	factorial-treatment	true	p01-s03-c0053	c0053	sb0003	668	reused-stage2-simulation	p01-s02-c0022	p01-s02-c0022-v210-m010-g250-sb0003	1	100	100	10	1000	2	1	3	0.01	10000000	1000000000	0.5	0.5	0.1	0	false	true	0.45
wave2a_h_by_b__c0053__sb0004__g100	wave2a_h_by_b	H-by-B	factorial-treatment	true	p01-s03-c0053	c0053	sb0004	669	reused-stage2-simulation	p01-s02-c0022	p01-s02-c0022-v210-m010-g250-sb0004	1	100	100	10	1000	2	1	3	0.01	10000000	1000000000	0.5	0.5	0.1	0	false	true	0.45
wave2a_h_by_b__c0053__sb0005__g100	wave2a_h_by_b	H-by-B	factorial-treatment	true	p01-s03-c0053	c0053	sb0005	670	reused-stage2-simulation	p01-s02-c0022	p01-s02-c0022-v210-m010-g250-sb0005	1	100	100	10	1000	2	1	3	0.01	10000000	1000000000	0.5	0.5	0.1	0	false	true	0.45
wave2a_h_by_b__c0053__sb0006__g100	wave2a_h_by_b	H-by-B	factorial-treatment	true	p01-s03-c0053	c0053	sb0006	671	reused-stage2-simulation	p01-s02-c0022	p01-s02-c0022-v210-m010-g250-sb0006	1	100	100	10	1000	2	1	3	0.01	10000000	1000000000	0.5	0.5	0.1	0	false	true	0.45
wave2a_h_by_b__c0053__sb0007__g100	wave2a_h_by_b	H-by-B	factorial-treatment	true	p01-s03-c0053	c0053	sb0007	672	reused-stage2-simulation	p01-s02-c0022	p01-s02-c0022-v210-m010-g250-sb0007	1	100	100	10	1000	2	1	3	0.01	10000000	1000000000	0.5	0.5	0.1	0	false	true	0.45
wave2a_h_by_b__c0053__sb0008__g100	wave2a_h_by_b	H-by-B	factorial-treatment	true	p01-s03-c0053	c0053	sb0008	673	reused-stage2-simulation	p01-s02-c0022	p01-s02-c0022-v210-m010-g250-sb0008	1	100	100	10	1000	2	1	3	0.01	10000000	1000000000	0.5	0.5	0.1	0	false	true	0.45
wave2a_h_by_b__c0053__sb0009__g100	wave2a_h_by_b	H-by-B	factorial-treatment	true	p01-s03-c0053	c0053	sb0009	674	reused-stage2-simulation	p01-s02-c0022	p01-s02-c0022-v210-m010-g250-sb0009	1	100	100	10	1000	2	1	3	0.01	10000000	1000000000	0.5	0.5	0.1	0	false	true	0.45
wave2a_h_by_b__c0053__sb0010__g100	wave2a_h_by_b	H-by-B	factorial-treatment	true	p01-s03-c0053	c0053	sb0010	675	reused-stage2-simulation	p01-s02-c0022	p01-s02-c0022-v210-m010-g250-sb0010	1	100	100	10	1000	2	1	3	0.01	10000000	1000000000	0.5	0.5	0.1	0	false	true	0.45
wave2a_h_by_b__c0053__sb0011__g100	wave2a_h_by_b	H-by-B	factorial-treatment	true	p01-s03-c0053	c0053	sb0011	676	reused-stage2-simulation	p01-s02-c0022	p01-s02-c0022-v210-m010-g250-sb0011	1	100	100	10	1000	2	1	3	0.01	10000000	1000000000	0.5	0.5	0.1	0	false	true	0.45
wave2a_h_by_b__c0053__sb0012__g100	wave2a_h_by_b	H-by-B	factorial-treatment	true	p01-s03-c0053	c0053	sb0012	677	reused-stage2-simulation	p01-s02-c0022	p01-s02-c0022-v210-m010-g250-sb0012	1	100	100	10	1000	2	1	3	0.01	10000000	1000000000	0.5	0.5	0.1	0	false	true	0.45
wave2a_h_by_b__c0054__sb0001__g100	wave2a_h_by_b	H-by-B	factorial-treatment	true	p01-s03-c0054	c0054	sb0001	666	wave2-simulation	p01-s03-c0054	p01-s03-c0054-v210-adaptive-g1000-sb0001	1	100	100	50	5000	2	1.69897000433602	3.69897000433602	0.01	10000000	1000000000	0.5	0.5	0.1	0	false	true	0.45
wave2a_h_by_b__c0054__sb0002__g100	wave2a_h_by_b	H-by-B	factorial-treatment	true	p01-s03-c0054	c0054	sb0002	667	wave2-simulation	p01-s03-c0054	p01-s03-c0054-v210-adaptive-g1000-sb0002	1	100	100	50	5000	2	1.69897000433602	3.69897000433602	0.01	10000000	1000000000	0.5	0.5	0.1	0	false	true	0.45
wave2a_h_by_b__c0054__sb0003__g100	wave2a_h_by_b	H-by-B	factorial-treatment	true	p01-s03-c0054	c0054	sb0003	668	wave2-simulation	p01-s03-c0054	p01-s03-c0054-v210-adaptive-g1000-sb0003	1	100	100	50	5000	2	1.69897000433602	3.69897000433602	0.01	10000000	1000000000	0.5	0.5	0.1	0	false	true	0.45
wave2a_h_by_b__c0054__sb0004__g100	wave2a_h_by_b	H-by-B	factorial-treatment	true	p01-s03-c0054	c0054	sb0004	669	wave2-simulation	p01-s03-c0054	p01-s03-c0054-v210-adaptive-g1000-sb0004	1	100	100	50	5000	2	1.69897000433602	3.69897000433602	0.01	10000000	1000000000	0.5	0.5	0.1	0	false	true	0.45
wave2a_h_by_b__c0054__sb0005__g100	wave2a_h_by_b	H-by-B	factorial-treatment	true	p01-s03-c0054	c0054	sb0005	670	wave2-simulation	p01-s03-c0054	p01-s03-c0054-v210-adaptive-g1000-sb0005	1	100	100	50	5000	2	1.69897000433602	3.69897000433602	0.01	10000000	1000000000	0.5	0.5	0.1	0	false	true	0.45
wave2a_h_by_b__c0054__sb0006__g100	wave2a_h_by_b	H-by-B	factorial-treatment	true	p01-s03-c0054	c0054	sb0006	671	wave2-simulation	p01-s03-c0054	p01-s03-c0054-v210-adaptive-g1000-sb0006	1	100	100	50	5000	2	1.69897000433602	3.69897000433602	0.01	10000000	1000000000	0.5	0.5	0.1	0	false	true	0.45
wave2a_h_by_b__c0054__sb0007__g100	wave2a_h_by_b	H-by-B	factorial-treatment	true	p01-s03-c0054	c0054	sb0007	672	wave2-simulation	p01-s03-c0054	p01-s03-c0054-v210-adaptive-g1000-sb0007	1	100	100	50	5000	2	1.69897000433602	3.69897000433602	0.01	10000000	1000000000	0.5	0.5	0.1	0	false	true	0.45
wave2a_h_by_b__c0054__sb0008__g100	wave2a_h_by_b	H-by-B	factorial-treatment	true	p01-s03-c0054	c0054	sb0008	673	wave2-simulation	p01-s03-c0054	p01-s03-c0054-v210-adaptive-g1000-sb0008	1	100	100	50	5000	2	1.69897000433602	3.69897000433602	0.01	10000000	1000000000	0.5	0.5	0.1	0	false	true	0.45
wave2a_h_by_b__c0054__sb0009__g100	wave2a_h_by_b	H-by-B	factorial-treatment	true	p01-s03-c0054	c0054	sb0009	674	wave2-simulation	p01-s03-c0054	p01-s03-c0054-v210-adaptive-g1000-sb0009	1	100	100	50	5000	2	1.69897000433602	3.69897000433602	0.01	10000000	1000000000	0.5	0.5	0.1	0	false	true	0.45
wave2a_h_by_b__c0054__sb0010__g100	wave2a_h_by_b	H-by-B	factorial-treatment	true	p01-s03-c0054	c0054	sb0010	675	wave2-simulation	p01-s03-c0054	p01-s03-c0054-v210-adaptive-g1000-sb0010	1	100	100	50	5000	2	1.69897000433602	3.69897000433602	0.01	10000000	1000000000	0.5	0.5	0.1	0	false	true	0.45
wave2a_h_by_b__c0054__sb0011__g100	wave2a_h_by_b	H-by-B	factorial-treatment	true	p01-s03-c0054	c0054	sb0011	676	wave2-simulation	p01-s03-c0054	p01-s03-c0054-v210-adaptive-g1000-sb0011	1	100	100	50	5000	2	1.69897000433602	3.69897000433602	0.01	10000000	1000000000	0.5	0.5	0.1	0	false	true	0.45
wave2a_h_by_b__c0054__sb0012__g100	wave2a_h_by_b	H-by-B	factorial-treatment	true	p01-s03-c0054	c0054	sb0012	677	wave2-simulation	p01-s03-c0054	p01-s03-c0054-v210-adaptive-g1000-sb0012	1	100	100	50	5000	2	1.69897000433602	3.69897000433602	0.01	10000000	1000000000	0.5	0.5	0.1	0	false	true	0.45
wave2a_h_by_b__c0055__sb0001__g100	wave2a_h_by_b	H-by-B	factorial-treatment	true	p01-s03-c0055	c0055	sb0001	666	wave2-simulation	p01-s03-c0055	p01-s03-c0055-v210-adaptive-g1000-sb0001	1	100	1000	1	1000	3	0	3	0.001	1000000	1000000000	0.5	0.5	0.1	0	false	true	0.45
wave2a_h_by_b__c0055__sb0002__g100	wave2a_h_by_b	H-by-B	factorial-treatment	true	p01-s03-c0055	c0055	sb0002	667	wave2-simulation	p01-s03-c0055	p01-s03-c0055-v210-adaptive-g1000-sb0002	1	100	1000	1	1000	3	0	3	0.001	1000000	1000000000	0.5	0.5	0.1	0	false	true	0.45
wave2a_h_by_b__c0055__sb0003__g100	wave2a_h_by_b	H-by-B	factorial-treatment	true	p01-s03-c0055	c0055	sb0003	668	wave2-simulation	p01-s03-c0055	p01-s03-c0055-v210-adaptive-g1000-sb0003	1	100	1000	1	1000	3	0	3	0.001	1000000	1000000000	0.5	0.5	0.1	0	false	true	0.45
wave2a_h_by_b__c0055__sb0004__g100	wave2a_h_by_b	H-by-B	factorial-treatment	true	p01-s03-c0055	c0055	sb0004	669	wave2-simulation	p01-s03-c0055	p01-s03-c0055-v210-adaptive-g1000-sb0004	1	100	1000	1	1000	3	0	3	0.001	1000000	1000000000	0.5	0.5	0.1	0	false	true	0.45
wave2a_h_by_b__c0055__sb0005__g100	wave2a_h_by_b	H-by-B	factorial-treatment	true	p01-s03-c0055	c0055	sb0005	670	wave2-simulation	p01-s03-c0055	p01-s03-c0055-v210-adaptive-g1000-sb0005	1	100	1000	1	1000	3	0	3	0.001	1000000	1000000000	0.5	0.5	0.1	0	false	true	0.45
wave2a_h_by_b__c0055__sb0006__g100	wave2a_h_by_b	H-by-B	factorial-treatment	true	p01-s03-c0055	c0055	sb0006	671	wave2-simulation	p01-s03-c0055	p01-s03-c0055-v210-adaptive-g1000-sb0006	1	100	1000	1	1000	3	0	3	0.001	1000000	1000000000	0.5	0.5	0.1	0	false	true	0.45
wave2a_h_by_b__c0055__sb0007__g100	wave2a_h_by_b	H-by-B	factorial-treatment	true	p01-s03-c0055	c0055	sb0007	672	wave2-simulation	p01-s03-c0055	p01-s03-c0055-v210-adaptive-g1000-sb0007	1	100	1000	1	1000	3	0	3	0.001	1000000	1000000000	0.5	0.5	0.1	0	false	true	0.45
wave2a_h_by_b__c0055__sb0008__g100	wave2a_h_by_b	H-by-B	factorial-treatment	true	p01-s03-c0055	c0055	sb0008	673	wave2-simulation	p01-s03-c0055	p01-s03-c0055-v210-adaptive-g1000-sb0008	1	100	1000	1	1000	3	0	3	0.001	1000000	1000000000	0.5	0.5	0.1	0	false	true	0.45
wave2a_h_by_b__c0055__sb0009__g100	wave2a_h_by_b	H-by-B	factorial-treatment	true	p01-s03-c0055	c0055	sb0009	674	wave2-simulation	p01-s03-c0055	p01-s03-c0055-v210-adaptive-g1000-sb0009	1	100	1000	1	1000	3	0	3	0.001	1000000	1000000000	0.5	0.5	0.1	0	false	true	0.45
wave2a_h_by_b__c0055__sb0010__g100	wave2a_h_by_b	H-by-B	factorial-treatment	true	p01-s03-c0055	c0055	sb0010	675	wave2-simulation	p01-s03-c0055	p01-s03-c0055-v210-adaptive-g1000-sb0010	1	100	1000	1	1000	3	0	3	0.001	1000000	1000000000	0.5	0.5	0.1	0	false	true	0.45
wave2a_h_by_b__c0055__sb0011__g100	wave2a_h_by_b	H-by-B	factorial-treatment	true	p01-s03-c0055	c0055	sb0011	676	wave2-simulation	p01-s03-c0055	p01-s03-c0055-v210-adaptive-g1000-sb0011	1	100	1000	1	1000	3	0	3	0.001	1000000	1000000000	0.5	0.5	0.1	0	false	true	0.45
wave2a_h_by_b__c0055__sb0012__g100	wave2a_h_by_b	H-by-B	factorial-treatment	true	p01-s03-c0055	c0055	sb0012	677	wave2-simulation	p01-s03-c0055	p01-s03-c0055-v210-adaptive-g1000-sb0012	1	100	1000	1	1000	3	0	3	0.001	1000000	1000000000	0.5	0.5	0.1	0	false	true	0.45
wave2a_h_by_b__c0056__sb0001__g100	wave2a_h_by_b	H-by-B	factorial-treatment	true	p01-s03-c0056	c0056	sb0001	666	wave2-simulation	p01-s03-c0056	p01-s03-c0056-v210-adaptive-g1000-sb0001	1	100	1000	5	5000	3	0.698970004336019	3.69897000433602	0.001	1000000	1000000000	0.5	0.5	0.1	0	false	true	0.45
wave2a_h_by_b__c0056__sb0002__g100	wave2a_h_by_b	H-by-B	factorial-treatment	true	p01-s03-c0056	c0056	sb0002	667	wave2-simulation	p01-s03-c0056	p01-s03-c0056-v210-adaptive-g1000-sb0002	1	100	1000	5	5000	3	0.698970004336019	3.69897000433602	0.001	1000000	1000000000	0.5	0.5	0.1	0	false	true	0.45
wave2a_h_by_b__c0056__sb0003__g100	wave2a_h_by_b	H-by-B	factorial-treatment	true	p01-s03-c0056	c0056	sb0003	668	wave2-simulation	p01-s03-c0056	p01-s03-c0056-v210-adaptive-g1000-sb0003	1	100	1000	5	5000	3	0.698970004336019	3.69897000433602	0.001	1000000	1000000000	0.5	0.5	0.1	0	false	true	0.45
wave2a_h_by_b__c0056__sb0004__g100	wave2a_h_by_b	H-by-B	factorial-treatment	true	p01-s03-c0056	c0056	sb0004	669	wave2-simulation	p01-s03-c0056	p01-s03-c0056-v210-adaptive-g1000-sb0004	1	100	1000	5	5000	3	0.698970004336019	3.69897000433602	0.001	1000000	1000000000	0.5	0.5	0.1	0	false	true	0.45
wave2a_h_by_b__c0056__sb0005__g100	wave2a_h_by_b	H-by-B	factorial-treatment	true	p01-s03-c0056	c0056	sb0005	670	wave2-simulation	p01-s03-c0056	p01-s03-c0056-v210-adaptive-g1000-sb0005	1	100	1000	5	5000	3	0.698970004336019	3.69897000433602	0.001	1000000	1000000000	0.5	0.5	0.1	0	false	true	0.45
wave2a_h_by_b__c0056__sb0006__g100	wave2a_h_by_b	H-by-B	factorial-treatment	true	p01-s03-c0056	c0056	sb0006	671	wave2-simulation	p01-s03-c0056	p01-s03-c0056-v210-adaptive-g1000-sb0006	1	100	1000	5	5000	3	0.698970004336019	3.69897000433602	0.001	1000000	1000000000	0.5	0.5	0.1	0	false	true	0.45
wave2a_h_by_b__c0056__sb0007__g100	wave2a_h_by_b	H-by-B	factorial-treatment	true	p01-s03-c0056	c0056	sb0007	672	wave2-simulation	p01-s03-c0056	p01-s03-c0056-v210-adaptive-g1000-sb0007	1	100	1000	5	5000	3	0.698970004336019	3.69897000433602	0.001	1000000	1000000000	0.5	0.5	0.1	0	false	true	0.45
wave2a_h_by_b__c0056__sb0008__g100	wave2a_h_by_b	H-by-B	factorial-treatment	true	p01-s03-c0056	c0056	sb0008	673	wave2-simulation	p01-s03-c0056	p01-s03-c0056-v210-adaptive-g1000-sb0008	1	100	1000	5	5000	3	0.698970004336019	3.69897000433602	0.001	1000000	1000000000	0.5	0.5	0.1	0	false	true	0.45
wave2a_h_by_b__c0056__sb0009__g100	wave2a_h_by_b	H-by-B	factorial-treatment	true	p01-s03-c0056	c0056	sb0009	674	wave2-simulation	p01-s03-c0056	p01-s03-c0056-v210-adaptive-g1000-sb0009	1	100	1000	5	5000	3	0.698970004336019	3.69897000433602	0.001	1000000	1000000000	0.5	0.5	0.1	0	false	true	0.45
wave2a_h_by_b__c0056__sb0010__g100	wave2a_h_by_b	H-by-B	factorial-treatment	true	p01-s03-c0056	c0056	sb0010	675	wave2-simulation	p01-s03-c0056	p01-s03-c0056-v210-adaptive-g1000-sb0010	1	100	1000	5	5000	3	0.698970004336019	3.69897000433602	0.001	1000000	1000000000	0.5	0.5	0.1	0	false	true	0.45
wave2a_h_by_b__c0056__sb0011__g100	wave2a_h_by_b	H-by-B	factorial-treatment	true	p01-s03-c0056	c0056	sb0011	676	wave2-simulation	p01-s03-c0056	p01-s03-c0056-v210-adaptive-g1000-sb0011	1	100	1000	5	5000	3	0.698970004336019	3.69897000433602	0.001	1000000	1000000000	0.5	0.5	0.1	0	false	true	0.45
wave2a_h_by_b__c0056__sb0012__g100	wave2a_h_by_b	H-by-B	factorial-treatment	true	p01-s03-c0056	c0056	sb0012	677	wave2-simulation	p01-s03-c0056	p01-s03-c0056-v210-adaptive-g1000-sb0012	1	100	1000	5	5000	3	0.698970004336019	3.69897000433602	0.001	1000000	1000000000	0.5	0.5	0.1	0	false	true	0.45
wave2a_h_by_b__c0057__sb0001__g100	wave2a_h_by_b	H-by-B	factorial-treatment	true	p01-s03-c0057	c0057	sb0001	666	wave2-simulation	p01-s03-c0057	p01-s03-c0057-v210-adaptive-g1000-sb0001	1	100	1000	10	10000	3	1	4	0.001	1000000	1000000000	0.5	0.5	0.1	0	false	true	0.45
wave2a_h_by_b__c0057__sb0002__g100	wave2a_h_by_b	H-by-B	factorial-treatment	true	p01-s03-c0057	c0057	sb0002	667	wave2-simulation	p01-s03-c0057	p01-s03-c0057-v210-adaptive-g1000-sb0002	1	100	1000	10	10000	3	1	4	0.001	1000000	1000000000	0.5	0.5	0.1	0	false	true	0.45
wave2a_h_by_b__c0057__sb0003__g100	wave2a_h_by_b	H-by-B	factorial-treatment	true	p01-s03-c0057	c0057	sb0003	668	wave2-simulation	p01-s03-c0057	p01-s03-c0057-v210-adaptive-g1000-sb0003	1	100	1000	10	10000	3	1	4	0.001	1000000	1000000000	0.5	0.5	0.1	0	false	true	0.45
wave2a_h_by_b__c0057__sb0004__g100	wave2a_h_by_b	H-by-B	factorial-treatment	true	p01-s03-c0057	c0057	sb0004	669	wave2-simulation	p01-s03-c0057	p01-s03-c0057-v210-adaptive-g1000-sb0004	1	100	1000	10	10000	3	1	4	0.001	1000000	1000000000	0.5	0.5	0.1	0	false	true	0.45
wave2a_h_by_b__c0057__sb0005__g100	wave2a_h_by_b	H-by-B	factorial-treatment	true	p01-s03-c0057	c0057	sb0005	670	wave2-simulation	p01-s03-c0057	p01-s03-c0057-v210-adaptive-g1000-sb0005	1	100	1000	10	10000	3	1	4	0.001	1000000	1000000000	0.5	0.5	0.1	0	false	true	0.45
wave2a_h_by_b__c0057__sb0006__g100	wave2a_h_by_b	H-by-B	factorial-treatment	true	p01-s03-c0057	c0057	sb0006	671	wave2-simulation	p01-s03-c0057	p01-s03-c0057-v210-adaptive-g1000-sb0006	1	100	1000	10	10000	3	1	4	0.001	1000000	1000000000	0.5	0.5	0.1	0	false	true	0.45
wave2a_h_by_b__c0057__sb0007__g100	wave2a_h_by_b	H-by-B	factorial-treatment	true	p01-s03-c0057	c0057	sb0007	672	wave2-simulation	p01-s03-c0057	p01-s03-c0057-v210-adaptive-g1000-sb0007	1	100	1000	10	10000	3	1	4	0.001	1000000	1000000000	0.5	0.5	0.1	0	false	true	0.45
wave2a_h_by_b__c0057__sb0008__g100	wave2a_h_by_b	H-by-B	factorial-treatment	true	p01-s03-c0057	c0057	sb0008	673	wave2-simulation	p01-s03-c0057	p01-s03-c0057-v210-adaptive-g1000-sb0008	1	100	1000	10	10000	3	1	4	0.001	1000000	1000000000	0.5	0.5	0.1	0	false	true	0.45
wave2a_h_by_b__c0057__sb0009__g100	wave2a_h_by_b	H-by-B	factorial-treatment	true	p01-s03-c0057	c0057	sb0009	674	wave2-simulation	p01-s03-c0057	p01-s03-c0057-v210-adaptive-g1000-sb0009	1	100	1000	10	10000	3	1	4	0.001	1000000	1000000000	0.5	0.5	0.1	0	false	true	0.45
wave2a_h_by_b__c0057__sb0010__g100	wave2a_h_by_b	H-by-B	factorial-treatment	true	p01-s03-c0057	c0057	sb0010	675	wave2-simulation	p01-s03-c0057	p01-s03-c0057-v210-adaptive-g1000-sb0010	1	100	1000	10	10000	3	1	4	0.001	1000000	1000000000	0.5	0.5	0.1	0	false	true	0.45
wave2a_h_by_b__c0057__sb0011__g100	wave2a_h_by_b	H-by-B	factorial-treatment	true	p01-s03-c0057	c0057	sb0011	676	wave2-simulation	p01-s03-c0057	p01-s03-c0057-v210-adaptive-g1000-sb0011	1	100	1000	10	10000	3	1	4	0.001	1000000	1000000000	0.5	0.5	0.1	0	false	true	0.45
wave2a_h_by_b__c0057__sb0012__g100	wave2a_h_by_b	H-by-B	factorial-treatment	true	p01-s03-c0057	c0057	sb0012	677	wave2-simulation	p01-s03-c0057	p01-s03-c0057-v210-adaptive-g1000-sb0012	1	100	1000	10	10000	3	1	4	0.001	1000000	1000000000	0.5	0.5	0.1	0	false	true	0.45
wave2a_h_by_b__c0058__sb0001__g100	wave2a_h_by_b	H-by-B	factorial-treatment	true	p01-s03-c0058	c0058	sb0001	666	wave2-simulation	p01-s03-c0058	p01-s03-c0058-v210-adaptive-g1000-sb0001	1	100	1000	50	50000	3	1.69897000433602	4.69897000433602	0.001	1000000	1000000000	0.5	0.5	0.1	0	false	true	0.45
wave2a_h_by_b__c0058__sb0002__g100	wave2a_h_by_b	H-by-B	factorial-treatment	true	p01-s03-c0058	c0058	sb0002	667	wave2-simulation	p01-s03-c0058	p01-s03-c0058-v210-adaptive-g1000-sb0002	1	100	1000	50	50000	3	1.69897000433602	4.69897000433602	0.001	1000000	1000000000	0.5	0.5	0.1	0	false	true	0.45
wave2a_h_by_b__c0058__sb0003__g100	wave2a_h_by_b	H-by-B	factorial-treatment	true	p01-s03-c0058	c0058	sb0003	668	wave2-simulation	p01-s03-c0058	p01-s03-c0058-v210-adaptive-g1000-sb0003	1	100	1000	50	50000	3	1.69897000433602	4.69897000433602	0.001	1000000	1000000000	0.5	0.5	0.1	0	false	true	0.45
wave2a_h_by_b__c0058__sb0004__g100	wave2a_h_by_b	H-by-B	factorial-treatment	true	p01-s03-c0058	c0058	sb0004	669	wave2-simulation	p01-s03-c0058	p01-s03-c0058-v210-adaptive-g1000-sb0004	1	100	1000	50	50000	3	1.69897000433602	4.69897000433602	0.001	1000000	1000000000	0.5	0.5	0.1	0	false	true	0.45
wave2a_h_by_b__c0058__sb0005__g100	wave2a_h_by_b	H-by-B	factorial-treatment	true	p01-s03-c0058	c0058	sb0005	670	wave2-simulation	p01-s03-c0058	p01-s03-c0058-v210-adaptive-g1000-sb0005	1	100	1000	50	50000	3	1.69897000433602	4.69897000433602	0.001	1000000	1000000000	0.5	0.5	0.1	0	false	true	0.45
wave2a_h_by_b__c0058__sb0006__g100	wave2a_h_by_b	H-by-B	factorial-treatment	true	p01-s03-c0058	c0058	sb0006	671	wave2-simulation	p01-s03-c0058	p01-s03-c0058-v210-adaptive-g1000-sb0006	1	100	1000	50	50000	3	1.69897000433602	4.69897000433602	0.001	1000000	1000000000	0.5	0.5	0.1	0	false	true	0.45
wave2a_h_by_b__c0058__sb0007__g100	wave2a_h_by_b	H-by-B	factorial-treatment	true	p01-s03-c0058	c0058	sb0007	672	wave2-simulation	p01-s03-c0058	p01-s03-c0058-v210-adaptive-g1000-sb0007	1	100	1000	50	50000	3	1.69897000433602	4.69897000433602	0.001	1000000	1000000000	0.5	0.5	0.1	0	false	true	0.45
wave2a_h_by_b__c0058__sb0008__g100	wave2a_h_by_b	H-by-B	factorial-treatment	true	p01-s03-c0058	c0058	sb0008	673	wave2-simulation	p01-s03-c0058	p01-s03-c0058-v210-adaptive-g1000-sb0008	1	100	1000	50	50000	3	1.69897000433602	4.69897000433602	0.001	1000000	1000000000	0.5	0.5	0.1	0	false	true	0.45
wave2a_h_by_b__c0058__sb0009__g100	wave2a_h_by_b	H-by-B	factorial-treatment	true	p01-s03-c0058	c0058	sb0009	674	wave2-simulation	p01-s03-c0058	p01-s03-c0058-v210-adaptive-g1000-sb0009	1	100	1000	50	50000	3	1.69897000433602	4.69897000433602	0.001	1000000	1000000000	0.5	0.5	0.1	0	false	true	0.45
wave2a_h_by_b__c0058__sb0010__g100	wave2a_h_by_b	H-by-B	factorial-treatment	true	p01-s03-c0058	c0058	sb0010	675	wave2-simulation	p01-s03-c0058	p01-s03-c0058-v210-adaptive-g1000-sb0010	1	100	1000	50	50000	3	1.69897000433602	4.69897000433602	0.001	1000000	1000000000	0.5	0.5	0.1	0	false	true	0.45
wave2a_h_by_b__c0058__sb0011__g100	wave2a_h_by_b	H-by-B	factorial-treatment	true	p01-s03-c0058	c0058	sb0011	676	wave2-simulation	p01-s03-c0058	p01-s03-c0058-v210-adaptive-g1000-sb0011	1	100	1000	50	50000	3	1.69897000433602	4.69897000433602	0.001	1000000	1000000000	0.5	0.5	0.1	0	false	true	0.45
wave2a_h_by_b__c0058__sb0012__g100	wave2a_h_by_b	H-by-B	factorial-treatment	true	p01-s03-c0058	c0058	sb0012	677	wave2-simulation	p01-s03-c0058	p01-s03-c0058-v210-adaptive-g1000-sb0012	1	100	1000	50	50000	3	1.69897000433602	4.69897000433602	0.001	1000000	1000000000	0.5	0.5	0.1	0	false	true	0.45
wave2a_h_by_b__c0059__sb0001__g100	wave2a_h_by_b	H-by-B	factorial-treatment	true	p01-s03-c0059	c0059	sb0001	666	wave2-simulation	p01-s03-c0059	p01-s03-c0059-v210-adaptive-g1000-sb0001	1	100	10000	1	10000	4	0	4	0.0001	100000	1000000000	0.5	0.5	0.1	0	false	true	0.45
wave2a_h_by_b__c0059__sb0002__g100	wave2a_h_by_b	H-by-B	factorial-treatment	true	p01-s03-c0059	c0059	sb0002	667	wave2-simulation	p01-s03-c0059	p01-s03-c0059-v210-adaptive-g1000-sb0002	1	100	10000	1	10000	4	0	4	0.0001	100000	1000000000	0.5	0.5	0.1	0	false	true	0.45
wave2a_h_by_b__c0059__sb0003__g100	wave2a_h_by_b	H-by-B	factorial-treatment	true	p01-s03-c0059	c0059	sb0003	668	wave2-simulation	p01-s03-c0059	p01-s03-c0059-v210-adaptive-g1000-sb0003	1	100	10000	1	10000	4	0	4	0.0001	100000	1000000000	0.5	0.5	0.1	0	false	true	0.45
wave2a_h_by_b__c0059__sb0004__g100	wave2a_h_by_b	H-by-B	factorial-treatment	true	p01-s03-c0059	c0059	sb0004	669	wave2-simulation	p01-s03-c0059	p01-s03-c0059-v210-adaptive-g1000-sb0004	1	100	10000	1	10000	4	0	4	0.0001	100000	1000000000	0.5	0.5	0.1	0	false	true	0.45
wave2a_h_by_b__c0059__sb0005__g100	wave2a_h_by_b	H-by-B	factorial-treatment	true	p01-s03-c0059	c0059	sb0005	670	wave2-simulation	p01-s03-c0059	p01-s03-c0059-v210-adaptive-g1000-sb0005	1	100	10000	1	10000	4	0	4	0.0001	100000	1000000000	0.5	0.5	0.1	0	false	true	0.45
wave2a_h_by_b__c0059__sb0006__g100	wave2a_h_by_b	H-by-B	factorial-treatment	true	p01-s03-c0059	c0059	sb0006	671	wave2-simulation	p01-s03-c0059	p01-s03-c0059-v210-adaptive-g1000-sb0006	1	100	10000	1	10000	4	0	4	0.0001	100000	1000000000	0.5	0.5	0.1	0	false	true	0.45
wave2a_h_by_b__c0059__sb0007__g100	wave2a_h_by_b	H-by-B	factorial-treatment	true	p01-s03-c0059	c0059	sb0007	672	wave2-simulation	p01-s03-c0059	p01-s03-c0059-v210-adaptive-g1000-sb0007	1	100	10000	1	10000	4	0	4	0.0001	100000	1000000000	0.5	0.5	0.1	0	false	true	0.45
wave2a_h_by_b__c0059__sb0008__g100	wave2a_h_by_b	H-by-B	factorial-treatment	true	p01-s03-c0059	c0059	sb0008	673	wave2-simulation	p01-s03-c0059	p01-s03-c0059-v210-adaptive-g1000-sb0008	1	100	10000	1	10000	4	0	4	0.0001	100000	1000000000	0.5	0.5	0.1	0	false	true	0.45
wave2a_h_by_b__c0059__sb0009__g100	wave2a_h_by_b	H-by-B	factorial-treatment	true	p01-s03-c0059	c0059	sb0009	674	wave2-simulation	p01-s03-c0059	p01-s03-c0059-v210-adaptive-g1000-sb0009	1	100	10000	1	10000	4	0	4	0.0001	100000	1000000000	0.5	0.5	0.1	0	false	true	0.45
wave2a_h_by_b__c0059__sb0010__g100	wave2a_h_by_b	H-by-B	factorial-treatment	true	p01-s03-c0059	c0059	sb0010	675	wave2-simulation	p01-s03-c0059	p01-s03-c0059-v210-adaptive-g1000-sb0010	1	100	10000	1	10000	4	0	4	0.0001	100000	1000000000	0.5	0.5	0.1	0	false	true	0.45
wave2a_h_by_b__c0059__sb0011__g100	wave2a_h_by_b	H-by-B	factorial-treatment	true	p01-s03-c0059	c0059	sb0011	676	wave2-simulation	p01-s03-c0059	p01-s03-c0059-v210-adaptive-g1000-sb0011	1	100	10000	1	10000	4	0	4	0.0001	100000	1000000000	0.5	0.5	0.1	0	false	true	0.45
wave2a_h_by_b__c0059__sb0012__g100	wave2a_h_by_b	H-by-B	factorial-treatment	true	p01-s03-c0059	c0059	sb0012	677	wave2-simulation	p01-s03-c0059	p01-s03-c0059-v210-adaptive-g1000-sb0012	1	100	10000	1	10000	4	0	4	0.0001	100000	1000000000	0.5	0.5	0.1	0	false	true	0.45
wave2a_h_by_b__c0060__sb0001__g100	wave2a_h_by_b	H-by-B	factorial-treatment	true	p01-s03-c0060	c0060	sb0001	666	wave2-simulation	p01-s03-c0060	p01-s03-c0060-v210-adaptive-g1000-sb0001	1	100	10000	5	50000	4	0.698970004336019	4.69897000433602	0.0001	100000	1000000000	0.5	0.5	0.1	0	false	true	0.45
wave2a_h_by_b__c0060__sb0002__g100	wave2a_h_by_b	H-by-B	factorial-treatment	true	p01-s03-c0060	c0060	sb0002	667	wave2-simulation	p01-s03-c0060	p01-s03-c0060-v210-adaptive-g1000-sb0002	1	100	10000	5	50000	4	0.698970004336019	4.69897000433602	0.0001	100000	1000000000	0.5	0.5	0.1	0	false	true	0.45
wave2a_h_by_b__c0060__sb0003__g100	wave2a_h_by_b	H-by-B	factorial-treatment	true	p01-s03-c0060	c0060	sb0003	668	wave2-simulation	p01-s03-c0060	p01-s03-c0060-v210-adaptive-g1000-sb0003	1	100	10000	5	50000	4	0.698970004336019	4.69897000433602	0.0001	100000	1000000000	0.5	0.5	0.1	0	false	true	0.45
wave2a_h_by_b__c0060__sb0004__g100	wave2a_h_by_b	H-by-B	factorial-treatment	true	p01-s03-c0060	c0060	sb0004	669	wave2-simulation	p01-s03-c0060	p01-s03-c0060-v210-adaptive-g1000-sb0004	1	100	10000	5	50000	4	0.698970004336019	4.69897000433602	0.0001	100000	1000000000	0.5	0.5	0.1	0	false	true	0.45
wave2a_h_by_b__c0060__sb0005__g100	wave2a_h_by_b	H-by-B	factorial-treatment	true	p01-s03-c0060	c0060	sb0005	670	wave2-simulation	p01-s03-c0060	p01-s03-c0060-v210-adaptive-g1000-sb0005	1	100	10000	5	50000	4	0.698970004336019	4.69897000433602	0.0001	100000	1000000000	0.5	0.5	0.1	0	false	true	0.45
wave2a_h_by_b__c0060__sb0006__g100	wave2a_h_by_b	H-by-B	factorial-treatment	true	p01-s03-c0060	c0060	sb0006	671	wave2-simulation	p01-s03-c0060	p01-s03-c0060-v210-adaptive-g1000-sb0006	1	100	10000	5	50000	4	0.698970004336019	4.69897000433602	0.0001	100000	1000000000	0.5	0.5	0.1	0	false	true	0.45
wave2a_h_by_b__c0060__sb0007__g100	wave2a_h_by_b	H-by-B	factorial-treatment	true	p01-s03-c0060	c0060	sb0007	672	wave2-simulation	p01-s03-c0060	p01-s03-c0060-v210-adaptive-g1000-sb0007	1	100	10000	5	50000	4	0.698970004336019	4.69897000433602	0.0001	100000	1000000000	0.5	0.5	0.1	0	false	true	0.45
wave2a_h_by_b__c0060__sb0008__g100	wave2a_h_by_b	H-by-B	factorial-treatment	true	p01-s03-c0060	c0060	sb0008	673	wave2-simulation	p01-s03-c0060	p01-s03-c0060-v210-adaptive-g1000-sb0008	1	100	10000	5	50000	4	0.698970004336019	4.69897000433602	0.0001	100000	1000000000	0.5	0.5	0.1	0	false	true	0.45
wave2a_h_by_b__c0060__sb0009__g100	wave2a_h_by_b	H-by-B	factorial-treatment	true	p01-s03-c0060	c0060	sb0009	674	wave2-simulation	p01-s03-c0060	p01-s03-c0060-v210-adaptive-g1000-sb0009	1	100	10000	5	50000	4	0.698970004336019	4.69897000433602	0.0001	100000	1000000000	0.5	0.5	0.1	0	false	true	0.45
wave2a_h_by_b__c0060__sb0010__g100	wave2a_h_by_b	H-by-B	factorial-treatment	true	p01-s03-c0060	c0060	sb0010	675	wave2-simulation	p01-s03-c0060	p01-s03-c0060-v210-adaptive-g1000-sb0010	1	100	10000	5	50000	4	0.698970004336019	4.69897000433602	0.0001	100000	1000000000	0.5	0.5	0.1	0	false	true	0.45
wave2a_h_by_b__c0060__sb0011__g100	wave2a_h_by_b	H-by-B	factorial-treatment	true	p01-s03-c0060	c0060	sb0011	676	wave2-simulation	p01-s03-c0060	p01-s03-c0060-v210-adaptive-g1000-sb0011	1	100	10000	5	50000	4	0.698970004336019	4.69897000433602	0.0001	100000	1000000000	0.5	0.5	0.1	0	false	true	0.45
wave2a_h_by_b__c0060__sb0012__g100	wave2a_h_by_b	H-by-B	factorial-treatment	true	p01-s03-c0060	c0060	sb0012	677	wave2-simulation	p01-s03-c0060	p01-s03-c0060-v210-adaptive-g1000-sb0012	1	100	10000	5	50000	4	0.698970004336019	4.69897000433602	0.0001	100000	1000000000	0.5	0.5	0.1	0	false	true	0.45
wave2a_h_by_b__c0061__sb0001__g100	wave2a_h_by_b	H-by-B	factorial-treatment	true	p01-s03-c0061	c0061	sb0001	666	reused-stage2-simulation	p01-s02-c0024	p01-s02-c0024-v210-m010-g250-sb0001	1	100	10000	10	100000	4	1	5	0.0001	100000	1000000000	0.5	0.5	0.1	0	false	true	0.45
wave2a_h_by_b__c0061__sb0002__g100	wave2a_h_by_b	H-by-B	factorial-treatment	true	p01-s03-c0061	c0061	sb0002	667	reused-stage2-simulation	p01-s02-c0024	p01-s02-c0024-v210-m010-g250-sb0002	1	100	10000	10	100000	4	1	5	0.0001	100000	1000000000	0.5	0.5	0.1	0	false	true	0.45
wave2a_h_by_b__c0061__sb0003__g100	wave2a_h_by_b	H-by-B	factorial-treatment	true	p01-s03-c0061	c0061	sb0003	668	reused-stage2-simulation	p01-s02-c0024	p01-s02-c0024-v210-m010-g250-sb0003	1	100	10000	10	100000	4	1	5	0.0001	100000	1000000000	0.5	0.5	0.1	0	false	true	0.45
wave2a_h_by_b__c0061__sb0004__g100	wave2a_h_by_b	H-by-B	factorial-treatment	true	p01-s03-c0061	c0061	sb0004	669	reused-stage2-simulation	p01-s02-c0024	p01-s02-c0024-v210-m010-g250-sb0004	1	100	10000	10	100000	4	1	5	0.0001	100000	1000000000	0.5	0.5	0.1	0	false	true	0.45
wave2a_h_by_b__c0061__sb0005__g100	wave2a_h_by_b	H-by-B	factorial-treatment	true	p01-s03-c0061	c0061	sb0005	670	reused-stage2-simulation	p01-s02-c0024	p01-s02-c0024-v210-m010-g250-sb0005	1	100	10000	10	100000	4	1	5	0.0001	100000	1000000000	0.5	0.5	0.1	0	false	true	0.45
wave2a_h_by_b__c0061__sb0006__g100	wave2a_h_by_b	H-by-B	factorial-treatment	true	p01-s03-c0061	c0061	sb0006	671	reused-stage2-simulation	p01-s02-c0024	p01-s02-c0024-v210-m010-g250-sb0006	1	100	10000	10	100000	4	1	5	0.0001	100000	1000000000	0.5	0.5	0.1	0	false	true	0.45
wave2a_h_by_b__c0061__sb0007__g100	wave2a_h_by_b	H-by-B	factorial-treatment	true	p01-s03-c0061	c0061	sb0007	672	reused-stage2-simulation	p01-s02-c0024	p01-s02-c0024-v210-m010-g250-sb0007	1	100	10000	10	100000	4	1	5	0.0001	100000	1000000000	0.5	0.5	0.1	0	false	true	0.45
wave2a_h_by_b__c0061__sb0008__g100	wave2a_h_by_b	H-by-B	factorial-treatment	true	p01-s03-c0061	c0061	sb0008	673	reused-stage2-simulation	p01-s02-c0024	p01-s02-c0024-v210-m010-g250-sb0008	1	100	10000	10	100000	4	1	5	0.0001	100000	1000000000	0.5	0.5	0.1	0	false	true	0.45
wave2a_h_by_b__c0061__sb0009__g100	wave2a_h_by_b	H-by-B	factorial-treatment	true	p01-s03-c0061	c0061	sb0009	674	reused-stage2-simulation	p01-s02-c0024	p01-s02-c0024-v210-m010-g250-sb0009	1	100	10000	10	100000	4	1	5	0.0001	100000	1000000000	0.5	0.5	0.1	0	false	true	0.45
wave2a_h_by_b__c0061__sb0010__g100	wave2a_h_by_b	H-by-B	factorial-treatment	true	p01-s03-c0061	c0061	sb0010	675	reused-stage2-simulation	p01-s02-c0024	p01-s02-c0024-v210-m010-g250-sb0010	1	100	10000	10	100000	4	1	5	0.0001	100000	1000000000	0.5	0.5	0.1	0	false	true	0.45
wave2a_h_by_b__c0061__sb0011__g100	wave2a_h_by_b	H-by-B	factorial-treatment	true	p01-s03-c0061	c0061	sb0011	676	reused-stage2-simulation	p01-s02-c0024	p01-s02-c0024-v210-m010-g250-sb0011	1	100	10000	10	100000	4	1	5	0.0001	100000	1000000000	0.5	0.5	0.1	0	false	true	0.45
wave2a_h_by_b__c0061__sb0012__g100	wave2a_h_by_b	H-by-B	factorial-treatment	true	p01-s03-c0061	c0061	sb0012	677	reused-stage2-simulation	p01-s02-c0024	p01-s02-c0024-v210-m010-g250-sb0012	1	100	10000	10	100000	4	1	5	0.0001	100000	1000000000	0.5	0.5	0.1	0	false	true	0.45
wave2a_h_by_b__c0062__sb0001__g100	wave2a_h_by_b	H-by-B	factorial-treatment	true	p01-s03-c0062	c0062	sb0001	666	wave2-simulation	p01-s03-c0062	p01-s03-c0062-v210-adaptive-g1000-sb0001	1	100	10000	50	500000	4	1.69897000433602	5.69897000433602	0.0001	100000	1000000000	0.5	0.5	0.1	0	false	true	0.45
wave2a_h_by_b__c0062__sb0002__g100	wave2a_h_by_b	H-by-B	factorial-treatment	true	p01-s03-c0062	c0062	sb0002	667	wave2-simulation	p01-s03-c0062	p01-s03-c0062-v210-adaptive-g1000-sb0002	1	100	10000	50	500000	4	1.69897000433602	5.69897000433602	0.0001	100000	1000000000	0.5	0.5	0.1	0	false	true	0.45
wave2a_h_by_b__c0062__sb0003__g100	wave2a_h_by_b	H-by-B	factorial-treatment	true	p01-s03-c0062	c0062	sb0003	668	wave2-simulation	p01-s03-c0062	p01-s03-c0062-v210-adaptive-g1000-sb0003	1	100	10000	50	500000	4	1.69897000433602	5.69897000433602	0.0001	100000	1000000000	0.5	0.5	0.1	0	false	true	0.45
wave2a_h_by_b__c0062__sb0004__g100	wave2a_h_by_b	H-by-B	factorial-treatment	true	p01-s03-c0062	c0062	sb0004	669	wave2-simulation	p01-s03-c0062	p01-s03-c0062-v210-adaptive-g1000-sb0004	1	100	10000	50	500000	4	1.69897000433602	5.69897000433602	0.0001	100000	1000000000	0.5	0.5	0.1	0	false	true	0.45
wave2a_h_by_b__c0062__sb0005__g100	wave2a_h_by_b	H-by-B	factorial-treatment	true	p01-s03-c0062	c0062	sb0005	670	wave2-simulation	p01-s03-c0062	p01-s03-c0062-v210-adaptive-g1000-sb0005	1	100	10000	50	500000	4	1.69897000433602	5.69897000433602	0.0001	100000	1000000000	0.5	0.5	0.1	0	false	true	0.45
wave2a_h_by_b__c0062__sb0006__g100	wave2a_h_by_b	H-by-B	factorial-treatment	true	p01-s03-c0062	c0062	sb0006	671	wave2-simulation	p01-s03-c0062	p01-s03-c0062-v210-adaptive-g1000-sb0006	1	100	10000	50	500000	4	1.69897000433602	5.69897000433602	0.0001	100000	1000000000	0.5	0.5	0.1	0	false	true	0.45
wave2a_h_by_b__c0062__sb0007__g100	wave2a_h_by_b	H-by-B	factorial-treatment	true	p01-s03-c0062	c0062	sb0007	672	wave2-simulation	p01-s03-c0062	p01-s03-c0062-v210-adaptive-g1000-sb0007	1	100	10000	50	500000	4	1.69897000433602	5.69897000433602	0.0001	100000	1000000000	0.5	0.5	0.1	0	false	true	0.45
wave2a_h_by_b__c0062__sb0008__g100	wave2a_h_by_b	H-by-B	factorial-treatment	true	p01-s03-c0062	c0062	sb0008	673	wave2-simulation	p01-s03-c0062	p01-s03-c0062-v210-adaptive-g1000-sb0008	1	100	10000	50	500000	4	1.69897000433602	5.69897000433602	0.0001	100000	1000000000	0.5	0.5	0.1	0	false	true	0.45
wave2a_h_by_b__c0062__sb0009__g100	wave2a_h_by_b	H-by-B	factorial-treatment	true	p01-s03-c0062	c0062	sb0009	674	wave2-simulation	p01-s03-c0062	p01-s03-c0062-v210-adaptive-g1000-sb0009	1	100	10000	50	500000	4	1.69897000433602	5.69897000433602	0.0001	100000	1000000000	0.5	0.5	0.1	0	false	true	0.45
wave2a_h_by_b__c0062__sb0010__g100	wave2a_h_by_b	H-by-B	factorial-treatment	true	p01-s03-c0062	c0062	sb0010	675	wave2-simulation	p01-s03-c0062	p01-s03-c0062-v210-adaptive-g1000-sb0010	1	100	10000	50	500000	4	1.69897000433602	5.69897000433602	0.0001	100000	1000000000	0.5	0.5	0.1	0	false	true	0.45
wave2a_h_by_b__c0062__sb0011__g100	wave2a_h_by_b	H-by-B	factorial-treatment	true	p01-s03-c0062	c0062	sb0011	676	wave2-simulation	p01-s03-c0062	p01-s03-c0062-v210-adaptive-g1000-sb0011	1	100	10000	50	500000	4	1.69897000433602	5.69897000433602	0.0001	100000	1000000000	0.5	0.5	0.1	0	false	true	0.45
wave2a_h_by_b__c0062__sb0012__g100	wave2a_h_by_b	H-by-B	factorial-treatment	true	p01-s03-c0062	c0062	sb0012	677	wave2-simulation	p01-s03-c0062	p01-s03-c0062-v210-adaptive-g1000-sb0012	1	100	10000	50	500000	4	1.69897000433602	5.69897000433602	0.0001	100000	1000000000	0.5	0.5	0.1	0	false	true	0.45
wave2b_alpha_by_m__c0063__sb0001__g100	wave2b_alpha_by_m	alpha-by-m	factorial-treatment	true	p01-s03-c0063	c0063	sb0001	666	wave2-simulation	p01-s03-c0063	p01-s03-c0063-v210-adaptive-g1000-sb0001	1	100	1000	10	10000	3	1	4	0	0	0	0	0	0	0	false	false	0
wave2b_alpha_by_m__c0063__sb0002__g100	wave2b_alpha_by_m	alpha-by-m	factorial-treatment	true	p01-s03-c0063	c0063	sb0002	667	wave2-simulation	p01-s03-c0063	p01-s03-c0063-v210-adaptive-g1000-sb0002	1	100	1000	10	10000	3	1	4	0	0	0	0	0	0	0	false	false	0
wave2b_alpha_by_m__c0063__sb0003__g100	wave2b_alpha_by_m	alpha-by-m	factorial-treatment	true	p01-s03-c0063	c0063	sb0003	668	wave2-simulation	p01-s03-c0063	p01-s03-c0063-v210-adaptive-g1000-sb0003	1	100	1000	10	10000	3	1	4	0	0	0	0	0	0	0	false	false	0
wave2b_alpha_by_m__c0063__sb0004__g100	wave2b_alpha_by_m	alpha-by-m	factorial-treatment	true	p01-s03-c0063	c0063	sb0004	669	wave2-simulation	p01-s03-c0063	p01-s03-c0063-v210-adaptive-g1000-sb0004	1	100	1000	10	10000	3	1	4	0	0	0	0	0	0	0	false	false	0
wave2b_alpha_by_m__c0063__sb0005__g100	wave2b_alpha_by_m	alpha-by-m	factorial-treatment	true	p01-s03-c0063	c0063	sb0005	670	wave2-simulation	p01-s03-c0063	p01-s03-c0063-v210-adaptive-g1000-sb0005	1	100	1000	10	10000	3	1	4	0	0	0	0	0	0	0	false	false	0
wave2b_alpha_by_m__c0063__sb0006__g100	wave2b_alpha_by_m	alpha-by-m	factorial-treatment	true	p01-s03-c0063	c0063	sb0006	671	wave2-simulation	p01-s03-c0063	p01-s03-c0063-v210-adaptive-g1000-sb0006	1	100	1000	10	10000	3	1	4	0	0	0	0	0	0	0	false	false	0
wave2b_alpha_by_m__c0063__sb0007__g100	wave2b_alpha_by_m	alpha-by-m	factorial-treatment	true	p01-s03-c0063	c0063	sb0007	672	wave2-simulation	p01-s03-c0063	p01-s03-c0063-v210-adaptive-g1000-sb0007	1	100	1000	10	10000	3	1	4	0	0	0	0	0	0	0	false	false	0
wave2b_alpha_by_m__c0063__sb0008__g100	wave2b_alpha_by_m	alpha-by-m	factorial-treatment	true	p01-s03-c0063	c0063	sb0008	673	wave2-simulation	p01-s03-c0063	p01-s03-c0063-v210-adaptive-g1000-sb0008	1	100	1000	10	10000	3	1	4	0	0	0	0	0	0	0	false	false	0
wave2b_alpha_by_m__c0063__sb0009__g100	wave2b_alpha_by_m	alpha-by-m	factorial-treatment	true	p01-s03-c0063	c0063	sb0009	674	wave2-simulation	p01-s03-c0063	p01-s03-c0063-v210-adaptive-g1000-sb0009	1	100	1000	10	10000	3	1	4	0	0	0	0	0	0	0	false	false	0
wave2b_alpha_by_m__c0063__sb0010__g100	wave2b_alpha_by_m	alpha-by-m	factorial-treatment	true	p01-s03-c0063	c0063	sb0010	675	wave2-simulation	p01-s03-c0063	p01-s03-c0063-v210-adaptive-g1000-sb0010	1	100	1000	10	10000	3	1	4	0	0	0	0	0	0	0	false	false	0
wave2b_alpha_by_m__c0063__sb0011__g100	wave2b_alpha_by_m	alpha-by-m	factorial-treatment	true	p01-s03-c0063	c0063	sb0011	676	wave2-simulation	p01-s03-c0063	p01-s03-c0063-v210-adaptive-g1000-sb0011	1	100	1000	10	10000	3	1	4	0	0	0	0	0	0	0	false	false	0
wave2b_alpha_by_m__c0063__sb0012__g100	wave2b_alpha_by_m	alpha-by-m	factorial-treatment	true	p01-s03-c0063	c0063	sb0012	677	wave2-simulation	p01-s03-c0063	p01-s03-c0063-v210-adaptive-g1000-sb0012	1	100	1000	10	10000	3	1	4	0	0	0	0	0	0	0	false	false	0
wave2b_alpha_by_m__c0064__sb0001__g100	wave2b_alpha_by_m	alpha-by-m	factorial-treatment	true	p01-s03-c0064	c0064	sb0001	666	wave2-simulation	p01-s03-c0064	p01-s03-c0064-v210-adaptive-g1000-sb0001	1	100	1000	10	10000	3	1	4	0	0	0	0	0	0.001	0	false	false	0
wave2b_alpha_by_m__c0064__sb0002__g100	wave2b_alpha_by_m	alpha-by-m	factorial-treatment	true	p01-s03-c0064	c0064	sb0002	667	wave2-simulation	p01-s03-c0064	p01-s03-c0064-v210-adaptive-g1000-sb0002	1	100	1000	10	10000	3	1	4	0	0	0	0	0	0.001	0	false	false	0
wave2b_alpha_by_m__c0064__sb0003__g100	wave2b_alpha_by_m	alpha-by-m	factorial-treatment	true	p01-s03-c0064	c0064	sb0003	668	wave2-simulation	p01-s03-c0064	p01-s03-c0064-v210-adaptive-g1000-sb0003	1	100	1000	10	10000	3	1	4	0	0	0	0	0	0.001	0	false	false	0
wave2b_alpha_by_m__c0064__sb0004__g100	wave2b_alpha_by_m	alpha-by-m	factorial-treatment	true	p01-s03-c0064	c0064	sb0004	669	wave2-simulation	p01-s03-c0064	p01-s03-c0064-v210-adaptive-g1000-sb0004	1	100	1000	10	10000	3	1	4	0	0	0	0	0	0.001	0	false	false	0
wave2b_alpha_by_m__c0064__sb0005__g100	wave2b_alpha_by_m	alpha-by-m	factorial-treatment	true	p01-s03-c0064	c0064	sb0005	670	wave2-simulation	p01-s03-c0064	p01-s03-c0064-v210-adaptive-g1000-sb0005	1	100	1000	10	10000	3	1	4	0	0	0	0	0	0.001	0	false	false	0
wave2b_alpha_by_m__c0064__sb0006__g100	wave2b_alpha_by_m	alpha-by-m	factorial-treatment	true	p01-s03-c0064	c0064	sb0006	671	wave2-simulation	p01-s03-c0064	p01-s03-c0064-v210-adaptive-g1000-sb0006	1	100	1000	10	10000	3	1	4	0	0	0	0	0	0.001	0	false	false	0
wave2b_alpha_by_m__c0064__sb0007__g100	wave2b_alpha_by_m	alpha-by-m	factorial-treatment	true	p01-s03-c0064	c0064	sb0007	672	wave2-simulation	p01-s03-c0064	p01-s03-c0064-v210-adaptive-g1000-sb0007	1	100	1000	10	10000	3	1	4	0	0	0	0	0	0.001	0	false	false	0
wave2b_alpha_by_m__c0064__sb0008__g100	wave2b_alpha_by_m	alpha-by-m	factorial-treatment	true	p01-s03-c0064	c0064	sb0008	673	wave2-simulation	p01-s03-c0064	p01-s03-c0064-v210-adaptive-g1000-sb0008	1	100	1000	10	10000	3	1	4	0	0	0	0	0	0.001	0	false	false	0
wave2b_alpha_by_m__c0064__sb0009__g100	wave2b_alpha_by_m	alpha-by-m	factorial-treatment	true	p01-s03-c0064	c0064	sb0009	674	wave2-simulation	p01-s03-c0064	p01-s03-c0064-v210-adaptive-g1000-sb0009	1	100	1000	10	10000	3	1	4	0	0	0	0	0	0.001	0	false	false	0
wave2b_alpha_by_m__c0064__sb0010__g100	wave2b_alpha_by_m	alpha-by-m	factorial-treatment	true	p01-s03-c0064	c0064	sb0010	675	wave2-simulation	p01-s03-c0064	p01-s03-c0064-v210-adaptive-g1000-sb0010	1	100	1000	10	10000	3	1	4	0	0	0	0	0	0.001	0	false	false	0
wave2b_alpha_by_m__c0064__sb0011__g100	wave2b_alpha_by_m	alpha-by-m	factorial-treatment	true	p01-s03-c0064	c0064	sb0011	676	wave2-simulation	p01-s03-c0064	p01-s03-c0064-v210-adaptive-g1000-sb0011	1	100	1000	10	10000	3	1	4	0	0	0	0	0	0.001	0	false	false	0
wave2b_alpha_by_m__c0064__sb0012__g100	wave2b_alpha_by_m	alpha-by-m	factorial-treatment	true	p01-s03-c0064	c0064	sb0012	677	wave2-simulation	p01-s03-c0064	p01-s03-c0064-v210-adaptive-g1000-sb0012	1	100	1000	10	10000	3	1	4	0	0	0	0	0	0.001	0	false	false	0
wave2b_alpha_by_m__c0065__sb0001__g100	wave2b_alpha_by_m	alpha-by-m	factorial-treatment	true	p01-s03-c0065	c0065	sb0001	666	wave2-simulation	p01-s03-c0065	p01-s03-c0065-v210-adaptive-g1000-sb0001	1	100	1000	10	10000	3	1	4	0	0	0	0	0	0.01	0	false	false	0
wave2b_alpha_by_m__c0065__sb0002__g100	wave2b_alpha_by_m	alpha-by-m	factorial-treatment	true	p01-s03-c0065	c0065	sb0002	667	wave2-simulation	p01-s03-c0065	p01-s03-c0065-v210-adaptive-g1000-sb0002	1	100	1000	10	10000	3	1	4	0	0	0	0	0	0.01	0	false	false	0
wave2b_alpha_by_m__c0065__sb0003__g100	wave2b_alpha_by_m	alpha-by-m	factorial-treatment	true	p01-s03-c0065	c0065	sb0003	668	wave2-simulation	p01-s03-c0065	p01-s03-c0065-v210-adaptive-g1000-sb0003	1	100	1000	10	10000	3	1	4	0	0	0	0	0	0.01	0	false	false	0
wave2b_alpha_by_m__c0065__sb0004__g100	wave2b_alpha_by_m	alpha-by-m	factorial-treatment	true	p01-s03-c0065	c0065	sb0004	669	wave2-simulation	p01-s03-c0065	p01-s03-c0065-v210-adaptive-g1000-sb0004	1	100	1000	10	10000	3	1	4	0	0	0	0	0	0.01	0	false	false	0
wave2b_alpha_by_m__c0065__sb0005__g100	wave2b_alpha_by_m	alpha-by-m	factorial-treatment	true	p01-s03-c0065	c0065	sb0005	670	wave2-simulation	p01-s03-c0065	p01-s03-c0065-v210-adaptive-g1000-sb0005	1	100	1000	10	10000	3	1	4	0	0	0	0	0	0.01	0	false	false	0
wave2b_alpha_by_m__c0065__sb0006__g100	wave2b_alpha_by_m	alpha-by-m	factorial-treatment	true	p01-s03-c0065	c0065	sb0006	671	wave2-simulation	p01-s03-c0065	p01-s03-c0065-v210-adaptive-g1000-sb0006	1	100	1000	10	10000	3	1	4	0	0	0	0	0	0.01	0	false	false	0
wave2b_alpha_by_m__c0065__sb0007__g100	wave2b_alpha_by_m	alpha-by-m	factorial-treatment	true	p01-s03-c0065	c0065	sb0007	672	wave2-simulation	p01-s03-c0065	p01-s03-c0065-v210-adaptive-g1000-sb0007	1	100	1000	10	10000	3	1	4	0	0	0	0	0	0.01	0	false	false	0
wave2b_alpha_by_m__c0065__sb0008__g100	wave2b_alpha_by_m	alpha-by-m	factorial-treatment	true	p01-s03-c0065	c0065	sb0008	673	wave2-simulation	p01-s03-c0065	p01-s03-c0065-v210-adaptive-g1000-sb0008	1	100	1000	10	10000	3	1	4	0	0	0	0	0	0.01	0	false	false	0
wave2b_alpha_by_m__c0065__sb0009__g100	wave2b_alpha_by_m	alpha-by-m	factorial-treatment	true	p01-s03-c0065	c0065	sb0009	674	wave2-simulation	p01-s03-c0065	p01-s03-c0065-v210-adaptive-g1000-sb0009	1	100	1000	10	10000	3	1	4	0	0	0	0	0	0.01	0	false	false	0
wave2b_alpha_by_m__c0065__sb0010__g100	wave2b_alpha_by_m	alpha-by-m	factorial-treatment	true	p01-s03-c0065	c0065	sb0010	675	wave2-simulation	p01-s03-c0065	p01-s03-c0065-v210-adaptive-g1000-sb0010	1	100	1000	10	10000	3	1	4	0	0	0	0	0	0.01	0	false	false	0
wave2b_alpha_by_m__c0065__sb0011__g100	wave2b_alpha_by_m	alpha-by-m	factorial-treatment	true	p01-s03-c0065	c0065	sb0011	676	wave2-simulation	p01-s03-c0065	p01-s03-c0065-v210-adaptive-g1000-sb0011	1	100	1000	10	10000	3	1	4	0	0	0	0	0	0.01	0	false	false	0
wave2b_alpha_by_m__c0065__sb0012__g100	wave2b_alpha_by_m	alpha-by-m	factorial-treatment	true	p01-s03-c0065	c0065	sb0012	677	wave2-simulation	p01-s03-c0065	p01-s03-c0065-v210-adaptive-g1000-sb0012	1	100	1000	10	10000	3	1	4	0	0	0	0	0	0.01	0	false	false	0
wave2b_alpha_by_m__c0066__sb0001__g100	wave2b_alpha_by_m	alpha-by-m	factorial-treatment	true	p01-s03-c0066	c0066	sb0001	666	reused-stage2-simulation	p01-s02-c0021	p01-s02-c0021-v210-m010-g250-sb0001	2	100	1000	10	10000	3	1	4	0	0	0	0	0	0.1	0	false	false	0
wave2b_alpha_by_m__c0066__sb0002__g100	wave2b_alpha_by_m	alpha-by-m	factorial-treatment	true	p01-s03-c0066	c0066	sb0002	667	reused-stage2-simulation	p01-s02-c0021	p01-s02-c0021-v210-m010-g250-sb0002	2	100	1000	10	10000	3	1	4	0	0	0	0	0	0.1	0	false	false	0
wave2b_alpha_by_m__c0066__sb0003__g100	wave2b_alpha_by_m	alpha-by-m	factorial-treatment	true	p01-s03-c0066	c0066	sb0003	668	reused-stage2-simulation	p01-s02-c0021	p01-s02-c0021-v210-m010-g250-sb0003	2	100	1000	10	10000	3	1	4	0	0	0	0	0	0.1	0	false	false	0
wave2b_alpha_by_m__c0066__sb0004__g100	wave2b_alpha_by_m	alpha-by-m	factorial-treatment	true	p01-s03-c0066	c0066	sb0004	669	reused-stage2-simulation	p01-s02-c0021	p01-s02-c0021-v210-m010-g250-sb0004	2	100	1000	10	10000	3	1	4	0	0	0	0	0	0.1	0	false	false	0
wave2b_alpha_by_m__c0066__sb0005__g100	wave2b_alpha_by_m	alpha-by-m	factorial-treatment	true	p01-s03-c0066	c0066	sb0005	670	reused-stage2-simulation	p01-s02-c0021	p01-s02-c0021-v210-m010-g250-sb0005	2	100	1000	10	10000	3	1	4	0	0	0	0	0	0.1	0	false	false	0
wave2b_alpha_by_m__c0066__sb0006__g100	wave2b_alpha_by_m	alpha-by-m	factorial-treatment	true	p01-s03-c0066	c0066	sb0006	671	reused-stage2-simulation	p01-s02-c0021	p01-s02-c0021-v210-m010-g250-sb0006	2	100	1000	10	10000	3	1	4	0	0	0	0	0	0.1	0	false	false	0
wave2b_alpha_by_m__c0066__sb0007__g100	wave2b_alpha_by_m	alpha-by-m	factorial-treatment	true	p01-s03-c0066	c0066	sb0007	672	reused-stage2-simulation	p01-s02-c0021	p01-s02-c0021-v210-m010-g250-sb0007	2	100	1000	10	10000	3	1	4	0	0	0	0	0	0.1	0	false	false	0
wave2b_alpha_by_m__c0066__sb0008__g100	wave2b_alpha_by_m	alpha-by-m	factorial-treatment	true	p01-s03-c0066	c0066	sb0008	673	reused-stage2-simulation	p01-s02-c0021	p01-s02-c0021-v210-m010-g250-sb0008	2	100	1000	10	10000	3	1	4	0	0	0	0	0	0.1	0	false	false	0
wave2b_alpha_by_m__c0066__sb0009__g100	wave2b_alpha_by_m	alpha-by-m	factorial-treatment	true	p01-s03-c0066	c0066	sb0009	674	reused-stage2-simulation	p01-s02-c0021	p01-s02-c0021-v210-m010-g250-sb0009	2	100	1000	10	10000	3	1	4	0	0	0	0	0	0.1	0	false	false	0
wave2b_alpha_by_m__c0066__sb0010__g100	wave2b_alpha_by_m	alpha-by-m	factorial-treatment	true	p01-s03-c0066	c0066	sb0010	675	reused-stage2-simulation	p01-s02-c0021	p01-s02-c0021-v210-m010-g250-sb0010	2	100	1000	10	10000	3	1	4	0	0	0	0	0	0.1	0	false	false	0
wave2b_alpha_by_m__c0066__sb0011__g100	wave2b_alpha_by_m	alpha-by-m	factorial-treatment	true	p01-s03-c0066	c0066	sb0011	676	reused-stage2-simulation	p01-s02-c0021	p01-s02-c0021-v210-m010-g250-sb0011	2	100	1000	10	10000	3	1	4	0	0	0	0	0	0.1	0	false	false	0
wave2b_alpha_by_m__c0066__sb0012__g100	wave2b_alpha_by_m	alpha-by-m	factorial-treatment	true	p01-s03-c0066	c0066	sb0012	677	reused-stage2-simulation	p01-s02-c0021	p01-s02-c0021-v210-m010-g250-sb0012	2	100	1000	10	10000	3	1	4	0	0	0	0	0	0.1	0	false	false	0
wave2b_alpha_by_m__c0067__sb0001__g100	wave2b_alpha_by_m	alpha-by-m	factorial-treatment	true	p01-s03-c0067	c0067	sb0001	666	wave2-simulation	p01-s03-c0067	p01-s03-c0067-v210-adaptive-g1000-sb0001	1	100	1000	10	10000	3	1	4	0	0	0	0	0	0.5	0	false	false	0
wave2b_alpha_by_m__c0067__sb0002__g100	wave2b_alpha_by_m	alpha-by-m	factorial-treatment	true	p01-s03-c0067	c0067	sb0002	667	wave2-simulation	p01-s03-c0067	p01-s03-c0067-v210-adaptive-g1000-sb0002	1	100	1000	10	10000	3	1	4	0	0	0	0	0	0.5	0	false	false	0
wave2b_alpha_by_m__c0067__sb0003__g100	wave2b_alpha_by_m	alpha-by-m	factorial-treatment	true	p01-s03-c0067	c0067	sb0003	668	wave2-simulation	p01-s03-c0067	p01-s03-c0067-v210-adaptive-g1000-sb0003	1	100	1000	10	10000	3	1	4	0	0	0	0	0	0.5	0	false	false	0
wave2b_alpha_by_m__c0067__sb0004__g100	wave2b_alpha_by_m	alpha-by-m	factorial-treatment	true	p01-s03-c0067	c0067	sb0004	669	wave2-simulation	p01-s03-c0067	p01-s03-c0067-v210-adaptive-g1000-sb0004	1	100	1000	10	10000	3	1	4	0	0	0	0	0	0.5	0	false	false	0
wave2b_alpha_by_m__c0067__sb0005__g100	wave2b_alpha_by_m	alpha-by-m	factorial-treatment	true	p01-s03-c0067	c0067	sb0005	670	wave2-simulation	p01-s03-c0067	p01-s03-c0067-v210-adaptive-g1000-sb0005	1	100	1000	10	10000	3	1	4	0	0	0	0	0	0.5	0	false	false	0
wave2b_alpha_by_m__c0067__sb0006__g100	wave2b_alpha_by_m	alpha-by-m	factorial-treatment	true	p01-s03-c0067	c0067	sb0006	671	wave2-simulation	p01-s03-c0067	p01-s03-c0067-v210-adaptive-g1000-sb0006	1	100	1000	10	10000	3	1	4	0	0	0	0	0	0.5	0	false	false	0
wave2b_alpha_by_m__c0067__sb0007__g100	wave2b_alpha_by_m	alpha-by-m	factorial-treatment	true	p01-s03-c0067	c0067	sb0007	672	wave2-simulation	p01-s03-c0067	p01-s03-c0067-v210-adaptive-g1000-sb0007	1	100	1000	10	10000	3	1	4	0	0	0	0	0	0.5	0	false	false	0
wave2b_alpha_by_m__c0067__sb0008__g100	wave2b_alpha_by_m	alpha-by-m	factorial-treatment	true	p01-s03-c0067	c0067	sb0008	673	wave2-simulation	p01-s03-c0067	p01-s03-c0067-v210-adaptive-g1000-sb0008	1	100	1000	10	10000	3	1	4	0	0	0	0	0	0.5	0	false	false	0
wave2b_alpha_by_m__c0067__sb0009__g100	wave2b_alpha_by_m	alpha-by-m	factorial-treatment	true	p01-s03-c0067	c0067	sb0009	674	wave2-simulation	p01-s03-c0067	p01-s03-c0067-v210-adaptive-g1000-sb0009	1	100	1000	10	10000	3	1	4	0	0	0	0	0	0.5	0	false	false	0
wave2b_alpha_by_m__c0067__sb0010__g100	wave2b_alpha_by_m	alpha-by-m	factorial-treatment	true	p01-s03-c0067	c0067	sb0010	675	wave2-simulation	p01-s03-c0067	p01-s03-c0067-v210-adaptive-g1000-sb0010	1	100	1000	10	10000	3	1	4	0	0	0	0	0	0.5	0	false	false	0
wave2b_alpha_by_m__c0067__sb0011__g100	wave2b_alpha_by_m	alpha-by-m	factorial-treatment	true	p01-s03-c0067	c0067	sb0011	676	wave2-simulation	p01-s03-c0067	p01-s03-c0067-v210-adaptive-g1000-sb0011	1	100	1000	10	10000	3	1	4	0	0	0	0	0	0.5	0	false	false	0
wave2b_alpha_by_m__c0067__sb0012__g100	wave2b_alpha_by_m	alpha-by-m	factorial-treatment	true	p01-s03-c0067	c0067	sb0012	677	wave2-simulation	p01-s03-c0067	p01-s03-c0067-v210-adaptive-g1000-sb0012	1	100	1000	10	10000	3	1	4	0	0	0	0	0	0.5	0	false	false	0
wave2b_alpha_by_m__c0068__sb0001__g100	wave2b_alpha_by_m	alpha-by-m	factorial-treatment	true	p01-s03-c0068	c0068	sb0001	666	wave2-simulation	p01-s03-c0068	p01-s03-c0068-v210-adaptive-g1000-sb0001	1	100	1000	10	10000	3	1	4	0	0	0	0	0	0.9	0	false	false	0
wave2b_alpha_by_m__c0068__sb0002__g100	wave2b_alpha_by_m	alpha-by-m	factorial-treatment	true	p01-s03-c0068	c0068	sb0002	667	wave2-simulation	p01-s03-c0068	p01-s03-c0068-v210-adaptive-g1000-sb0002	1	100	1000	10	10000	3	1	4	0	0	0	0	0	0.9	0	false	false	0
wave2b_alpha_by_m__c0068__sb0003__g100	wave2b_alpha_by_m	alpha-by-m	factorial-treatment	true	p01-s03-c0068	c0068	sb0003	668	wave2-simulation	p01-s03-c0068	p01-s03-c0068-v210-adaptive-g1000-sb0003	1	100	1000	10	10000	3	1	4	0	0	0	0	0	0.9	0	false	false	0
wave2b_alpha_by_m__c0068__sb0004__g100	wave2b_alpha_by_m	alpha-by-m	factorial-treatment	true	p01-s03-c0068	c0068	sb0004	669	wave2-simulation	p01-s03-c0068	p01-s03-c0068-v210-adaptive-g1000-sb0004	1	100	1000	10	10000	3	1	4	0	0	0	0	0	0.9	0	false	false	0
wave2b_alpha_by_m__c0068__sb0005__g100	wave2b_alpha_by_m	alpha-by-m	factorial-treatment	true	p01-s03-c0068	c0068	sb0005	670	wave2-simulation	p01-s03-c0068	p01-s03-c0068-v210-adaptive-g1000-sb0005	1	100	1000	10	10000	3	1	4	0	0	0	0	0	0.9	0	false	false	0
wave2b_alpha_by_m__c0068__sb0006__g100	wave2b_alpha_by_m	alpha-by-m	factorial-treatment	true	p01-s03-c0068	c0068	sb0006	671	wave2-simulation	p01-s03-c0068	p01-s03-c0068-v210-adaptive-g1000-sb0006	1	100	1000	10	10000	3	1	4	0	0	0	0	0	0.9	0	false	false	0
wave2b_alpha_by_m__c0068__sb0007__g100	wave2b_alpha_by_m	alpha-by-m	factorial-treatment	true	p01-s03-c0068	c0068	sb0007	672	wave2-simulation	p01-s03-c0068	p01-s03-c0068-v210-adaptive-g1000-sb0007	1	100	1000	10	10000	3	1	4	0	0	0	0	0	0.9	0	false	false	0
wave2b_alpha_by_m__c0068__sb0008__g100	wave2b_alpha_by_m	alpha-by-m	factorial-treatment	true	p01-s03-c0068	c0068	sb0008	673	wave2-simulation	p01-s03-c0068	p01-s03-c0068-v210-adaptive-g1000-sb0008	1	100	1000	10	10000	3	1	4	0	0	0	0	0	0.9	0	false	false	0
wave2b_alpha_by_m__c0068__sb0009__g100	wave2b_alpha_by_m	alpha-by-m	factorial-treatment	true	p01-s03-c0068	c0068	sb0009	674	wave2-simulation	p01-s03-c0068	p01-s03-c0068-v210-adaptive-g1000-sb0009	1	100	1000	10	10000	3	1	4	0	0	0	0	0	0.9	0	false	false	0
wave2b_alpha_by_m__c0068__sb0010__g100	wave2b_alpha_by_m	alpha-by-m	factorial-treatment	true	p01-s03-c0068	c0068	sb0010	675	wave2-simulation	p01-s03-c0068	p01-s03-c0068-v210-adaptive-g1000-sb0010	1	100	1000	10	10000	3	1	4	0	0	0	0	0	0.9	0	false	false	0
wave2b_alpha_by_m__c0068__sb0011__g100	wave2b_alpha_by_m	alpha-by-m	factorial-treatment	true	p01-s03-c0068	c0068	sb0011	676	wave2-simulation	p01-s03-c0068	p01-s03-c0068-v210-adaptive-g1000-sb0011	1	100	1000	10	10000	3	1	4	0	0	0	0	0	0.9	0	false	false	0
wave2b_alpha_by_m__c0068__sb0012__g100	wave2b_alpha_by_m	alpha-by-m	factorial-treatment	true	p01-s03-c0068	c0068	sb0012	677	wave2-simulation	p01-s03-c0068	p01-s03-c0068-v210-adaptive-g1000-sb0012	1	100	1000	10	10000	3	1	4	0	0	0	0	0	0.9	0	false	false	0
wave2b_alpha_by_m__c0069__sb0001__g100	wave2b_alpha_by_m	alpha-by-m	factorial-treatment	true	p01-s03-c0069	c0069	sb0001	666	wave2-simulation	p01-s03-c0069	p01-s03-c0069-v210-adaptive-g1000-sb0001	1	100	1000	10	10000	3	1	4	0	0	0	0	0	0.99	0	false	false	0
wave2b_alpha_by_m__c0069__sb0002__g100	wave2b_alpha_by_m	alpha-by-m	factorial-treatment	true	p01-s03-c0069	c0069	sb0002	667	wave2-simulation	p01-s03-c0069	p01-s03-c0069-v210-adaptive-g1000-sb0002	1	100	1000	10	10000	3	1	4	0	0	0	0	0	0.99	0	false	false	0
wave2b_alpha_by_m__c0069__sb0003__g100	wave2b_alpha_by_m	alpha-by-m	factorial-treatment	true	p01-s03-c0069	c0069	sb0003	668	wave2-simulation	p01-s03-c0069	p01-s03-c0069-v210-adaptive-g1000-sb0003	1	100	1000	10	10000	3	1	4	0	0	0	0	0	0.99	0	false	false	0
wave2b_alpha_by_m__c0069__sb0004__g100	wave2b_alpha_by_m	alpha-by-m	factorial-treatment	true	p01-s03-c0069	c0069	sb0004	669	wave2-simulation	p01-s03-c0069	p01-s03-c0069-v210-adaptive-g1000-sb0004	1	100	1000	10	10000	3	1	4	0	0	0	0	0	0.99	0	false	false	0
wave2b_alpha_by_m__c0069__sb0005__g100	wave2b_alpha_by_m	alpha-by-m	factorial-treatment	true	p01-s03-c0069	c0069	sb0005	670	wave2-simulation	p01-s03-c0069	p01-s03-c0069-v210-adaptive-g1000-sb0005	1	100	1000	10	10000	3	1	4	0	0	0	0	0	0.99	0	false	false	0
wave2b_alpha_by_m__c0069__sb0006__g100	wave2b_alpha_by_m	alpha-by-m	factorial-treatment	true	p01-s03-c0069	c0069	sb0006	671	wave2-simulation	p01-s03-c0069	p01-s03-c0069-v210-adaptive-g1000-sb0006	1	100	1000	10	10000	3	1	4	0	0	0	0	0	0.99	0	false	false	0
wave2b_alpha_by_m__c0069__sb0007__g100	wave2b_alpha_by_m	alpha-by-m	factorial-treatment	true	p01-s03-c0069	c0069	sb0007	672	wave2-simulation	p01-s03-c0069	p01-s03-c0069-v210-adaptive-g1000-sb0007	1	100	1000	10	10000	3	1	4	0	0	0	0	0	0.99	0	false	false	0
wave2b_alpha_by_m__c0069__sb0008__g100	wave2b_alpha_by_m	alpha-by-m	factorial-treatment	true	p01-s03-c0069	c0069	sb0008	673	wave2-simulation	p01-s03-c0069	p01-s03-c0069-v210-adaptive-g1000-sb0008	1	100	1000	10	10000	3	1	4	0	0	0	0	0	0.99	0	false	false	0
wave2b_alpha_by_m__c0069__sb0009__g100	wave2b_alpha_by_m	alpha-by-m	factorial-treatment	true	p01-s03-c0069	c0069	sb0009	674	wave2-simulation	p01-s03-c0069	p01-s03-c0069-v210-adaptive-g1000-sb0009	1	100	1000	10	10000	3	1	4	0	0	0	0	0	0.99	0	false	false	0
wave2b_alpha_by_m__c0069__sb0010__g100	wave2b_alpha_by_m	alpha-by-m	factorial-treatment	true	p01-s03-c0069	c0069	sb0010	675	wave2-simulation	p01-s03-c0069	p01-s03-c0069-v210-adaptive-g1000-sb0010	1	100	1000	10	10000	3	1	4	0	0	0	0	0	0.99	0	false	false	0
wave2b_alpha_by_m__c0069__sb0011__g100	wave2b_alpha_by_m	alpha-by-m	factorial-treatment	true	p01-s03-c0069	c0069	sb0011	676	wave2-simulation	p01-s03-c0069	p01-s03-c0069-v210-adaptive-g1000-sb0011	1	100	1000	10	10000	3	1	4	0	0	0	0	0	0.99	0	false	false	0
wave2b_alpha_by_m__c0069__sb0012__g100	wave2b_alpha_by_m	alpha-by-m	factorial-treatment	true	p01-s03-c0069	c0069	sb0012	677	wave2-simulation	p01-s03-c0069	p01-s03-c0069-v210-adaptive-g1000-sb0012	1	100	1000	10	10000	3	1	4	0	0	0	0	0	0.99	0	false	false	0
wave2b_alpha_by_m__c0070__sb0001__g100	wave2b_alpha_by_m	alpha-by-m	factorial-treatment	true	p01-s03-c0070	c0070	sb0001	666	wave2-simulation	p01-s03-c0070	p01-s03-c0070-v210-adaptive-g1000-sb0001	1	100	1000	10	10000	3	1	4	1.01e-05	10100	10100000	0.00999900999901	0.01	0	0	false	true	0.00999900999901
wave2b_alpha_by_m__c0070__sb0002__g100	wave2b_alpha_by_m	alpha-by-m	factorial-treatment	true	p01-s03-c0070	c0070	sb0002	667	wave2-simulation	p01-s03-c0070	p01-s03-c0070-v210-adaptive-g1000-sb0002	1	100	1000	10	10000	3	1	4	1.01e-05	10100	10100000	0.00999900999901	0.01	0	0	false	true	0.00999900999901
wave2b_alpha_by_m__c0070__sb0003__g100	wave2b_alpha_by_m	alpha-by-m	factorial-treatment	true	p01-s03-c0070	c0070	sb0003	668	wave2-simulation	p01-s03-c0070	p01-s03-c0070-v210-adaptive-g1000-sb0003	1	100	1000	10	10000	3	1	4	1.01e-05	10100	10100000	0.00999900999901	0.01	0	0	false	true	0.00999900999901
wave2b_alpha_by_m__c0070__sb0004__g100	wave2b_alpha_by_m	alpha-by-m	factorial-treatment	true	p01-s03-c0070	c0070	sb0004	669	wave2-simulation	p01-s03-c0070	p01-s03-c0070-v210-adaptive-g1000-sb0004	1	100	1000	10	10000	3	1	4	1.01e-05	10100	10100000	0.00999900999901	0.01	0	0	false	true	0.00999900999901
wave2b_alpha_by_m__c0070__sb0005__g100	wave2b_alpha_by_m	alpha-by-m	factorial-treatment	true	p01-s03-c0070	c0070	sb0005	670	wave2-simulation	p01-s03-c0070	p01-s03-c0070-v210-adaptive-g1000-sb0005	1	100	1000	10	10000	3	1	4	1.01e-05	10100	10100000	0.00999900999901	0.01	0	0	false	true	0.00999900999901
wave2b_alpha_by_m__c0070__sb0006__g100	wave2b_alpha_by_m	alpha-by-m	factorial-treatment	true	p01-s03-c0070	c0070	sb0006	671	wave2-simulation	p01-s03-c0070	p01-s03-c0070-v210-adaptive-g1000-sb0006	1	100	1000	10	10000	3	1	4	1.01e-05	10100	10100000	0.00999900999901	0.01	0	0	false	true	0.00999900999901
wave2b_alpha_by_m__c0070__sb0007__g100	wave2b_alpha_by_m	alpha-by-m	factorial-treatment	true	p01-s03-c0070	c0070	sb0007	672	wave2-simulation	p01-s03-c0070	p01-s03-c0070-v210-adaptive-g1000-sb0007	1	100	1000	10	10000	3	1	4	1.01e-05	10100	10100000	0.00999900999901	0.01	0	0	false	true	0.00999900999901
wave2b_alpha_by_m__c0070__sb0008__g100	wave2b_alpha_by_m	alpha-by-m	factorial-treatment	true	p01-s03-c0070	c0070	sb0008	673	wave2-simulation	p01-s03-c0070	p01-s03-c0070-v210-adaptive-g1000-sb0008	1	100	1000	10	10000	3	1	4	1.01e-05	10100	10100000	0.00999900999901	0.01	0	0	false	true	0.00999900999901
wave2b_alpha_by_m__c0070__sb0009__g100	wave2b_alpha_by_m	alpha-by-m	factorial-treatment	true	p01-s03-c0070	c0070	sb0009	674	wave2-simulation	p01-s03-c0070	p01-s03-c0070-v210-adaptive-g1000-sb0009	1	100	1000	10	10000	3	1	4	1.01e-05	10100	10100000	0.00999900999901	0.01	0	0	false	true	0.00999900999901
wave2b_alpha_by_m__c0070__sb0010__g100	wave2b_alpha_by_m	alpha-by-m	factorial-treatment	true	p01-s03-c0070	c0070	sb0010	675	wave2-simulation	p01-s03-c0070	p01-s03-c0070-v210-adaptive-g1000-sb0010	1	100	1000	10	10000	3	1	4	1.01e-05	10100	10100000	0.00999900999901	0.01	0	0	false	true	0.00999900999901
wave2b_alpha_by_m__c0070__sb0011__g100	wave2b_alpha_by_m	alpha-by-m	factorial-treatment	true	p01-s03-c0070	c0070	sb0011	676	wave2-simulation	p01-s03-c0070	p01-s03-c0070-v210-adaptive-g1000-sb0011	1	100	1000	10	10000	3	1	4	1.01e-05	10100	10100000	0.00999900999901	0.01	0	0	false	true	0.00999900999901
wave2b_alpha_by_m__c0070__sb0012__g100	wave2b_alpha_by_m	alpha-by-m	factorial-treatment	true	p01-s03-c0070	c0070	sb0012	677	wave2-simulation	p01-s03-c0070	p01-s03-c0070-v210-adaptive-g1000-sb0012	1	100	1000	10	10000	3	1	4	1.01e-05	10100	10100000	0.00999900999901	0.01	0	0	false	true	0.00999900999901
wave2b_alpha_by_m__c0071__sb0001__g100	wave2b_alpha_by_m	alpha-by-m	factorial-treatment	true	p01-s03-c0071	c0071	sb0001	666	wave2-simulation	p01-s03-c0071	p01-s03-c0071-v210-adaptive-g1000-sb0001	1	100	1000	10	10000	3	1	4	1.01e-05	10100	10100000	0.00999900999901	0.01	0.001	0	false	true	0.00998901098901099
wave2b_alpha_by_m__c0071__sb0002__g100	wave2b_alpha_by_m	alpha-by-m	factorial-treatment	true	p01-s03-c0071	c0071	sb0002	667	wave2-simulation	p01-s03-c0071	p01-s03-c0071-v210-adaptive-g1000-sb0002	1	100	1000	10	10000	3	1	4	1.01e-05	10100	10100000	0.00999900999901	0.01	0.001	0	false	true	0.00998901098901099
wave2b_alpha_by_m__c0071__sb0003__g100	wave2b_alpha_by_m	alpha-by-m	factorial-treatment	true	p01-s03-c0071	c0071	sb0003	668	wave2-simulation	p01-s03-c0071	p01-s03-c0071-v210-adaptive-g1000-sb0003	1	100	1000	10	10000	3	1	4	1.01e-05	10100	10100000	0.00999900999901	0.01	0.001	0	false	true	0.00998901098901099
wave2b_alpha_by_m__c0071__sb0004__g100	wave2b_alpha_by_m	alpha-by-m	factorial-treatment	true	p01-s03-c0071	c0071	sb0004	669	wave2-simulation	p01-s03-c0071	p01-s03-c0071-v210-adaptive-g1000-sb0004	1	100	1000	10	10000	3	1	4	1.01e-05	10100	10100000	0.00999900999901	0.01	0.001	0	false	true	0.00998901098901099
wave2b_alpha_by_m__c0071__sb0005__g100	wave2b_alpha_by_m	alpha-by-m	factorial-treatment	true	p01-s03-c0071	c0071	sb0005	670	wave2-simulation	p01-s03-c0071	p01-s03-c0071-v210-adaptive-g1000-sb0005	1	100	1000	10	10000	3	1	4	1.01e-05	10100	10100000	0.00999900999901	0.01	0.001	0	false	true	0.00998901098901099
wave2b_alpha_by_m__c0071__sb0006__g100	wave2b_alpha_by_m	alpha-by-m	factorial-treatment	true	p01-s03-c0071	c0071	sb0006	671	wave2-simulation	p01-s03-c0071	p01-s03-c0071-v210-adaptive-g1000-sb0006	1	100	1000	10	10000	3	1	4	1.01e-05	10100	10100000	0.00999900999901	0.01	0.001	0	false	true	0.00998901098901099
wave2b_alpha_by_m__c0071__sb0007__g100	wave2b_alpha_by_m	alpha-by-m	factorial-treatment	true	p01-s03-c0071	c0071	sb0007	672	wave2-simulation	p01-s03-c0071	p01-s03-c0071-v210-adaptive-g1000-sb0007	1	100	1000	10	10000	3	1	4	1.01e-05	10100	10100000	0.00999900999901	0.01	0.001	0	false	true	0.00998901098901099
wave2b_alpha_by_m__c0071__sb0008__g100	wave2b_alpha_by_m	alpha-by-m	factorial-treatment	true	p01-s03-c0071	c0071	sb0008	673	wave2-simulation	p01-s03-c0071	p01-s03-c0071-v210-adaptive-g1000-sb0008	1	100	1000	10	10000	3	1	4	1.01e-05	10100	10100000	0.00999900999901	0.01	0.001	0	false	true	0.00998901098901099
wave2b_alpha_by_m__c0071__sb0009__g100	wave2b_alpha_by_m	alpha-by-m	factorial-treatment	true	p01-s03-c0071	c0071	sb0009	674	wave2-simulation	p01-s03-c0071	p01-s03-c0071-v210-adaptive-g1000-sb0009	1	100	1000	10	10000	3	1	4	1.01e-05	10100	10100000	0.00999900999901	0.01	0.001	0	false	true	0.00998901098901099
wave2b_alpha_by_m__c0071__sb0010__g100	wave2b_alpha_by_m	alpha-by-m	factorial-treatment	true	p01-s03-c0071	c0071	sb0010	675	wave2-simulation	p01-s03-c0071	p01-s03-c0071-v210-adaptive-g1000-sb0010	1	100	1000	10	10000	3	1	4	1.01e-05	10100	10100000	0.00999900999901	0.01	0.001	0	false	true	0.00998901098901099
wave2b_alpha_by_m__c0071__sb0011__g100	wave2b_alpha_by_m	alpha-by-m	factorial-treatment	true	p01-s03-c0071	c0071	sb0011	676	wave2-simulation	p01-s03-c0071	p01-s03-c0071-v210-adaptive-g1000-sb0011	1	100	1000	10	10000	3	1	4	1.01e-05	10100	10100000	0.00999900999901	0.01	0.001	0	false	true	0.00998901098901099
wave2b_alpha_by_m__c0071__sb0012__g100	wave2b_alpha_by_m	alpha-by-m	factorial-treatment	true	p01-s03-c0071	c0071	sb0012	677	wave2-simulation	p01-s03-c0071	p01-s03-c0071-v210-adaptive-g1000-sb0012	1	100	1000	10	10000	3	1	4	1.01e-05	10100	10100000	0.00999900999901	0.01	0.001	0	false	true	0.00998901098901099
wave2b_alpha_by_m__c0072__sb0001__g100	wave2b_alpha_by_m	alpha-by-m	factorial-treatment	true	p01-s03-c0072	c0072	sb0001	666	wave2-simulation	p01-s03-c0072	p01-s03-c0072-v210-adaptive-g1000-sb0001	1	100	1000	10	10000	3	1	4	1.01e-05	10100	10100000	0.00999900999901	0.01	0.01	0	false	true	0.0098990198990199
wave2b_alpha_by_m__c0072__sb0002__g100	wave2b_alpha_by_m	alpha-by-m	factorial-treatment	true	p01-s03-c0072	c0072	sb0002	667	wave2-simulation	p01-s03-c0072	p01-s03-c0072-v210-adaptive-g1000-sb0002	1	100	1000	10	10000	3	1	4	1.01e-05	10100	10100000	0.00999900999901	0.01	0.01	0	false	true	0.0098990198990199
wave2b_alpha_by_m__c0072__sb0003__g100	wave2b_alpha_by_m	alpha-by-m	factorial-treatment	true	p01-s03-c0072	c0072	sb0003	668	wave2-simulation	p01-s03-c0072	p01-s03-c0072-v210-adaptive-g1000-sb0003	1	100	1000	10	10000	3	1	4	1.01e-05	10100	10100000	0.00999900999901	0.01	0.01	0	false	true	0.0098990198990199
wave2b_alpha_by_m__c0072__sb0004__g100	wave2b_alpha_by_m	alpha-by-m	factorial-treatment	true	p01-s03-c0072	c0072	sb0004	669	wave2-simulation	p01-s03-c0072	p01-s03-c0072-v210-adaptive-g1000-sb0004	1	100	1000	10	10000	3	1	4	1.01e-05	10100	10100000	0.00999900999901	0.01	0.01	0	false	true	0.0098990198990199
wave2b_alpha_by_m__c0072__sb0005__g100	wave2b_alpha_by_m	alpha-by-m	factorial-treatment	true	p01-s03-c0072	c0072	sb0005	670	wave2-simulation	p01-s03-c0072	p01-s03-c0072-v210-adaptive-g1000-sb0005	1	100	1000	10	10000	3	1	4	1.01e-05	10100	10100000	0.00999900999901	0.01	0.01	0	false	true	0.0098990198990199
wave2b_alpha_by_m__c0072__sb0006__g100	wave2b_alpha_by_m	alpha-by-m	factorial-treatment	true	p01-s03-c0072	c0072	sb0006	671	wave2-simulation	p01-s03-c0072	p01-s03-c0072-v210-adaptive-g1000-sb0006	1	100	1000	10	10000	3	1	4	1.01e-05	10100	10100000	0.00999900999901	0.01	0.01	0	false	true	0.0098990198990199
wave2b_alpha_by_m__c0072__sb0007__g100	wave2b_alpha_by_m	alpha-by-m	factorial-treatment	true	p01-s03-c0072	c0072	sb0007	672	wave2-simulation	p01-s03-c0072	p01-s03-c0072-v210-adaptive-g1000-sb0007	1	100	1000	10	10000	3	1	4	1.01e-05	10100	10100000	0.00999900999901	0.01	0.01	0	false	true	0.0098990198990199
wave2b_alpha_by_m__c0072__sb0008__g100	wave2b_alpha_by_m	alpha-by-m	factorial-treatment	true	p01-s03-c0072	c0072	sb0008	673	wave2-simulation	p01-s03-c0072	p01-s03-c0072-v210-adaptive-g1000-sb0008	1	100	1000	10	10000	3	1	4	1.01e-05	10100	10100000	0.00999900999901	0.01	0.01	0	false	true	0.0098990198990199
wave2b_alpha_by_m__c0072__sb0009__g100	wave2b_alpha_by_m	alpha-by-m	factorial-treatment	true	p01-s03-c0072	c0072	sb0009	674	wave2-simulation	p01-s03-c0072	p01-s03-c0072-v210-adaptive-g1000-sb0009	1	100	1000	10	10000	3	1	4	1.01e-05	10100	10100000	0.00999900999901	0.01	0.01	0	false	true	0.0098990198990199
wave2b_alpha_by_m__c0072__sb0010__g100	wave2b_alpha_by_m	alpha-by-m	factorial-treatment	true	p01-s03-c0072	c0072	sb0010	675	wave2-simulation	p01-s03-c0072	p01-s03-c0072-v210-adaptive-g1000-sb0010	1	100	1000	10	10000	3	1	4	1.01e-05	10100	10100000	0.00999900999901	0.01	0.01	0	false	true	0.0098990198990199
wave2b_alpha_by_m__c0072__sb0011__g100	wave2b_alpha_by_m	alpha-by-m	factorial-treatment	true	p01-s03-c0072	c0072	sb0011	676	wave2-simulation	p01-s03-c0072	p01-s03-c0072-v210-adaptive-g1000-sb0011	1	100	1000	10	10000	3	1	4	1.01e-05	10100	10100000	0.00999900999901	0.01	0.01	0	false	true	0.0098990198990199
wave2b_alpha_by_m__c0072__sb0012__g100	wave2b_alpha_by_m	alpha-by-m	factorial-treatment	true	p01-s03-c0072	c0072	sb0012	677	wave2-simulation	p01-s03-c0072	p01-s03-c0072-v210-adaptive-g1000-sb0012	1	100	1000	10	10000	3	1	4	1.01e-05	10100	10100000	0.00999900999901	0.01	0.01	0	false	true	0.0098990198990199
wave2b_alpha_by_m__c0073__sb0001__g100	wave2b_alpha_by_m	alpha-by-m	factorial-treatment	true	p01-s03-c0073	c0073	sb0001	666	reused-wave1-simulation	p01-s03-c0037	p01-s03-c0037-v210-m010-g100-sb0001	2	100	1000	10	10000	3	1	4	1.01e-05	10100	10100000	0.00999900999901	0.01	0.1	0	false	true	0.008999108999109
wave2b_alpha_by_m__c0073__sb0002__g100	wave2b_alpha_by_m	alpha-by-m	factorial-treatment	true	p01-s03-c0073	c0073	sb0002	667	reused-wave1-simulation	p01-s03-c0037	p01-s03-c0037-v210-m010-g100-sb0002	2	100	1000	10	10000	3	1	4	1.01e-05	10100	10100000	0.00999900999901	0.01	0.1	0	false	true	0.008999108999109
wave2b_alpha_by_m__c0073__sb0003__g100	wave2b_alpha_by_m	alpha-by-m	factorial-treatment	true	p01-s03-c0073	c0073	sb0003	668	reused-wave1-simulation	p01-s03-c0037	p01-s03-c0037-v210-m010-g100-sb0003	2	100	1000	10	10000	3	1	4	1.01e-05	10100	10100000	0.00999900999901	0.01	0.1	0	false	true	0.008999108999109
wave2b_alpha_by_m__c0073__sb0004__g100	wave2b_alpha_by_m	alpha-by-m	factorial-treatment	true	p01-s03-c0073	c0073	sb0004	669	reused-wave1-simulation	p01-s03-c0037	p01-s03-c0037-v210-m010-g100-sb0004	2	100	1000	10	10000	3	1	4	1.01e-05	10100	10100000	0.00999900999901	0.01	0.1	0	false	true	0.008999108999109
wave2b_alpha_by_m__c0073__sb0005__g100	wave2b_alpha_by_m	alpha-by-m	factorial-treatment	true	p01-s03-c0073	c0073	sb0005	670	reused-wave1-simulation	p01-s03-c0037	p01-s03-c0037-v210-m010-g100-sb0005	2	100	1000	10	10000	3	1	4	1.01e-05	10100	10100000	0.00999900999901	0.01	0.1	0	false	true	0.008999108999109
wave2b_alpha_by_m__c0073__sb0006__g100	wave2b_alpha_by_m	alpha-by-m	factorial-treatment	true	p01-s03-c0073	c0073	sb0006	671	reused-wave1-simulation	p01-s03-c0037	p01-s03-c0037-v210-m010-g100-sb0006	2	100	1000	10	10000	3	1	4	1.01e-05	10100	10100000	0.00999900999901	0.01	0.1	0	false	true	0.008999108999109
wave2b_alpha_by_m__c0073__sb0007__g100	wave2b_alpha_by_m	alpha-by-m	factorial-treatment	true	p01-s03-c0073	c0073	sb0007	672	reused-wave1-simulation	p01-s03-c0037	p01-s03-c0037-v210-m010-g100-sb0007	2	100	1000	10	10000	3	1	4	1.01e-05	10100	10100000	0.00999900999901	0.01	0.1	0	false	true	0.008999108999109
wave2b_alpha_by_m__c0073__sb0008__g100	wave2b_alpha_by_m	alpha-by-m	factorial-treatment	true	p01-s03-c0073	c0073	sb0008	673	reused-wave1-simulation	p01-s03-c0037	p01-s03-c0037-v210-m010-g100-sb0008	2	100	1000	10	10000	3	1	4	1.01e-05	10100	10100000	0.00999900999901	0.01	0.1	0	false	true	0.008999108999109
wave2b_alpha_by_m__c0073__sb0009__g100	wave2b_alpha_by_m	alpha-by-m	factorial-treatment	true	p01-s03-c0073	c0073	sb0009	674	reused-wave1-simulation	p01-s03-c0037	p01-s03-c0037-v210-m010-g100-sb0009	2	100	1000	10	10000	3	1	4	1.01e-05	10100	10100000	0.00999900999901	0.01	0.1	0	false	true	0.008999108999109
wave2b_alpha_by_m__c0073__sb0010__g100	wave2b_alpha_by_m	alpha-by-m	factorial-treatment	true	p01-s03-c0073	c0073	sb0010	675	reused-wave1-simulation	p01-s03-c0037	p01-s03-c0037-v210-m010-g100-sb0010	2	100	1000	10	10000	3	1	4	1.01e-05	10100	10100000	0.00999900999901	0.01	0.1	0	false	true	0.008999108999109
wave2b_alpha_by_m__c0073__sb0011__g100	wave2b_alpha_by_m	alpha-by-m	factorial-treatment	true	p01-s03-c0073	c0073	sb0011	676	reused-wave1-simulation	p01-s03-c0037	p01-s03-c0037-v210-m010-g100-sb0011	2	100	1000	10	10000	3	1	4	1.01e-05	10100	10100000	0.00999900999901	0.01	0.1	0	false	true	0.008999108999109
wave2b_alpha_by_m__c0073__sb0012__g100	wave2b_alpha_by_m	alpha-by-m	factorial-treatment	true	p01-s03-c0073	c0073	sb0012	677	reused-wave1-simulation	p01-s03-c0037	p01-s03-c0037-v210-m010-g100-sb0012	2	100	1000	10	10000	3	1	4	1.01e-05	10100	10100000	0.00999900999901	0.01	0.1	0	false	true	0.008999108999109
wave2b_alpha_by_m__c0074__sb0001__g100	wave2b_alpha_by_m	alpha-by-m	factorial-treatment	true	p01-s03-c0074	c0074	sb0001	666	wave2-simulation	p01-s03-c0074	p01-s03-c0074-v210-adaptive-g1000-sb0001	1	100	1000	10	10000	3	1	4	1.01e-05	10100	10100000	0.00999900999901	0.01	0.5	0	false	true	0.004999504999505
wave2b_alpha_by_m__c0074__sb0002__g100	wave2b_alpha_by_m	alpha-by-m	factorial-treatment	true	p01-s03-c0074	c0074	sb0002	667	wave2-simulation	p01-s03-c0074	p01-s03-c0074-v210-adaptive-g1000-sb0002	1	100	1000	10	10000	3	1	4	1.01e-05	10100	10100000	0.00999900999901	0.01	0.5	0	false	true	0.004999504999505
wave2b_alpha_by_m__c0074__sb0003__g100	wave2b_alpha_by_m	alpha-by-m	factorial-treatment	true	p01-s03-c0074	c0074	sb0003	668	wave2-simulation	p01-s03-c0074	p01-s03-c0074-v210-adaptive-g1000-sb0003	1	100	1000	10	10000	3	1	4	1.01e-05	10100	10100000	0.00999900999901	0.01	0.5	0	false	true	0.004999504999505
wave2b_alpha_by_m__c0074__sb0004__g100	wave2b_alpha_by_m	alpha-by-m	factorial-treatment	true	p01-s03-c0074	c0074	sb0004	669	wave2-simulation	p01-s03-c0074	p01-s03-c0074-v210-adaptive-g1000-sb0004	1	100	1000	10	10000	3	1	4	1.01e-05	10100	10100000	0.00999900999901	0.01	0.5	0	false	true	0.004999504999505
wave2b_alpha_by_m__c0074__sb0005__g100	wave2b_alpha_by_m	alpha-by-m	factorial-treatment	true	p01-s03-c0074	c0074	sb0005	670	wave2-simulation	p01-s03-c0074	p01-s03-c0074-v210-adaptive-g1000-sb0005	1	100	1000	10	10000	3	1	4	1.01e-05	10100	10100000	0.00999900999901	0.01	0.5	0	false	true	0.004999504999505
wave2b_alpha_by_m__c0074__sb0006__g100	wave2b_alpha_by_m	alpha-by-m	factorial-treatment	true	p01-s03-c0074	c0074	sb0006	671	wave2-simulation	p01-s03-c0074	p01-s03-c0074-v210-adaptive-g1000-sb0006	1	100	1000	10	10000	3	1	4	1.01e-05	10100	10100000	0.00999900999901	0.01	0.5	0	false	true	0.004999504999505
wave2b_alpha_by_m__c0074__sb0007__g100	wave2b_alpha_by_m	alpha-by-m	factorial-treatment	true	p01-s03-c0074	c0074	sb0007	672	wave2-simulation	p01-s03-c0074	p01-s03-c0074-v210-adaptive-g1000-sb0007	1	100	1000	10	10000	3	1	4	1.01e-05	10100	10100000	0.00999900999901	0.01	0.5	0	false	true	0.004999504999505
wave2b_alpha_by_m__c0074__sb0008__g100	wave2b_alpha_by_m	alpha-by-m	factorial-treatment	true	p01-s03-c0074	c0074	sb0008	673	wave2-simulation	p01-s03-c0074	p01-s03-c0074-v210-adaptive-g1000-sb0008	1	100	1000	10	10000	3	1	4	1.01e-05	10100	10100000	0.00999900999901	0.01	0.5	0	false	true	0.004999504999505
wave2b_alpha_by_m__c0074__sb0009__g100	wave2b_alpha_by_m	alpha-by-m	factorial-treatment	true	p01-s03-c0074	c0074	sb0009	674	wave2-simulation	p01-s03-c0074	p01-s03-c0074-v210-adaptive-g1000-sb0009	1	100	1000	10	10000	3	1	4	1.01e-05	10100	10100000	0.00999900999901	0.01	0.5	0	false	true	0.004999504999505
wave2b_alpha_by_m__c0074__sb0010__g100	wave2b_alpha_by_m	alpha-by-m	factorial-treatment	true	p01-s03-c0074	c0074	sb0010	675	wave2-simulation	p01-s03-c0074	p01-s03-c0074-v210-adaptive-g1000-sb0010	1	100	1000	10	10000	3	1	4	1.01e-05	10100	10100000	0.00999900999901	0.01	0.5	0	false	true	0.004999504999505
wave2b_alpha_by_m__c0074__sb0011__g100	wave2b_alpha_by_m	alpha-by-m	factorial-treatment	true	p01-s03-c0074	c0074	sb0011	676	wave2-simulation	p01-s03-c0074	p01-s03-c0074-v210-adaptive-g1000-sb0011	1	100	1000	10	10000	3	1	4	1.01e-05	10100	10100000	0.00999900999901	0.01	0.5	0	false	true	0.004999504999505
wave2b_alpha_by_m__c0074__sb0012__g100	wave2b_alpha_by_m	alpha-by-m	factorial-treatment	true	p01-s03-c0074	c0074	sb0012	677	wave2-simulation	p01-s03-c0074	p01-s03-c0074-v210-adaptive-g1000-sb0012	1	100	1000	10	10000	3	1	4	1.01e-05	10100	10100000	0.00999900999901	0.01	0.5	0	false	true	0.004999504999505
wave2b_alpha_by_m__c0075__sb0001__g100	wave2b_alpha_by_m	alpha-by-m	factorial-treatment	true	p01-s03-c0075	c0075	sb0001	666	wave2-simulation	p01-s03-c0075	p01-s03-c0075-v210-adaptive-g1000-sb0001	1	100	1000	10	10000	3	1	4	1.01e-05	10100	10100000	0.00999900999901	0.01	0.9	0	false	true	0.000999900999901
wave2b_alpha_by_m__c0075__sb0002__g100	wave2b_alpha_by_m	alpha-by-m	factorial-treatment	true	p01-s03-c0075	c0075	sb0002	667	wave2-simulation	p01-s03-c0075	p01-s03-c0075-v210-adaptive-g1000-sb0002	1	100	1000	10	10000	3	1	4	1.01e-05	10100	10100000	0.00999900999901	0.01	0.9	0	false	true	0.000999900999901
wave2b_alpha_by_m__c0075__sb0003__g100	wave2b_alpha_by_m	alpha-by-m	factorial-treatment	true	p01-s03-c0075	c0075	sb0003	668	wave2-simulation	p01-s03-c0075	p01-s03-c0075-v210-adaptive-g1000-sb0003	1	100	1000	10	10000	3	1	4	1.01e-05	10100	10100000	0.00999900999901	0.01	0.9	0	false	true	0.000999900999901
wave2b_alpha_by_m__c0075__sb0004__g100	wave2b_alpha_by_m	alpha-by-m	factorial-treatment	true	p01-s03-c0075	c0075	sb0004	669	wave2-simulation	p01-s03-c0075	p01-s03-c0075-v210-adaptive-g1000-sb0004	1	100	1000	10	10000	3	1	4	1.01e-05	10100	10100000	0.00999900999901	0.01	0.9	0	false	true	0.000999900999901
wave2b_alpha_by_m__c0075__sb0005__g100	wave2b_alpha_by_m	alpha-by-m	factorial-treatment	true	p01-s03-c0075	c0075	sb0005	670	wave2-simulation	p01-s03-c0075	p01-s03-c0075-v210-adaptive-g1000-sb0005	1	100	1000	10	10000	3	1	4	1.01e-05	10100	10100000	0.00999900999901	0.01	0.9	0	false	true	0.000999900999901
wave2b_alpha_by_m__c0075__sb0006__g100	wave2b_alpha_by_m	alpha-by-m	factorial-treatment	true	p01-s03-c0075	c0075	sb0006	671	wave2-simulation	p01-s03-c0075	p01-s03-c0075-v210-adaptive-g1000-sb0006	1	100	1000	10	10000	3	1	4	1.01e-05	10100	10100000	0.00999900999901	0.01	0.9	0	false	true	0.000999900999901
wave2b_alpha_by_m__c0075__sb0007__g100	wave2b_alpha_by_m	alpha-by-m	factorial-treatment	true	p01-s03-c0075	c0075	sb0007	672	wave2-simulation	p01-s03-c0075	p01-s03-c0075-v210-adaptive-g1000-sb0007	1	100	1000	10	10000	3	1	4	1.01e-05	10100	10100000	0.00999900999901	0.01	0.9	0	false	true	0.000999900999901
wave2b_alpha_by_m__c0075__sb0008__g100	wave2b_alpha_by_m	alpha-by-m	factorial-treatment	true	p01-s03-c0075	c0075	sb0008	673	wave2-simulation	p01-s03-c0075	p01-s03-c0075-v210-adaptive-g1000-sb0008	1	100	1000	10	10000	3	1	4	1.01e-05	10100	10100000	0.00999900999901	0.01	0.9	0	false	true	0.000999900999901
wave2b_alpha_by_m__c0075__sb0009__g100	wave2b_alpha_by_m	alpha-by-m	factorial-treatment	true	p01-s03-c0075	c0075	sb0009	674	wave2-simulation	p01-s03-c0075	p01-s03-c0075-v210-adaptive-g1000-sb0009	1	100	1000	10	10000	3	1	4	1.01e-05	10100	10100000	0.00999900999901	0.01	0.9	0	false	true	0.000999900999901
wave2b_alpha_by_m__c0075__sb0010__g100	wave2b_alpha_by_m	alpha-by-m	factorial-treatment	true	p01-s03-c0075	c0075	sb0010	675	wave2-simulation	p01-s03-c0075	p01-s03-c0075-v210-adaptive-g1000-sb0010	1	100	1000	10	10000	3	1	4	1.01e-05	10100	10100000	0.00999900999901	0.01	0.9	0	false	true	0.000999900999901
wave2b_alpha_by_m__c0075__sb0011__g100	wave2b_alpha_by_m	alpha-by-m	factorial-treatment	true	p01-s03-c0075	c0075	sb0011	676	wave2-simulation	p01-s03-c0075	p01-s03-c0075-v210-adaptive-g1000-sb0011	1	100	1000	10	10000	3	1	4	1.01e-05	10100	10100000	0.00999900999901	0.01	0.9	0	false	true	0.000999900999901
wave2b_alpha_by_m__c0075__sb0012__g100	wave2b_alpha_by_m	alpha-by-m	factorial-treatment	true	p01-s03-c0075	c0075	sb0012	677	wave2-simulation	p01-s03-c0075	p01-s03-c0075-v210-adaptive-g1000-sb0012	1	100	1000	10	10000	3	1	4	1.01e-05	10100	10100000	0.00999900999901	0.01	0.9	0	false	true	0.000999900999901
wave2b_alpha_by_m__c0076__sb0001__g100	wave2b_alpha_by_m	alpha-by-m	factorial-treatment	true	p01-s03-c0076	c0076	sb0001	666	wave2-simulation	p01-s03-c0076	p01-s03-c0076-v210-adaptive-g1000-sb0001	1	100	1000	10	10000	3	1	4	1.01e-05	10100	10100000	0.00999900999901	0.01	0.99	0	false	true	9.99900999901001e-05
wave2b_alpha_by_m__c0076__sb0002__g100	wave2b_alpha_by_m	alpha-by-m	factorial-treatment	true	p01-s03-c0076	c0076	sb0002	667	wave2-simulation	p01-s03-c0076	p01-s03-c0076-v210-adaptive-g1000-sb0002	1	100	1000	10	10000	3	1	4	1.01e-05	10100	10100000	0.00999900999901	0.01	0.99	0	false	true	9.99900999901001e-05
wave2b_alpha_by_m__c0076__sb0003__g100	wave2b_alpha_by_m	alpha-by-m	factorial-treatment	true	p01-s03-c0076	c0076	sb0003	668	wave2-simulation	p01-s03-c0076	p01-s03-c0076-v210-adaptive-g1000-sb0003	1	100	1000	10	10000	3	1	4	1.01e-05	10100	10100000	0.00999900999901	0.01	0.99	0	false	true	9.99900999901001e-05
wave2b_alpha_by_m__c0076__sb0004__g100	wave2b_alpha_by_m	alpha-by-m	factorial-treatment	true	p01-s03-c0076	c0076	sb0004	669	wave2-simulation	p01-s03-c0076	p01-s03-c0076-v210-adaptive-g1000-sb0004	1	100	1000	10	10000	3	1	4	1.01e-05	10100	10100000	0.00999900999901	0.01	0.99	0	false	true	9.99900999901001e-05
wave2b_alpha_by_m__c0076__sb0005__g100	wave2b_alpha_by_m	alpha-by-m	factorial-treatment	true	p01-s03-c0076	c0076	sb0005	670	wave2-simulation	p01-s03-c0076	p01-s03-c0076-v210-adaptive-g1000-sb0005	1	100	1000	10	10000	3	1	4	1.01e-05	10100	10100000	0.00999900999901	0.01	0.99	0	false	true	9.99900999901001e-05
wave2b_alpha_by_m__c0076__sb0006__g100	wave2b_alpha_by_m	alpha-by-m	factorial-treatment	true	p01-s03-c0076	c0076	sb0006	671	wave2-simulation	p01-s03-c0076	p01-s03-c0076-v210-adaptive-g1000-sb0006	1	100	1000	10	10000	3	1	4	1.01e-05	10100	10100000	0.00999900999901	0.01	0.99	0	false	true	9.99900999901001e-05
wave2b_alpha_by_m__c0076__sb0007__g100	wave2b_alpha_by_m	alpha-by-m	factorial-treatment	true	p01-s03-c0076	c0076	sb0007	672	wave2-simulation	p01-s03-c0076	p01-s03-c0076-v210-adaptive-g1000-sb0007	1	100	1000	10	10000	3	1	4	1.01e-05	10100	10100000	0.00999900999901	0.01	0.99	0	false	true	9.99900999901001e-05
wave2b_alpha_by_m__c0076__sb0008__g100	wave2b_alpha_by_m	alpha-by-m	factorial-treatment	true	p01-s03-c0076	c0076	sb0008	673	wave2-simulation	p01-s03-c0076	p01-s03-c0076-v210-adaptive-g1000-sb0008	1	100	1000	10	10000	3	1	4	1.01e-05	10100	10100000	0.00999900999901	0.01	0.99	0	false	true	9.99900999901001e-05
wave2b_alpha_by_m__c0076__sb0009__g100	wave2b_alpha_by_m	alpha-by-m	factorial-treatment	true	p01-s03-c0076	c0076	sb0009	674	wave2-simulation	p01-s03-c0076	p01-s03-c0076-v210-adaptive-g1000-sb0009	1	100	1000	10	10000	3	1	4	1.01e-05	10100	10100000	0.00999900999901	0.01	0.99	0	false	true	9.99900999901001e-05
wave2b_alpha_by_m__c0076__sb0010__g100	wave2b_alpha_by_m	alpha-by-m	factorial-treatment	true	p01-s03-c0076	c0076	sb0010	675	wave2-simulation	p01-s03-c0076	p01-s03-c0076-v210-adaptive-g1000-sb0010	1	100	1000	10	10000	3	1	4	1.01e-05	10100	10100000	0.00999900999901	0.01	0.99	0	false	true	9.99900999901001e-05
wave2b_alpha_by_m__c0076__sb0011__g100	wave2b_alpha_by_m	alpha-by-m	factorial-treatment	true	p01-s03-c0076	c0076	sb0011	676	wave2-simulation	p01-s03-c0076	p01-s03-c0076-v210-adaptive-g1000-sb0011	1	100	1000	10	10000	3	1	4	1.01e-05	10100	10100000	0.00999900999901	0.01	0.99	0	false	true	9.99900999901001e-05
wave2b_alpha_by_m__c0076__sb0012__g100	wave2b_alpha_by_m	alpha-by-m	factorial-treatment	true	p01-s03-c0076	c0076	sb0012	677	wave2-simulation	p01-s03-c0076	p01-s03-c0076-v210-adaptive-g1000-sb0012	1	100	1000	10	10000	3	1	4	1.01e-05	10100	10100000	0.00999900999901	0.01	0.99	0	false	true	9.99900999901001e-05
wave2b_alpha_by_m__c0077__sb0001__g100	wave2b_alpha_by_m	alpha-by-m	factorial-treatment	true	p01-s03-c0077	c0077	sb0001	666	wave2-simulation	p01-s03-c0077	p01-s03-c0077-v210-adaptive-g1000-sb0001	1	100	1000	10	10000	3	1	4	0.00011111	111110	111110000	0.0999990999991	0.1	0	0	false	true	0.0999990999991
wave2b_alpha_by_m__c0077__sb0002__g100	wave2b_alpha_by_m	alpha-by-m	factorial-treatment	true	p01-s03-c0077	c0077	sb0002	667	wave2-simulation	p01-s03-c0077	p01-s03-c0077-v210-adaptive-g1000-sb0002	1	100	1000	10	10000	3	1	4	0.00011111	111110	111110000	0.0999990999991	0.1	0	0	false	true	0.0999990999991
wave2b_alpha_by_m__c0077__sb0003__g100	wave2b_alpha_by_m	alpha-by-m	factorial-treatment	true	p01-s03-c0077	c0077	sb0003	668	wave2-simulation	p01-s03-c0077	p01-s03-c0077-v210-adaptive-g1000-sb0003	1	100	1000	10	10000	3	1	4	0.00011111	111110	111110000	0.0999990999991	0.1	0	0	false	true	0.0999990999991
wave2b_alpha_by_m__c0077__sb0004__g100	wave2b_alpha_by_m	alpha-by-m	factorial-treatment	true	p01-s03-c0077	c0077	sb0004	669	wave2-simulation	p01-s03-c0077	p01-s03-c0077-v210-adaptive-g1000-sb0004	1	100	1000	10	10000	3	1	4	0.00011111	111110	111110000	0.0999990999991	0.1	0	0	false	true	0.0999990999991
wave2b_alpha_by_m__c0077__sb0005__g100	wave2b_alpha_by_m	alpha-by-m	factorial-treatment	true	p01-s03-c0077	c0077	sb0005	670	wave2-simulation	p01-s03-c0077	p01-s03-c0077-v210-adaptive-g1000-sb0005	1	100	1000	10	10000	3	1	4	0.00011111	111110	111110000	0.0999990999991	0.1	0	0	false	true	0.0999990999991
wave2b_alpha_by_m__c0077__sb0006__g100	wave2b_alpha_by_m	alpha-by-m	factorial-treatment	true	p01-s03-c0077	c0077	sb0006	671	wave2-simulation	p01-s03-c0077	p01-s03-c0077-v210-adaptive-g1000-sb0006	1	100	1000	10	10000	3	1	4	0.00011111	111110	111110000	0.0999990999991	0.1	0	0	false	true	0.0999990999991
wave2b_alpha_by_m__c0077__sb0007__g100	wave2b_alpha_by_m	alpha-by-m	factorial-treatment	true	p01-s03-c0077	c0077	sb0007	672	wave2-simulation	p01-s03-c0077	p01-s03-c0077-v210-adaptive-g1000-sb0007	1	100	1000	10	10000	3	1	4	0.00011111	111110	111110000	0.0999990999991	0.1	0	0	false	true	0.0999990999991
wave2b_alpha_by_m__c0077__sb0008__g100	wave2b_alpha_by_m	alpha-by-m	factorial-treatment	true	p01-s03-c0077	c0077	sb0008	673	wave2-simulation	p01-s03-c0077	p01-s03-c0077-v210-adaptive-g1000-sb0008	1	100	1000	10	10000	3	1	4	0.00011111	111110	111110000	0.0999990999991	0.1	0	0	false	true	0.0999990999991
wave2b_alpha_by_m__c0077__sb0009__g100	wave2b_alpha_by_m	alpha-by-m	factorial-treatment	true	p01-s03-c0077	c0077	sb0009	674	wave2-simulation	p01-s03-c0077	p01-s03-c0077-v210-adaptive-g1000-sb0009	1	100	1000	10	10000	3	1	4	0.00011111	111110	111110000	0.0999990999991	0.1	0	0	false	true	0.0999990999991
wave2b_alpha_by_m__c0077__sb0010__g100	wave2b_alpha_by_m	alpha-by-m	factorial-treatment	true	p01-s03-c0077	c0077	sb0010	675	wave2-simulation	p01-s03-c0077	p01-s03-c0077-v210-adaptive-g1000-sb0010	1	100	1000	10	10000	3	1	4	0.00011111	111110	111110000	0.0999990999991	0.1	0	0	false	true	0.0999990999991
wave2b_alpha_by_m__c0077__sb0011__g100	wave2b_alpha_by_m	alpha-by-m	factorial-treatment	true	p01-s03-c0077	c0077	sb0011	676	wave2-simulation	p01-s03-c0077	p01-s03-c0077-v210-adaptive-g1000-sb0011	1	100	1000	10	10000	3	1	4	0.00011111	111110	111110000	0.0999990999991	0.1	0	0	false	true	0.0999990999991
wave2b_alpha_by_m__c0077__sb0012__g100	wave2b_alpha_by_m	alpha-by-m	factorial-treatment	true	p01-s03-c0077	c0077	sb0012	677	wave2-simulation	p01-s03-c0077	p01-s03-c0077-v210-adaptive-g1000-sb0012	1	100	1000	10	10000	3	1	4	0.00011111	111110	111110000	0.0999990999991	0.1	0	0	false	true	0.0999990999991
wave2b_alpha_by_m__c0078__sb0001__g100	wave2b_alpha_by_m	alpha-by-m	factorial-treatment	true	p01-s03-c0078	c0078	sb0001	666	wave2-simulation	p01-s03-c0078	p01-s03-c0078-v210-adaptive-g1000-sb0001	1	100	1000	10	10000	3	1	4	0.00011111	111110	111110000	0.0999990999991	0.1	0.001	0	false	true	0.0998991008991009
wave2b_alpha_by_m__c0078__sb0002__g100	wave2b_alpha_by_m	alpha-by-m	factorial-treatment	true	p01-s03-c0078	c0078	sb0002	667	wave2-simulation	p01-s03-c0078	p01-s03-c0078-v210-adaptive-g1000-sb0002	1	100	1000	10	10000	3	1	4	0.00011111	111110	111110000	0.0999990999991	0.1	0.001	0	false	true	0.0998991008991009
wave2b_alpha_by_m__c0078__sb0003__g100	wave2b_alpha_by_m	alpha-by-m	factorial-treatment	true	p01-s03-c0078	c0078	sb0003	668	wave2-simulation	p01-s03-c0078	p01-s03-c0078-v210-adaptive-g1000-sb0003	1	100	1000	10	10000	3	1	4	0.00011111	111110	111110000	0.0999990999991	0.1	0.001	0	false	true	0.0998991008991009
wave2b_alpha_by_m__c0078__sb0004__g100	wave2b_alpha_by_m	alpha-by-m	factorial-treatment	true	p01-s03-c0078	c0078	sb0004	669	wave2-simulation	p01-s03-c0078	p01-s03-c0078-v210-adaptive-g1000-sb0004	1	100	1000	10	10000	3	1	4	0.00011111	111110	111110000	0.0999990999991	0.1	0.001	0	false	true	0.0998991008991009
wave2b_alpha_by_m__c0078__sb0005__g100	wave2b_alpha_by_m	alpha-by-m	factorial-treatment	true	p01-s03-c0078	c0078	sb0005	670	wave2-simulation	p01-s03-c0078	p01-s03-c0078-v210-adaptive-g1000-sb0005	1	100	1000	10	10000	3	1	4	0.00011111	111110	111110000	0.0999990999991	0.1	0.001	0	false	true	0.0998991008991009
wave2b_alpha_by_m__c0078__sb0006__g100	wave2b_alpha_by_m	alpha-by-m	factorial-treatment	true	p01-s03-c0078	c0078	sb0006	671	wave2-simulation	p01-s03-c0078	p01-s03-c0078-v210-adaptive-g1000-sb0006	1	100	1000	10	10000	3	1	4	0.00011111	111110	111110000	0.0999990999991	0.1	0.001	0	false	true	0.0998991008991009
wave2b_alpha_by_m__c0078__sb0007__g100	wave2b_alpha_by_m	alpha-by-m	factorial-treatment	true	p01-s03-c0078	c0078	sb0007	672	wave2-simulation	p01-s03-c0078	p01-s03-c0078-v210-adaptive-g1000-sb0007	1	100	1000	10	10000	3	1	4	0.00011111	111110	111110000	0.0999990999991	0.1	0.001	0	false	true	0.0998991008991009
wave2b_alpha_by_m__c0078__sb0008__g100	wave2b_alpha_by_m	alpha-by-m	factorial-treatment	true	p01-s03-c0078	c0078	sb0008	673	wave2-simulation	p01-s03-c0078	p01-s03-c0078-v210-adaptive-g1000-sb0008	1	100	1000	10	10000	3	1	4	0.00011111	111110	111110000	0.0999990999991	0.1	0.001	0	false	true	0.0998991008991009
wave2b_alpha_by_m__c0078__sb0009__g100	wave2b_alpha_by_m	alpha-by-m	factorial-treatment	true	p01-s03-c0078	c0078	sb0009	674	wave2-simulation	p01-s03-c0078	p01-s03-c0078-v210-adaptive-g1000-sb0009	1	100	1000	10	10000	3	1	4	0.00011111	111110	111110000	0.0999990999991	0.1	0.001	0	false	true	0.0998991008991009
wave2b_alpha_by_m__c0078__sb0010__g100	wave2b_alpha_by_m	alpha-by-m	factorial-treatment	true	p01-s03-c0078	c0078	sb0010	675	wave2-simulation	p01-s03-c0078	p01-s03-c0078-v210-adaptive-g1000-sb0010	1	100	1000	10	10000	3	1	4	0.00011111	111110	111110000	0.0999990999991	0.1	0.001	0	false	true	0.0998991008991009
wave2b_alpha_by_m__c0078__sb0011__g100	wave2b_alpha_by_m	alpha-by-m	factorial-treatment	true	p01-s03-c0078	c0078	sb0011	676	wave2-simulation	p01-s03-c0078	p01-s03-c0078-v210-adaptive-g1000-sb0011	1	100	1000	10	10000	3	1	4	0.00011111	111110	111110000	0.0999990999991	0.1	0.001	0	false	true	0.0998991008991009
wave2b_alpha_by_m__c0078__sb0012__g100	wave2b_alpha_by_m	alpha-by-m	factorial-treatment	true	p01-s03-c0078	c0078	sb0012	677	wave2-simulation	p01-s03-c0078	p01-s03-c0078-v210-adaptive-g1000-sb0012	1	100	1000	10	10000	3	1	4	0.00011111	111110	111110000	0.0999990999991	0.1	0.001	0	false	true	0.0998991008991009
wave2b_alpha_by_m__c0079__sb0001__g100	wave2b_alpha_by_m	alpha-by-m	factorial-treatment	true	p01-s03-c0079	c0079	sb0001	666	wave2-simulation	p01-s03-c0079	p01-s03-c0079-v210-adaptive-g1000-sb0001	1	100	1000	10	10000	3	1	4	0.00011111	111110	111110000	0.0999990999991	0.1	0.01	0	false	true	0.098999108999109
wave2b_alpha_by_m__c0079__sb0002__g100	wave2b_alpha_by_m	alpha-by-m	factorial-treatment	true	p01-s03-c0079	c0079	sb0002	667	wave2-simulation	p01-s03-c0079	p01-s03-c0079-v210-adaptive-g1000-sb0002	1	100	1000	10	10000	3	1	4	0.00011111	111110	111110000	0.0999990999991	0.1	0.01	0	false	true	0.098999108999109
wave2b_alpha_by_m__c0079__sb0003__g100	wave2b_alpha_by_m	alpha-by-m	factorial-treatment	true	p01-s03-c0079	c0079	sb0003	668	wave2-simulation	p01-s03-c0079	p01-s03-c0079-v210-adaptive-g1000-sb0003	1	100	1000	10	10000	3	1	4	0.00011111	111110	111110000	0.0999990999991	0.1	0.01	0	false	true	0.098999108999109
wave2b_alpha_by_m__c0079__sb0004__g100	wave2b_alpha_by_m	alpha-by-m	factorial-treatment	true	p01-s03-c0079	c0079	sb0004	669	wave2-simulation	p01-s03-c0079	p01-s03-c0079-v210-adaptive-g1000-sb0004	1	100	1000	10	10000	3	1	4	0.00011111	111110	111110000	0.0999990999991	0.1	0.01	0	false	true	0.098999108999109
wave2b_alpha_by_m__c0079__sb0005__g100	wave2b_alpha_by_m	alpha-by-m	factorial-treatment	true	p01-s03-c0079	c0079	sb0005	670	wave2-simulation	p01-s03-c0079	p01-s03-c0079-v210-adaptive-g1000-sb0005	1	100	1000	10	10000	3	1	4	0.00011111	111110	111110000	0.0999990999991	0.1	0.01	0	false	true	0.098999108999109
wave2b_alpha_by_m__c0079__sb0006__g100	wave2b_alpha_by_m	alpha-by-m	factorial-treatment	true	p01-s03-c0079	c0079	sb0006	671	wave2-simulation	p01-s03-c0079	p01-s03-c0079-v210-adaptive-g1000-sb0006	1	100	1000	10	10000	3	1	4	0.00011111	111110	111110000	0.0999990999991	0.1	0.01	0	false	true	0.098999108999109
wave2b_alpha_by_m__c0079__sb0007__g100	wave2b_alpha_by_m	alpha-by-m	factorial-treatment	true	p01-s03-c0079	c0079	sb0007	672	wave2-simulation	p01-s03-c0079	p01-s03-c0079-v210-adaptive-g1000-sb0007	1	100	1000	10	10000	3	1	4	0.00011111	111110	111110000	0.0999990999991	0.1	0.01	0	false	true	0.098999108999109
wave2b_alpha_by_m__c0079__sb0008__g100	wave2b_alpha_by_m	alpha-by-m	factorial-treatment	true	p01-s03-c0079	c0079	sb0008	673	wave2-simulation	p01-s03-c0079	p01-s03-c0079-v210-adaptive-g1000-sb0008	1	100	1000	10	10000	3	1	4	0.00011111	111110	111110000	0.0999990999991	0.1	0.01	0	false	true	0.098999108999109
wave2b_alpha_by_m__c0079__sb0009__g100	wave2b_alpha_by_m	alpha-by-m	factorial-treatment	true	p01-s03-c0079	c0079	sb0009	674	wave2-simulation	p01-s03-c0079	p01-s03-c0079-v210-adaptive-g1000-sb0009	1	100	1000	10	10000	3	1	4	0.00011111	111110	111110000	0.0999990999991	0.1	0.01	0	false	true	0.098999108999109
wave2b_alpha_by_m__c0079__sb0010__g100	wave2b_alpha_by_m	alpha-by-m	factorial-treatment	true	p01-s03-c0079	c0079	sb0010	675	wave2-simulation	p01-s03-c0079	p01-s03-c0079-v210-adaptive-g1000-sb0010	1	100	1000	10	10000	3	1	4	0.00011111	111110	111110000	0.0999990999991	0.1	0.01	0	false	true	0.098999108999109
wave2b_alpha_by_m__c0079__sb0011__g100	wave2b_alpha_by_m	alpha-by-m	factorial-treatment	true	p01-s03-c0079	c0079	sb0011	676	wave2-simulation	p01-s03-c0079	p01-s03-c0079-v210-adaptive-g1000-sb0011	1	100	1000	10	10000	3	1	4	0.00011111	111110	111110000	0.0999990999991	0.1	0.01	0	false	true	0.098999108999109
wave2b_alpha_by_m__c0079__sb0012__g100	wave2b_alpha_by_m	alpha-by-m	factorial-treatment	true	p01-s03-c0079	c0079	sb0012	677	wave2-simulation	p01-s03-c0079	p01-s03-c0079-v210-adaptive-g1000-sb0012	1	100	1000	10	10000	3	1	4	0.00011111	111110	111110000	0.0999990999991	0.1	0.01	0	false	true	0.098999108999109
wave2b_alpha_by_m__c0080__sb0001__g100	wave2b_alpha_by_m	alpha-by-m	factorial-treatment	true	p01-s03-c0080	c0080	sb0001	666	reused-wave1-simulation	p01-s03-c0039	p01-s03-c0039-v210-m010-g100-sb0001	2	100	1000	10	10000	3	1	4	0.00011111	111110	111110000	0.0999990999991	0.1	0.1	0	false	true	0.08999918999919
wave2b_alpha_by_m__c0080__sb0002__g100	wave2b_alpha_by_m	alpha-by-m	factorial-treatment	true	p01-s03-c0080	c0080	sb0002	667	reused-wave1-simulation	p01-s03-c0039	p01-s03-c0039-v210-m010-g100-sb0002	2	100	1000	10	10000	3	1	4	0.00011111	111110	111110000	0.0999990999991	0.1	0.1	0	false	true	0.08999918999919
wave2b_alpha_by_m__c0080__sb0003__g100	wave2b_alpha_by_m	alpha-by-m	factorial-treatment	true	p01-s03-c0080	c0080	sb0003	668	reused-wave1-simulation	p01-s03-c0039	p01-s03-c0039-v210-m010-g100-sb0003	2	100	1000	10	10000	3	1	4	0.00011111	111110	111110000	0.0999990999991	0.1	0.1	0	false	true	0.08999918999919
wave2b_alpha_by_m__c0080__sb0004__g100	wave2b_alpha_by_m	alpha-by-m	factorial-treatment	true	p01-s03-c0080	c0080	sb0004	669	reused-wave1-simulation	p01-s03-c0039	p01-s03-c0039-v210-m010-g100-sb0004	2	100	1000	10	10000	3	1	4	0.00011111	111110	111110000	0.0999990999991	0.1	0.1	0	false	true	0.08999918999919
wave2b_alpha_by_m__c0080__sb0005__g100	wave2b_alpha_by_m	alpha-by-m	factorial-treatment	true	p01-s03-c0080	c0080	sb0005	670	reused-wave1-simulation	p01-s03-c0039	p01-s03-c0039-v210-m010-g100-sb0005	2	100	1000	10	10000	3	1	4	0.00011111	111110	111110000	0.0999990999991	0.1	0.1	0	false	true	0.08999918999919
wave2b_alpha_by_m__c0080__sb0006__g100	wave2b_alpha_by_m	alpha-by-m	factorial-treatment	true	p01-s03-c0080	c0080	sb0006	671	reused-wave1-simulation	p01-s03-c0039	p01-s03-c0039-v210-m010-g100-sb0006	2	100	1000	10	10000	3	1	4	0.00011111	111110	111110000	0.0999990999991	0.1	0.1	0	false	true	0.08999918999919
wave2b_alpha_by_m__c0080__sb0007__g100	wave2b_alpha_by_m	alpha-by-m	factorial-treatment	true	p01-s03-c0080	c0080	sb0007	672	reused-wave1-simulation	p01-s03-c0039	p01-s03-c0039-v210-m010-g100-sb0007	2	100	1000	10	10000	3	1	4	0.00011111	111110	111110000	0.0999990999991	0.1	0.1	0	false	true	0.08999918999919
wave2b_alpha_by_m__c0080__sb0008__g100	wave2b_alpha_by_m	alpha-by-m	factorial-treatment	true	p01-s03-c0080	c0080	sb0008	673	reused-wave1-simulation	p01-s03-c0039	p01-s03-c0039-v210-m010-g100-sb0008	2	100	1000	10	10000	3	1	4	0.00011111	111110	111110000	0.0999990999991	0.1	0.1	0	false	true	0.08999918999919
wave2b_alpha_by_m__c0080__sb0009__g100	wave2b_alpha_by_m	alpha-by-m	factorial-treatment	true	p01-s03-c0080	c0080	sb0009	674	reused-wave1-simulation	p01-s03-c0039	p01-s03-c0039-v210-m010-g100-sb0009	2	100	1000	10	10000	3	1	4	0.00011111	111110	111110000	0.0999990999991	0.1	0.1	0	false	true	0.08999918999919
wave2b_alpha_by_m__c0080__sb0010__g100	wave2b_alpha_by_m	alpha-by-m	factorial-treatment	true	p01-s03-c0080	c0080	sb0010	675	reused-wave1-simulation	p01-s03-c0039	p01-s03-c0039-v210-m010-g100-sb0010	2	100	1000	10	10000	3	1	4	0.00011111	111110	111110000	0.0999990999991	0.1	0.1	0	false	true	0.08999918999919
wave2b_alpha_by_m__c0080__sb0011__g100	wave2b_alpha_by_m	alpha-by-m	factorial-treatment	true	p01-s03-c0080	c0080	sb0011	676	reused-wave1-simulation	p01-s03-c0039	p01-s03-c0039-v210-m010-g100-sb0011	2	100	1000	10	10000	3	1	4	0.00011111	111110	111110000	0.0999990999991	0.1	0.1	0	false	true	0.08999918999919
wave2b_alpha_by_m__c0080__sb0012__g100	wave2b_alpha_by_m	alpha-by-m	factorial-treatment	true	p01-s03-c0080	c0080	sb0012	677	reused-wave1-simulation	p01-s03-c0039	p01-s03-c0039-v210-m010-g100-sb0012	2	100	1000	10	10000	3	1	4	0.00011111	111110	111110000	0.0999990999991	0.1	0.1	0	false	true	0.08999918999919
wave2b_alpha_by_m__c0081__sb0001__g100	wave2b_alpha_by_m	alpha-by-m	factorial-treatment	true	p01-s03-c0081	c0081	sb0001	666	wave2-simulation	p01-s03-c0081	p01-s03-c0081-v210-adaptive-g1000-sb0001	1	100	1000	10	10000	3	1	4	0.00011111	111110	111110000	0.0999990999991	0.1	0.5	0	false	true	0.04999954999955
wave2b_alpha_by_m__c0081__sb0002__g100	wave2b_alpha_by_m	alpha-by-m	factorial-treatment	true	p01-s03-c0081	c0081	sb0002	667	wave2-simulation	p01-s03-c0081	p01-s03-c0081-v210-adaptive-g1000-sb0002	1	100	1000	10	10000	3	1	4	0.00011111	111110	111110000	0.0999990999991	0.1	0.5	0	false	true	0.04999954999955
wave2b_alpha_by_m__c0081__sb0003__g100	wave2b_alpha_by_m	alpha-by-m	factorial-treatment	true	p01-s03-c0081	c0081	sb0003	668	wave2-simulation	p01-s03-c0081	p01-s03-c0081-v210-adaptive-g1000-sb0003	1	100	1000	10	10000	3	1	4	0.00011111	111110	111110000	0.0999990999991	0.1	0.5	0	false	true	0.04999954999955
wave2b_alpha_by_m__c0081__sb0004__g100	wave2b_alpha_by_m	alpha-by-m	factorial-treatment	true	p01-s03-c0081	c0081	sb0004	669	wave2-simulation	p01-s03-c0081	p01-s03-c0081-v210-adaptive-g1000-sb0004	1	100	1000	10	10000	3	1	4	0.00011111	111110	111110000	0.0999990999991	0.1	0.5	0	false	true	0.04999954999955
wave2b_alpha_by_m__c0081__sb0005__g100	wave2b_alpha_by_m	alpha-by-m	factorial-treatment	true	p01-s03-c0081	c0081	sb0005	670	wave2-simulation	p01-s03-c0081	p01-s03-c0081-v210-adaptive-g1000-sb0005	1	100	1000	10	10000	3	1	4	0.00011111	111110	111110000	0.0999990999991	0.1	0.5	0	false	true	0.04999954999955
wave2b_alpha_by_m__c0081__sb0006__g100	wave2b_alpha_by_m	alpha-by-m	factorial-treatment	true	p01-s03-c0081	c0081	sb0006	671	wave2-simulation	p01-s03-c0081	p01-s03-c0081-v210-adaptive-g1000-sb0006	1	100	1000	10	10000	3	1	4	0.00011111	111110	111110000	0.0999990999991	0.1	0.5	0	false	true	0.04999954999955
wave2b_alpha_by_m__c0081__sb0007__g100	wave2b_alpha_by_m	alpha-by-m	factorial-treatment	true	p01-s03-c0081	c0081	sb0007	672	wave2-simulation	p01-s03-c0081	p01-s03-c0081-v210-adaptive-g1000-sb0007	1	100	1000	10	10000	3	1	4	0.00011111	111110	111110000	0.0999990999991	0.1	0.5	0	false	true	0.04999954999955
wave2b_alpha_by_m__c0081__sb0008__g100	wave2b_alpha_by_m	alpha-by-m	factorial-treatment	true	p01-s03-c0081	c0081	sb0008	673	wave2-simulation	p01-s03-c0081	p01-s03-c0081-v210-adaptive-g1000-sb0008	1	100	1000	10	10000	3	1	4	0.00011111	111110	111110000	0.0999990999991	0.1	0.5	0	false	true	0.04999954999955
wave2b_alpha_by_m__c0081__sb0009__g100	wave2b_alpha_by_m	alpha-by-m	factorial-treatment	true	p01-s03-c0081	c0081	sb0009	674	wave2-simulation	p01-s03-c0081	p01-s03-c0081-v210-adaptive-g1000-sb0009	1	100	1000	10	10000	3	1	4	0.00011111	111110	111110000	0.0999990999991	0.1	0.5	0	false	true	0.04999954999955
wave2b_alpha_by_m__c0081__sb0010__g100	wave2b_alpha_by_m	alpha-by-m	factorial-treatment	true	p01-s03-c0081	c0081	sb0010	675	wave2-simulation	p01-s03-c0081	p01-s03-c0081-v210-adaptive-g1000-sb0010	1	100	1000	10	10000	3	1	4	0.00011111	111110	111110000	0.0999990999991	0.1	0.5	0	false	true	0.04999954999955
wave2b_alpha_by_m__c0081__sb0011__g100	wave2b_alpha_by_m	alpha-by-m	factorial-treatment	true	p01-s03-c0081	c0081	sb0011	676	wave2-simulation	p01-s03-c0081	p01-s03-c0081-v210-adaptive-g1000-sb0011	1	100	1000	10	10000	3	1	4	0.00011111	111110	111110000	0.0999990999991	0.1	0.5	0	false	true	0.04999954999955
wave2b_alpha_by_m__c0081__sb0012__g100	wave2b_alpha_by_m	alpha-by-m	factorial-treatment	true	p01-s03-c0081	c0081	sb0012	677	wave2-simulation	p01-s03-c0081	p01-s03-c0081-v210-adaptive-g1000-sb0012	1	100	1000	10	10000	3	1	4	0.00011111	111110	111110000	0.0999990999991	0.1	0.5	0	false	true	0.04999954999955
wave2b_alpha_by_m__c0082__sb0001__g100	wave2b_alpha_by_m	alpha-by-m	factorial-treatment	true	p01-s03-c0082	c0082	sb0001	666	wave2-simulation	p01-s03-c0082	p01-s03-c0082-v210-adaptive-g1000-sb0001	1	100	1000	10	10000	3	1	4	0.00011111	111110	111110000	0.0999990999991	0.1	0.9	0	false	true	0.00999990999991
wave2b_alpha_by_m__c0082__sb0002__g100	wave2b_alpha_by_m	alpha-by-m	factorial-treatment	true	p01-s03-c0082	c0082	sb0002	667	wave2-simulation	p01-s03-c0082	p01-s03-c0082-v210-adaptive-g1000-sb0002	1	100	1000	10	10000	3	1	4	0.00011111	111110	111110000	0.0999990999991	0.1	0.9	0	false	true	0.00999990999991
wave2b_alpha_by_m__c0082__sb0003__g100	wave2b_alpha_by_m	alpha-by-m	factorial-treatment	true	p01-s03-c0082	c0082	sb0003	668	wave2-simulation	p01-s03-c0082	p01-s03-c0082-v210-adaptive-g1000-sb0003	1	100	1000	10	10000	3	1	4	0.00011111	111110	111110000	0.0999990999991	0.1	0.9	0	false	true	0.00999990999991
wave2b_alpha_by_m__c0082__sb0004__g100	wave2b_alpha_by_m	alpha-by-m	factorial-treatment	true	p01-s03-c0082	c0082	sb0004	669	wave2-simulation	p01-s03-c0082	p01-s03-c0082-v210-adaptive-g1000-sb0004	1	100	1000	10	10000	3	1	4	0.00011111	111110	111110000	0.0999990999991	0.1	0.9	0	false	true	0.00999990999991
wave2b_alpha_by_m__c0082__sb0005__g100	wave2b_alpha_by_m	alpha-by-m	factorial-treatment	true	p01-s03-c0082	c0082	sb0005	670	wave2-simulation	p01-s03-c0082	p01-s03-c0082-v210-adaptive-g1000-sb0005	1	100	1000	10	10000	3	1	4	0.00011111	111110	111110000	0.0999990999991	0.1	0.9	0	false	true	0.00999990999991
wave2b_alpha_by_m__c0082__sb0006__g100	wave2b_alpha_by_m	alpha-by-m	factorial-treatment	true	p01-s03-c0082	c0082	sb0006	671	wave2-simulation	p01-s03-c0082	p01-s03-c0082-v210-adaptive-g1000-sb0006	1	100	1000	10	10000	3	1	4	0.00011111	111110	111110000	0.0999990999991	0.1	0.9	0	false	true	0.00999990999991
wave2b_alpha_by_m__c0082__sb0007__g100	wave2b_alpha_by_m	alpha-by-m	factorial-treatment	true	p01-s03-c0082	c0082	sb0007	672	wave2-simulation	p01-s03-c0082	p01-s03-c0082-v210-adaptive-g1000-sb0007	1	100	1000	10	10000	3	1	4	0.00011111	111110	111110000	0.0999990999991	0.1	0.9	0	false	true	0.00999990999991
wave2b_alpha_by_m__c0082__sb0008__g100	wave2b_alpha_by_m	alpha-by-m	factorial-treatment	true	p01-s03-c0082	c0082	sb0008	673	wave2-simulation	p01-s03-c0082	p01-s03-c0082-v210-adaptive-g1000-sb0008	1	100	1000	10	10000	3	1	4	0.00011111	111110	111110000	0.0999990999991	0.1	0.9	0	false	true	0.00999990999991
wave2b_alpha_by_m__c0082__sb0009__g100	wave2b_alpha_by_m	alpha-by-m	factorial-treatment	true	p01-s03-c0082	c0082	sb0009	674	wave2-simulation	p01-s03-c0082	p01-s03-c0082-v210-adaptive-g1000-sb0009	1	100	1000	10	10000	3	1	4	0.00011111	111110	111110000	0.0999990999991	0.1	0.9	0	false	true	0.00999990999991
wave2b_alpha_by_m__c0082__sb0010__g100	wave2b_alpha_by_m	alpha-by-m	factorial-treatment	true	p01-s03-c0082	c0082	sb0010	675	wave2-simulation	p01-s03-c0082	p01-s03-c0082-v210-adaptive-g1000-sb0010	1	100	1000	10	10000	3	1	4	0.00011111	111110	111110000	0.0999990999991	0.1	0.9	0	false	true	0.00999990999991
wave2b_alpha_by_m__c0082__sb0011__g100	wave2b_alpha_by_m	alpha-by-m	factorial-treatment	true	p01-s03-c0082	c0082	sb0011	676	wave2-simulation	p01-s03-c0082	p01-s03-c0082-v210-adaptive-g1000-sb0011	1	100	1000	10	10000	3	1	4	0.00011111	111110	111110000	0.0999990999991	0.1	0.9	0	false	true	0.00999990999991
wave2b_alpha_by_m__c0082__sb0012__g100	wave2b_alpha_by_m	alpha-by-m	factorial-treatment	true	p01-s03-c0082	c0082	sb0012	677	wave2-simulation	p01-s03-c0082	p01-s03-c0082-v210-adaptive-g1000-sb0012	1	100	1000	10	10000	3	1	4	0.00011111	111110	111110000	0.0999990999991	0.1	0.9	0	false	true	0.00999990999991
wave2b_alpha_by_m__c0083__sb0001__g100	wave2b_alpha_by_m	alpha-by-m	factorial-treatment	true	p01-s03-c0083	c0083	sb0001	666	wave2-simulation	p01-s03-c0083	p01-s03-c0083-v210-adaptive-g1000-sb0001	1	100	1000	10	10000	3	1	4	0.00011111	111110	111110000	0.0999990999991	0.1	0.99	0	false	true	0.000999990999991001
wave2b_alpha_by_m__c0083__sb0002__g100	wave2b_alpha_by_m	alpha-by-m	factorial-treatment	true	p01-s03-c0083	c0083	sb0002	667	wave2-simulation	p01-s03-c0083	p01-s03-c0083-v210-adaptive-g1000-sb0002	1	100	1000	10	10000	3	1	4	0.00011111	111110	111110000	0.0999990999991	0.1	0.99	0	false	true	0.000999990999991001
wave2b_alpha_by_m__c0083__sb0003__g100	wave2b_alpha_by_m	alpha-by-m	factorial-treatment	true	p01-s03-c0083	c0083	sb0003	668	wave2-simulation	p01-s03-c0083	p01-s03-c0083-v210-adaptive-g1000-sb0003	1	100	1000	10	10000	3	1	4	0.00011111	111110	111110000	0.0999990999991	0.1	0.99	0	false	true	0.000999990999991001
wave2b_alpha_by_m__c0083__sb0004__g100	wave2b_alpha_by_m	alpha-by-m	factorial-treatment	true	p01-s03-c0083	c0083	sb0004	669	wave2-simulation	p01-s03-c0083	p01-s03-c0083-v210-adaptive-g1000-sb0004	1	100	1000	10	10000	3	1	4	0.00011111	111110	111110000	0.0999990999991	0.1	0.99	0	false	true	0.000999990999991001
wave2b_alpha_by_m__c0083__sb0005__g100	wave2b_alpha_by_m	alpha-by-m	factorial-treatment	true	p01-s03-c0083	c0083	sb0005	670	wave2-simulation	p01-s03-c0083	p01-s03-c0083-v210-adaptive-g1000-sb0005	1	100	1000	10	10000	3	1	4	0.00011111	111110	111110000	0.0999990999991	0.1	0.99	0	false	true	0.000999990999991001
wave2b_alpha_by_m__c0083__sb0006__g100	wave2b_alpha_by_m	alpha-by-m	factorial-treatment	true	p01-s03-c0083	c0083	sb0006	671	wave2-simulation	p01-s03-c0083	p01-s03-c0083-v210-adaptive-g1000-sb0006	1	100	1000	10	10000	3	1	4	0.00011111	111110	111110000	0.0999990999991	0.1	0.99	0	false	true	0.000999990999991001
wave2b_alpha_by_m__c0083__sb0007__g100	wave2b_alpha_by_m	alpha-by-m	factorial-treatment	true	p01-s03-c0083	c0083	sb0007	672	wave2-simulation	p01-s03-c0083	p01-s03-c0083-v210-adaptive-g1000-sb0007	1	100	1000	10	10000	3	1	4	0.00011111	111110	111110000	0.0999990999991	0.1	0.99	0	false	true	0.000999990999991001
wave2b_alpha_by_m__c0083__sb0008__g100	wave2b_alpha_by_m	alpha-by-m	factorial-treatment	true	p01-s03-c0083	c0083	sb0008	673	wave2-simulation	p01-s03-c0083	p01-s03-c0083-v210-adaptive-g1000-sb0008	1	100	1000	10	10000	3	1	4	0.00011111	111110	111110000	0.0999990999991	0.1	0.99	0	false	true	0.000999990999991001
wave2b_alpha_by_m__c0083__sb0009__g100	wave2b_alpha_by_m	alpha-by-m	factorial-treatment	true	p01-s03-c0083	c0083	sb0009	674	wave2-simulation	p01-s03-c0083	p01-s03-c0083-v210-adaptive-g1000-sb0009	1	100	1000	10	10000	3	1	4	0.00011111	111110	111110000	0.0999990999991	0.1	0.99	0	false	true	0.000999990999991001
wave2b_alpha_by_m__c0083__sb0010__g100	wave2b_alpha_by_m	alpha-by-m	factorial-treatment	true	p01-s03-c0083	c0083	sb0010	675	wave2-simulation	p01-s03-c0083	p01-s03-c0083-v210-adaptive-g1000-sb0010	1	100	1000	10	10000	3	1	4	0.00011111	111110	111110000	0.0999990999991	0.1	0.99	0	false	true	0.000999990999991001
wave2b_alpha_by_m__c0083__sb0011__g100	wave2b_alpha_by_m	alpha-by-m	factorial-treatment	true	p01-s03-c0083	c0083	sb0011	676	wave2-simulation	p01-s03-c0083	p01-s03-c0083-v210-adaptive-g1000-sb0011	1	100	1000	10	10000	3	1	4	0.00011111	111110	111110000	0.0999990999991	0.1	0.99	0	false	true	0.000999990999991001
wave2b_alpha_by_m__c0083__sb0012__g100	wave2b_alpha_by_m	alpha-by-m	factorial-treatment	true	p01-s03-c0083	c0083	sb0012	677	wave2-simulation	p01-s03-c0083	p01-s03-c0083-v210-adaptive-g1000-sb0012	1	100	1000	10	10000	3	1	4	0.00011111	111110	111110000	0.0999990999991	0.1	0.99	0	false	true	0.000999990999991001
wave2b_alpha_by_m__c0084__sb0001__g100	wave2b_alpha_by_m	alpha-by-m	factorial-treatment	true	p01-s03-c0084	c0084	sb0001	666	wave2-simulation	p01-s03-c0084	p01-s03-c0084-v210-adaptive-g1000-sb0001	1	100	1000	10	10000	3	1	4	0.099	99000000	99000000000	0.99	0.99	0	0	false	true	0.99
wave2b_alpha_by_m__c0084__sb0002__g100	wave2b_alpha_by_m	alpha-by-m	factorial-treatment	true	p01-s03-c0084	c0084	sb0002	667	wave2-simulation	p01-s03-c0084	p01-s03-c0084-v210-adaptive-g1000-sb0002	1	100	1000	10	10000	3	1	4	0.099	99000000	99000000000	0.99	0.99	0	0	false	true	0.99
wave2b_alpha_by_m__c0084__sb0003__g100	wave2b_alpha_by_m	alpha-by-m	factorial-treatment	true	p01-s03-c0084	c0084	sb0003	668	wave2-simulation	p01-s03-c0084	p01-s03-c0084-v210-adaptive-g1000-sb0003	1	100	1000	10	10000	3	1	4	0.099	99000000	99000000000	0.99	0.99	0	0	false	true	0.99
wave2b_alpha_by_m__c0084__sb0004__g100	wave2b_alpha_by_m	alpha-by-m	factorial-treatment	true	p01-s03-c0084	c0084	sb0004	669	wave2-simulation	p01-s03-c0084	p01-s03-c0084-v210-adaptive-g1000-sb0004	1	100	1000	10	10000	3	1	4	0.099	99000000	99000000000	0.99	0.99	0	0	false	true	0.99
wave2b_alpha_by_m__c0084__sb0005__g100	wave2b_alpha_by_m	alpha-by-m	factorial-treatment	true	p01-s03-c0084	c0084	sb0005	670	wave2-simulation	p01-s03-c0084	p01-s03-c0084-v210-adaptive-g1000-sb0005	1	100	1000	10	10000	3	1	4	0.099	99000000	99000000000	0.99	0.99	0	0	false	true	0.99
wave2b_alpha_by_m__c0084__sb0006__g100	wave2b_alpha_by_m	alpha-by-m	factorial-treatment	true	p01-s03-c0084	c0084	sb0006	671	wave2-simulation	p01-s03-c0084	p01-s03-c0084-v210-adaptive-g1000-sb0006	1	100	1000	10	10000	3	1	4	0.099	99000000	99000000000	0.99	0.99	0	0	false	true	0.99
wave2b_alpha_by_m__c0084__sb0007__g100	wave2b_alpha_by_m	alpha-by-m	factorial-treatment	true	p01-s03-c0084	c0084	sb0007	672	wave2-simulation	p01-s03-c0084	p01-s03-c0084-v210-adaptive-g1000-sb0007	1	100	1000	10	10000	3	1	4	0.099	99000000	99000000000	0.99	0.99	0	0	false	true	0.99
wave2b_alpha_by_m__c0084__sb0008__g100	wave2b_alpha_by_m	alpha-by-m	factorial-treatment	true	p01-s03-c0084	c0084	sb0008	673	wave2-simulation	p01-s03-c0084	p01-s03-c0084-v210-adaptive-g1000-sb0008	1	100	1000	10	10000	3	1	4	0.099	99000000	99000000000	0.99	0.99	0	0	false	true	0.99
wave2b_alpha_by_m__c0084__sb0009__g100	wave2b_alpha_by_m	alpha-by-m	factorial-treatment	true	p01-s03-c0084	c0084	sb0009	674	wave2-simulation	p01-s03-c0084	p01-s03-c0084-v210-adaptive-g1000-sb0009	1	100	1000	10	10000	3	1	4	0.099	99000000	99000000000	0.99	0.99	0	0	false	true	0.99
wave2b_alpha_by_m__c0084__sb0010__g100	wave2b_alpha_by_m	alpha-by-m	factorial-treatment	true	p01-s03-c0084	c0084	sb0010	675	wave2-simulation	p01-s03-c0084	p01-s03-c0084-v210-adaptive-g1000-sb0010	1	100	1000	10	10000	3	1	4	0.099	99000000	99000000000	0.99	0.99	0	0	false	true	0.99
wave2b_alpha_by_m__c0084__sb0011__g100	wave2b_alpha_by_m	alpha-by-m	factorial-treatment	true	p01-s03-c0084	c0084	sb0011	676	wave2-simulation	p01-s03-c0084	p01-s03-c0084-v210-adaptive-g1000-sb0011	1	100	1000	10	10000	3	1	4	0.099	99000000	99000000000	0.99	0.99	0	0	false	true	0.99
wave2b_alpha_by_m__c0084__sb0012__g100	wave2b_alpha_by_m	alpha-by-m	factorial-treatment	true	p01-s03-c0084	c0084	sb0012	677	wave2-simulation	p01-s03-c0084	p01-s03-c0084-v210-adaptive-g1000-sb0012	1	100	1000	10	10000	3	1	4	0.099	99000000	99000000000	0.99	0.99	0	0	false	true	0.99
wave2b_alpha_by_m__c0085__sb0001__g100	wave2b_alpha_by_m	alpha-by-m	factorial-treatment	true	p01-s03-c0085	c0085	sb0001	666	wave2-simulation	p01-s03-c0085	p01-s03-c0085-v210-adaptive-g1000-sb0001	1	100	1000	10	10000	3	1	4	0.099	99000000	99000000000	0.99	0.99	0.001	0	false	true	0.98901
wave2b_alpha_by_m__c0085__sb0002__g100	wave2b_alpha_by_m	alpha-by-m	factorial-treatment	true	p01-s03-c0085	c0085	sb0002	667	wave2-simulation	p01-s03-c0085	p01-s03-c0085-v210-adaptive-g1000-sb0002	1	100	1000	10	10000	3	1	4	0.099	99000000	99000000000	0.99	0.99	0.001	0	false	true	0.98901
wave2b_alpha_by_m__c0085__sb0003__g100	wave2b_alpha_by_m	alpha-by-m	factorial-treatment	true	p01-s03-c0085	c0085	sb0003	668	wave2-simulation	p01-s03-c0085	p01-s03-c0085-v210-adaptive-g1000-sb0003	1	100	1000	10	10000	3	1	4	0.099	99000000	99000000000	0.99	0.99	0.001	0	false	true	0.98901
wave2b_alpha_by_m__c0085__sb0004__g100	wave2b_alpha_by_m	alpha-by-m	factorial-treatment	true	p01-s03-c0085	c0085	sb0004	669	wave2-simulation	p01-s03-c0085	p01-s03-c0085-v210-adaptive-g1000-sb0004	1	100	1000	10	10000	3	1	4	0.099	99000000	99000000000	0.99	0.99	0.001	0	false	true	0.98901
wave2b_alpha_by_m__c0085__sb0005__g100	wave2b_alpha_by_m	alpha-by-m	factorial-treatment	true	p01-s03-c0085	c0085	sb0005	670	wave2-simulation	p01-s03-c0085	p01-s03-c0085-v210-adaptive-g1000-sb0005	1	100	1000	10	10000	3	1	4	0.099	99000000	99000000000	0.99	0.99	0.001	0	false	true	0.98901
wave2b_alpha_by_m__c0085__sb0006__g100	wave2b_alpha_by_m	alpha-by-m	factorial-treatment	true	p01-s03-c0085	c0085	sb0006	671	wave2-simulation	p01-s03-c0085	p01-s03-c0085-v210-adaptive-g1000-sb0006	1	100	1000	10	10000	3	1	4	0.099	99000000	99000000000	0.99	0.99	0.001	0	false	true	0.98901
wave2b_alpha_by_m__c0085__sb0007__g100	wave2b_alpha_by_m	alpha-by-m	factorial-treatment	true	p01-s03-c0085	c0085	sb0007	672	wave2-simulation	p01-s03-c0085	p01-s03-c0085-v210-adaptive-g1000-sb0007	1	100	1000	10	10000	3	1	4	0.099	99000000	99000000000	0.99	0.99	0.001	0	false	true	0.98901
wave2b_alpha_by_m__c0085__sb0008__g100	wave2b_alpha_by_m	alpha-by-m	factorial-treatment	true	p01-s03-c0085	c0085	sb0008	673	wave2-simulation	p01-s03-c0085	p01-s03-c0085-v210-adaptive-g1000-sb0008	1	100	1000	10	10000	3	1	4	0.099	99000000	99000000000	0.99	0.99	0.001	0	false	true	0.98901
wave2b_alpha_by_m__c0085__sb0009__g100	wave2b_alpha_by_m	alpha-by-m	factorial-treatment	true	p01-s03-c0085	c0085	sb0009	674	wave2-simulation	p01-s03-c0085	p01-s03-c0085-v210-adaptive-g1000-sb0009	1	100	1000	10	10000	3	1	4	0.099	99000000	99000000000	0.99	0.99	0.001	0	false	true	0.98901
wave2b_alpha_by_m__c0085__sb0010__g100	wave2b_alpha_by_m	alpha-by-m	factorial-treatment	true	p01-s03-c0085	c0085	sb0010	675	wave2-simulation	p01-s03-c0085	p01-s03-c0085-v210-adaptive-g1000-sb0010	1	100	1000	10	10000	3	1	4	0.099	99000000	99000000000	0.99	0.99	0.001	0	false	true	0.98901
wave2b_alpha_by_m__c0085__sb0011__g100	wave2b_alpha_by_m	alpha-by-m	factorial-treatment	true	p01-s03-c0085	c0085	sb0011	676	wave2-simulation	p01-s03-c0085	p01-s03-c0085-v210-adaptive-g1000-sb0011	1	100	1000	10	10000	3	1	4	0.099	99000000	99000000000	0.99	0.99	0.001	0	false	true	0.98901
wave2b_alpha_by_m__c0085__sb0012__g100	wave2b_alpha_by_m	alpha-by-m	factorial-treatment	true	p01-s03-c0085	c0085	sb0012	677	wave2-simulation	p01-s03-c0085	p01-s03-c0085-v210-adaptive-g1000-sb0012	1	100	1000	10	10000	3	1	4	0.099	99000000	99000000000	0.99	0.99	0.001	0	false	true	0.98901
wave2b_alpha_by_m__c0086__sb0001__g100	wave2b_alpha_by_m	alpha-by-m	factorial-treatment	true	p01-s03-c0086	c0086	sb0001	666	wave2-simulation	p01-s03-c0086	p01-s03-c0086-v210-adaptive-g1000-sb0001	1	100	1000	10	10000	3	1	4	0.099	99000000	99000000000	0.99	0.99	0.01	0	false	true	0.9801
wave2b_alpha_by_m__c0086__sb0002__g100	wave2b_alpha_by_m	alpha-by-m	factorial-treatment	true	p01-s03-c0086	c0086	sb0002	667	wave2-simulation	p01-s03-c0086	p01-s03-c0086-v210-adaptive-g1000-sb0002	1	100	1000	10	10000	3	1	4	0.099	99000000	99000000000	0.99	0.99	0.01	0	false	true	0.9801
wave2b_alpha_by_m__c0086__sb0003__g100	wave2b_alpha_by_m	alpha-by-m	factorial-treatment	true	p01-s03-c0086	c0086	sb0003	668	wave2-simulation	p01-s03-c0086	p01-s03-c0086-v210-adaptive-g1000-sb0003	1	100	1000	10	10000	3	1	4	0.099	99000000	99000000000	0.99	0.99	0.01	0	false	true	0.9801
wave2b_alpha_by_m__c0086__sb0004__g100	wave2b_alpha_by_m	alpha-by-m	factorial-treatment	true	p01-s03-c0086	c0086	sb0004	669	wave2-simulation	p01-s03-c0086	p01-s03-c0086-v210-adaptive-g1000-sb0004	1	100	1000	10	10000	3	1	4	0.099	99000000	99000000000	0.99	0.99	0.01	0	false	true	0.9801
wave2b_alpha_by_m__c0086__sb0005__g100	wave2b_alpha_by_m	alpha-by-m	factorial-treatment	true	p01-s03-c0086	c0086	sb0005	670	wave2-simulation	p01-s03-c0086	p01-s03-c0086-v210-adaptive-g1000-sb0005	1	100	1000	10	10000	3	1	4	0.099	99000000	99000000000	0.99	0.99	0.01	0	false	true	0.9801
wave2b_alpha_by_m__c0086__sb0006__g100	wave2b_alpha_by_m	alpha-by-m	factorial-treatment	true	p01-s03-c0086	c0086	sb0006	671	wave2-simulation	p01-s03-c0086	p01-s03-c0086-v210-adaptive-g1000-sb0006	1	100	1000	10	10000	3	1	4	0.099	99000000	99000000000	0.99	0.99	0.01	0	false	true	0.9801
wave2b_alpha_by_m__c0086__sb0007__g100	wave2b_alpha_by_m	alpha-by-m	factorial-treatment	true	p01-s03-c0086	c0086	sb0007	672	wave2-simulation	p01-s03-c0086	p01-s03-c0086-v210-adaptive-g1000-sb0007	1	100	1000	10	10000	3	1	4	0.099	99000000	99000000000	0.99	0.99	0.01	0	false	true	0.9801
wave2b_alpha_by_m__c0086__sb0008__g100	wave2b_alpha_by_m	alpha-by-m	factorial-treatment	true	p01-s03-c0086	c0086	sb0008	673	wave2-simulation	p01-s03-c0086	p01-s03-c0086-v210-adaptive-g1000-sb0008	1	100	1000	10	10000	3	1	4	0.099	99000000	99000000000	0.99	0.99	0.01	0	false	true	0.9801
wave2b_alpha_by_m__c0086__sb0009__g100	wave2b_alpha_by_m	alpha-by-m	factorial-treatment	true	p01-s03-c0086	c0086	sb0009	674	wave2-simulation	p01-s03-c0086	p01-s03-c0086-v210-adaptive-g1000-sb0009	1	100	1000	10	10000	3	1	4	0.099	99000000	99000000000	0.99	0.99	0.01	0	false	true	0.9801
wave2b_alpha_by_m__c0086__sb0010__g100	wave2b_alpha_by_m	alpha-by-m	factorial-treatment	true	p01-s03-c0086	c0086	sb0010	675	wave2-simulation	p01-s03-c0086	p01-s03-c0086-v210-adaptive-g1000-sb0010	1	100	1000	10	10000	3	1	4	0.099	99000000	99000000000	0.99	0.99	0.01	0	false	true	0.9801
wave2b_alpha_by_m__c0086__sb0011__g100	wave2b_alpha_by_m	alpha-by-m	factorial-treatment	true	p01-s03-c0086	c0086	sb0011	676	wave2-simulation	p01-s03-c0086	p01-s03-c0086-v210-adaptive-g1000-sb0011	1	100	1000	10	10000	3	1	4	0.099	99000000	99000000000	0.99	0.99	0.01	0	false	true	0.9801
wave2b_alpha_by_m__c0086__sb0012__g100	wave2b_alpha_by_m	alpha-by-m	factorial-treatment	true	p01-s03-c0086	c0086	sb0012	677	wave2-simulation	p01-s03-c0086	p01-s03-c0086-v210-adaptive-g1000-sb0012	1	100	1000	10	10000	3	1	4	0.099	99000000	99000000000	0.99	0.99	0.01	0	false	true	0.9801
wave2b_alpha_by_m__c0087__sb0001__g100	wave2b_alpha_by_m	alpha-by-m	factorial-treatment	true	p01-s03-c0087	c0087	sb0001	666	reused-wave1-simulation	p01-s03-c0041	p01-s03-c0041-v210-m010-g100-sb0001	2	100	1000	10	10000	3	1	4	0.099	99000000	99000000000	0.99	0.99	0.1	0	false	true	0.891
wave2b_alpha_by_m__c0087__sb0002__g100	wave2b_alpha_by_m	alpha-by-m	factorial-treatment	true	p01-s03-c0087	c0087	sb0002	667	reused-wave1-simulation	p01-s03-c0041	p01-s03-c0041-v210-m010-g100-sb0002	2	100	1000	10	10000	3	1	4	0.099	99000000	99000000000	0.99	0.99	0.1	0	false	true	0.891
wave2b_alpha_by_m__c0087__sb0003__g100	wave2b_alpha_by_m	alpha-by-m	factorial-treatment	true	p01-s03-c0087	c0087	sb0003	668	reused-wave1-simulation	p01-s03-c0041	p01-s03-c0041-v210-m010-g100-sb0003	2	100	1000	10	10000	3	1	4	0.099	99000000	99000000000	0.99	0.99	0.1	0	false	true	0.891
wave2b_alpha_by_m__c0087__sb0004__g100	wave2b_alpha_by_m	alpha-by-m	factorial-treatment	true	p01-s03-c0087	c0087	sb0004	669	reused-wave1-simulation	p01-s03-c0041	p01-s03-c0041-v210-m010-g100-sb0004	2	100	1000	10	10000	3	1	4	0.099	99000000	99000000000	0.99	0.99	0.1	0	false	true	0.891
wave2b_alpha_by_m__c0087__sb0005__g100	wave2b_alpha_by_m	alpha-by-m	factorial-treatment	true	p01-s03-c0087	c0087	sb0005	670	reused-wave1-simulation	p01-s03-c0041	p01-s03-c0041-v210-m010-g100-sb0005	2	100	1000	10	10000	3	1	4	0.099	99000000	99000000000	0.99	0.99	0.1	0	false	true	0.891
wave2b_alpha_by_m__c0087__sb0006__g100	wave2b_alpha_by_m	alpha-by-m	factorial-treatment	true	p01-s03-c0087	c0087	sb0006	671	reused-wave1-simulation	p01-s03-c0041	p01-s03-c0041-v210-m010-g100-sb0006	2	100	1000	10	10000	3	1	4	0.099	99000000	99000000000	0.99	0.99	0.1	0	false	true	0.891
wave2b_alpha_by_m__c0087__sb0007__g100	wave2b_alpha_by_m	alpha-by-m	factorial-treatment	true	p01-s03-c0087	c0087	sb0007	672	reused-wave1-simulation	p01-s03-c0041	p01-s03-c0041-v210-m010-g100-sb0007	2	100	1000	10	10000	3	1	4	0.099	99000000	99000000000	0.99	0.99	0.1	0	false	true	0.891
wave2b_alpha_by_m__c0087__sb0008__g100	wave2b_alpha_by_m	alpha-by-m	factorial-treatment	true	p01-s03-c0087	c0087	sb0008	673	reused-wave1-simulation	p01-s03-c0041	p01-s03-c0041-v210-m010-g100-sb0008	2	100	1000	10	10000	3	1	4	0.099	99000000	99000000000	0.99	0.99	0.1	0	false	true	0.891
wave2b_alpha_by_m__c0087__sb0009__g100	wave2b_alpha_by_m	alpha-by-m	factorial-treatment	true	p01-s03-c0087	c0087	sb0009	674	reused-wave1-simulation	p01-s03-c0041	p01-s03-c0041-v210-m010-g100-sb0009	2	100	1000	10	10000	3	1	4	0.099	99000000	99000000000	0.99	0.99	0.1	0	false	true	0.891
wave2b_alpha_by_m__c0087__sb0010__g100	wave2b_alpha_by_m	alpha-by-m	factorial-treatment	true	p01-s03-c0087	c0087	sb0010	675	reused-wave1-simulation	p01-s03-c0041	p01-s03-c0041-v210-m010-g100-sb0010	2	100	1000	10	10000	3	1	4	0.099	99000000	99000000000	0.99	0.99	0.1	0	false	true	0.891
wave2b_alpha_by_m__c0087__sb0011__g100	wave2b_alpha_by_m	alpha-by-m	factorial-treatment	true	p01-s03-c0087	c0087	sb0011	676	reused-wave1-simulation	p01-s03-c0041	p01-s03-c0041-v210-m010-g100-sb0011	2	100	1000	10	10000	3	1	4	0.099	99000000	99000000000	0.99	0.99	0.1	0	false	true	0.891
wave2b_alpha_by_m__c0087__sb0012__g100	wave2b_alpha_by_m	alpha-by-m	factorial-treatment	true	p01-s03-c0087	c0087	sb0012	677	reused-wave1-simulation	p01-s03-c0041	p01-s03-c0041-v210-m010-g100-sb0012	2	100	1000	10	10000	3	1	4	0.099	99000000	99000000000	0.99	0.99	0.1	0	false	true	0.891
wave2b_alpha_by_m__c0088__sb0001__g100	wave2b_alpha_by_m	alpha-by-m	factorial-treatment	true	p01-s03-c0088	c0088	sb0001	666	wave2-simulation	p01-s03-c0088	p01-s03-c0088-v210-adaptive-g1000-sb0001	1	100	1000	10	10000	3	1	4	0.099	99000000	99000000000	0.99	0.99	0.5	0	false	true	0.495
wave2b_alpha_by_m__c0088__sb0002__g100	wave2b_alpha_by_m	alpha-by-m	factorial-treatment	true	p01-s03-c0088	c0088	sb0002	667	wave2-simulation	p01-s03-c0088	p01-s03-c0088-v210-adaptive-g1000-sb0002	1	100	1000	10	10000	3	1	4	0.099	99000000	99000000000	0.99	0.99	0.5	0	false	true	0.495
wave2b_alpha_by_m__c0088__sb0003__g100	wave2b_alpha_by_m	alpha-by-m	factorial-treatment	true	p01-s03-c0088	c0088	sb0003	668	wave2-simulation	p01-s03-c0088	p01-s03-c0088-v210-adaptive-g1000-sb0003	1	100	1000	10	10000	3	1	4	0.099	99000000	99000000000	0.99	0.99	0.5	0	false	true	0.495
wave2b_alpha_by_m__c0088__sb0004__g100	wave2b_alpha_by_m	alpha-by-m	factorial-treatment	true	p01-s03-c0088	c0088	sb0004	669	wave2-simulation	p01-s03-c0088	p01-s03-c0088-v210-adaptive-g1000-sb0004	1	100	1000	10	10000	3	1	4	0.099	99000000	99000000000	0.99	0.99	0.5	0	false	true	0.495
wave2b_alpha_by_m__c0088__sb0005__g100	wave2b_alpha_by_m	alpha-by-m	factorial-treatment	true	p01-s03-c0088	c0088	sb0005	670	wave2-simulation	p01-s03-c0088	p01-s03-c0088-v210-adaptive-g1000-sb0005	1	100	1000	10	10000	3	1	4	0.099	99000000	99000000000	0.99	0.99	0.5	0	false	true	0.495
wave2b_alpha_by_m__c0088__sb0006__g100	wave2b_alpha_by_m	alpha-by-m	factorial-treatment	true	p01-s03-c0088	c0088	sb0006	671	wave2-simulation	p01-s03-c0088	p01-s03-c0088-v210-adaptive-g1000-sb0006	1	100	1000	10	10000	3	1	4	0.099	99000000	99000000000	0.99	0.99	0.5	0	false	true	0.495
wave2b_alpha_by_m__c0088__sb0007__g100	wave2b_alpha_by_m	alpha-by-m	factorial-treatment	true	p01-s03-c0088	c0088	sb0007	672	wave2-simulation	p01-s03-c0088	p01-s03-c0088-v210-adaptive-g1000-sb0007	1	100	1000	10	10000	3	1	4	0.099	99000000	99000000000	0.99	0.99	0.5	0	false	true	0.495
wave2b_alpha_by_m__c0088__sb0008__g100	wave2b_alpha_by_m	alpha-by-m	factorial-treatment	true	p01-s03-c0088	c0088	sb0008	673	wave2-simulation	p01-s03-c0088	p01-s03-c0088-v210-adaptive-g1000-sb0008	1	100	1000	10	10000	3	1	4	0.099	99000000	99000000000	0.99	0.99	0.5	0	false	true	0.495
wave2b_alpha_by_m__c0088__sb0009__g100	wave2b_alpha_by_m	alpha-by-m	factorial-treatment	true	p01-s03-c0088	c0088	sb0009	674	wave2-simulation	p01-s03-c0088	p01-s03-c0088-v210-adaptive-g1000-sb0009	1	100	1000	10	10000	3	1	4	0.099	99000000	99000000000	0.99	0.99	0.5	0	false	true	0.495
wave2b_alpha_by_m__c0088__sb0010__g100	wave2b_alpha_by_m	alpha-by-m	factorial-treatment	true	p01-s03-c0088	c0088	sb0010	675	wave2-simulation	p01-s03-c0088	p01-s03-c0088-v210-adaptive-g1000-sb0010	1	100	1000	10	10000	3	1	4	0.099	99000000	99000000000	0.99	0.99	0.5	0	false	true	0.495
wave2b_alpha_by_m__c0088__sb0011__g100	wave2b_alpha_by_m	alpha-by-m	factorial-treatment	true	p01-s03-c0088	c0088	sb0011	676	wave2-simulation	p01-s03-c0088	p01-s03-c0088-v210-adaptive-g1000-sb0011	1	100	1000	10	10000	3	1	4	0.099	99000000	99000000000	0.99	0.99	0.5	0	false	true	0.495
wave2b_alpha_by_m__c0088__sb0012__g100	wave2b_alpha_by_m	alpha-by-m	factorial-treatment	true	p01-s03-c0088	c0088	sb0012	677	wave2-simulation	p01-s03-c0088	p01-s03-c0088-v210-adaptive-g1000-sb0012	1	100	1000	10	10000	3	1	4	0.099	99000000	99000000000	0.99	0.99	0.5	0	false	true	0.495
wave2b_alpha_by_m__c0089__sb0001__g100	wave2b_alpha_by_m	alpha-by-m	factorial-treatment	true	p01-s03-c0089	c0089	sb0001	666	wave2-simulation	p01-s03-c0089	p01-s03-c0089-v210-adaptive-g1000-sb0001	1	100	1000	10	10000	3	1	4	0.099	99000000	99000000000	0.99	0.99	0.9	0	false	true	0.099
wave2b_alpha_by_m__c0089__sb0002__g100	wave2b_alpha_by_m	alpha-by-m	factorial-treatment	true	p01-s03-c0089	c0089	sb0002	667	wave2-simulation	p01-s03-c0089	p01-s03-c0089-v210-adaptive-g1000-sb0002	1	100	1000	10	10000	3	1	4	0.099	99000000	99000000000	0.99	0.99	0.9	0	false	true	0.099
wave2b_alpha_by_m__c0089__sb0003__g100	wave2b_alpha_by_m	alpha-by-m	factorial-treatment	true	p01-s03-c0089	c0089	sb0003	668	wave2-simulation	p01-s03-c0089	p01-s03-c0089-v210-adaptive-g1000-sb0003	1	100	1000	10	10000	3	1	4	0.099	99000000	99000000000	0.99	0.99	0.9	0	false	true	0.099
wave2b_alpha_by_m__c0089__sb0004__g100	wave2b_alpha_by_m	alpha-by-m	factorial-treatment	true	p01-s03-c0089	c0089	sb0004	669	wave2-simulation	p01-s03-c0089	p01-s03-c0089-v210-adaptive-g1000-sb0004	1	100	1000	10	10000	3	1	4	0.099	99000000	99000000000	0.99	0.99	0.9	0	false	true	0.099
wave2b_alpha_by_m__c0089__sb0005__g100	wave2b_alpha_by_m	alpha-by-m	factorial-treatment	true	p01-s03-c0089	c0089	sb0005	670	wave2-simulation	p01-s03-c0089	p01-s03-c0089-v210-adaptive-g1000-sb0005	1	100	1000	10	10000	3	1	4	0.099	99000000	99000000000	0.99	0.99	0.9	0	false	true	0.099
wave2b_alpha_by_m__c0089__sb0006__g100	wave2b_alpha_by_m	alpha-by-m	factorial-treatment	true	p01-s03-c0089	c0089	sb0006	671	wave2-simulation	p01-s03-c0089	p01-s03-c0089-v210-adaptive-g1000-sb0006	1	100	1000	10	10000	3	1	4	0.099	99000000	99000000000	0.99	0.99	0.9	0	false	true	0.099
wave2b_alpha_by_m__c0089__sb0007__g100	wave2b_alpha_by_m	alpha-by-m	factorial-treatment	true	p01-s03-c0089	c0089	sb0007	672	wave2-simulation	p01-s03-c0089	p01-s03-c0089-v210-adaptive-g1000-sb0007	1	100	1000	10	10000	3	1	4	0.099	99000000	99000000000	0.99	0.99	0.9	0	false	true	0.099
wave2b_alpha_by_m__c0089__sb0008__g100	wave2b_alpha_by_m	alpha-by-m	factorial-treatment	true	p01-s03-c0089	c0089	sb0008	673	wave2-simulation	p01-s03-c0089	p01-s03-c0089-v210-adaptive-g1000-sb0008	1	100	1000	10	10000	3	1	4	0.099	99000000	99000000000	0.99	0.99	0.9	0	false	true	0.099
wave2b_alpha_by_m__c0089__sb0009__g100	wave2b_alpha_by_m	alpha-by-m	factorial-treatment	true	p01-s03-c0089	c0089	sb0009	674	wave2-simulation	p01-s03-c0089	p01-s03-c0089-v210-adaptive-g1000-sb0009	1	100	1000	10	10000	3	1	4	0.099	99000000	99000000000	0.99	0.99	0.9	0	false	true	0.099
wave2b_alpha_by_m__c0089__sb0010__g100	wave2b_alpha_by_m	alpha-by-m	factorial-treatment	true	p01-s03-c0089	c0089	sb0010	675	wave2-simulation	p01-s03-c0089	p01-s03-c0089-v210-adaptive-g1000-sb0010	1	100	1000	10	10000	3	1	4	0.099	99000000	99000000000	0.99	0.99	0.9	0	false	true	0.099
wave2b_alpha_by_m__c0089__sb0011__g100	wave2b_alpha_by_m	alpha-by-m	factorial-treatment	true	p01-s03-c0089	c0089	sb0011	676	wave2-simulation	p01-s03-c0089	p01-s03-c0089-v210-adaptive-g1000-sb0011	1	100	1000	10	10000	3	1	4	0.099	99000000	99000000000	0.99	0.99	0.9	0	false	true	0.099
wave2b_alpha_by_m__c0089__sb0012__g100	wave2b_alpha_by_m	alpha-by-m	factorial-treatment	true	p01-s03-c0089	c0089	sb0012	677	wave2-simulation	p01-s03-c0089	p01-s03-c0089-v210-adaptive-g1000-sb0012	1	100	1000	10	10000	3	1	4	0.099	99000000	99000000000	0.99	0.99	0.9	0	false	true	0.099
wave2b_alpha_by_m__c0090__sb0001__g100	wave2b_alpha_by_m	alpha-by-m	factorial-treatment	true	p01-s03-c0090	c0090	sb0001	666	wave2-simulation	p01-s03-c0090	p01-s03-c0090-v210-adaptive-g1000-sb0001	1	100	1000	10	10000	3	1	4	0.099	99000000	99000000000	0.99	0.99	0.99	0	false	true	0.00990000000000001
wave2b_alpha_by_m__c0090__sb0002__g100	wave2b_alpha_by_m	alpha-by-m	factorial-treatment	true	p01-s03-c0090	c0090	sb0002	667	wave2-simulation	p01-s03-c0090	p01-s03-c0090-v210-adaptive-g1000-sb0002	1	100	1000	10	10000	3	1	4	0.099	99000000	99000000000	0.99	0.99	0.99	0	false	true	0.00990000000000001
wave2b_alpha_by_m__c0090__sb0003__g100	wave2b_alpha_by_m	alpha-by-m	factorial-treatment	true	p01-s03-c0090	c0090	sb0003	668	wave2-simulation	p01-s03-c0090	p01-s03-c0090-v210-adaptive-g1000-sb0003	1	100	1000	10	10000	3	1	4	0.099	99000000	99000000000	0.99	0.99	0.99	0	false	true	0.00990000000000001
wave2b_alpha_by_m__c0090__sb0004__g100	wave2b_alpha_by_m	alpha-by-m	factorial-treatment	true	p01-s03-c0090	c0090	sb0004	669	wave2-simulation	p01-s03-c0090	p01-s03-c0090-v210-adaptive-g1000-sb0004	1	100	1000	10	10000	3	1	4	0.099	99000000	99000000000	0.99	0.99	0.99	0	false	true	0.00990000000000001
wave2b_alpha_by_m__c0090__sb0005__g100	wave2b_alpha_by_m	alpha-by-m	factorial-treatment	true	p01-s03-c0090	c0090	sb0005	670	wave2-simulation	p01-s03-c0090	p01-s03-c0090-v210-adaptive-g1000-sb0005	1	100	1000	10	10000	3	1	4	0.099	99000000	99000000000	0.99	0.99	0.99	0	false	true	0.00990000000000001
wave2b_alpha_by_m__c0090__sb0006__g100	wave2b_alpha_by_m	alpha-by-m	factorial-treatment	true	p01-s03-c0090	c0090	sb0006	671	wave2-simulation	p01-s03-c0090	p01-s03-c0090-v210-adaptive-g1000-sb0006	1	100	1000	10	10000	3	1	4	0.099	99000000	99000000000	0.99	0.99	0.99	0	false	true	0.00990000000000001
wave2b_alpha_by_m__c0090__sb0007__g100	wave2b_alpha_by_m	alpha-by-m	factorial-treatment	true	p01-s03-c0090	c0090	sb0007	672	wave2-simulation	p01-s03-c0090	p01-s03-c0090-v210-adaptive-g1000-sb0007	1	100	1000	10	10000	3	1	4	0.099	99000000	99000000000	0.99	0.99	0.99	0	false	true	0.00990000000000001
wave2b_alpha_by_m__c0090__sb0008__g100	wave2b_alpha_by_m	alpha-by-m	factorial-treatment	true	p01-s03-c0090	c0090	sb0008	673	wave2-simulation	p01-s03-c0090	p01-s03-c0090-v210-adaptive-g1000-sb0008	1	100	1000	10	10000	3	1	4	0.099	99000000	99000000000	0.99	0.99	0.99	0	false	true	0.00990000000000001
wave2b_alpha_by_m__c0090__sb0009__g100	wave2b_alpha_by_m	alpha-by-m	factorial-treatment	true	p01-s03-c0090	c0090	sb0009	674	wave2-simulation	p01-s03-c0090	p01-s03-c0090-v210-adaptive-g1000-sb0009	1	100	1000	10	10000	3	1	4	0.099	99000000	99000000000	0.99	0.99	0.99	0	false	true	0.00990000000000001
wave2b_alpha_by_m__c0090__sb0010__g100	wave2b_alpha_by_m	alpha-by-m	factorial-treatment	true	p01-s03-c0090	c0090	sb0010	675	wave2-simulation	p01-s03-c0090	p01-s03-c0090-v210-adaptive-g1000-sb0010	1	100	1000	10	10000	3	1	4	0.099	99000000	99000000000	0.99	0.99	0.99	0	false	true	0.00990000000000001
wave2b_alpha_by_m__c0090__sb0011__g100	wave2b_alpha_by_m	alpha-by-m	factorial-treatment	true	p01-s03-c0090	c0090	sb0011	676	wave2-simulation	p01-s03-c0090	p01-s03-c0090-v210-adaptive-g1000-sb0011	1	100	1000	10	10000	3	1	4	0.099	99000000	99000000000	0.99	0.99	0.99	0	false	true	0.00990000000000001
wave2b_alpha_by_m__c0090__sb0012__g100	wave2b_alpha_by_m	alpha-by-m	factorial-treatment	true	p01-s03-c0090	c0090	sb0012	677	wave2-simulation	p01-s03-c0090	p01-s03-c0090-v210-adaptive-g1000-sb0012	1	100	1000	10	10000	3	1	4	0.099	99000000	99000000000	0.99	0.99	0.99	0	false	true	0.00990000000000001
wave3_bridge__c0091__sb0001__g100	wave3_bridge	bridge-A-alpha-by-B	bridge-core-treatment	true	p01-s03-c0091	c0091	sb0001	666	wave3-simulation	p01-s03-c0091	p01-s03-c0091-v210-bridge-g100-sb0001	1	100	1000	1	1000	3	0	3	1.01e-05	10100	10100000	0.00999900999901	0.01	0.1	0	false	true	0.008999108999109
wave3_bridge__c0091__sb0002__g100	wave3_bridge	bridge-A-alpha-by-B	bridge-core-treatment	true	p01-s03-c0091	c0091	sb0002	667	wave3-simulation	p01-s03-c0091	p01-s03-c0091-v210-bridge-g100-sb0002	1	100	1000	1	1000	3	0	3	1.01e-05	10100	10100000	0.00999900999901	0.01	0.1	0	false	true	0.008999108999109
wave3_bridge__c0091__sb0003__g100	wave3_bridge	bridge-A-alpha-by-B	bridge-core-treatment	true	p01-s03-c0091	c0091	sb0003	668	wave3-simulation	p01-s03-c0091	p01-s03-c0091-v210-bridge-g100-sb0003	1	100	1000	1	1000	3	0	3	1.01e-05	10100	10100000	0.00999900999901	0.01	0.1	0	false	true	0.008999108999109
wave3_bridge__c0091__sb0004__g100	wave3_bridge	bridge-A-alpha-by-B	bridge-core-treatment	true	p01-s03-c0091	c0091	sb0004	669	wave3-simulation	p01-s03-c0091	p01-s03-c0091-v210-bridge-g100-sb0004	1	100	1000	1	1000	3	0	3	1.01e-05	10100	10100000	0.00999900999901	0.01	0.1	0	false	true	0.008999108999109
wave3_bridge__c0091__sb0005__g100	wave3_bridge	bridge-A-alpha-by-B	bridge-core-treatment	true	p01-s03-c0091	c0091	sb0005	670	wave3-simulation	p01-s03-c0091	p01-s03-c0091-v210-bridge-g100-sb0005	1	100	1000	1	1000	3	0	3	1.01e-05	10100	10100000	0.00999900999901	0.01	0.1	0	false	true	0.008999108999109
wave3_bridge__c0091__sb0006__g100	wave3_bridge	bridge-A-alpha-by-B	bridge-core-treatment	true	p01-s03-c0091	c0091	sb0006	671	wave3-simulation	p01-s03-c0091	p01-s03-c0091-v210-bridge-g100-sb0006	1	100	1000	1	1000	3	0	3	1.01e-05	10100	10100000	0.00999900999901	0.01	0.1	0	false	true	0.008999108999109
wave3_bridge__c0092__sb0001__g100	wave3_bridge	bridge-A-alpha-by-B	bridge-core-treatment	true	p01-s03-c0092	c0092	sb0001	666	wave3-simulation	p01-s03-c0092	p01-s03-c0092-v210-bridge-g100-sb0001	1	100	1000	50	50000	3	1.69897000433602	4.69897000433602	1.01e-05	10100	10100000	0.00999900999901	0.01	0.1	0	false	true	0.008999108999109
wave3_bridge__c0092__sb0002__g100	wave3_bridge	bridge-A-alpha-by-B	bridge-core-treatment	true	p01-s03-c0092	c0092	sb0002	667	wave3-simulation	p01-s03-c0092	p01-s03-c0092-v210-bridge-g100-sb0002	1	100	1000	50	50000	3	1.69897000433602	4.69897000433602	1.01e-05	10100	10100000	0.00999900999901	0.01	0.1	0	false	true	0.008999108999109
wave3_bridge__c0092__sb0003__g100	wave3_bridge	bridge-A-alpha-by-B	bridge-core-treatment	true	p01-s03-c0092	c0092	sb0003	668	wave3-simulation	p01-s03-c0092	p01-s03-c0092-v210-bridge-g100-sb0003	1	100	1000	50	50000	3	1.69897000433602	4.69897000433602	1.01e-05	10100	10100000	0.00999900999901	0.01	0.1	0	false	true	0.008999108999109
wave3_bridge__c0092__sb0004__g100	wave3_bridge	bridge-A-alpha-by-B	bridge-core-treatment	true	p01-s03-c0092	c0092	sb0004	669	wave3-simulation	p01-s03-c0092	p01-s03-c0092-v210-bridge-g100-sb0004	1	100	1000	50	50000	3	1.69897000433602	4.69897000433602	1.01e-05	10100	10100000	0.00999900999901	0.01	0.1	0	false	true	0.008999108999109
wave3_bridge__c0092__sb0005__g100	wave3_bridge	bridge-A-alpha-by-B	bridge-core-treatment	true	p01-s03-c0092	c0092	sb0005	670	wave3-simulation	p01-s03-c0092	p01-s03-c0092-v210-bridge-g100-sb0005	1	100	1000	50	50000	3	1.69897000433602	4.69897000433602	1.01e-05	10100	10100000	0.00999900999901	0.01	0.1	0	false	true	0.008999108999109
wave3_bridge__c0092__sb0006__g100	wave3_bridge	bridge-A-alpha-by-B	bridge-core-treatment	true	p01-s03-c0092	c0092	sb0006	671	wave3-simulation	p01-s03-c0092	p01-s03-c0092-v210-bridge-g100-sb0006	1	100	1000	50	50000	3	1.69897000433602	4.69897000433602	1.01e-05	10100	10100000	0.00999900999901	0.01	0.1	0	false	true	0.008999108999109
wave3_bridge__c0093__sb0001__g100	wave3_bridge	bridge-A-alpha-by-B	bridge-core-treatment	true	p01-s03-c0093	c0093	sb0001	666	wave3-simulation	p01-s03-c0093	p01-s03-c0093-v210-bridge-g100-sb0001	1	100	1000	1	1000	3	0	3	0.00011111	111110	111110000	0.0999990999991	0.1	0.1	0	false	true	0.08999918999919
wave3_bridge__c0093__sb0002__g100	wave3_bridge	bridge-A-alpha-by-B	bridge-core-treatment	true	p01-s03-c0093	c0093	sb0002	667	wave3-simulation	p01-s03-c0093	p01-s03-c0093-v210-bridge-g100-sb0002	1	100	1000	1	1000	3	0	3	0.00011111	111110	111110000	0.0999990999991	0.1	0.1	0	false	true	0.08999918999919
wave3_bridge__c0093__sb0003__g100	wave3_bridge	bridge-A-alpha-by-B	bridge-core-treatment	true	p01-s03-c0093	c0093	sb0003	668	wave3-simulation	p01-s03-c0093	p01-s03-c0093-v210-bridge-g100-sb0003	1	100	1000	1	1000	3	0	3	0.00011111	111110	111110000	0.0999990999991	0.1	0.1	0	false	true	0.08999918999919
wave3_bridge__c0093__sb0004__g100	wave3_bridge	bridge-A-alpha-by-B	bridge-core-treatment	true	p01-s03-c0093	c0093	sb0004	669	wave3-simulation	p01-s03-c0093	p01-s03-c0093-v210-bridge-g100-sb0004	1	100	1000	1	1000	3	0	3	0.00011111	111110	111110000	0.0999990999991	0.1	0.1	0	false	true	0.08999918999919
wave3_bridge__c0093__sb0005__g100	wave3_bridge	bridge-A-alpha-by-B	bridge-core-treatment	true	p01-s03-c0093	c0093	sb0005	670	wave3-simulation	p01-s03-c0093	p01-s03-c0093-v210-bridge-g100-sb0005	1	100	1000	1	1000	3	0	3	0.00011111	111110	111110000	0.0999990999991	0.1	0.1	0	false	true	0.08999918999919
wave3_bridge__c0093__sb0006__g100	wave3_bridge	bridge-A-alpha-by-B	bridge-core-treatment	true	p01-s03-c0093	c0093	sb0006	671	wave3-simulation	p01-s03-c0093	p01-s03-c0093-v210-bridge-g100-sb0006	1	100	1000	1	1000	3	0	3	0.00011111	111110	111110000	0.0999990999991	0.1	0.1	0	false	true	0.08999918999919
wave3_bridge__c0094__sb0001__g100	wave3_bridge	bridge-A-alpha-by-B	bridge-core-treatment	true	p01-s03-c0094	c0094	sb0001	666	wave3-simulation	p01-s03-c0094	p01-s03-c0094-v210-bridge-g100-sb0001	1	100	1000	50	50000	3	1.69897000433602	4.69897000433602	0.00011111	111110	111110000	0.0999990999991	0.1	0.1	0	false	true	0.08999918999919
wave3_bridge__c0094__sb0002__g100	wave3_bridge	bridge-A-alpha-by-B	bridge-core-treatment	true	p01-s03-c0094	c0094	sb0002	667	wave3-simulation	p01-s03-c0094	p01-s03-c0094-v210-bridge-g100-sb0002	1	100	1000	50	50000	3	1.69897000433602	4.69897000433602	0.00011111	111110	111110000	0.0999990999991	0.1	0.1	0	false	true	0.08999918999919
wave3_bridge__c0094__sb0003__g100	wave3_bridge	bridge-A-alpha-by-B	bridge-core-treatment	true	p01-s03-c0094	c0094	sb0003	668	wave3-simulation	p01-s03-c0094	p01-s03-c0094-v210-bridge-g100-sb0003	1	100	1000	50	50000	3	1.69897000433602	4.69897000433602	0.00011111	111110	111110000	0.0999990999991	0.1	0.1	0	false	true	0.08999918999919
wave3_bridge__c0094__sb0004__g100	wave3_bridge	bridge-A-alpha-by-B	bridge-core-treatment	true	p01-s03-c0094	c0094	sb0004	669	wave3-simulation	p01-s03-c0094	p01-s03-c0094-v210-bridge-g100-sb0004	1	100	1000	50	50000	3	1.69897000433602	4.69897000433602	0.00011111	111110	111110000	0.0999990999991	0.1	0.1	0	false	true	0.08999918999919
wave3_bridge__c0094__sb0005__g100	wave3_bridge	bridge-A-alpha-by-B	bridge-core-treatment	true	p01-s03-c0094	c0094	sb0005	670	wave3-simulation	p01-s03-c0094	p01-s03-c0094-v210-bridge-g100-sb0005	1	100	1000	50	50000	3	1.69897000433602	4.69897000433602	0.00011111	111110	111110000	0.0999990999991	0.1	0.1	0	false	true	0.08999918999919
wave3_bridge__c0094__sb0006__g100	wave3_bridge	bridge-A-alpha-by-B	bridge-core-treatment	true	p01-s03-c0094	c0094	sb0006	671	wave3-simulation	p01-s03-c0094	p01-s03-c0094-v210-bridge-g100-sb0006	1	100	1000	50	50000	3	1.69897000433602	4.69897000433602	0.00011111	111110	111110000	0.0999990999991	0.1	0.1	0	false	true	0.08999918999919
wave3_bridge__c0095__sb0001__g100	wave3_bridge	bridge-A-alpha-by-B	bridge-core-treatment	true	p01-s03-c0095	c0095	sb0001	666	wave3-simulation	p01-s03-c0095	p01-s03-c0095-v210-bridge-g100-sb0001	1	100	1000	1	1000	3	0	3	0.099	99000000	99000000000	0.99	0.99	0.1	0	false	true	0.891
wave3_bridge__c0095__sb0002__g100	wave3_bridge	bridge-A-alpha-by-B	bridge-core-treatment	true	p01-s03-c0095	c0095	sb0002	667	wave3-simulation	p01-s03-c0095	p01-s03-c0095-v210-bridge-g100-sb0002	1	100	1000	1	1000	3	0	3	0.099	99000000	99000000000	0.99	0.99	0.1	0	false	true	0.891
wave3_bridge__c0095__sb0003__g100	wave3_bridge	bridge-A-alpha-by-B	bridge-core-treatment	true	p01-s03-c0095	c0095	sb0003	668	wave3-simulation	p01-s03-c0095	p01-s03-c0095-v210-bridge-g100-sb0003	1	100	1000	1	1000	3	0	3	0.099	99000000	99000000000	0.99	0.99	0.1	0	false	true	0.891
wave3_bridge__c0095__sb0004__g100	wave3_bridge	bridge-A-alpha-by-B	bridge-core-treatment	true	p01-s03-c0095	c0095	sb0004	669	wave3-simulation	p01-s03-c0095	p01-s03-c0095-v210-bridge-g100-sb0004	1	100	1000	1	1000	3	0	3	0.099	99000000	99000000000	0.99	0.99	0.1	0	false	true	0.891
wave3_bridge__c0095__sb0005__g100	wave3_bridge	bridge-A-alpha-by-B	bridge-core-treatment	true	p01-s03-c0095	c0095	sb0005	670	wave3-simulation	p01-s03-c0095	p01-s03-c0095-v210-bridge-g100-sb0005	1	100	1000	1	1000	3	0	3	0.099	99000000	99000000000	0.99	0.99	0.1	0	false	true	0.891
wave3_bridge__c0095__sb0006__g100	wave3_bridge	bridge-A-alpha-by-B	bridge-core-treatment	true	p01-s03-c0095	c0095	sb0006	671	wave3-simulation	p01-s03-c0095	p01-s03-c0095-v210-bridge-g100-sb0006	1	100	1000	1	1000	3	0	3	0.099	99000000	99000000000	0.99	0.99	0.1	0	false	true	0.891
wave3_bridge__c0096__sb0001__g100	wave3_bridge	bridge-A-alpha-by-B	bridge-core-treatment	true	p01-s03-c0096	c0096	sb0001	666	wave3-simulation	p01-s03-c0096	p01-s03-c0096-v210-bridge-g100-sb0001	1	100	1000	50	50000	3	1.69897000433602	4.69897000433602	0.099	99000000	99000000000	0.99	0.99	0.1	0	false	true	0.891
wave3_bridge__c0096__sb0002__g100	wave3_bridge	bridge-A-alpha-by-B	bridge-core-treatment	true	p01-s03-c0096	c0096	sb0002	667	wave3-simulation	p01-s03-c0096	p01-s03-c0096-v210-bridge-g100-sb0002	1	100	1000	50	50000	3	1.69897000433602	4.69897000433602	0.099	99000000	99000000000	0.99	0.99	0.1	0	false	true	0.891
wave3_bridge__c0096__sb0003__g100	wave3_bridge	bridge-A-alpha-by-B	bridge-core-treatment	true	p01-s03-c0096	c0096	sb0003	668	wave3-simulation	p01-s03-c0096	p01-s03-c0096-v210-bridge-g100-sb0003	1	100	1000	50	50000	3	1.69897000433602	4.69897000433602	0.099	99000000	99000000000	0.99	0.99	0.1	0	false	true	0.891
wave3_bridge__c0096__sb0004__g100	wave3_bridge	bridge-A-alpha-by-B	bridge-core-treatment	true	p01-s03-c0096	c0096	sb0004	669	wave3-simulation	p01-s03-c0096	p01-s03-c0096-v210-bridge-g100-sb0004	1	100	1000	50	50000	3	1.69897000433602	4.69897000433602	0.099	99000000	99000000000	0.99	0.99	0.1	0	false	true	0.891
wave3_bridge__c0096__sb0005__g100	wave3_bridge	bridge-A-alpha-by-B	bridge-core-treatment	true	p01-s03-c0096	c0096	sb0005	670	wave3-simulation	p01-s03-c0096	p01-s03-c0096-v210-bridge-g100-sb0005	1	100	1000	50	50000	3	1.69897000433602	4.69897000433602	0.099	99000000	99000000000	0.99	0.99	0.1	0	false	true	0.891
wave3_bridge__c0096__sb0006__g100	wave3_bridge	bridge-A-alpha-by-B	bridge-core-treatment	true	p01-s03-c0096	c0096	sb0006	671	wave3-simulation	p01-s03-c0096	p01-s03-c0096-v210-bridge-g100-sb0006	1	100	1000	50	50000	3	1.69897000433602	4.69897000433602	0.099	99000000	99000000000	0.99	0.99	0.1	0	false	true	0.891
wave3_bridge__c0097__sb0001__g100	wave3_bridge	bridge-B-H-by-m	bridge-core-treatment	true	p01-s03-c0097	c0097	sb0001	666	wave3-simulation	p01-s03-c0097	p01-s03-c0097-v210-bridge-g100-sb0001	1	100	100	10	1000	2	1	3	0.0011111	1111100	111110000	0.0999990999991	0.1	0.01	0	false	true	0.098999108999109
wave3_bridge__c0097__sb0002__g100	wave3_bridge	bridge-B-H-by-m	bridge-core-treatment	true	p01-s03-c0097	c0097	sb0002	667	wave3-simulation	p01-s03-c0097	p01-s03-c0097-v210-bridge-g100-sb0002	1	100	100	10	1000	2	1	3	0.0011111	1111100	111110000	0.0999990999991	0.1	0.01	0	false	true	0.098999108999109
wave3_bridge__c0097__sb0003__g100	wave3_bridge	bridge-B-H-by-m	bridge-core-treatment	true	p01-s03-c0097	c0097	sb0003	668	wave3-simulation	p01-s03-c0097	p01-s03-c0097-v210-bridge-g100-sb0003	1	100	100	10	1000	2	1	3	0.0011111	1111100	111110000	0.0999990999991	0.1	0.01	0	false	true	0.098999108999109
wave3_bridge__c0097__sb0004__g100	wave3_bridge	bridge-B-H-by-m	bridge-core-treatment	true	p01-s03-c0097	c0097	sb0004	669	wave3-simulation	p01-s03-c0097	p01-s03-c0097-v210-bridge-g100-sb0004	1	100	100	10	1000	2	1	3	0.0011111	1111100	111110000	0.0999990999991	0.1	0.01	0	false	true	0.098999108999109
wave3_bridge__c0097__sb0005__g100	wave3_bridge	bridge-B-H-by-m	bridge-core-treatment	true	p01-s03-c0097	c0097	sb0005	670	wave3-simulation	p01-s03-c0097	p01-s03-c0097-v210-bridge-g100-sb0005	1	100	100	10	1000	2	1	3	0.0011111	1111100	111110000	0.0999990999991	0.1	0.01	0	false	true	0.098999108999109
wave3_bridge__c0097__sb0006__g100	wave3_bridge	bridge-B-H-by-m	bridge-core-treatment	true	p01-s03-c0097	c0097	sb0006	671	wave3-simulation	p01-s03-c0097	p01-s03-c0097-v210-bridge-g100-sb0006	1	100	100	10	1000	2	1	3	0.0011111	1111100	111110000	0.0999990999991	0.1	0.01	0	false	true	0.098999108999109
wave3_bridge__c0098__sb0001__g100	wave3_bridge	bridge-B-H-by-m	bridge-core-treatment	true	p01-s03-c0098	c0098	sb0001	666	wave3-simulation	p01-s03-c0098	p01-s03-c0098-v210-bridge-g100-sb0001	1	100	100	10	1000	2	1	3	0.0011111	1111100	111110000	0.0999990999991	0.1	0.9	0	false	true	0.00999990999991
wave3_bridge__c0098__sb0002__g100	wave3_bridge	bridge-B-H-by-m	bridge-core-treatment	true	p01-s03-c0098	c0098	sb0002	667	wave3-simulation	p01-s03-c0098	p01-s03-c0098-v210-bridge-g100-sb0002	1	100	100	10	1000	2	1	3	0.0011111	1111100	111110000	0.0999990999991	0.1	0.9	0	false	true	0.00999990999991
wave3_bridge__c0098__sb0003__g100	wave3_bridge	bridge-B-H-by-m	bridge-core-treatment	true	p01-s03-c0098	c0098	sb0003	668	wave3-simulation	p01-s03-c0098	p01-s03-c0098-v210-bridge-g100-sb0003	1	100	100	10	1000	2	1	3	0.0011111	1111100	111110000	0.0999990999991	0.1	0.9	0	false	true	0.00999990999991
wave3_bridge__c0098__sb0004__g100	wave3_bridge	bridge-B-H-by-m	bridge-core-treatment	true	p01-s03-c0098	c0098	sb0004	669	wave3-simulation	p01-s03-c0098	p01-s03-c0098-v210-bridge-g100-sb0004	1	100	100	10	1000	2	1	3	0.0011111	1111100	111110000	0.0999990999991	0.1	0.9	0	false	true	0.00999990999991
wave3_bridge__c0098__sb0005__g100	wave3_bridge	bridge-B-H-by-m	bridge-core-treatment	true	p01-s03-c0098	c0098	sb0005	670	wave3-simulation	p01-s03-c0098	p01-s03-c0098-v210-bridge-g100-sb0005	1	100	100	10	1000	2	1	3	0.0011111	1111100	111110000	0.0999990999991	0.1	0.9	0	false	true	0.00999990999991
wave3_bridge__c0098__sb0006__g100	wave3_bridge	bridge-B-H-by-m	bridge-core-treatment	true	p01-s03-c0098	c0098	sb0006	671	wave3-simulation	p01-s03-c0098	p01-s03-c0098-v210-bridge-g100-sb0006	1	100	100	10	1000	2	1	3	0.0011111	1111100	111110000	0.0999990999991	0.1	0.9	0	false	true	0.00999990999991
wave3_bridge__c0099__sb0001__g100	wave3_bridge	bridge-B-H-by-m	bridge-core-treatment	true	p01-s03-c0099	c0099	sb0001	666	wave3-simulation	p01-s03-c0099	p01-s03-c0099-v210-bridge-g100-sb0001	1	100	10000	10	100000	4	1	5	1.1111e-05	11111	111110000	0.0999990999991	0.1	0.01	0	false	true	0.098999108999109
wave3_bridge__c0099__sb0002__g100	wave3_bridge	bridge-B-H-by-m	bridge-core-treatment	true	p01-s03-c0099	c0099	sb0002	667	wave3-simulation	p01-s03-c0099	p01-s03-c0099-v210-bridge-g100-sb0002	1	100	10000	10	100000	4	1	5	1.1111e-05	11111	111110000	0.0999990999991	0.1	0.01	0	false	true	0.098999108999109
wave3_bridge__c0099__sb0003__g100	wave3_bridge	bridge-B-H-by-m	bridge-core-treatment	true	p01-s03-c0099	c0099	sb0003	668	wave3-simulation	p01-s03-c0099	p01-s03-c0099-v210-bridge-g100-sb0003	1	100	10000	10	100000	4	1	5	1.1111e-05	11111	111110000	0.0999990999991	0.1	0.01	0	false	true	0.098999108999109
wave3_bridge__c0099__sb0004__g100	wave3_bridge	bridge-B-H-by-m	bridge-core-treatment	true	p01-s03-c0099	c0099	sb0004	669	wave3-simulation	p01-s03-c0099	p01-s03-c0099-v210-bridge-g100-sb0004	1	100	10000	10	100000	4	1	5	1.1111e-05	11111	111110000	0.0999990999991	0.1	0.01	0	false	true	0.098999108999109
wave3_bridge__c0099__sb0005__g100	wave3_bridge	bridge-B-H-by-m	bridge-core-treatment	true	p01-s03-c0099	c0099	sb0005	670	wave3-simulation	p01-s03-c0099	p01-s03-c0099-v210-bridge-g100-sb0005	1	100	10000	10	100000	4	1	5	1.1111e-05	11111	111110000	0.0999990999991	0.1	0.01	0	false	true	0.098999108999109
wave3_bridge__c0099__sb0006__g100	wave3_bridge	bridge-B-H-by-m	bridge-core-treatment	true	p01-s03-c0099	c0099	sb0006	671	wave3-simulation	p01-s03-c0099	p01-s03-c0099-v210-bridge-g100-sb0006	1	100	10000	10	100000	4	1	5	1.1111e-05	11111	111110000	0.0999990999991	0.1	0.01	0	false	true	0.098999108999109
wave3_bridge__c0100__sb0001__g100	wave3_bridge	bridge-B-H-by-m	bridge-core-treatment	true	p01-s03-c0100	c0100	sb0001	666	wave3-simulation	p01-s03-c0100	p01-s03-c0100-v210-bridge-g100-sb0001	1	100	10000	10	100000	4	1	5	1.1111e-05	11111	111110000	0.0999990999991	0.1	0.9	0	false	true	0.00999990999991
wave3_bridge__c0100__sb0002__g100	wave3_bridge	bridge-B-H-by-m	bridge-core-treatment	true	p01-s03-c0100	c0100	sb0002	667	wave3-simulation	p01-s03-c0100	p01-s03-c0100-v210-bridge-g100-sb0002	1	100	10000	10	100000	4	1	5	1.1111e-05	11111	111110000	0.0999990999991	0.1	0.9	0	false	true	0.00999990999991
wave3_bridge__c0100__sb0003__g100	wave3_bridge	bridge-B-H-by-m	bridge-core-treatment	true	p01-s03-c0100	c0100	sb0003	668	wave3-simulation	p01-s03-c0100	p01-s03-c0100-v210-bridge-g100-sb0003	1	100	10000	10	100000	4	1	5	1.1111e-05	11111	111110000	0.0999990999991	0.1	0.9	0	false	true	0.00999990999991
wave3_bridge__c0100__sb0004__g100	wave3_bridge	bridge-B-H-by-m	bridge-core-treatment	true	p01-s03-c0100	c0100	sb0004	669	wave3-simulation	p01-s03-c0100	p01-s03-c0100-v210-bridge-g100-sb0004	1	100	10000	10	100000	4	1	5	1.1111e-05	11111	111110000	0.0999990999991	0.1	0.9	0	false	true	0.00999990999991
wave3_bridge__c0100__sb0005__g100	wave3_bridge	bridge-B-H-by-m	bridge-core-treatment	true	p01-s03-c0100	c0100	sb0005	670	wave3-simulation	p01-s03-c0100	p01-s03-c0100-v210-bridge-g100-sb0005	1	100	10000	10	100000	4	1	5	1.1111e-05	11111	111110000	0.0999990999991	0.1	0.9	0	false	true	0.00999990999991
wave3_bridge__c0100__sb0006__g100	wave3_bridge	bridge-B-H-by-m	bridge-core-treatment	true	p01-s03-c0100	c0100	sb0006	671	wave3-simulation	p01-s03-c0100	p01-s03-c0100-v210-bridge-g100-sb0006	1	100	10000	10	100000	4	1	5	1.1111e-05	11111	111110000	0.0999990999991	0.1	0.9	0	false	true	0.00999990999991
wave3_bridge__c0101__sb0001__g100	wave3_bridge	bridge-C-B-by-m	bridge-core-treatment	true	p01-s03-c0101	c0101	sb0001	666	wave3-simulation	p01-s03-c0101	p01-s03-c0101-v210-bridge-g100-sb0001	1	100	1000	1	1000	3	0	3	0.00011111	111110	111110000	0.0999990999991	0.1	0.01	0	false	true	0.098999108999109
wave3_bridge__c0101__sb0002__g100	wave3_bridge	bridge-C-B-by-m	bridge-core-treatment	true	p01-s03-c0101	c0101	sb0002	667	wave3-simulation	p01-s03-c0101	p01-s03-c0101-v210-bridge-g100-sb0002	1	100	1000	1	1000	3	0	3	0.00011111	111110	111110000	0.0999990999991	0.1	0.01	0	false	true	0.098999108999109
wave3_bridge__c0101__sb0003__g100	wave3_bridge	bridge-C-B-by-m	bridge-core-treatment	true	p01-s03-c0101	c0101	sb0003	668	wave3-simulation	p01-s03-c0101	p01-s03-c0101-v210-bridge-g100-sb0003	1	100	1000	1	1000	3	0	3	0.00011111	111110	111110000	0.0999990999991	0.1	0.01	0	false	true	0.098999108999109
wave3_bridge__c0101__sb0004__g100	wave3_bridge	bridge-C-B-by-m	bridge-core-treatment	true	p01-s03-c0101	c0101	sb0004	669	wave3-simulation	p01-s03-c0101	p01-s03-c0101-v210-bridge-g100-sb0004	1	100	1000	1	1000	3	0	3	0.00011111	111110	111110000	0.0999990999991	0.1	0.01	0	false	true	0.098999108999109
wave3_bridge__c0101__sb0005__g100	wave3_bridge	bridge-C-B-by-m	bridge-core-treatment	true	p01-s03-c0101	c0101	sb0005	670	wave3-simulation	p01-s03-c0101	p01-s03-c0101-v210-bridge-g100-sb0005	1	100	1000	1	1000	3	0	3	0.00011111	111110	111110000	0.0999990999991	0.1	0.01	0	false	true	0.098999108999109
wave3_bridge__c0101__sb0006__g100	wave3_bridge	bridge-C-B-by-m	bridge-core-treatment	true	p01-s03-c0101	c0101	sb0006	671	wave3-simulation	p01-s03-c0101	p01-s03-c0101-v210-bridge-g100-sb0006	1	100	1000	1	1000	3	0	3	0.00011111	111110	111110000	0.0999990999991	0.1	0.01	0	false	true	0.098999108999109
wave3_bridge__c0102__sb0001__g100	wave3_bridge	bridge-C-B-by-m	bridge-core-treatment	true	p01-s03-c0102	c0102	sb0001	666	wave3-simulation	p01-s03-c0102	p01-s03-c0102-v210-bridge-g100-sb0001	1	100	1000	1	1000	3	0	3	0.00011111	111110	111110000	0.0999990999991	0.1	0.9	0	false	true	0.00999990999991
wave3_bridge__c0102__sb0002__g100	wave3_bridge	bridge-C-B-by-m	bridge-core-treatment	true	p01-s03-c0102	c0102	sb0002	667	wave3-simulation	p01-s03-c0102	p01-s03-c0102-v210-bridge-g100-sb0002	1	100	1000	1	1000	3	0	3	0.00011111	111110	111110000	0.0999990999991	0.1	0.9	0	false	true	0.00999990999991
wave3_bridge__c0102__sb0003__g100	wave3_bridge	bridge-C-B-by-m	bridge-core-treatment	true	p01-s03-c0102	c0102	sb0003	668	wave3-simulation	p01-s03-c0102	p01-s03-c0102-v210-bridge-g100-sb0003	1	100	1000	1	1000	3	0	3	0.00011111	111110	111110000	0.0999990999991	0.1	0.9	0	false	true	0.00999990999991
wave3_bridge__c0102__sb0004__g100	wave3_bridge	bridge-C-B-by-m	bridge-core-treatment	true	p01-s03-c0102	c0102	sb0004	669	wave3-simulation	p01-s03-c0102	p01-s03-c0102-v210-bridge-g100-sb0004	1	100	1000	1	1000	3	0	3	0.00011111	111110	111110000	0.0999990999991	0.1	0.9	0	false	true	0.00999990999991
wave3_bridge__c0102__sb0005__g100	wave3_bridge	bridge-C-B-by-m	bridge-core-treatment	true	p01-s03-c0102	c0102	sb0005	670	wave3-simulation	p01-s03-c0102	p01-s03-c0102-v210-bridge-g100-sb0005	1	100	1000	1	1000	3	0	3	0.00011111	111110	111110000	0.0999990999991	0.1	0.9	0	false	true	0.00999990999991
wave3_bridge__c0102__sb0006__g100	wave3_bridge	bridge-C-B-by-m	bridge-core-treatment	true	p01-s03-c0102	c0102	sb0006	671	wave3-simulation	p01-s03-c0102	p01-s03-c0102-v210-bridge-g100-sb0006	1	100	1000	1	1000	3	0	3	0.00011111	111110	111110000	0.0999990999991	0.1	0.9	0	false	true	0.00999990999991
wave3_bridge__c0103__sb0001__g100	wave3_bridge	bridge-C-B-by-m	bridge-core-treatment	true	p01-s03-c0103	c0103	sb0001	666	wave3-simulation	p01-s03-c0103	p01-s03-c0103-v210-bridge-g100-sb0001	1	100	1000	50	50000	3	1.69897000433602	4.69897000433602	0.00011111	111110	111110000	0.0999990999991	0.1	0.01	0	false	true	0.098999108999109
wave3_bridge__c0103__sb0002__g100	wave3_bridge	bridge-C-B-by-m	bridge-core-treatment	true	p01-s03-c0103	c0103	sb0002	667	wave3-simulation	p01-s03-c0103	p01-s03-c0103-v210-bridge-g100-sb0002	1	100	1000	50	50000	3	1.69897000433602	4.69897000433602	0.00011111	111110	111110000	0.0999990999991	0.1	0.01	0	false	true	0.098999108999109
wave3_bridge__c0103__sb0003__g100	wave3_bridge	bridge-C-B-by-m	bridge-core-treatment	true	p01-s03-c0103	c0103	sb0003	668	wave3-simulation	p01-s03-c0103	p01-s03-c0103-v210-bridge-g100-sb0003	1	100	1000	50	50000	3	1.69897000433602	4.69897000433602	0.00011111	111110	111110000	0.0999990999991	0.1	0.01	0	false	true	0.098999108999109
wave3_bridge__c0103__sb0004__g100	wave3_bridge	bridge-C-B-by-m	bridge-core-treatment	true	p01-s03-c0103	c0103	sb0004	669	wave3-simulation	p01-s03-c0103	p01-s03-c0103-v210-bridge-g100-sb0004	1	100	1000	50	50000	3	1.69897000433602	4.69897000433602	0.00011111	111110	111110000	0.0999990999991	0.1	0.01	0	false	true	0.098999108999109
wave3_bridge__c0103__sb0005__g100	wave3_bridge	bridge-C-B-by-m	bridge-core-treatment	true	p01-s03-c0103	c0103	sb0005	670	wave3-simulation	p01-s03-c0103	p01-s03-c0103-v210-bridge-g100-sb0005	1	100	1000	50	50000	3	1.69897000433602	4.69897000433602	0.00011111	111110	111110000	0.0999990999991	0.1	0.01	0	false	true	0.098999108999109
wave3_bridge__c0103__sb0006__g100	wave3_bridge	bridge-C-B-by-m	bridge-core-treatment	true	p01-s03-c0103	c0103	sb0006	671	wave3-simulation	p01-s03-c0103	p01-s03-c0103-v210-bridge-g100-sb0006	1	100	1000	50	50000	3	1.69897000433602	4.69897000433602	0.00011111	111110	111110000	0.0999990999991	0.1	0.01	0	false	true	0.098999108999109
wave3_bridge__c0104__sb0001__g100	wave3_bridge	bridge-C-B-by-m	bridge-core-treatment	true	p01-s03-c0104	c0104	sb0001	666	wave3-simulation	p01-s03-c0104	p01-s03-c0104-v210-bridge-g100-sb0001	1	100	1000	50	50000	3	1.69897000433602	4.69897000433602	0.00011111	111110	111110000	0.0999990999991	0.1	0.9	0	false	true	0.00999990999991
wave3_bridge__c0104__sb0002__g100	wave3_bridge	bridge-C-B-by-m	bridge-core-treatment	true	p01-s03-c0104	c0104	sb0002	667	wave3-simulation	p01-s03-c0104	p01-s03-c0104-v210-bridge-g100-sb0002	1	100	1000	50	50000	3	1.69897000433602	4.69897000433602	0.00011111	111110	111110000	0.0999990999991	0.1	0.9	0	false	true	0.00999990999991
wave3_bridge__c0104__sb0003__g100	wave3_bridge	bridge-C-B-by-m	bridge-core-treatment	true	p01-s03-c0104	c0104	sb0003	668	wave3-simulation	p01-s03-c0104	p01-s03-c0104-v210-bridge-g100-sb0003	1	100	1000	50	50000	3	1.69897000433602	4.69897000433602	0.00011111	111110	111110000	0.0999990999991	0.1	0.9	0	false	true	0.00999990999991
wave3_bridge__c0104__sb0004__g100	wave3_bridge	bridge-C-B-by-m	bridge-core-treatment	true	p01-s03-c0104	c0104	sb0004	669	wave3-simulation	p01-s03-c0104	p01-s03-c0104-v210-bridge-g100-sb0004	1	100	1000	50	50000	3	1.69897000433602	4.69897000433602	0.00011111	111110	111110000	0.0999990999991	0.1	0.9	0	false	true	0.00999990999991
wave3_bridge__c0104__sb0005__g100	wave3_bridge	bridge-C-B-by-m	bridge-core-treatment	true	p01-s03-c0104	c0104	sb0005	670	wave3-simulation	p01-s03-c0104	p01-s03-c0104-v210-bridge-g100-sb0005	1	100	1000	50	50000	3	1.69897000433602	4.69897000433602	0.00011111	111110	111110000	0.0999990999991	0.1	0.9	0	false	true	0.00999990999991
wave3_bridge__c0104__sb0006__g100	wave3_bridge	bridge-C-B-by-m	bridge-core-treatment	true	p01-s03-c0104	c0104	sb0006	671	wave3-simulation	p01-s03-c0104	p01-s03-c0104-v210-bridge-g100-sb0006	1	100	1000	50	50000	3	1.69897000433602	4.69897000433602	0.00011111	111110	111110000	0.0999990999991	0.1	0.9	0	false	true	0.00999990999991
wave3_bridge__c0105__sb0001__g100	wave3_bridge	bridge-D-HB-by-alpha	bridge-extension-treatment	true	p01-s03-c0105	c0105	sb0001	666	wave3-simulation	p01-s03-c0105	p01-s03-c0105-v210-bridge-g100-sb0001	1	100	10000	1	10000	4	0	4	1.01e-06	1010	10100000	0.00999900999901	0.01	0.1	0	false	true	0.008999108999109
wave3_bridge__c0105__sb0002__g100	wave3_bridge	bridge-D-HB-by-alpha	bridge-extension-treatment	true	p01-s03-c0105	c0105	sb0002	667	wave3-simulation	p01-s03-c0105	p01-s03-c0105-v210-bridge-g100-sb0002	1	100	10000	1	10000	4	0	4	1.01e-06	1010	10100000	0.00999900999901	0.01	0.1	0	false	true	0.008999108999109
wave3_bridge__c0105__sb0003__g100	wave3_bridge	bridge-D-HB-by-alpha	bridge-extension-treatment	true	p01-s03-c0105	c0105	sb0003	668	wave3-simulation	p01-s03-c0105	p01-s03-c0105-v210-bridge-g100-sb0003	1	100	10000	1	10000	4	0	4	1.01e-06	1010	10100000	0.00999900999901	0.01	0.1	0	false	true	0.008999108999109
wave3_bridge__c0105__sb0004__g100	wave3_bridge	bridge-D-HB-by-alpha	bridge-extension-treatment	true	p01-s03-c0105	c0105	sb0004	669	wave3-simulation	p01-s03-c0105	p01-s03-c0105-v210-bridge-g100-sb0004	1	100	10000	1	10000	4	0	4	1.01e-06	1010	10100000	0.00999900999901	0.01	0.1	0	false	true	0.008999108999109
wave3_bridge__c0105__sb0005__g100	wave3_bridge	bridge-D-HB-by-alpha	bridge-extension-treatment	true	p01-s03-c0105	c0105	sb0005	670	wave3-simulation	p01-s03-c0105	p01-s03-c0105-v210-bridge-g100-sb0005	1	100	10000	1	10000	4	0	4	1.01e-06	1010	10100000	0.00999900999901	0.01	0.1	0	false	true	0.008999108999109
wave3_bridge__c0105__sb0006__g100	wave3_bridge	bridge-D-HB-by-alpha	bridge-extension-treatment	true	p01-s03-c0105	c0105	sb0006	671	wave3-simulation	p01-s03-c0105	p01-s03-c0105-v210-bridge-g100-sb0006	1	100	10000	1	10000	4	0	4	1.01e-06	1010	10100000	0.00999900999901	0.01	0.1	0	false	true	0.008999108999109
wave3_bridge__c0106__sb0001__g100	wave3_bridge	bridge-D-HB-by-alpha	bridge-extension-treatment	true	p01-s03-c0106	c0106	sb0001	666	wave3-simulation	p01-s03-c0106	p01-s03-c0106-v210-bridge-g100-sb0001	1	100	10000	1	10000	4	0	4	0.0099	9900000	99000000000	0.99	0.99	0.1	0	false	true	0.891
wave3_bridge__c0106__sb0002__g100	wave3_bridge	bridge-D-HB-by-alpha	bridge-extension-treatment	true	p01-s03-c0106	c0106	sb0002	667	wave3-simulation	p01-s03-c0106	p01-s03-c0106-v210-bridge-g100-sb0002	1	100	10000	1	10000	4	0	4	0.0099	9900000	99000000000	0.99	0.99	0.1	0	false	true	0.891
wave3_bridge__c0106__sb0003__g100	wave3_bridge	bridge-D-HB-by-alpha	bridge-extension-treatment	true	p01-s03-c0106	c0106	sb0003	668	wave3-simulation	p01-s03-c0106	p01-s03-c0106-v210-bridge-g100-sb0003	1	100	10000	1	10000	4	0	4	0.0099	9900000	99000000000	0.99	0.99	0.1	0	false	true	0.891
wave3_bridge__c0106__sb0004__g100	wave3_bridge	bridge-D-HB-by-alpha	bridge-extension-treatment	true	p01-s03-c0106	c0106	sb0004	669	wave3-simulation	p01-s03-c0106	p01-s03-c0106-v210-bridge-g100-sb0004	1	100	10000	1	10000	4	0	4	0.0099	9900000	99000000000	0.99	0.99	0.1	0	false	true	0.891
wave3_bridge__c0106__sb0005__g100	wave3_bridge	bridge-D-HB-by-alpha	bridge-extension-treatment	true	p01-s03-c0106	c0106	sb0005	670	wave3-simulation	p01-s03-c0106	p01-s03-c0106-v210-bridge-g100-sb0005	1	100	10000	1	10000	4	0	4	0.0099	9900000	99000000000	0.99	0.99	0.1	0	false	true	0.891
wave3_bridge__c0106__sb0006__g100	wave3_bridge	bridge-D-HB-by-alpha	bridge-extension-treatment	true	p01-s03-c0106	c0106	sb0006	671	wave3-simulation	p01-s03-c0106	p01-s03-c0106-v210-bridge-g100-sb0006	1	100	10000	1	10000	4	0	4	0.0099	9900000	99000000000	0.99	0.99	0.1	0	false	true	0.891
