experiment_id	run_id	cell_id	cell	variant_id	pilot_tier	seed_block_id	master_seed	within_run_replicate_index	config_path	config_sha256	scratch_relative_path	status
phase1-stage3-wave1-v210-m010-g100	p01-s03-c0027-v210-m010-g100-sb0001	p01-s03-c0027	c0027	v210-m010-g100	stage3-wave1	sb0001	666	0	p01-neutral-feedback/configs/s03-parameter-map-wave1-v210-m010-g100/runs/p01-s03-c0027-v210-m010-g100-sb0001.toml	1c705c3baf797f72c605b50f9051dd354ea1201f234d786fa9f692e1476ded3e	p01-neutral-feedback/s03-parameter-map-wave1-v210-m010-g100/p01-s03-c0027/sb0001	prepared
phase1-stage3-wave1-v210-m010-g100	p01-s03-c0027-v210-m010-g100-sb0002	p01-s03-c0027	c0027	v210-m010-g100	stage3-wave1	sb0002	667	0	p01-neutral-feedback/configs/s03-parameter-map-wave1-v210-m010-g100/runs/p01-s03-c0027-v210-m010-g100-sb0002.toml	d30311766cf347aac9cd63251095e766f57b866358872602463305aadd328d88	p01-neutral-feedback/s03-parameter-map-wave1-v210-m010-g100/p01-s03-c0027/sb0002	prepared
phase1-stage3-wave1-v210-m010-g100	p01-s03-c0027-v210-m010-g100-sb0003	p01-s03-c0027	c0027	v210-m010-g100	stage3-wave1	sb0003	668	0	p01-neutral-feedback/configs/s03-parameter-map-wave1-v210-m010-g100/runs/p01-s03-c0027-v210-m010-g100-sb0003.toml	133a84bf32a1b22f42b4ed62a9ab5ebff5cca774216be7b0857612f4a958a8aa	p01-neutral-feedback/s03-parameter-map-wave1-v210-m010-g100/p01-s03-c0027/sb0003	prepared
phase1-stage3-wave1-v210-m010-g100	p01-s03-c0027-v210-m010-g100-sb0004	p01-s03-c0027	c0027	v210-m010-g100	stage3-wave1	sb0004	669	0	p01-neutral-feedback/configs/s03-parameter-map-wave1-v210-m010-g100/runs/p01-s03-c0027-v210-m010-g100-sb0004.toml	e6ba7a21595c19a581b9d353edd1bf9800106fb73cdc10f980a91bfb9264beae	p01-neutral-feedback/s03-parameter-map-wave1-v210-m010-g100/p01-s03-c0027/sb0004	prepared
phase1-stage3-wave1-v210-m010-g100	p01-s03-c0027-v210-m010-g100-sb0005	p01-s03-c0027	c0027	v210-m010-g100	stage3-wave1	sb0005	670	0	p01-neutral-feedback/configs/s03-parameter-map-wave1-v210-m010-g100/runs/p01-s03-c0027-v210-m010-g100-sb0005.toml	1fbf7ef1b2208cf73924e1c90cc0df2aaa110e44166a5bb4c9550f2fd4ab5b38	p01-neutral-feedback/s03-parameter-map-wave1-v210-m010-g100/p01-s03-c0027/sb0005	prepared
phase1-stage3-wave1-v210-m010-g100	p01-s03-c0027-v210-m010-g100-sb0006	p01-s03-c0027	c0027	v210-m010-g100	stage3-wave1	sb0006	671	0	p01-neutral-feedback/configs/s03-parameter-map-wave1-v210-m010-g100/runs/p01-s03-c0027-v210-m010-g100-sb0006.toml	c9913b6222e6b32d25dbe888d237ed8c5e632399254bf329735dadd5f4b05d36	p01-neutral-feedback/s03-parameter-map-wave1-v210-m010-g100/p01-s03-c0027/sb0006	prepared
phase1-stage3-wave1-v210-m010-g100	p01-s03-c0027-v210-m010-g100-sb0007	p01-s03-c0027	c0027	v210-m010-g100	stage3-wave1	sb0007	672	0	p01-neutral-feedback/configs/s03-parameter-map-wave1-v210-m010-g100/runs/p01-s03-c0027-v210-m010-g100-sb0007.toml	755e8e041a682f08f88bd881feb737c51275d876ae5e8662bbe497216b20d32e	p01-neutral-feedback/s03-parameter-map-wave1-v210-m010-g100/p01-s03-c0027/sb0007	prepared
phase1-stage3-wave1-v210-m010-g100	p01-s03-c0027-v210-m010-g100-sb0008	p01-s03-c0027	c0027	v210-m010-g100	stage3-wave1	sb0008	673	0	p01-neutral-feedback/configs/s03-parameter-map-wave1-v210-m010-g100/runs/p01-s03-c0027-v210-m010-g100-sb0008.toml	553c4eb9fce1fd945f89f32bf4599f14bc629fcd39172d2c158f7f6899b239f9	p01-neutral-feedback/s03-parameter-map-wave1-v210-m010-g100/p01-s03-c0027/sb0008	prepared
phase1-stage3-wave1-v210-m010-g100	p01-s03-c0027-v210-m010-g100-sb0009	p01-s03-c0027	c0027	v210-m010-g100	stage3-wave1	sb0009	674	0	p01-neutral-feedback/configs/s03-parameter-map-wave1-v210-m010-g100/runs/p01-s03-c0027-v210-m010-g100-sb0009.toml	a4762bec3430d2401eba9c2cba1af2e944e00de8b6d1e128552eab1b2f993c0a	p01-neutral-feedback/s03-parameter-map-wave1-v210-m010-g100/p01-s03-c0027/sb0009	prepared
phase1-stage3-wave1-v210-m010-g100	p01-s03-c0027-v210-m010-g100-sb0010	p01-s03-c0027	c0027	v210-m010-g100	stage3-wave1	sb0010	675	0	p01-neutral-feedback/configs/s03-parameter-map-wave1-v210-m010-g100/runs/p01-s03-c0027-v210-m010-g100-sb0010.toml	b783ab41fecc3873f02070d702839266f533d86883927357deab9271dd806c07	p01-neutral-feedback/s03-parameter-map-wave1-v210-m010-g100/p01-s03-c0027/sb0010	prepared
phase1-stage3-wave1-v210-m010-g100	p01-s03-c0027-v210-m010-g100-sb0011	p01-s03-c0027	c0027	v210-m010-g100	stage3-wave1	sb0011	676	0	p01-neutral-feedback/configs/s03-parameter-map-wave1-v210-m010-g100/runs/p01-s03-c0027-v210-m010-g100-sb0011.toml	dbe4def9b1cd8772f730779d589926ccab2a5e1fc68c340efdca5c9fba01acdd	p01-neutral-feedback/s03-parameter-map-wave1-v210-m010-g100/p01-s03-c0027/sb0011	prepared
phase1-stage3-wave1-v210-m010-g100	p01-s03-c0027-v210-m010-g100-sb0012	p01-s03-c0027	c0027	v210-m010-g100	stage3-wave1	sb0012	677	0	p01-neutral-feedback/configs/s03-parameter-map-wave1-v210-m010-g100/runs/p01-s03-c0027-v210-m010-g100-sb0012.toml	ed7077f8562cde0be59b0fe5a8fd592e5cd772648c4e19b93fd721728efdf4ca	p01-neutral-feedback/s03-parameter-map-wave1-v210-m010-g100/p01-s03-c0027/sb0012	prepared
phase1-stage3-wave1-v210-m010-g100	p01-s03-c0028-v210-m010-g100-sb0001	p01-s03-c0028	c0028	v210-m010-g100	stage3-wave1	sb0001	666	0	p01-neutral-feedback/configs/s03-parameter-map-wave1-v210-m010-g100/runs/p01-s03-c0028-v210-m010-g100-sb0001.toml	4d7efb48f00d2ebb059028b4b09d6a935d59fb3a1026ada50d43e2c0e74c79a4	p01-neutral-feedback/s03-parameter-map-wave1-v210-m010-g100/p01-s03-c0028/sb0001	prepared
phase1-stage3-wave1-v210-m010-g100	p01-s03-c0028-v210-m010-g100-sb0002	p01-s03-c0028	c0028	v210-m010-g100	stage3-wave1	sb0002	667	0	p01-neutral-feedback/configs/s03-parameter-map-wave1-v210-m010-g100/runs/p01-s03-c0028-v210-m010-g100-sb0002.toml	30914fcbce5e49cc68a6f3515bccb20f188cd1cc3821093a1f94a6276379ae6f	p01-neutral-feedback/s03-parameter-map-wave1-v210-m010-g100/p01-s03-c0028/sb0002	prepared
phase1-stage3-wave1-v210-m010-g100	p01-s03-c0028-v210-m010-g100-sb0003	p01-s03-c0028	c0028	v210-m010-g100	stage3-wave1	sb0003	668	0	p01-neutral-feedback/configs/s03-parameter-map-wave1-v210-m010-g100/runs/p01-s03-c0028-v210-m010-g100-sb0003.toml	512924f5b7a82b4988303dca914f556285d2c25d685fc6af2c76e8fbf9f02630	p01-neutral-feedback/s03-parameter-map-wave1-v210-m010-g100/p01-s03-c0028/sb0003	prepared
phase1-stage3-wave1-v210-m010-g100	p01-s03-c0028-v210-m010-g100-sb0004	p01-s03-c0028	c0028	v210-m010-g100	stage3-wave1	sb0004	669	0	p01-neutral-feedback/configs/s03-parameter-map-wave1-v210-m010-g100/runs/p01-s03-c0028-v210-m010-g100-sb0004.toml	f2cba00f620863876eec5dad6b314371615ecda5f9552f5531ff422019b534b8	p01-neutral-feedback/s03-parameter-map-wave1-v210-m010-g100/p01-s03-c0028/sb0004	prepared
phase1-stage3-wave1-v210-m010-g100	p01-s03-c0028-v210-m010-g100-sb0005	p01-s03-c0028	c0028	v210-m010-g100	stage3-wave1	sb0005	670	0	p01-neutral-feedback/configs/s03-parameter-map-wave1-v210-m010-g100/runs/p01-s03-c0028-v210-m010-g100-sb0005.toml	c0ac4a0e7585b1a03ae2f2329f61623dd64ec473fe1bbaa89a754deea28a0347	p01-neutral-feedback/s03-parameter-map-wave1-v210-m010-g100/p01-s03-c0028/sb0005	prepared
phase1-stage3-wave1-v210-m010-g100	p01-s03-c0028-v210-m010-g100-sb0006	p01-s03-c0028	c0028	v210-m010-g100	stage3-wave1	sb0006	671	0	p01-neutral-feedback/configs/s03-parameter-map-wave1-v210-m010-g100/runs/p01-s03-c0028-v210-m010-g100-sb0006.toml	58e3cdd2ffcc263cda57923929b1fa51eaedf0a47100507b87fd22f77c06218e	p01-neutral-feedback/s03-parameter-map-wave1-v210-m010-g100/p01-s03-c0028/sb0006	prepared
phase1-stage3-wave1-v210-m010-g100	p01-s03-c0028-v210-m010-g100-sb0007	p01-s03-c0028	c0028	v210-m010-g100	stage3-wave1	sb0007	672	0	p01-neutral-feedback/configs/s03-parameter-map-wave1-v210-m010-g100/runs/p01-s03-c0028-v210-m010-g100-sb0007.toml	3390f6cf8db39fa65629bbf4159182ce193b2410c948f5556b9f68258413b21f	p01-neutral-feedback/s03-parameter-map-wave1-v210-m010-g100/p01-s03-c0028/sb0007	prepared
phase1-stage3-wave1-v210-m010-g100	p01-s03-c0028-v210-m010-g100-sb0008	p01-s03-c0028	c0028	v210-m010-g100	stage3-wave1	sb0008	673	0	p01-neutral-feedback/configs/s03-parameter-map-wave1-v210-m010-g100/runs/p01-s03-c0028-v210-m010-g100-sb0008.toml	61848041a88906e4c21db2d6ef7e751e8daaab9f693ceffe5392d78eeb78acc6	p01-neutral-feedback/s03-parameter-map-wave1-v210-m010-g100/p01-s03-c0028/sb0008	prepared
phase1-stage3-wave1-v210-m010-g100	p01-s03-c0028-v210-m010-g100-sb0009	p01-s03-c0028	c0028	v210-m010-g100	stage3-wave1	sb0009	674	0	p01-neutral-feedback/configs/s03-parameter-map-wave1-v210-m010-g100/runs/p01-s03-c0028-v210-m010-g100-sb0009.toml	fcbcfcec9668a9a96dcc299fd3395fc390c3e5e1b9cc56e714bd947bdd547691	p01-neutral-feedback/s03-parameter-map-wave1-v210-m010-g100/p01-s03-c0028/sb0009	prepared
phase1-stage3-wave1-v210-m010-g100	p01-s03-c0028-v210-m010-g100-sb0010	p01-s03-c0028	c0028	v210-m010-g100	stage3-wave1	sb0010	675	0	p01-neutral-feedback/configs/s03-parameter-map-wave1-v210-m010-g100/runs/p01-s03-c0028-v210-m010-g100-sb0010.toml	7cf1c98caa31853b43405e4dd5cd9b855fceab0c7116913bb6473fc5532a3b7e	p01-neutral-feedback/s03-parameter-map-wave1-v210-m010-g100/p01-s03-c0028/sb0010	prepared
phase1-stage3-wave1-v210-m010-g100	p01-s03-c0028-v210-m010-g100-sb0011	p01-s03-c0028	c0028	v210-m010-g100	stage3-wave1	sb0011	676	0	p01-neutral-feedback/configs/s03-parameter-map-wave1-v210-m010-g100/runs/p01-s03-c0028-v210-m010-g100-sb0011.toml	9a50037a950b06fd557f6c156af2b2cb16b6b6e64fccd292f47e022645aeaa2f	p01-neutral-feedback/s03-parameter-map-wave1-v210-m010-g100/p01-s03-c0028/sb0011	prepared
phase1-stage3-wave1-v210-m010-g100	p01-s03-c0028-v210-m010-g100-sb0012	p01-s03-c0028	c0028	v210-m010-g100	stage3-wave1	sb0012	677	0	p01-neutral-feedback/configs/s03-parameter-map-wave1-v210-m010-g100/runs/p01-s03-c0028-v210-m010-g100-sb0012.toml	6d1f3b69ee5455355bd7f6ebf5fb7355958cacfb7bdd89cd0b04db62f385a9d2	p01-neutral-feedback/s03-parameter-map-wave1-v210-m010-g100/p01-s03-c0028/sb0012	prepared
phase1-stage3-wave1-v210-m010-g100	p01-s03-c0029-v210-m010-g100-sb0001	p01-s03-c0029	c0029	v210-m010-g100	stage3-wave1	sb0001	666	0	p01-neutral-feedback/configs/s03-parameter-map-wave1-v210-m010-g100/runs/p01-s03-c0029-v210-m010-g100-sb0001.toml	8206f17638913efbca62b3937d8259fc4ac5ecac7998b8050cfbd1f956a22bfc	p01-neutral-feedback/s03-parameter-map-wave1-v210-m010-g100/p01-s03-c0029/sb0001	prepared
phase1-stage3-wave1-v210-m010-g100	p01-s03-c0029-v210-m010-g100-sb0002	p01-s03-c0029	c0029	v210-m010-g100	stage3-wave1	sb0002	667	0	p01-neutral-feedback/configs/s03-parameter-map-wave1-v210-m010-g100/runs/p01-s03-c0029-v210-m010-g100-sb0002.toml	9fa3efc443ef1f797bc341bb1d92e382608369d117b40baabe2edd75df11c711	p01-neutral-feedback/s03-parameter-map-wave1-v210-m010-g100/p01-s03-c0029/sb0002	prepared
phase1-stage3-wave1-v210-m010-g100	p01-s03-c0029-v210-m010-g100-sb0003	p01-s03-c0029	c0029	v210-m010-g100	stage3-wave1	sb0003	668	0	p01-neutral-feedback/configs/s03-parameter-map-wave1-v210-m010-g100/runs/p01-s03-c0029-v210-m010-g100-sb0003.toml	600e75cc6fc5476787f17226595a71b1777c5969f8efc04b60ace526e91a9e8e	p01-neutral-feedback/s03-parameter-map-wave1-v210-m010-g100/p01-s03-c0029/sb0003	prepared
phase1-stage3-wave1-v210-m010-g100	p01-s03-c0029-v210-m010-g100-sb0004	p01-s03-c0029	c0029	v210-m010-g100	stage3-wave1	sb0004	669	0	p01-neutral-feedback/configs/s03-parameter-map-wave1-v210-m010-g100/runs/p01-s03-c0029-v210-m010-g100-sb0004.toml	8ee8a9cc2cb39cea9277bf2fba639666f9e0ac230ad2d7c0f033c728b96fd9dd	p01-neutral-feedback/s03-parameter-map-wave1-v210-m010-g100/p01-s03-c0029/sb0004	prepared
phase1-stage3-wave1-v210-m010-g100	p01-s03-c0029-v210-m010-g100-sb0005	p01-s03-c0029	c0029	v210-m010-g100	stage3-wave1	sb0005	670	0	p01-neutral-feedback/configs/s03-parameter-map-wave1-v210-m010-g100/runs/p01-s03-c0029-v210-m010-g100-sb0005.toml	3291aa5b97f28aa9d6532eacaf5580c1489739d75296d4e35516aac4f49ea104	p01-neutral-feedback/s03-parameter-map-wave1-v210-m010-g100/p01-s03-c0029/sb0005	prepared
phase1-stage3-wave1-v210-m010-g100	p01-s03-c0029-v210-m010-g100-sb0006	p01-s03-c0029	c0029	v210-m010-g100	stage3-wave1	sb0006	671	0	p01-neutral-feedback/configs/s03-parameter-map-wave1-v210-m010-g100/runs/p01-s03-c0029-v210-m010-g100-sb0006.toml	ea2e920bd74ed0772a47d6b43ce143b30b4dd13071ae09095b8bcb83781ad831	p01-neutral-feedback/s03-parameter-map-wave1-v210-m010-g100/p01-s03-c0029/sb0006	prepared
phase1-stage3-wave1-v210-m010-g100	p01-s03-c0029-v210-m010-g100-sb0007	p01-s03-c0029	c0029	v210-m010-g100	stage3-wave1	sb0007	672	0	p01-neutral-feedback/configs/s03-parameter-map-wave1-v210-m010-g100/runs/p01-s03-c0029-v210-m010-g100-sb0007.toml	acc32a09e24805caeb05f0aad13ee2081a44c0c5141f9f6f520f69768d7a5bc7	p01-neutral-feedback/s03-parameter-map-wave1-v210-m010-g100/p01-s03-c0029/sb0007	prepared
phase1-stage3-wave1-v210-m010-g100	p01-s03-c0029-v210-m010-g100-sb0008	p01-s03-c0029	c0029	v210-m010-g100	stage3-wave1	sb0008	673	0	p01-neutral-feedback/configs/s03-parameter-map-wave1-v210-m010-g100/runs/p01-s03-c0029-v210-m010-g100-sb0008.toml	20dc9db4ce0e611e601b0d23eeeca2620f53edcc0ebe8a39901aacd94be7d85b	p01-neutral-feedback/s03-parameter-map-wave1-v210-m010-g100/p01-s03-c0029/sb0008	prepared
phase1-stage3-wave1-v210-m010-g100	p01-s03-c0029-v210-m010-g100-sb0009	p01-s03-c0029	c0029	v210-m010-g100	stage3-wave1	sb0009	674	0	p01-neutral-feedback/configs/s03-parameter-map-wave1-v210-m010-g100/runs/p01-s03-c0029-v210-m010-g100-sb0009.toml	cbb361e22454ec3f5a66ed083065294455ff140c5ccbcc6d2f5a71ed45ea349a	p01-neutral-feedback/s03-parameter-map-wave1-v210-m010-g100/p01-s03-c0029/sb0009	prepared
phase1-stage3-wave1-v210-m010-g100	p01-s03-c0029-v210-m010-g100-sb0010	p01-s03-c0029	c0029	v210-m010-g100	stage3-wave1	sb0010	675	0	p01-neutral-feedback/configs/s03-parameter-map-wave1-v210-m010-g100/runs/p01-s03-c0029-v210-m010-g100-sb0010.toml	e73b6d7faae6247b1c57482befb161dfd98356b6c9a04b71751612b57d878895	p01-neutral-feedback/s03-parameter-map-wave1-v210-m010-g100/p01-s03-c0029/sb0010	prepared
phase1-stage3-wave1-v210-m010-g100	p01-s03-c0029-v210-m010-g100-sb0011	p01-s03-c0029	c0029	v210-m010-g100	stage3-wave1	sb0011	676	0	p01-neutral-feedback/configs/s03-parameter-map-wave1-v210-m010-g100/runs/p01-s03-c0029-v210-m010-g100-sb0011.toml	f6b89b173425ed91cd4015b4fbc998f0bc4c4ac8979c0d6681843363b1ec53ee	p01-neutral-feedback/s03-parameter-map-wave1-v210-m010-g100/p01-s03-c0029/sb0011	prepared
phase1-stage3-wave1-v210-m010-g100	p01-s03-c0029-v210-m010-g100-sb0012	p01-s03-c0029	c0029	v210-m010-g100	stage3-wave1	sb0012	677	0	p01-neutral-feedback/configs/s03-parameter-map-wave1-v210-m010-g100/runs/p01-s03-c0029-v210-m010-g100-sb0012.toml	51721a1ae11b51509f3f8656b95f11c07e6f4b5664d2c4f1baac7ddb48b3654a	p01-neutral-feedback/s03-parameter-map-wave1-v210-m010-g100/p01-s03-c0029/sb0012	prepared
phase1-stage3-wave1-v210-m010-g100	p01-s03-c0030-v210-m010-g100-sb0001	p01-s03-c0030	c0030	v210-m010-g100	stage3-wave1	sb0001	666	0	p01-neutral-feedback/configs/s03-parameter-map-wave1-v210-m010-g100/runs/p01-s03-c0030-v210-m010-g100-sb0001.toml	6ab95af9bfdb1bf96e67429335a4970e377be2c4c307c770d36ebf6a174f3199	p01-neutral-feedback/s03-parameter-map-wave1-v210-m010-g100/p01-s03-c0030/sb0001	prepared
phase1-stage3-wave1-v210-m010-g100	p01-s03-c0030-v210-m010-g100-sb0002	p01-s03-c0030	c0030	v210-m010-g100	stage3-wave1	sb0002	667	0	p01-neutral-feedback/configs/s03-parameter-map-wave1-v210-m010-g100/runs/p01-s03-c0030-v210-m010-g100-sb0002.toml	f7ee1afacf20cdc59f904749184e03ea5f5ce462df52add31e80971442a98bd1	p01-neutral-feedback/s03-parameter-map-wave1-v210-m010-g100/p01-s03-c0030/sb0002	prepared
phase1-stage3-wave1-v210-m010-g100	p01-s03-c0030-v210-m010-g100-sb0003	p01-s03-c0030	c0030	v210-m010-g100	stage3-wave1	sb0003	668	0	p01-neutral-feedback/configs/s03-parameter-map-wave1-v210-m010-g100/runs/p01-s03-c0030-v210-m010-g100-sb0003.toml	840dd3e1a6c9541f44fd5bcbef8f25de170b3b747e52b5170049d013f38004b3	p01-neutral-feedback/s03-parameter-map-wave1-v210-m010-g100/p01-s03-c0030/sb0003	prepared
phase1-stage3-wave1-v210-m010-g100	p01-s03-c0030-v210-m010-g100-sb0004	p01-s03-c0030	c0030	v210-m010-g100	stage3-wave1	sb0004	669	0	p01-neutral-feedback/configs/s03-parameter-map-wave1-v210-m010-g100/runs/p01-s03-c0030-v210-m010-g100-sb0004.toml	dfd3692442490555acbd086931db654a0b50f29eda8b17d5e9fe425e092f3687	p01-neutral-feedback/s03-parameter-map-wave1-v210-m010-g100/p01-s03-c0030/sb0004	prepared
phase1-stage3-wave1-v210-m010-g100	p01-s03-c0030-v210-m010-g100-sb0005	p01-s03-c0030	c0030	v210-m010-g100	stage3-wave1	sb0005	670	0	p01-neutral-feedback/configs/s03-parameter-map-wave1-v210-m010-g100/runs/p01-s03-c0030-v210-m010-g100-sb0005.toml	f2b4ce74c4a413570f011e2186b57827378607ad887eb2f39dc7dc8f7d70bad1	p01-neutral-feedback/s03-parameter-map-wave1-v210-m010-g100/p01-s03-c0030/sb0005	prepared
phase1-stage3-wave1-v210-m010-g100	p01-s03-c0030-v210-m010-g100-sb0006	p01-s03-c0030	c0030	v210-m010-g100	stage3-wave1	sb0006	671	0	p01-neutral-feedback/configs/s03-parameter-map-wave1-v210-m010-g100/runs/p01-s03-c0030-v210-m010-g100-sb0006.toml	1db9f7bb19f23089e0f17465949fc6bb521a6c47877ec824e7a4fba5f67a3254	p01-neutral-feedback/s03-parameter-map-wave1-v210-m010-g100/p01-s03-c0030/sb0006	prepared
phase1-stage3-wave1-v210-m010-g100	p01-s03-c0030-v210-m010-g100-sb0007	p01-s03-c0030	c0030	v210-m010-g100	stage3-wave1	sb0007	672	0	p01-neutral-feedback/configs/s03-parameter-map-wave1-v210-m010-g100/runs/p01-s03-c0030-v210-m010-g100-sb0007.toml	18197435b682a6f2e162a33f0d4926b5d66a1674cec010c2c47637b818eeb434	p01-neutral-feedback/s03-parameter-map-wave1-v210-m010-g100/p01-s03-c0030/sb0007	prepared
phase1-stage3-wave1-v210-m010-g100	p01-s03-c0030-v210-m010-g100-sb0008	p01-s03-c0030	c0030	v210-m010-g100	stage3-wave1	sb0008	673	0	p01-neutral-feedback/configs/s03-parameter-map-wave1-v210-m010-g100/runs/p01-s03-c0030-v210-m010-g100-sb0008.toml	83743728678e917fc0100414e5df24fafda4055b6536739482c06a55a93d5147	p01-neutral-feedback/s03-parameter-map-wave1-v210-m010-g100/p01-s03-c0030/sb0008	prepared
phase1-stage3-wave1-v210-m010-g100	p01-s03-c0030-v210-m010-g100-sb0009	p01-s03-c0030	c0030	v210-m010-g100	stage3-wave1	sb0009	674	0	p01-neutral-feedback/configs/s03-parameter-map-wave1-v210-m010-g100/runs/p01-s03-c0030-v210-m010-g100-sb0009.toml	81bb2f3c953e6258d6e9865d4e709400a58982bb25c68b51bb6e349ff2377ae5	p01-neutral-feedback/s03-parameter-map-wave1-v210-m010-g100/p01-s03-c0030/sb0009	prepared
phase1-stage3-wave1-v210-m010-g100	p01-s03-c0030-v210-m010-g100-sb0010	p01-s03-c0030	c0030	v210-m010-g100	stage3-wave1	sb0010	675	0	p01-neutral-feedback/configs/s03-parameter-map-wave1-v210-m010-g100/runs/p01-s03-c0030-v210-m010-g100-sb0010.toml	f0d462d8926465a4fc50fbb196b86e84a46a4dab4523b6b3e545f7fca1b9e230	p01-neutral-feedback/s03-parameter-map-wave1-v210-m010-g100/p01-s03-c0030/sb0010	prepared
phase1-stage3-wave1-v210-m010-g100	p01-s03-c0030-v210-m010-g100-sb0011	p01-s03-c0030	c0030	v210-m010-g100	stage3-wave1	sb0011	676	0	p01-neutral-feedback/configs/s03-parameter-map-wave1-v210-m010-g100/runs/p01-s03-c0030-v210-m010-g100-sb0011.toml	5c7a64b52ec4492f8e564a98caa650a497b6cd607b947eb9462a02c6ced96345	p01-neutral-feedback/s03-parameter-map-wave1-v210-m010-g100/p01-s03-c0030/sb0011	prepared
phase1-stage3-wave1-v210-m010-g100	p01-s03-c0030-v210-m010-g100-sb0012	p01-s03-c0030	c0030	v210-m010-g100	stage3-wave1	sb0012	677	0	p01-neutral-feedback/configs/s03-parameter-map-wave1-v210-m010-g100/runs/p01-s03-c0030-v210-m010-g100-sb0012.toml	ca6b63c840e3c2a2eb4e70406e22f4bd909a913b595177923950f58e03d931fe	p01-neutral-feedback/s03-parameter-map-wave1-v210-m010-g100/p01-s03-c0030/sb0012	prepared
phase1-stage3-wave1-v210-m010-g100	p01-s03-c0031-v210-m010-g100-sb0001	p01-s03-c0031	c0031	v210-m010-g100	stage3-wave1	sb0001	666	0	p01-neutral-feedback/configs/s03-parameter-map-wave1-v210-m010-g100/runs/p01-s03-c0031-v210-m010-g100-sb0001.toml	a200a5f4f4c2f6e7aa17da55127c42bf320cda6cc246fbb1e068c2258d4cabe6	p01-neutral-feedback/s03-parameter-map-wave1-v210-m010-g100/p01-s03-c0031/sb0001	prepared
phase1-stage3-wave1-v210-m010-g100	p01-s03-c0031-v210-m010-g100-sb0002	p01-s03-c0031	c0031	v210-m010-g100	stage3-wave1	sb0002	667	0	p01-neutral-feedback/configs/s03-parameter-map-wave1-v210-m010-g100/runs/p01-s03-c0031-v210-m010-g100-sb0002.toml	326768e971c4c514b7f5860d03eb80d7c11242a72c4c1cba028945680140ab9a	p01-neutral-feedback/s03-parameter-map-wave1-v210-m010-g100/p01-s03-c0031/sb0002	prepared
phase1-stage3-wave1-v210-m010-g100	p01-s03-c0031-v210-m010-g100-sb0003	p01-s03-c0031	c0031	v210-m010-g100	stage3-wave1	sb0003	668	0	p01-neutral-feedback/configs/s03-parameter-map-wave1-v210-m010-g100/runs/p01-s03-c0031-v210-m010-g100-sb0003.toml	995184f734c626e5f0bca8c2f7425680ba6224afb31d8f262a81dbb3f2c5a3b5	p01-neutral-feedback/s03-parameter-map-wave1-v210-m010-g100/p01-s03-c0031/sb0003	prepared
phase1-stage3-wave1-v210-m010-g100	p01-s03-c0031-v210-m010-g100-sb0004	p01-s03-c0031	c0031	v210-m010-g100	stage3-wave1	sb0004	669	0	p01-neutral-feedback/configs/s03-parameter-map-wave1-v210-m010-g100/runs/p01-s03-c0031-v210-m010-g100-sb0004.toml	5b318b3eea3bf7714377003e601e4767c08058c615cd172b05da5b2d24b0b5ba	p01-neutral-feedback/s03-parameter-map-wave1-v210-m010-g100/p01-s03-c0031/sb0004	prepared
phase1-stage3-wave1-v210-m010-g100	p01-s03-c0031-v210-m010-g100-sb0005	p01-s03-c0031	c0031	v210-m010-g100	stage3-wave1	sb0005	670	0	p01-neutral-feedback/configs/s03-parameter-map-wave1-v210-m010-g100/runs/p01-s03-c0031-v210-m010-g100-sb0005.toml	a882a92504dbae8a3f704c58c714d3ad7f80ceffc4e084cd99bd7c596c21c8a7	p01-neutral-feedback/s03-parameter-map-wave1-v210-m010-g100/p01-s03-c0031/sb0005	prepared
phase1-stage3-wave1-v210-m010-g100	p01-s03-c0031-v210-m010-g100-sb0006	p01-s03-c0031	c0031	v210-m010-g100	stage3-wave1	sb0006	671	0	p01-neutral-feedback/configs/s03-parameter-map-wave1-v210-m010-g100/runs/p01-s03-c0031-v210-m010-g100-sb0006.toml	a9235c7f58e7c4a937b85e8b1a68217c4fbb9e48774d0addd07d55edce54a420	p01-neutral-feedback/s03-parameter-map-wave1-v210-m010-g100/p01-s03-c0031/sb0006	prepared
phase1-stage3-wave1-v210-m010-g100	p01-s03-c0031-v210-m010-g100-sb0007	p01-s03-c0031	c0031	v210-m010-g100	stage3-wave1	sb0007	672	0	p01-neutral-feedback/configs/s03-parameter-map-wave1-v210-m010-g100/runs/p01-s03-c0031-v210-m010-g100-sb0007.toml	d10bb4cd579285ec026e2052f4044cda113488b84fe43c9cdd4059c26494ece9	p01-neutral-feedback/s03-parameter-map-wave1-v210-m010-g100/p01-s03-c0031/sb0007	prepared
phase1-stage3-wave1-v210-m010-g100	p01-s03-c0031-v210-m010-g100-sb0008	p01-s03-c0031	c0031	v210-m010-g100	stage3-wave1	sb0008	673	0	p01-neutral-feedback/configs/s03-parameter-map-wave1-v210-m010-g100/runs/p01-s03-c0031-v210-m010-g100-sb0008.toml	ba37f8253e8d6768e1d54541d3ca300622179bcaa5d5d927da6008abbd952215	p01-neutral-feedback/s03-parameter-map-wave1-v210-m010-g100/p01-s03-c0031/sb0008	prepared
phase1-stage3-wave1-v210-m010-g100	p01-s03-c0031-v210-m010-g100-sb0009	p01-s03-c0031	c0031	v210-m010-g100	stage3-wave1	sb0009	674	0	p01-neutral-feedback/configs/s03-parameter-map-wave1-v210-m010-g100/runs/p01-s03-c0031-v210-m010-g100-sb0009.toml	5159c3de3e4fea3dd450be9c88879af83710892221ffcfbde872409dd68931dc	p01-neutral-feedback/s03-parameter-map-wave1-v210-m010-g100/p01-s03-c0031/sb0009	prepared
phase1-stage3-wave1-v210-m010-g100	p01-s03-c0031-v210-m010-g100-sb0010	p01-s03-c0031	c0031	v210-m010-g100	stage3-wave1	sb0010	675	0	p01-neutral-feedback/configs/s03-parameter-map-wave1-v210-m010-g100/runs/p01-s03-c0031-v210-m010-g100-sb0010.toml	74cb5b169cd861153cbd3a2673bd2437b679add36d9008693e1e5c57cac88acf	p01-neutral-feedback/s03-parameter-map-wave1-v210-m010-g100/p01-s03-c0031/sb0010	prepared
phase1-stage3-wave1-v210-m010-g100	p01-s03-c0031-v210-m010-g100-sb0011	p01-s03-c0031	c0031	v210-m010-g100	stage3-wave1	sb0011	676	0	p01-neutral-feedback/configs/s03-parameter-map-wave1-v210-m010-g100/runs/p01-s03-c0031-v210-m010-g100-sb0011.toml	8de2d62871daad465b7b62c5cdc283e50288a09010a774547393940df8dc3e70	p01-neutral-feedback/s03-parameter-map-wave1-v210-m010-g100/p01-s03-c0031/sb0011	prepared
phase1-stage3-wave1-v210-m010-g100	p01-s03-c0031-v210-m010-g100-sb0012	p01-s03-c0031	c0031	v210-m010-g100	stage3-wave1	sb0012	677	0	p01-neutral-feedback/configs/s03-parameter-map-wave1-v210-m010-g100/runs/p01-s03-c0031-v210-m010-g100-sb0012.toml	ac667f411ce37ddc179cdc8c13931b30dd51d98c0ed93dca4d4fe8d516515001	p01-neutral-feedback/s03-parameter-map-wave1-v210-m010-g100/p01-s03-c0031/sb0012	prepared
phase1-stage3-wave1-v210-m010-g100	p01-s03-c0032-v210-m010-g100-sb0001	p01-s03-c0032	c0032	v210-m010-g100	stage3-wave1	sb0001	666	0	p01-neutral-feedback/configs/s03-parameter-map-wave1-v210-m010-g100/runs/p01-s03-c0032-v210-m010-g100-sb0001.toml	da18b39bd48f40aa8a4038dd558926d6896485f0c33686efd5323014c28f2469	p01-neutral-feedback/s03-parameter-map-wave1-v210-m010-g100/p01-s03-c0032/sb0001	prepared
phase1-stage3-wave1-v210-m010-g100	p01-s03-c0032-v210-m010-g100-sb0002	p01-s03-c0032	c0032	v210-m010-g100	stage3-wave1	sb0002	667	0	p01-neutral-feedback/configs/s03-parameter-map-wave1-v210-m010-g100/runs/p01-s03-c0032-v210-m010-g100-sb0002.toml	8f0b223c64a533bf686914603bad0947abf7767b889c9ef8d4d0e2115d07e41a	p01-neutral-feedback/s03-parameter-map-wave1-v210-m010-g100/p01-s03-c0032/sb0002	prepared
phase1-stage3-wave1-v210-m010-g100	p01-s03-c0032-v210-m010-g100-sb0003	p01-s03-c0032	c0032	v210-m010-g100	stage3-wave1	sb0003	668	0	p01-neutral-feedback/configs/s03-parameter-map-wave1-v210-m010-g100/runs/p01-s03-c0032-v210-m010-g100-sb0003.toml	c7c8ea0b82e90447e46d439b5b9ea305a1a0aaa239918d69f0f8d6804771a6f4	p01-neutral-feedback/s03-parameter-map-wave1-v210-m010-g100/p01-s03-c0032/sb0003	prepared
phase1-stage3-wave1-v210-m010-g100	p01-s03-c0032-v210-m010-g100-sb0004	p01-s03-c0032	c0032	v210-m010-g100	stage3-wave1	sb0004	669	0	p01-neutral-feedback/configs/s03-parameter-map-wave1-v210-m010-g100/runs/p01-s03-c0032-v210-m010-g100-sb0004.toml	743fa3b9a5cdc6ee281a08ea481c5a42b93e4400628c148ce635cccc33657aec	p01-neutral-feedback/s03-parameter-map-wave1-v210-m010-g100/p01-s03-c0032/sb0004	prepared
phase1-stage3-wave1-v210-m010-g100	p01-s03-c0032-v210-m010-g100-sb0005	p01-s03-c0032	c0032	v210-m010-g100	stage3-wave1	sb0005	670	0	p01-neutral-feedback/configs/s03-parameter-map-wave1-v210-m010-g100/runs/p01-s03-c0032-v210-m010-g100-sb0005.toml	d2d80e96049b99c6431e2958d0ba6045fa4d27a4cd491294ae162c4e695a0227	p01-neutral-feedback/s03-parameter-map-wave1-v210-m010-g100/p01-s03-c0032/sb0005	prepared
phase1-stage3-wave1-v210-m010-g100	p01-s03-c0032-v210-m010-g100-sb0006	p01-s03-c0032	c0032	v210-m010-g100	stage3-wave1	sb0006	671	0	p01-neutral-feedback/configs/s03-parameter-map-wave1-v210-m010-g100/runs/p01-s03-c0032-v210-m010-g100-sb0006.toml	6de5e41e8b8a8e032fe015cc5eac2d384e98fcf8009b4fbc1ad65dec6960a81d	p01-neutral-feedback/s03-parameter-map-wave1-v210-m010-g100/p01-s03-c0032/sb0006	prepared
phase1-stage3-wave1-v210-m010-g100	p01-s03-c0032-v210-m010-g100-sb0007	p01-s03-c0032	c0032	v210-m010-g100	stage3-wave1	sb0007	672	0	p01-neutral-feedback/configs/s03-parameter-map-wave1-v210-m010-g100/runs/p01-s03-c0032-v210-m010-g100-sb0007.toml	eaa4b7ce35ad5431b9092d5f4c9d8886174fa17024bd4bbdfb2f0a185ab576b1	p01-neutral-feedback/s03-parameter-map-wave1-v210-m010-g100/p01-s03-c0032/sb0007	prepared
phase1-stage3-wave1-v210-m010-g100	p01-s03-c0032-v210-m010-g100-sb0008	p01-s03-c0032	c0032	v210-m010-g100	stage3-wave1	sb0008	673	0	p01-neutral-feedback/configs/s03-parameter-map-wave1-v210-m010-g100/runs/p01-s03-c0032-v210-m010-g100-sb0008.toml	e7ad72c0b4ff85ffe0f98a07695f5a42666615b383e8c2ffd76b069ebcf9422a	p01-neutral-feedback/s03-parameter-map-wave1-v210-m010-g100/p01-s03-c0032/sb0008	prepared
phase1-stage3-wave1-v210-m010-g100	p01-s03-c0032-v210-m010-g100-sb0009	p01-s03-c0032	c0032	v210-m010-g100	stage3-wave1	sb0009	674	0	p01-neutral-feedback/configs/s03-parameter-map-wave1-v210-m010-g100/runs/p01-s03-c0032-v210-m010-g100-sb0009.toml	f602a1de7b5a6f0d61846b74cfb3bfcc57fe90cc58e7661800b99c4dc75ce353	p01-neutral-feedback/s03-parameter-map-wave1-v210-m010-g100/p01-s03-c0032/sb0009	prepared
phase1-stage3-wave1-v210-m010-g100	p01-s03-c0032-v210-m010-g100-sb0010	p01-s03-c0032	c0032	v210-m010-g100	stage3-wave1	sb0010	675	0	p01-neutral-feedback/configs/s03-parameter-map-wave1-v210-m010-g100/runs/p01-s03-c0032-v210-m010-g100-sb0010.toml	c5849a174d45a27405cbdaff1ae7446599bfda2a94e40c83af1e0d61c0d9f6f4	p01-neutral-feedback/s03-parameter-map-wave1-v210-m010-g100/p01-s03-c0032/sb0010	prepared
phase1-stage3-wave1-v210-m010-g100	p01-s03-c0032-v210-m010-g100-sb0011	p01-s03-c0032	c0032	v210-m010-g100	stage3-wave1	sb0011	676	0	p01-neutral-feedback/configs/s03-parameter-map-wave1-v210-m010-g100/runs/p01-s03-c0032-v210-m010-g100-sb0011.toml	fe6a1c866481162d9c27471c02d0138254158597fde5e94a8b562729c4efd588	p01-neutral-feedback/s03-parameter-map-wave1-v210-m010-g100/p01-s03-c0032/sb0011	prepared
phase1-stage3-wave1-v210-m010-g100	p01-s03-c0032-v210-m010-g100-sb0012	p01-s03-c0032	c0032	v210-m010-g100	stage3-wave1	sb0012	677	0	p01-neutral-feedback/configs/s03-parameter-map-wave1-v210-m010-g100/runs/p01-s03-c0032-v210-m010-g100-sb0012.toml	5947210f75afb4c123b1e25f1e75d0c801d33642e55dd43549cd2b68555508f7	p01-neutral-feedback/s03-parameter-map-wave1-v210-m010-g100/p01-s03-c0032/sb0012	prepared
phase1-stage3-wave1-v210-m010-g100	p01-s03-c0033-v210-m010-g100-sb0001	p01-s03-c0033	c0033	v210-m010-g100	stage3-wave1	sb0001	666	0	p01-neutral-feedback/configs/s03-parameter-map-wave1-v210-m010-g100/runs/p01-s03-c0033-v210-m010-g100-sb0001.toml	200225378247037e80007035b2a72ec9161572cd55b724cb9c2ce496783211a5	p01-neutral-feedback/s03-parameter-map-wave1-v210-m010-g100/p01-s03-c0033/sb0001	prepared
phase1-stage3-wave1-v210-m010-g100	p01-s03-c0033-v210-m010-g100-sb0002	p01-s03-c0033	c0033	v210-m010-g100	stage3-wave1	sb0002	667	0	p01-neutral-feedback/configs/s03-parameter-map-wave1-v210-m010-g100/runs/p01-s03-c0033-v210-m010-g100-sb0002.toml	714a123707a1196d42600700f2ab7b6497a07987ffe6153a70aa01f57a12e555	p01-neutral-feedback/s03-parameter-map-wave1-v210-m010-g100/p01-s03-c0033/sb0002	prepared
phase1-stage3-wave1-v210-m010-g100	p01-s03-c0033-v210-m010-g100-sb0003	p01-s03-c0033	c0033	v210-m010-g100	stage3-wave1	sb0003	668	0	p01-neutral-feedback/configs/s03-parameter-map-wave1-v210-m010-g100/runs/p01-s03-c0033-v210-m010-g100-sb0003.toml	001d9b27002c49534d8f2bf7025a15f0eeb19971f48341f35f6f7c9dc5704bb2	p01-neutral-feedback/s03-parameter-map-wave1-v210-m010-g100/p01-s03-c0033/sb0003	prepared
phase1-stage3-wave1-v210-m010-g100	p01-s03-c0033-v210-m010-g100-sb0004	p01-s03-c0033	c0033	v210-m010-g100	stage3-wave1	sb0004	669	0	p01-neutral-feedback/configs/s03-parameter-map-wave1-v210-m010-g100/runs/p01-s03-c0033-v210-m010-g100-sb0004.toml	2a5166457d2535011cd4d0fbe205ee08be180d55def7eadc35555df566853bd8	p01-neutral-feedback/s03-parameter-map-wave1-v210-m010-g100/p01-s03-c0033/sb0004	prepared
phase1-stage3-wave1-v210-m010-g100	p01-s03-c0033-v210-m010-g100-sb0005	p01-s03-c0033	c0033	v210-m010-g100	stage3-wave1	sb0005	670	0	p01-neutral-feedback/configs/s03-parameter-map-wave1-v210-m010-g100/runs/p01-s03-c0033-v210-m010-g100-sb0005.toml	35dc3c4eb79a13af50a3f5cd46563b389a04d85e88b58da6b5503e2e547d013b	p01-neutral-feedback/s03-parameter-map-wave1-v210-m010-g100/p01-s03-c0033/sb0005	prepared
phase1-stage3-wave1-v210-m010-g100	p01-s03-c0033-v210-m010-g100-sb0006	p01-s03-c0033	c0033	v210-m010-g100	stage3-wave1	sb0006	671	0	p01-neutral-feedback/configs/s03-parameter-map-wave1-v210-m010-g100/runs/p01-s03-c0033-v210-m010-g100-sb0006.toml	32b3f34b9d9cffcba1bbb117ff1e08399162bfc0ce5f770f6b4b6e23d69cd880	p01-neutral-feedback/s03-parameter-map-wave1-v210-m010-g100/p01-s03-c0033/sb0006	prepared
phase1-stage3-wave1-v210-m010-g100	p01-s03-c0033-v210-m010-g100-sb0007	p01-s03-c0033	c0033	v210-m010-g100	stage3-wave1	sb0007	672	0	p01-neutral-feedback/configs/s03-parameter-map-wave1-v210-m010-g100/runs/p01-s03-c0033-v210-m010-g100-sb0007.toml	82e9d4ff2998cb96050d760fa29280cba109ccf476127e1756a046b05f9cbd63	p01-neutral-feedback/s03-parameter-map-wave1-v210-m010-g100/p01-s03-c0033/sb0007	prepared
phase1-stage3-wave1-v210-m010-g100	p01-s03-c0033-v210-m010-g100-sb0008	p01-s03-c0033	c0033	v210-m010-g100	stage3-wave1	sb0008	673	0	p01-neutral-feedback/configs/s03-parameter-map-wave1-v210-m010-g100/runs/p01-s03-c0033-v210-m010-g100-sb0008.toml	bd793e9e754889db6fe683182740801f803a8759e3cd80a88c24eb505cd160c7	p01-neutral-feedback/s03-parameter-map-wave1-v210-m010-g100/p01-s03-c0033/sb0008	prepared
phase1-stage3-wave1-v210-m010-g100	p01-s03-c0033-v210-m010-g100-sb0009	p01-s03-c0033	c0033	v210-m010-g100	stage3-wave1	sb0009	674	0	p01-neutral-feedback/configs/s03-parameter-map-wave1-v210-m010-g100/runs/p01-s03-c0033-v210-m010-g100-sb0009.toml	b9f4d1ee42779bfec5756de07a0c9710881df67f9d76c138bb4b3afeae9a8222	p01-neutral-feedback/s03-parameter-map-wave1-v210-m010-g100/p01-s03-c0033/sb0009	prepared
phase1-stage3-wave1-v210-m010-g100	p01-s03-c0033-v210-m010-g100-sb0010	p01-s03-c0033	c0033	v210-m010-g100	stage3-wave1	sb0010	675	0	p01-neutral-feedback/configs/s03-parameter-map-wave1-v210-m010-g100/runs/p01-s03-c0033-v210-m010-g100-sb0010.toml	2dc6470d1925b8a0e593f116ff5a5ae298ef4a5a4d5da8b30726b59f31371cb6	p01-neutral-feedback/s03-parameter-map-wave1-v210-m010-g100/p01-s03-c0033/sb0010	prepared
phase1-stage3-wave1-v210-m010-g100	p01-s03-c0033-v210-m010-g100-sb0011	p01-s03-c0033	c0033	v210-m010-g100	stage3-wave1	sb0011	676	0	p01-neutral-feedback/configs/s03-parameter-map-wave1-v210-m010-g100/runs/p01-s03-c0033-v210-m010-g100-sb0011.toml	bee4b97b2dd5337ad601ad79b26575c1a015c0630f9b63e67f22dbe200aff38e	p01-neutral-feedback/s03-parameter-map-wave1-v210-m010-g100/p01-s03-c0033/sb0011	prepared
phase1-stage3-wave1-v210-m010-g100	p01-s03-c0033-v210-m010-g100-sb0012	p01-s03-c0033	c0033	v210-m010-g100	stage3-wave1	sb0012	677	0	p01-neutral-feedback/configs/s03-parameter-map-wave1-v210-m010-g100/runs/p01-s03-c0033-v210-m010-g100-sb0012.toml	88ce9844867b6d719fad4c63834e61cb45f04d184e9a2621ac83b0a8f7b7a19e	p01-neutral-feedback/s03-parameter-map-wave1-v210-m010-g100/p01-s03-c0033/sb0012	prepared
phase1-stage3-wave1-v210-m010-g100	p01-s03-c0034-v210-m010-g100-sb0001	p01-s03-c0034	c0034	v210-m010-g100	stage3-wave1	sb0001	666	0	p01-neutral-feedback/configs/s03-parameter-map-wave1-v210-m010-g100/runs/p01-s03-c0034-v210-m010-g100-sb0001.toml	12d66a3a9a00860b8e380ea04f0d06a29d16fdd58e465c4447c02cdca9ab69a3	p01-neutral-feedback/s03-parameter-map-wave1-v210-m010-g100/p01-s03-c0034/sb0001	prepared
phase1-stage3-wave1-v210-m010-g100	p01-s03-c0034-v210-m010-g100-sb0002	p01-s03-c0034	c0034	v210-m010-g100	stage3-wave1	sb0002	667	0	p01-neutral-feedback/configs/s03-parameter-map-wave1-v210-m010-g100/runs/p01-s03-c0034-v210-m010-g100-sb0002.toml	3810e56265fffb9e2298a0acb3efd86892b4974ac2756fc5000534d476470a9f	p01-neutral-feedback/s03-parameter-map-wave1-v210-m010-g100/p01-s03-c0034/sb0002	prepared
phase1-stage3-wave1-v210-m010-g100	p01-s03-c0034-v210-m010-g100-sb0003	p01-s03-c0034	c0034	v210-m010-g100	stage3-wave1	sb0003	668	0	p01-neutral-feedback/configs/s03-parameter-map-wave1-v210-m010-g100/runs/p01-s03-c0034-v210-m010-g100-sb0003.toml	2bd55e5bbac1d305639b20d7e5d4e71f055b309cce6ed7fb32993aea11ed9a58	p01-neutral-feedback/s03-parameter-map-wave1-v210-m010-g100/p01-s03-c0034/sb0003	prepared
phase1-stage3-wave1-v210-m010-g100	p01-s03-c0034-v210-m010-g100-sb0004	p01-s03-c0034	c0034	v210-m010-g100	stage3-wave1	sb0004	669	0	p01-neutral-feedback/configs/s03-parameter-map-wave1-v210-m010-g100/runs/p01-s03-c0034-v210-m010-g100-sb0004.toml	62a4f408b60cb74e79eed47eea019fd5fb71b8f1645fd01071fbbd0460fdb602	p01-neutral-feedback/s03-parameter-map-wave1-v210-m010-g100/p01-s03-c0034/sb0004	prepared
phase1-stage3-wave1-v210-m010-g100	p01-s03-c0034-v210-m010-g100-sb0005	p01-s03-c0034	c0034	v210-m010-g100	stage3-wave1	sb0005	670	0	p01-neutral-feedback/configs/s03-parameter-map-wave1-v210-m010-g100/runs/p01-s03-c0034-v210-m010-g100-sb0005.toml	42901acea62072244759937a89b3638890c9f1356b1dc124e1c55943285f78a2	p01-neutral-feedback/s03-parameter-map-wave1-v210-m010-g100/p01-s03-c0034/sb0005	prepared
phase1-stage3-wave1-v210-m010-g100	p01-s03-c0034-v210-m010-g100-sb0006	p01-s03-c0034	c0034	v210-m010-g100	stage3-wave1	sb0006	671	0	p01-neutral-feedback/configs/s03-parameter-map-wave1-v210-m010-g100/runs/p01-s03-c0034-v210-m010-g100-sb0006.toml	1b83f2d5a289355dac3f373fea62b7995b6b6ef2c7bcecdacd77465fc854fecb	p01-neutral-feedback/s03-parameter-map-wave1-v210-m010-g100/p01-s03-c0034/sb0006	prepared
phase1-stage3-wave1-v210-m010-g100	p01-s03-c0034-v210-m010-g100-sb0007	p01-s03-c0034	c0034	v210-m010-g100	stage3-wave1	sb0007	672	0	p01-neutral-feedback/configs/s03-parameter-map-wave1-v210-m010-g100/runs/p01-s03-c0034-v210-m010-g100-sb0007.toml	69b98178ba10a189322b95d5689bc31ce6b73b077253c6a8e1de62499434687f	p01-neutral-feedback/s03-parameter-map-wave1-v210-m010-g100/p01-s03-c0034/sb0007	prepared
phase1-stage3-wave1-v210-m010-g100	p01-s03-c0034-v210-m010-g100-sb0008	p01-s03-c0034	c0034	v210-m010-g100	stage3-wave1	sb0008	673	0	p01-neutral-feedback/configs/s03-parameter-map-wave1-v210-m010-g100/runs/p01-s03-c0034-v210-m010-g100-sb0008.toml	e3b482828a069bfc1b4de647232e43e20ea699b29c1c27a18188b4653aabc8f8	p01-neutral-feedback/s03-parameter-map-wave1-v210-m010-g100/p01-s03-c0034/sb0008	prepared
phase1-stage3-wave1-v210-m010-g100	p01-s03-c0034-v210-m010-g100-sb0009	p01-s03-c0034	c0034	v210-m010-g100	stage3-wave1	sb0009	674	0	p01-neutral-feedback/configs/s03-parameter-map-wave1-v210-m010-g100/runs/p01-s03-c0034-v210-m010-g100-sb0009.toml	d92b6230760cb7b40b68076dd3e748e95f4d915a6ebe3ce75eed57962b36a940	p01-neutral-feedback/s03-parameter-map-wave1-v210-m010-g100/p01-s03-c0034/sb0009	prepared
phase1-stage3-wave1-v210-m010-g100	p01-s03-c0034-v210-m010-g100-sb0010	p01-s03-c0034	c0034	v210-m010-g100	stage3-wave1	sb0010	675	0	p01-neutral-feedback/configs/s03-parameter-map-wave1-v210-m010-g100/runs/p01-s03-c0034-v210-m010-g100-sb0010.toml	7976c53a0c865773c6c027c9dfea3898ec7f28e0e75a2cc78f522d82f0b15b59	p01-neutral-feedback/s03-parameter-map-wave1-v210-m010-g100/p01-s03-c0034/sb0010	prepared
phase1-stage3-wave1-v210-m010-g100	p01-s03-c0034-v210-m010-g100-sb0011	p01-s03-c0034	c0034	v210-m010-g100	stage3-wave1	sb0011	676	0	p01-neutral-feedback/configs/s03-parameter-map-wave1-v210-m010-g100/runs/p01-s03-c0034-v210-m010-g100-sb0011.toml	66a7ef5ca1fa5671d849e0816c06221df7640c39e04620ac77dcacaecb46fa35	p01-neutral-feedback/s03-parameter-map-wave1-v210-m010-g100/p01-s03-c0034/sb0011	prepared
phase1-stage3-wave1-v210-m010-g100	p01-s03-c0034-v210-m010-g100-sb0012	p01-s03-c0034	c0034	v210-m010-g100	stage3-wave1	sb0012	677	0	p01-neutral-feedback/configs/s03-parameter-map-wave1-v210-m010-g100/runs/p01-s03-c0034-v210-m010-g100-sb0012.toml	c7d9317b53abdb944636498c9fa91209c7c659cc41ab294d5e05814da4f455e5	p01-neutral-feedback/s03-parameter-map-wave1-v210-m010-g100/p01-s03-c0034/sb0012	prepared
phase1-stage3-wave1-v210-m010-g100	p01-s03-c0035-v210-m010-g100-sb0001	p01-s03-c0035	c0035	v210-m010-g100	stage3-wave1	sb0001	666	0	p01-neutral-feedback/configs/s03-parameter-map-wave1-v210-m010-g100/runs/p01-s03-c0035-v210-m010-g100-sb0001.toml	c96ba187aeb012732a204d18df8264d91697e15e6b354ed55475f041e6b8cee8	p01-neutral-feedback/s03-parameter-map-wave1-v210-m010-g100/p01-s03-c0035/sb0001	prepared
phase1-stage3-wave1-v210-m010-g100	p01-s03-c0035-v210-m010-g100-sb0002	p01-s03-c0035	c0035	v210-m010-g100	stage3-wave1	sb0002	667	0	p01-neutral-feedback/configs/s03-parameter-map-wave1-v210-m010-g100/runs/p01-s03-c0035-v210-m010-g100-sb0002.toml	49ebbc1e2573b0f45e416cc4914246063719a8b4dec398bf25d9378f999e56e0	p01-neutral-feedback/s03-parameter-map-wave1-v210-m010-g100/p01-s03-c0035/sb0002	prepared
phase1-stage3-wave1-v210-m010-g100	p01-s03-c0035-v210-m010-g100-sb0003	p01-s03-c0035	c0035	v210-m010-g100	stage3-wave1	sb0003	668	0	p01-neutral-feedback/configs/s03-parameter-map-wave1-v210-m010-g100/runs/p01-s03-c0035-v210-m010-g100-sb0003.toml	610c6d64212484b20ae3899e68ade94dcffad401d02992a529d667cce84c8163	p01-neutral-feedback/s03-parameter-map-wave1-v210-m010-g100/p01-s03-c0035/sb0003	prepared
phase1-stage3-wave1-v210-m010-g100	p01-s03-c0035-v210-m010-g100-sb0004	p01-s03-c0035	c0035	v210-m010-g100	stage3-wave1	sb0004	669	0	p01-neutral-feedback/configs/s03-parameter-map-wave1-v210-m010-g100/runs/p01-s03-c0035-v210-m010-g100-sb0004.toml	25f6eb234b52caf8e617a40d2cdb92e9caa1da7e24653f220c2fa96524f0c734	p01-neutral-feedback/s03-parameter-map-wave1-v210-m010-g100/p01-s03-c0035/sb0004	prepared
phase1-stage3-wave1-v210-m010-g100	p01-s03-c0035-v210-m010-g100-sb0005	p01-s03-c0035	c0035	v210-m010-g100	stage3-wave1	sb0005	670	0	p01-neutral-feedback/configs/s03-parameter-map-wave1-v210-m010-g100/runs/p01-s03-c0035-v210-m010-g100-sb0005.toml	cb07cc5a3901733a8fc048079c36fc9b495d7d91f2cb371529c2b77cc9f085a8	p01-neutral-feedback/s03-parameter-map-wave1-v210-m010-g100/p01-s03-c0035/sb0005	prepared
phase1-stage3-wave1-v210-m010-g100	p01-s03-c0035-v210-m010-g100-sb0006	p01-s03-c0035	c0035	v210-m010-g100	stage3-wave1	sb0006	671	0	p01-neutral-feedback/configs/s03-parameter-map-wave1-v210-m010-g100/runs/p01-s03-c0035-v210-m010-g100-sb0006.toml	db67afb09c7067a368a9e8ed9b8085ebb9470331ac2d43c85be47e09ecc9b60f	p01-neutral-feedback/s03-parameter-map-wave1-v210-m010-g100/p01-s03-c0035/sb0006	prepared
phase1-stage3-wave1-v210-m010-g100	p01-s03-c0035-v210-m010-g100-sb0007	p01-s03-c0035	c0035	v210-m010-g100	stage3-wave1	sb0007	672	0	p01-neutral-feedback/configs/s03-parameter-map-wave1-v210-m010-g100/runs/p01-s03-c0035-v210-m010-g100-sb0007.toml	a3e9aa20764494524f1c29ba100a423e2709a3ebb851c542489681af3e595544	p01-neutral-feedback/s03-parameter-map-wave1-v210-m010-g100/p01-s03-c0035/sb0007	prepared
phase1-stage3-wave1-v210-m010-g100	p01-s03-c0035-v210-m010-g100-sb0008	p01-s03-c0035	c0035	v210-m010-g100	stage3-wave1	sb0008	673	0	p01-neutral-feedback/configs/s03-parameter-map-wave1-v210-m010-g100/runs/p01-s03-c0035-v210-m010-g100-sb0008.toml	1ee154ce7a3eb5748bbfbf24bb15a9df282b316833fcb6e0066a7968406df7ab	p01-neutral-feedback/s03-parameter-map-wave1-v210-m010-g100/p01-s03-c0035/sb0008	prepared
phase1-stage3-wave1-v210-m010-g100	p01-s03-c0035-v210-m010-g100-sb0009	p01-s03-c0035	c0035	v210-m010-g100	stage3-wave1	sb0009	674	0	p01-neutral-feedback/configs/s03-parameter-map-wave1-v210-m010-g100/runs/p01-s03-c0035-v210-m010-g100-sb0009.toml	de93a40f1733bb2ed1d861170f94834e0c89f78c9c2b6275aa789510c8473820	p01-neutral-feedback/s03-parameter-map-wave1-v210-m010-g100/p01-s03-c0035/sb0009	prepared
phase1-stage3-wave1-v210-m010-g100	p01-s03-c0035-v210-m010-g100-sb0010	p01-s03-c0035	c0035	v210-m010-g100	stage3-wave1	sb0010	675	0	p01-neutral-feedback/configs/s03-parameter-map-wave1-v210-m010-g100/runs/p01-s03-c0035-v210-m010-g100-sb0010.toml	f00b204950ac9ba282f8d9cecce2fa8db16e948b200c3bbaeccbbe04a4725f57	p01-neutral-feedback/s03-parameter-map-wave1-v210-m010-g100/p01-s03-c0035/sb0010	prepared
phase1-stage3-wave1-v210-m010-g100	p01-s03-c0035-v210-m010-g100-sb0011	p01-s03-c0035	c0035	v210-m010-g100	stage3-wave1	sb0011	676	0	p01-neutral-feedback/configs/s03-parameter-map-wave1-v210-m010-g100/runs/p01-s03-c0035-v210-m010-g100-sb0011.toml	0702c2a44903d80df4225d729463bb49c1aa49534136e56e5d367ffedf3e2b77	p01-neutral-feedback/s03-parameter-map-wave1-v210-m010-g100/p01-s03-c0035/sb0011	prepared
phase1-stage3-wave1-v210-m010-g100	p01-s03-c0035-v210-m010-g100-sb0012	p01-s03-c0035	c0035	v210-m010-g100	stage3-wave1	sb0012	677	0	p01-neutral-feedback/configs/s03-parameter-map-wave1-v210-m010-g100/runs/p01-s03-c0035-v210-m010-g100-sb0012.toml	390eccfe080cdd6c37c7b9379482e80b3ca4ff299aad91705ea83d09b8381d27	p01-neutral-feedback/s03-parameter-map-wave1-v210-m010-g100/p01-s03-c0035/sb0012	prepared
phase1-stage3-wave1-v210-m010-g100	p01-s03-c0036-v210-m010-g100-sb0001	p01-s03-c0036	c0036	v210-m010-g100	stage3-wave1	sb0001	666	0	p01-neutral-feedback/configs/s03-parameter-map-wave1-v210-m010-g100/runs/p01-s03-c0036-v210-m010-g100-sb0001.toml	fa8e0949d427bd5add784bf39c97e4910044c6b17c94268e569007dcf5456876	p01-neutral-feedback/s03-parameter-map-wave1-v210-m010-g100/p01-s03-c0036/sb0001	prepared
phase1-stage3-wave1-v210-m010-g100	p01-s03-c0036-v210-m010-g100-sb0002	p01-s03-c0036	c0036	v210-m010-g100	stage3-wave1	sb0002	667	0	p01-neutral-feedback/configs/s03-parameter-map-wave1-v210-m010-g100/runs/p01-s03-c0036-v210-m010-g100-sb0002.toml	0baed60f69070e84874491991d12b1b7b8dacabfc1b10264b283884ccf2b7a38	p01-neutral-feedback/s03-parameter-map-wave1-v210-m010-g100/p01-s03-c0036/sb0002	prepared
phase1-stage3-wave1-v210-m010-g100	p01-s03-c0036-v210-m010-g100-sb0003	p01-s03-c0036	c0036	v210-m010-g100	stage3-wave1	sb0003	668	0	p01-neutral-feedback/configs/s03-parameter-map-wave1-v210-m010-g100/runs/p01-s03-c0036-v210-m010-g100-sb0003.toml	baf06845dbbc49975d6918f4f9be6168d06a3546c80d9ba2e1e97704f739c490	p01-neutral-feedback/s03-parameter-map-wave1-v210-m010-g100/p01-s03-c0036/sb0003	prepared
phase1-stage3-wave1-v210-m010-g100	p01-s03-c0036-v210-m010-g100-sb0004	p01-s03-c0036	c0036	v210-m010-g100	stage3-wave1	sb0004	669	0	p01-neutral-feedback/configs/s03-parameter-map-wave1-v210-m010-g100/runs/p01-s03-c0036-v210-m010-g100-sb0004.toml	017bc1879cc363b92bc4fa07fdcd0728cfbeed81b3f5e3e947950e8978041c35	p01-neutral-feedback/s03-parameter-map-wave1-v210-m010-g100/p01-s03-c0036/sb0004	prepared
phase1-stage3-wave1-v210-m010-g100	p01-s03-c0036-v210-m010-g100-sb0005	p01-s03-c0036	c0036	v210-m010-g100	stage3-wave1	sb0005	670	0	p01-neutral-feedback/configs/s03-parameter-map-wave1-v210-m010-g100/runs/p01-s03-c0036-v210-m010-g100-sb0005.toml	55cf2238c97ca6e11e278b220331bd3bd767076371c753eb53ebe1db6a29c749	p01-neutral-feedback/s03-parameter-map-wave1-v210-m010-g100/p01-s03-c0036/sb0005	prepared
phase1-stage3-wave1-v210-m010-g100	p01-s03-c0036-v210-m010-g100-sb0006	p01-s03-c0036	c0036	v210-m010-g100	stage3-wave1	sb0006	671	0	p01-neutral-feedback/configs/s03-parameter-map-wave1-v210-m010-g100/runs/p01-s03-c0036-v210-m010-g100-sb0006.toml	e66088853232620989889c4f9c4a443b27a741519cebe98a80b6de6c49d21c3c	p01-neutral-feedback/s03-parameter-map-wave1-v210-m010-g100/p01-s03-c0036/sb0006	prepared
phase1-stage3-wave1-v210-m010-g100	p01-s03-c0036-v210-m010-g100-sb0007	p01-s03-c0036	c0036	v210-m010-g100	stage3-wave1	sb0007	672	0	p01-neutral-feedback/configs/s03-parameter-map-wave1-v210-m010-g100/runs/p01-s03-c0036-v210-m010-g100-sb0007.toml	fd3d1f1d8af2bbd8d6ab8ea9cd43cc95b1de9a7ff137be3622863bb350597f46	p01-neutral-feedback/s03-parameter-map-wave1-v210-m010-g100/p01-s03-c0036/sb0007	prepared
phase1-stage3-wave1-v210-m010-g100	p01-s03-c0036-v210-m010-g100-sb0008	p01-s03-c0036	c0036	v210-m010-g100	stage3-wave1	sb0008	673	0	p01-neutral-feedback/configs/s03-parameter-map-wave1-v210-m010-g100/runs/p01-s03-c0036-v210-m010-g100-sb0008.toml	ed6f8233ca47c1a8a5e8b90a1673ee6f57b51f0778913b7898b974afd0ef19ef	p01-neutral-feedback/s03-parameter-map-wave1-v210-m010-g100/p01-s03-c0036/sb0008	prepared
phase1-stage3-wave1-v210-m010-g100	p01-s03-c0036-v210-m010-g100-sb0009	p01-s03-c0036	c0036	v210-m010-g100	stage3-wave1	sb0009	674	0	p01-neutral-feedback/configs/s03-parameter-map-wave1-v210-m010-g100/runs/p01-s03-c0036-v210-m010-g100-sb0009.toml	bc429665db2c935674e0390d5582ccf894e1337a70427a88596c6f5dd2ba32c0	p01-neutral-feedback/s03-parameter-map-wave1-v210-m010-g100/p01-s03-c0036/sb0009	prepared
phase1-stage3-wave1-v210-m010-g100	p01-s03-c0036-v210-m010-g100-sb0010	p01-s03-c0036	c0036	v210-m010-g100	stage3-wave1	sb0010	675	0	p01-neutral-feedback/configs/s03-parameter-map-wave1-v210-m010-g100/runs/p01-s03-c0036-v210-m010-g100-sb0010.toml	a50117493108da8e75dafaf3551d2825dcebe45ff069c9c30ad9c189e32a79e2	p01-neutral-feedback/s03-parameter-map-wave1-v210-m010-g100/p01-s03-c0036/sb0010	prepared
phase1-stage3-wave1-v210-m010-g100	p01-s03-c0036-v210-m010-g100-sb0011	p01-s03-c0036	c0036	v210-m010-g100	stage3-wave1	sb0011	676	0	p01-neutral-feedback/configs/s03-parameter-map-wave1-v210-m010-g100/runs/p01-s03-c0036-v210-m010-g100-sb0011.toml	67f51cabbcecb42b546f102cf067022a40908242f2c4d25c340c6151cbbe9003	p01-neutral-feedback/s03-parameter-map-wave1-v210-m010-g100/p01-s03-c0036/sb0011	prepared
phase1-stage3-wave1-v210-m010-g100	p01-s03-c0036-v210-m010-g100-sb0012	p01-s03-c0036	c0036	v210-m010-g100	stage3-wave1	sb0012	677	0	p01-neutral-feedback/configs/s03-parameter-map-wave1-v210-m010-g100/runs/p01-s03-c0036-v210-m010-g100-sb0012.toml	8be9c5627ac2a31699e6dee5123ede1d9b44be6e5c14b401103ef0bfac176bbc	p01-neutral-feedback/s03-parameter-map-wave1-v210-m010-g100/p01-s03-c0036/sb0012	prepared
phase1-stage3-wave1-v210-m010-g100	p01-s03-c0037-v210-m010-g100-sb0001	p01-s03-c0037	c0037	v210-m010-g100	stage3-wave1	sb0001	666	0	p01-neutral-feedback/configs/s03-parameter-map-wave1-v210-m010-g100/runs/p01-s03-c0037-v210-m010-g100-sb0001.toml	801da3be36d82abcf1f277e87363aec537c24a2271a0a3cbc608b51e383dbeaf	p01-neutral-feedback/s03-parameter-map-wave1-v210-m010-g100/p01-s03-c0037/sb0001	prepared
phase1-stage3-wave1-v210-m010-g100	p01-s03-c0037-v210-m010-g100-sb0002	p01-s03-c0037	c0037	v210-m010-g100	stage3-wave1	sb0002	667	0	p01-neutral-feedback/configs/s03-parameter-map-wave1-v210-m010-g100/runs/p01-s03-c0037-v210-m010-g100-sb0002.toml	f6b5cfc0da1e6693b048e5a2dc9d959a178aa80c8d3b4946072cad28f489442c	p01-neutral-feedback/s03-parameter-map-wave1-v210-m010-g100/p01-s03-c0037/sb0002	prepared
phase1-stage3-wave1-v210-m010-g100	p01-s03-c0037-v210-m010-g100-sb0003	p01-s03-c0037	c0037	v210-m010-g100	stage3-wave1	sb0003	668	0	p01-neutral-feedback/configs/s03-parameter-map-wave1-v210-m010-g100/runs/p01-s03-c0037-v210-m010-g100-sb0003.toml	cd3a7fc238eec2b96a90cf08f0c098d63cf68e8e2e057a063d6c88e8f3950f5f	p01-neutral-feedback/s03-parameter-map-wave1-v210-m010-g100/p01-s03-c0037/sb0003	prepared
phase1-stage3-wave1-v210-m010-g100	p01-s03-c0037-v210-m010-g100-sb0004	p01-s03-c0037	c0037	v210-m010-g100	stage3-wave1	sb0004	669	0	p01-neutral-feedback/configs/s03-parameter-map-wave1-v210-m010-g100/runs/p01-s03-c0037-v210-m010-g100-sb0004.toml	ebaff23a159f62c7e65ecb7da582b9c3618b32ffa1c5462d34779a65116acf9c	p01-neutral-feedback/s03-parameter-map-wave1-v210-m010-g100/p01-s03-c0037/sb0004	prepared
phase1-stage3-wave1-v210-m010-g100	p01-s03-c0037-v210-m010-g100-sb0005	p01-s03-c0037	c0037	v210-m010-g100	stage3-wave1	sb0005	670	0	p01-neutral-feedback/configs/s03-parameter-map-wave1-v210-m010-g100/runs/p01-s03-c0037-v210-m010-g100-sb0005.toml	06ad4baeae83cdaad03664dbe413ab417e0c0b4851713d0496e160b23d50d5f2	p01-neutral-feedback/s03-parameter-map-wave1-v210-m010-g100/p01-s03-c0037/sb0005	prepared
phase1-stage3-wave1-v210-m010-g100	p01-s03-c0037-v210-m010-g100-sb0006	p01-s03-c0037	c0037	v210-m010-g100	stage3-wave1	sb0006	671	0	p01-neutral-feedback/configs/s03-parameter-map-wave1-v210-m010-g100/runs/p01-s03-c0037-v210-m010-g100-sb0006.toml	adfa0d42076f4c01afe15fc8db3a2b2a2f20f7c8cbeb7a57669ffa87da456809	p01-neutral-feedback/s03-parameter-map-wave1-v210-m010-g100/p01-s03-c0037/sb0006	prepared
phase1-stage3-wave1-v210-m010-g100	p01-s03-c0037-v210-m010-g100-sb0007	p01-s03-c0037	c0037	v210-m010-g100	stage3-wave1	sb0007	672	0	p01-neutral-feedback/configs/s03-parameter-map-wave1-v210-m010-g100/runs/p01-s03-c0037-v210-m010-g100-sb0007.toml	4b0ae73b2c9366dcb03d1f437cf578e1956e2befa8c05a857cd6243f26b4c8ea	p01-neutral-feedback/s03-parameter-map-wave1-v210-m010-g100/p01-s03-c0037/sb0007	prepared
phase1-stage3-wave1-v210-m010-g100	p01-s03-c0037-v210-m010-g100-sb0008	p01-s03-c0037	c0037	v210-m010-g100	stage3-wave1	sb0008	673	0	p01-neutral-feedback/configs/s03-parameter-map-wave1-v210-m010-g100/runs/p01-s03-c0037-v210-m010-g100-sb0008.toml	ef4fb3c929ed2c8f32ebc2298985db4f1675ee3332317c91a943f927d2a2253d	p01-neutral-feedback/s03-parameter-map-wave1-v210-m010-g100/p01-s03-c0037/sb0008	prepared
phase1-stage3-wave1-v210-m010-g100	p01-s03-c0037-v210-m010-g100-sb0009	p01-s03-c0037	c0037	v210-m010-g100	stage3-wave1	sb0009	674	0	p01-neutral-feedback/configs/s03-parameter-map-wave1-v210-m010-g100/runs/p01-s03-c0037-v210-m010-g100-sb0009.toml	b66e67ec103a43ea37cb90d32535a9ff9d458ed293dd6820b029e6eac7b8c9e8	p01-neutral-feedback/s03-parameter-map-wave1-v210-m010-g100/p01-s03-c0037/sb0009	prepared
phase1-stage3-wave1-v210-m010-g100	p01-s03-c0037-v210-m010-g100-sb0010	p01-s03-c0037	c0037	v210-m010-g100	stage3-wave1	sb0010	675	0	p01-neutral-feedback/configs/s03-parameter-map-wave1-v210-m010-g100/runs/p01-s03-c0037-v210-m010-g100-sb0010.toml	8b6787832cb253b9f3bf61c78e9db3a919f6df31420388a453b9e9b76a3c1425	p01-neutral-feedback/s03-parameter-map-wave1-v210-m010-g100/p01-s03-c0037/sb0010	prepared
phase1-stage3-wave1-v210-m010-g100	p01-s03-c0037-v210-m010-g100-sb0011	p01-s03-c0037	c0037	v210-m010-g100	stage3-wave1	sb0011	676	0	p01-neutral-feedback/configs/s03-parameter-map-wave1-v210-m010-g100/runs/p01-s03-c0037-v210-m010-g100-sb0011.toml	5c8bafd28735af2ab1eafcb3eaa88f268cf8a752d5d367eb3a53d998e077e9be	p01-neutral-feedback/s03-parameter-map-wave1-v210-m010-g100/p01-s03-c0037/sb0011	prepared
phase1-stage3-wave1-v210-m010-g100	p01-s03-c0037-v210-m010-g100-sb0012	p01-s03-c0037	c0037	v210-m010-g100	stage3-wave1	sb0012	677	0	p01-neutral-feedback/configs/s03-parameter-map-wave1-v210-m010-g100/runs/p01-s03-c0037-v210-m010-g100-sb0012.toml	5c83b13b57f873496e491fc1ad09e98048288ee22d7e926a119cd8d711617e12	p01-neutral-feedback/s03-parameter-map-wave1-v210-m010-g100/p01-s03-c0037/sb0012	prepared
phase1-stage3-wave1-v210-m010-g100	p01-s03-c0038-v210-m010-g100-sb0001	p01-s03-c0038	c0038	v210-m010-g100	stage3-wave1	sb0001	666	0	p01-neutral-feedback/configs/s03-parameter-map-wave1-v210-m010-g100/runs/p01-s03-c0038-v210-m010-g100-sb0001.toml	82a798721ae291b2fb7cae9c770031c6b82a8c31fa1de42b3521a6a967870b1f	p01-neutral-feedback/s03-parameter-map-wave1-v210-m010-g100/p01-s03-c0038/sb0001	prepared
phase1-stage3-wave1-v210-m010-g100	p01-s03-c0038-v210-m010-g100-sb0002	p01-s03-c0038	c0038	v210-m010-g100	stage3-wave1	sb0002	667	0	p01-neutral-feedback/configs/s03-parameter-map-wave1-v210-m010-g100/runs/p01-s03-c0038-v210-m010-g100-sb0002.toml	913c2f2ade3fc6525a4ec42b9e3c2ab8761f6449deb5499dde77b1f6dbd2bf62	p01-neutral-feedback/s03-parameter-map-wave1-v210-m010-g100/p01-s03-c0038/sb0002	prepared
phase1-stage3-wave1-v210-m010-g100	p01-s03-c0038-v210-m010-g100-sb0003	p01-s03-c0038	c0038	v210-m010-g100	stage3-wave1	sb0003	668	0	p01-neutral-feedback/configs/s03-parameter-map-wave1-v210-m010-g100/runs/p01-s03-c0038-v210-m010-g100-sb0003.toml	6c5103324a238a688eb63611c3ea4ebf55969d0b8888a783072bf1298e9de7c3	p01-neutral-feedback/s03-parameter-map-wave1-v210-m010-g100/p01-s03-c0038/sb0003	prepared
phase1-stage3-wave1-v210-m010-g100	p01-s03-c0038-v210-m010-g100-sb0004	p01-s03-c0038	c0038	v210-m010-g100	stage3-wave1	sb0004	669	0	p01-neutral-feedback/configs/s03-parameter-map-wave1-v210-m010-g100/runs/p01-s03-c0038-v210-m010-g100-sb0004.toml	323d57a6b5d9b88f7a57e31b765aee4d64ba5cb351f7daa743779250de3d589f	p01-neutral-feedback/s03-parameter-map-wave1-v210-m010-g100/p01-s03-c0038/sb0004	prepared
phase1-stage3-wave1-v210-m010-g100	p01-s03-c0038-v210-m010-g100-sb0005	p01-s03-c0038	c0038	v210-m010-g100	stage3-wave1	sb0005	670	0	p01-neutral-feedback/configs/s03-parameter-map-wave1-v210-m010-g100/runs/p01-s03-c0038-v210-m010-g100-sb0005.toml	a6d2bcc00a6b1e7e9320cb3f15b79dc61e54716dbd348935a1175e39a0ce2ae1	p01-neutral-feedback/s03-parameter-map-wave1-v210-m010-g100/p01-s03-c0038/sb0005	prepared
phase1-stage3-wave1-v210-m010-g100	p01-s03-c0038-v210-m010-g100-sb0006	p01-s03-c0038	c0038	v210-m010-g100	stage3-wave1	sb0006	671	0	p01-neutral-feedback/configs/s03-parameter-map-wave1-v210-m010-g100/runs/p01-s03-c0038-v210-m010-g100-sb0006.toml	c3ba0215e7d5a8e7d83f6f10ebb159d65c716b6b4a534a4e13836b191c0ad230	p01-neutral-feedback/s03-parameter-map-wave1-v210-m010-g100/p01-s03-c0038/sb0006	prepared
phase1-stage3-wave1-v210-m010-g100	p01-s03-c0038-v210-m010-g100-sb0007	p01-s03-c0038	c0038	v210-m010-g100	stage3-wave1	sb0007	672	0	p01-neutral-feedback/configs/s03-parameter-map-wave1-v210-m010-g100/runs/p01-s03-c0038-v210-m010-g100-sb0007.toml	07d836694d4c10a4fd1c5b0c28a1aa233b192e6ceb4d136fa88e9824d57fb020	p01-neutral-feedback/s03-parameter-map-wave1-v210-m010-g100/p01-s03-c0038/sb0007	prepared
phase1-stage3-wave1-v210-m010-g100	p01-s03-c0038-v210-m010-g100-sb0008	p01-s03-c0038	c0038	v210-m010-g100	stage3-wave1	sb0008	673	0	p01-neutral-feedback/configs/s03-parameter-map-wave1-v210-m010-g100/runs/p01-s03-c0038-v210-m010-g100-sb0008.toml	93571003beda2acb8be165c2ba2281451f7feb6ab6671affc2c322d913dd4387	p01-neutral-feedback/s03-parameter-map-wave1-v210-m010-g100/p01-s03-c0038/sb0008	prepared
phase1-stage3-wave1-v210-m010-g100	p01-s03-c0038-v210-m010-g100-sb0009	p01-s03-c0038	c0038	v210-m010-g100	stage3-wave1	sb0009	674	0	p01-neutral-feedback/configs/s03-parameter-map-wave1-v210-m010-g100/runs/p01-s03-c0038-v210-m010-g100-sb0009.toml	44b5555fefd240d6474cba5be06f75bcb225ef06481abe41b03ae71086da98bc	p01-neutral-feedback/s03-parameter-map-wave1-v210-m010-g100/p01-s03-c0038/sb0009	prepared
phase1-stage3-wave1-v210-m010-g100	p01-s03-c0038-v210-m010-g100-sb0010	p01-s03-c0038	c0038	v210-m010-g100	stage3-wave1	sb0010	675	0	p01-neutral-feedback/configs/s03-parameter-map-wave1-v210-m010-g100/runs/p01-s03-c0038-v210-m010-g100-sb0010.toml	c78e2508559622520aed68cdfd0dbbf369b38804c1d7a14792cf27d30178f1e6	p01-neutral-feedback/s03-parameter-map-wave1-v210-m010-g100/p01-s03-c0038/sb0010	prepared
phase1-stage3-wave1-v210-m010-g100	p01-s03-c0038-v210-m010-g100-sb0011	p01-s03-c0038	c0038	v210-m010-g100	stage3-wave1	sb0011	676	0	p01-neutral-feedback/configs/s03-parameter-map-wave1-v210-m010-g100/runs/p01-s03-c0038-v210-m010-g100-sb0011.toml	7b88d72d3e77b78c18905fc4434b630f559d63feb0783d3733e4e6cc3ff55edc	p01-neutral-feedback/s03-parameter-map-wave1-v210-m010-g100/p01-s03-c0038/sb0011	prepared
phase1-stage3-wave1-v210-m010-g100	p01-s03-c0038-v210-m010-g100-sb0012	p01-s03-c0038	c0038	v210-m010-g100	stage3-wave1	sb0012	677	0	p01-neutral-feedback/configs/s03-parameter-map-wave1-v210-m010-g100/runs/p01-s03-c0038-v210-m010-g100-sb0012.toml	6663187e0afa4f61c3abca61c67b6fd05749d2a02b0d6d5ed11b7d2311dfd8ac	p01-neutral-feedback/s03-parameter-map-wave1-v210-m010-g100/p01-s03-c0038/sb0012	prepared
phase1-stage3-wave1-v210-m010-g100	p01-s03-c0039-v210-m010-g100-sb0001	p01-s03-c0039	c0039	v210-m010-g100	stage3-wave1	sb0001	666	0	p01-neutral-feedback/configs/s03-parameter-map-wave1-v210-m010-g100/runs/p01-s03-c0039-v210-m010-g100-sb0001.toml	a9aec60d2acf56990b91d2f4f5ec78f160bc002eb169632faa0540d66c6ffcd1	p01-neutral-feedback/s03-parameter-map-wave1-v210-m010-g100/p01-s03-c0039/sb0001	prepared
phase1-stage3-wave1-v210-m010-g100	p01-s03-c0039-v210-m010-g100-sb0002	p01-s03-c0039	c0039	v210-m010-g100	stage3-wave1	sb0002	667	0	p01-neutral-feedback/configs/s03-parameter-map-wave1-v210-m010-g100/runs/p01-s03-c0039-v210-m010-g100-sb0002.toml	cb765df1aca16d091c524a4dac83aa37d502c048022f4884ec562bc1486ba8d5	p01-neutral-feedback/s03-parameter-map-wave1-v210-m010-g100/p01-s03-c0039/sb0002	prepared
phase1-stage3-wave1-v210-m010-g100	p01-s03-c0039-v210-m010-g100-sb0003	p01-s03-c0039	c0039	v210-m010-g100	stage3-wave1	sb0003	668	0	p01-neutral-feedback/configs/s03-parameter-map-wave1-v210-m010-g100/runs/p01-s03-c0039-v210-m010-g100-sb0003.toml	095ca495574cb3cefd57c4e5fc6606834ceef1a9ceb42b532d954b5586f7feca	p01-neutral-feedback/s03-parameter-map-wave1-v210-m010-g100/p01-s03-c0039/sb0003	prepared
phase1-stage3-wave1-v210-m010-g100	p01-s03-c0039-v210-m010-g100-sb0004	p01-s03-c0039	c0039	v210-m010-g100	stage3-wave1	sb0004	669	0	p01-neutral-feedback/configs/s03-parameter-map-wave1-v210-m010-g100/runs/p01-s03-c0039-v210-m010-g100-sb0004.toml	edcf6d25e2de60a7d51c20fd8ae897caab43078f429f896dafd9035e5bd74288	p01-neutral-feedback/s03-parameter-map-wave1-v210-m010-g100/p01-s03-c0039/sb0004	prepared
phase1-stage3-wave1-v210-m010-g100	p01-s03-c0039-v210-m010-g100-sb0005	p01-s03-c0039	c0039	v210-m010-g100	stage3-wave1	sb0005	670	0	p01-neutral-feedback/configs/s03-parameter-map-wave1-v210-m010-g100/runs/p01-s03-c0039-v210-m010-g100-sb0005.toml	12d67bdf28d1f8deb26e8153c2c816f1cee8ef706351b02cdd0c5193419ea161	p01-neutral-feedback/s03-parameter-map-wave1-v210-m010-g100/p01-s03-c0039/sb0005	prepared
phase1-stage3-wave1-v210-m010-g100	p01-s03-c0039-v210-m010-g100-sb0006	p01-s03-c0039	c0039	v210-m010-g100	stage3-wave1	sb0006	671	0	p01-neutral-feedback/configs/s03-parameter-map-wave1-v210-m010-g100/runs/p01-s03-c0039-v210-m010-g100-sb0006.toml	a6c8ecc125c4b02f44d4cfafa2699ce07dc6a78b7a287c25de6a51873b15960b	p01-neutral-feedback/s03-parameter-map-wave1-v210-m010-g100/p01-s03-c0039/sb0006	prepared
phase1-stage3-wave1-v210-m010-g100	p01-s03-c0039-v210-m010-g100-sb0007	p01-s03-c0039	c0039	v210-m010-g100	stage3-wave1	sb0007	672	0	p01-neutral-feedback/configs/s03-parameter-map-wave1-v210-m010-g100/runs/p01-s03-c0039-v210-m010-g100-sb0007.toml	14f5286b152b6e040325ff8dee73fbe4e09dd9644250f4c6e1531a4944ba34cb	p01-neutral-feedback/s03-parameter-map-wave1-v210-m010-g100/p01-s03-c0039/sb0007	prepared
phase1-stage3-wave1-v210-m010-g100	p01-s03-c0039-v210-m010-g100-sb0008	p01-s03-c0039	c0039	v210-m010-g100	stage3-wave1	sb0008	673	0	p01-neutral-feedback/configs/s03-parameter-map-wave1-v210-m010-g100/runs/p01-s03-c0039-v210-m010-g100-sb0008.toml	316e04bb71a5120f86f669b0235b657d3c67ee197d9af1a8a7e185fdf665f499	p01-neutral-feedback/s03-parameter-map-wave1-v210-m010-g100/p01-s03-c0039/sb0008	prepared
phase1-stage3-wave1-v210-m010-g100	p01-s03-c0039-v210-m010-g100-sb0009	p01-s03-c0039	c0039	v210-m010-g100	stage3-wave1	sb0009	674	0	p01-neutral-feedback/configs/s03-parameter-map-wave1-v210-m010-g100/runs/p01-s03-c0039-v210-m010-g100-sb0009.toml	d4c83a59f4ea11f0b4d3cec65880d2fdb4777a759b4046f55d31648af21f59c9	p01-neutral-feedback/s03-parameter-map-wave1-v210-m010-g100/p01-s03-c0039/sb0009	prepared
phase1-stage3-wave1-v210-m010-g100	p01-s03-c0039-v210-m010-g100-sb0010	p01-s03-c0039	c0039	v210-m010-g100	stage3-wave1	sb0010	675	0	p01-neutral-feedback/configs/s03-parameter-map-wave1-v210-m010-g100/runs/p01-s03-c0039-v210-m010-g100-sb0010.toml	88660501bf5d9c104647b6e011fb651b597efe4057758be1ebeaec1947c1ce58	p01-neutral-feedback/s03-parameter-map-wave1-v210-m010-g100/p01-s03-c0039/sb0010	prepared
phase1-stage3-wave1-v210-m010-g100	p01-s03-c0039-v210-m010-g100-sb0011	p01-s03-c0039	c0039	v210-m010-g100	stage3-wave1	sb0011	676	0	p01-neutral-feedback/configs/s03-parameter-map-wave1-v210-m010-g100/runs/p01-s03-c0039-v210-m010-g100-sb0011.toml	c16f86fa9841493f7158babd078681810c7f4c1bba9f8afc0934120cd48267df	p01-neutral-feedback/s03-parameter-map-wave1-v210-m010-g100/p01-s03-c0039/sb0011	prepared
phase1-stage3-wave1-v210-m010-g100	p01-s03-c0039-v210-m010-g100-sb0012	p01-s03-c0039	c0039	v210-m010-g100	stage3-wave1	sb0012	677	0	p01-neutral-feedback/configs/s03-parameter-map-wave1-v210-m010-g100/runs/p01-s03-c0039-v210-m010-g100-sb0012.toml	aa4443d30a23db4f18407c883c653070a07fe2488e1b1c0ffdfc67a2922b1997	p01-neutral-feedback/s03-parameter-map-wave1-v210-m010-g100/p01-s03-c0039/sb0012	prepared
phase1-stage3-wave1-v210-m010-g100	p01-s03-c0040-v210-m010-g100-sb0001	p01-s03-c0040	c0040	v210-m010-g100	stage3-wave1	sb0001	666	0	p01-neutral-feedback/configs/s03-parameter-map-wave1-v210-m010-g100/runs/p01-s03-c0040-v210-m010-g100-sb0001.toml	cb7bb95127560f4e94ccc65dd1febff9dd9ce6ebd22166276e5adbbd7fc71067	p01-neutral-feedback/s03-parameter-map-wave1-v210-m010-g100/p01-s03-c0040/sb0001	prepared
phase1-stage3-wave1-v210-m010-g100	p01-s03-c0040-v210-m010-g100-sb0002	p01-s03-c0040	c0040	v210-m010-g100	stage3-wave1	sb0002	667	0	p01-neutral-feedback/configs/s03-parameter-map-wave1-v210-m010-g100/runs/p01-s03-c0040-v210-m010-g100-sb0002.toml	56e9f9873135a5cdd9975a80b606aa070ecb4a9eb2586a24bb44d451a600c692	p01-neutral-feedback/s03-parameter-map-wave1-v210-m010-g100/p01-s03-c0040/sb0002	prepared
phase1-stage3-wave1-v210-m010-g100	p01-s03-c0040-v210-m010-g100-sb0003	p01-s03-c0040	c0040	v210-m010-g100	stage3-wave1	sb0003	668	0	p01-neutral-feedback/configs/s03-parameter-map-wave1-v210-m010-g100/runs/p01-s03-c0040-v210-m010-g100-sb0003.toml	b68952c1cb6dd15f335708293072fa1d4f930f3b3f4b02ce15c05a8ce420a2e0	p01-neutral-feedback/s03-parameter-map-wave1-v210-m010-g100/p01-s03-c0040/sb0003	prepared
phase1-stage3-wave1-v210-m010-g100	p01-s03-c0040-v210-m010-g100-sb0004	p01-s03-c0040	c0040	v210-m010-g100	stage3-wave1	sb0004	669	0	p01-neutral-feedback/configs/s03-parameter-map-wave1-v210-m010-g100/runs/p01-s03-c0040-v210-m010-g100-sb0004.toml	ed93734d080a53f99c58e48b1faf6fecac624bb2178fc3481ad68c4a32fdfb0b	p01-neutral-feedback/s03-parameter-map-wave1-v210-m010-g100/p01-s03-c0040/sb0004	prepared
phase1-stage3-wave1-v210-m010-g100	p01-s03-c0040-v210-m010-g100-sb0005	p01-s03-c0040	c0040	v210-m010-g100	stage3-wave1	sb0005	670	0	p01-neutral-feedback/configs/s03-parameter-map-wave1-v210-m010-g100/runs/p01-s03-c0040-v210-m010-g100-sb0005.toml	e4484b5d66e3c28719fda622f48e1bbb739be9595520bdff60d58abdee6e9b84	p01-neutral-feedback/s03-parameter-map-wave1-v210-m010-g100/p01-s03-c0040/sb0005	prepared
phase1-stage3-wave1-v210-m010-g100	p01-s03-c0040-v210-m010-g100-sb0006	p01-s03-c0040	c0040	v210-m010-g100	stage3-wave1	sb0006	671	0	p01-neutral-feedback/configs/s03-parameter-map-wave1-v210-m010-g100/runs/p01-s03-c0040-v210-m010-g100-sb0006.toml	a72c27b3e2baa9b00d7149e6b7d27ba928dfca7f06fe73c068cdcf34893e6b78	p01-neutral-feedback/s03-parameter-map-wave1-v210-m010-g100/p01-s03-c0040/sb0006	prepared
phase1-stage3-wave1-v210-m010-g100	p01-s03-c0040-v210-m010-g100-sb0007	p01-s03-c0040	c0040	v210-m010-g100	stage3-wave1	sb0007	672	0	p01-neutral-feedback/configs/s03-parameter-map-wave1-v210-m010-g100/runs/p01-s03-c0040-v210-m010-g100-sb0007.toml	ed80a0bab268391b47f09136d485fe1cd909ad92e8927a4d478e2e3a9772deb4	p01-neutral-feedback/s03-parameter-map-wave1-v210-m010-g100/p01-s03-c0040/sb0007	prepared
phase1-stage3-wave1-v210-m010-g100	p01-s03-c0040-v210-m010-g100-sb0008	p01-s03-c0040	c0040	v210-m010-g100	stage3-wave1	sb0008	673	0	p01-neutral-feedback/configs/s03-parameter-map-wave1-v210-m010-g100/runs/p01-s03-c0040-v210-m010-g100-sb0008.toml	11be276b87e1d58c91729a9e5638408d5e831cf181f7631a142c588e78008975	p01-neutral-feedback/s03-parameter-map-wave1-v210-m010-g100/p01-s03-c0040/sb0008	prepared
phase1-stage3-wave1-v210-m010-g100	p01-s03-c0040-v210-m010-g100-sb0009	p01-s03-c0040	c0040	v210-m010-g100	stage3-wave1	sb0009	674	0	p01-neutral-feedback/configs/s03-parameter-map-wave1-v210-m010-g100/runs/p01-s03-c0040-v210-m010-g100-sb0009.toml	c55fc5ee98bb2502a0d3c40a52c4255790e61f82aeb0098dc5a69ec59a7f1ba9	p01-neutral-feedback/s03-parameter-map-wave1-v210-m010-g100/p01-s03-c0040/sb0009	prepared
phase1-stage3-wave1-v210-m010-g100	p01-s03-c0040-v210-m010-g100-sb0010	p01-s03-c0040	c0040	v210-m010-g100	stage3-wave1	sb0010	675	0	p01-neutral-feedback/configs/s03-parameter-map-wave1-v210-m010-g100/runs/p01-s03-c0040-v210-m010-g100-sb0010.toml	2ed4fe9b30ac35479abbf03fe9b6e7d4f6b4f23dd46acec2ac0f1981ee1dfe22	p01-neutral-feedback/s03-parameter-map-wave1-v210-m010-g100/p01-s03-c0040/sb0010	prepared
phase1-stage3-wave1-v210-m010-g100	p01-s03-c0040-v210-m010-g100-sb0011	p01-s03-c0040	c0040	v210-m010-g100	stage3-wave1	sb0011	676	0	p01-neutral-feedback/configs/s03-parameter-map-wave1-v210-m010-g100/runs/p01-s03-c0040-v210-m010-g100-sb0011.toml	11d0adbc7882a09e77b28ab3deb916fc3820c6f721d4455502ad8d9fb4417d77	p01-neutral-feedback/s03-parameter-map-wave1-v210-m010-g100/p01-s03-c0040/sb0011	prepared
phase1-stage3-wave1-v210-m010-g100	p01-s03-c0040-v210-m010-g100-sb0012	p01-s03-c0040	c0040	v210-m010-g100	stage3-wave1	sb0012	677	0	p01-neutral-feedback/configs/s03-parameter-map-wave1-v210-m010-g100/runs/p01-s03-c0040-v210-m010-g100-sb0012.toml	ea234c77c9a81ea0191df3ff2e140d3307df883d5a31cf77d7e6d8fcc7b2979b	p01-neutral-feedback/s03-parameter-map-wave1-v210-m010-g100/p01-s03-c0040/sb0012	prepared
phase1-stage3-wave1-v210-m010-g100	p01-s03-c0041-v210-m010-g100-sb0001	p01-s03-c0041	c0041	v210-m010-g100	stage3-wave1	sb0001	666	0	p01-neutral-feedback/configs/s03-parameter-map-wave1-v210-m010-g100/runs/p01-s03-c0041-v210-m010-g100-sb0001.toml	b9f6c9fbe92ed77c4b1740c8cc6d225d57f8b3c1b52d60c1e5b193312654297e	p01-neutral-feedback/s03-parameter-map-wave1-v210-m010-g100/p01-s03-c0041/sb0001	prepared
phase1-stage3-wave1-v210-m010-g100	p01-s03-c0041-v210-m010-g100-sb0002	p01-s03-c0041	c0041	v210-m010-g100	stage3-wave1	sb0002	667	0	p01-neutral-feedback/configs/s03-parameter-map-wave1-v210-m010-g100/runs/p01-s03-c0041-v210-m010-g100-sb0002.toml	f2f4cfab4727c426b3067b5ab804a1deecc0bd70706d32e51b6e40f4895ba8ca	p01-neutral-feedback/s03-parameter-map-wave1-v210-m010-g100/p01-s03-c0041/sb0002	prepared
phase1-stage3-wave1-v210-m010-g100	p01-s03-c0041-v210-m010-g100-sb0003	p01-s03-c0041	c0041	v210-m010-g100	stage3-wave1	sb0003	668	0	p01-neutral-feedback/configs/s03-parameter-map-wave1-v210-m010-g100/runs/p01-s03-c0041-v210-m010-g100-sb0003.toml	c82823b08d4d644194c5f49ec46039bd59604fcbca21135781d751f01c252805	p01-neutral-feedback/s03-parameter-map-wave1-v210-m010-g100/p01-s03-c0041/sb0003	prepared
phase1-stage3-wave1-v210-m010-g100	p01-s03-c0041-v210-m010-g100-sb0004	p01-s03-c0041	c0041	v210-m010-g100	stage3-wave1	sb0004	669	0	p01-neutral-feedback/configs/s03-parameter-map-wave1-v210-m010-g100/runs/p01-s03-c0041-v210-m010-g100-sb0004.toml	b264ddfd8e81036c55288236ca9081a4cffeebc37a576be2507a250a8bc0631b	p01-neutral-feedback/s03-parameter-map-wave1-v210-m010-g100/p01-s03-c0041/sb0004	prepared
phase1-stage3-wave1-v210-m010-g100	p01-s03-c0041-v210-m010-g100-sb0005	p01-s03-c0041	c0041	v210-m010-g100	stage3-wave1	sb0005	670	0	p01-neutral-feedback/configs/s03-parameter-map-wave1-v210-m010-g100/runs/p01-s03-c0041-v210-m010-g100-sb0005.toml	0c7e2e528f54d29218d91c0eeb695ee7b9d99849d47dc7de8f7777583b241c85	p01-neutral-feedback/s03-parameter-map-wave1-v210-m010-g100/p01-s03-c0041/sb0005	prepared
phase1-stage3-wave1-v210-m010-g100	p01-s03-c0041-v210-m010-g100-sb0006	p01-s03-c0041	c0041	v210-m010-g100	stage3-wave1	sb0006	671	0	p01-neutral-feedback/configs/s03-parameter-map-wave1-v210-m010-g100/runs/p01-s03-c0041-v210-m010-g100-sb0006.toml	2e51e795872020fe8dc723e393b5e84554d6a24d44a2a83608a46cdc314da705	p01-neutral-feedback/s03-parameter-map-wave1-v210-m010-g100/p01-s03-c0041/sb0006	prepared
phase1-stage3-wave1-v210-m010-g100	p01-s03-c0041-v210-m010-g100-sb0007	p01-s03-c0041	c0041	v210-m010-g100	stage3-wave1	sb0007	672	0	p01-neutral-feedback/configs/s03-parameter-map-wave1-v210-m010-g100/runs/p01-s03-c0041-v210-m010-g100-sb0007.toml	b8518293e188d71937c28d791f61efd1910269de9595d0099a439d14dd1ba8bc	p01-neutral-feedback/s03-parameter-map-wave1-v210-m010-g100/p01-s03-c0041/sb0007	prepared
phase1-stage3-wave1-v210-m010-g100	p01-s03-c0041-v210-m010-g100-sb0008	p01-s03-c0041	c0041	v210-m010-g100	stage3-wave1	sb0008	673	0	p01-neutral-feedback/configs/s03-parameter-map-wave1-v210-m010-g100/runs/p01-s03-c0041-v210-m010-g100-sb0008.toml	f6c7dc3394dbfc7be46d1611c5ecfc821b413cd4f08af23f4c832f29b7cc3313	p01-neutral-feedback/s03-parameter-map-wave1-v210-m010-g100/p01-s03-c0041/sb0008	prepared
phase1-stage3-wave1-v210-m010-g100	p01-s03-c0041-v210-m010-g100-sb0009	p01-s03-c0041	c0041	v210-m010-g100	stage3-wave1	sb0009	674	0	p01-neutral-feedback/configs/s03-parameter-map-wave1-v210-m010-g100/runs/p01-s03-c0041-v210-m010-g100-sb0009.toml	0f18435d4a530587090fd4257c4483a5650e8ace7b99498c6f306e694e831716	p01-neutral-feedback/s03-parameter-map-wave1-v210-m010-g100/p01-s03-c0041/sb0009	prepared
phase1-stage3-wave1-v210-m010-g100	p01-s03-c0041-v210-m010-g100-sb0010	p01-s03-c0041	c0041	v210-m010-g100	stage3-wave1	sb0010	675	0	p01-neutral-feedback/configs/s03-parameter-map-wave1-v210-m010-g100/runs/p01-s03-c0041-v210-m010-g100-sb0010.toml	5e1a7db2f288f9328773b5299c657a6797c6febd29040d27b183c5520ce4a3f9	p01-neutral-feedback/s03-parameter-map-wave1-v210-m010-g100/p01-s03-c0041/sb0010	prepared
phase1-stage3-wave1-v210-m010-g100	p01-s03-c0041-v210-m010-g100-sb0011	p01-s03-c0041	c0041	v210-m010-g100	stage3-wave1	sb0011	676	0	p01-neutral-feedback/configs/s03-parameter-map-wave1-v210-m010-g100/runs/p01-s03-c0041-v210-m010-g100-sb0011.toml	62e4a7c6fdce80558f3763f61bc4980af7d386d4bff58ea5f4c4adfdd79eb14b	p01-neutral-feedback/s03-parameter-map-wave1-v210-m010-g100/p01-s03-c0041/sb0011	prepared
phase1-stage3-wave1-v210-m010-g100	p01-s03-c0041-v210-m010-g100-sb0012	p01-s03-c0041	c0041	v210-m010-g100	stage3-wave1	sb0012	677	0	p01-neutral-feedback/configs/s03-parameter-map-wave1-v210-m010-g100/runs/p01-s03-c0041-v210-m010-g100-sb0012.toml	0edbbbe4554bf85cf47a83134d70ab00197dd4129e44e5d3f1cce9eb5654944b	p01-neutral-feedback/s03-parameter-map-wave1-v210-m010-g100/p01-s03-c0041/sb0012	prepared
phase1-stage3-wave1-v210-m010-g100	p01-s03-c0042-v210-m010-g100-sb0001	p01-s03-c0042	c0042	v210-m010-g100	stage3-wave1	sb0001	666	0	p01-neutral-feedback/configs/s03-parameter-map-wave1-v210-m010-g100/runs/p01-s03-c0042-v210-m010-g100-sb0001.toml	14610c1ede153cabb09e61bd502ab81e54bbf60aaa75c6bb3383abe226f4d691	p01-neutral-feedback/s03-parameter-map-wave1-v210-m010-g100/p01-s03-c0042/sb0001	prepared
phase1-stage3-wave1-v210-m010-g100	p01-s03-c0042-v210-m010-g100-sb0002	p01-s03-c0042	c0042	v210-m010-g100	stage3-wave1	sb0002	667	0	p01-neutral-feedback/configs/s03-parameter-map-wave1-v210-m010-g100/runs/p01-s03-c0042-v210-m010-g100-sb0002.toml	c0aceb257a4fbf49aaf40aefb5678066deab680f9316e9ce493e5a7e6c2c0303	p01-neutral-feedback/s03-parameter-map-wave1-v210-m010-g100/p01-s03-c0042/sb0002	prepared
phase1-stage3-wave1-v210-m010-g100	p01-s03-c0042-v210-m010-g100-sb0003	p01-s03-c0042	c0042	v210-m010-g100	stage3-wave1	sb0003	668	0	p01-neutral-feedback/configs/s03-parameter-map-wave1-v210-m010-g100/runs/p01-s03-c0042-v210-m010-g100-sb0003.toml	a410243435a4237440ad40d6e7b6299c52cb8213db5826412098786a1aafb191	p01-neutral-feedback/s03-parameter-map-wave1-v210-m010-g100/p01-s03-c0042/sb0003	prepared
phase1-stage3-wave1-v210-m010-g100	p01-s03-c0042-v210-m010-g100-sb0004	p01-s03-c0042	c0042	v210-m010-g100	stage3-wave1	sb0004	669	0	p01-neutral-feedback/configs/s03-parameter-map-wave1-v210-m010-g100/runs/p01-s03-c0042-v210-m010-g100-sb0004.toml	29f93eb129dcd40117f27527e2ec257e94b857c7daf82e1f148a519750c88c02	p01-neutral-feedback/s03-parameter-map-wave1-v210-m010-g100/p01-s03-c0042/sb0004	prepared
phase1-stage3-wave1-v210-m010-g100	p01-s03-c0042-v210-m010-g100-sb0005	p01-s03-c0042	c0042	v210-m010-g100	stage3-wave1	sb0005	670	0	p01-neutral-feedback/configs/s03-parameter-map-wave1-v210-m010-g100/runs/p01-s03-c0042-v210-m010-g100-sb0005.toml	0916b555cf03648f57337ca96d30923868f62233f24fa76a809eaed14643ca0b	p01-neutral-feedback/s03-parameter-map-wave1-v210-m010-g100/p01-s03-c0042/sb0005	prepared
phase1-stage3-wave1-v210-m010-g100	p01-s03-c0042-v210-m010-g100-sb0006	p01-s03-c0042	c0042	v210-m010-g100	stage3-wave1	sb0006	671	0	p01-neutral-feedback/configs/s03-parameter-map-wave1-v210-m010-g100/runs/p01-s03-c0042-v210-m010-g100-sb0006.toml	e339dc964a341757afa4746d6cc9cc6f17dbfc91cf2a1cd86291ef6c317979a7	p01-neutral-feedback/s03-parameter-map-wave1-v210-m010-g100/p01-s03-c0042/sb0006	prepared
phase1-stage3-wave1-v210-m010-g100	p01-s03-c0042-v210-m010-g100-sb0007	p01-s03-c0042	c0042	v210-m010-g100	stage3-wave1	sb0007	672	0	p01-neutral-feedback/configs/s03-parameter-map-wave1-v210-m010-g100/runs/p01-s03-c0042-v210-m010-g100-sb0007.toml	92f7c897000baf72470ca5f2dd039e136eb5b146139cef21465b5c3fa162c578	p01-neutral-feedback/s03-parameter-map-wave1-v210-m010-g100/p01-s03-c0042/sb0007	prepared
phase1-stage3-wave1-v210-m010-g100	p01-s03-c0042-v210-m010-g100-sb0008	p01-s03-c0042	c0042	v210-m010-g100	stage3-wave1	sb0008	673	0	p01-neutral-feedback/configs/s03-parameter-map-wave1-v210-m010-g100/runs/p01-s03-c0042-v210-m010-g100-sb0008.toml	2590781dfc6d4f12a86b8a25fde4e18929a3a0d4e6ec01fc90603c2da453b5f4	p01-neutral-feedback/s03-parameter-map-wave1-v210-m010-g100/p01-s03-c0042/sb0008	prepared
phase1-stage3-wave1-v210-m010-g100	p01-s03-c0042-v210-m010-g100-sb0009	p01-s03-c0042	c0042	v210-m010-g100	stage3-wave1	sb0009	674	0	p01-neutral-feedback/configs/s03-parameter-map-wave1-v210-m010-g100/runs/p01-s03-c0042-v210-m010-g100-sb0009.toml	59c85724ad15c3274903d770bce97d262b40d1f90489b9368f5c17ee19b76d18	p01-neutral-feedback/s03-parameter-map-wave1-v210-m010-g100/p01-s03-c0042/sb0009	prepared
phase1-stage3-wave1-v210-m010-g100	p01-s03-c0042-v210-m010-g100-sb0010	p01-s03-c0042	c0042	v210-m010-g100	stage3-wave1	sb0010	675	0	p01-neutral-feedback/configs/s03-parameter-map-wave1-v210-m010-g100/runs/p01-s03-c0042-v210-m010-g100-sb0010.toml	f64a26869e44ee01ab7b3283bd370cd8385a353ce97ef2b44353d8b0902d91c3	p01-neutral-feedback/s03-parameter-map-wave1-v210-m010-g100/p01-s03-c0042/sb0010	prepared
phase1-stage3-wave1-v210-m010-g100	p01-s03-c0042-v210-m010-g100-sb0011	p01-s03-c0042	c0042	v210-m010-g100	stage3-wave1	sb0011	676	0	p01-neutral-feedback/configs/s03-parameter-map-wave1-v210-m010-g100/runs/p01-s03-c0042-v210-m010-g100-sb0011.toml	0d219ad1e876f3f3ac3391dcbd783b122b6f5989d91eed05b203d6b7c4e5336c	p01-neutral-feedback/s03-parameter-map-wave1-v210-m010-g100/p01-s03-c0042/sb0011	prepared
phase1-stage3-wave1-v210-m010-g100	p01-s03-c0042-v210-m010-g100-sb0012	p01-s03-c0042	c0042	v210-m010-g100	stage3-wave1	sb0012	677	0	p01-neutral-feedback/configs/s03-parameter-map-wave1-v210-m010-g100/runs/p01-s03-c0042-v210-m010-g100-sb0012.toml	9cfb8a58bad1884fb1f8a451b2323cb668bf074a48492ff0d16bb49a4d80b008	p01-neutral-feedback/s03-parameter-map-wave1-v210-m010-g100/p01-s03-c0042/sb0012	prepared
phase1-stage3-wave1-v210-m010-g100	p01-s03-c0043-v210-m010-g100-sb0001	p01-s03-c0043	c0043	v210-m010-g100	stage3-wave1	sb0001	666	0	p01-neutral-feedback/configs/s03-parameter-map-wave1-v210-m010-g100/runs/p01-s03-c0043-v210-m010-g100-sb0001.toml	4369ebc3c7c468b8f09e01b95556b50e83948cc81989f3811aa9f9875ae02edd	p01-neutral-feedback/s03-parameter-map-wave1-v210-m010-g100/p01-s03-c0043/sb0001	prepared
phase1-stage3-wave1-v210-m010-g100	p01-s03-c0043-v210-m010-g100-sb0002	p01-s03-c0043	c0043	v210-m010-g100	stage3-wave1	sb0002	667	0	p01-neutral-feedback/configs/s03-parameter-map-wave1-v210-m010-g100/runs/p01-s03-c0043-v210-m010-g100-sb0002.toml	b1225da499afae92431ff811f568ce484d7b40d0356630e8ca7067093b1d03d0	p01-neutral-feedback/s03-parameter-map-wave1-v210-m010-g100/p01-s03-c0043/sb0002	prepared
phase1-stage3-wave1-v210-m010-g100	p01-s03-c0043-v210-m010-g100-sb0003	p01-s03-c0043	c0043	v210-m010-g100	stage3-wave1	sb0003	668	0	p01-neutral-feedback/configs/s03-parameter-map-wave1-v210-m010-g100/runs/p01-s03-c0043-v210-m010-g100-sb0003.toml	fb26e440ef7d28d259de98364a8d94d2e3e4443af4c382e6b4ad49a365825783	p01-neutral-feedback/s03-parameter-map-wave1-v210-m010-g100/p01-s03-c0043/sb0003	prepared
phase1-stage3-wave1-v210-m010-g100	p01-s03-c0043-v210-m010-g100-sb0004	p01-s03-c0043	c0043	v210-m010-g100	stage3-wave1	sb0004	669	0	p01-neutral-feedback/configs/s03-parameter-map-wave1-v210-m010-g100/runs/p01-s03-c0043-v210-m010-g100-sb0004.toml	e49e04ad3d72e814fa97bcc0893b250e5d43c5f3cf55f709b60c46529892fc5f	p01-neutral-feedback/s03-parameter-map-wave1-v210-m010-g100/p01-s03-c0043/sb0004	prepared
phase1-stage3-wave1-v210-m010-g100	p01-s03-c0043-v210-m010-g100-sb0005	p01-s03-c0043	c0043	v210-m010-g100	stage3-wave1	sb0005	670	0	p01-neutral-feedback/configs/s03-parameter-map-wave1-v210-m010-g100/runs/p01-s03-c0043-v210-m010-g100-sb0005.toml	4e0afc29fd3e08f003efddcbfaab4e5d8214c5c6fd8dcb8cf3bc7369b3559e29	p01-neutral-feedback/s03-parameter-map-wave1-v210-m010-g100/p01-s03-c0043/sb0005	prepared
phase1-stage3-wave1-v210-m010-g100	p01-s03-c0043-v210-m010-g100-sb0006	p01-s03-c0043	c0043	v210-m010-g100	stage3-wave1	sb0006	671	0	p01-neutral-feedback/configs/s03-parameter-map-wave1-v210-m010-g100/runs/p01-s03-c0043-v210-m010-g100-sb0006.toml	9693a0923e66d6032ce440e2d1997d8ef4141a05d1c02236c839e96fe0558c4a	p01-neutral-feedback/s03-parameter-map-wave1-v210-m010-g100/p01-s03-c0043/sb0006	prepared
phase1-stage3-wave1-v210-m010-g100	p01-s03-c0043-v210-m010-g100-sb0007	p01-s03-c0043	c0043	v210-m010-g100	stage3-wave1	sb0007	672	0	p01-neutral-feedback/configs/s03-parameter-map-wave1-v210-m010-g100/runs/p01-s03-c0043-v210-m010-g100-sb0007.toml	27580ebb9d552c8a5b5b9827f6bce2fa2e35161a0423ead38d9fa42bd708975e	p01-neutral-feedback/s03-parameter-map-wave1-v210-m010-g100/p01-s03-c0043/sb0007	prepared
phase1-stage3-wave1-v210-m010-g100	p01-s03-c0043-v210-m010-g100-sb0008	p01-s03-c0043	c0043	v210-m010-g100	stage3-wave1	sb0008	673	0	p01-neutral-feedback/configs/s03-parameter-map-wave1-v210-m010-g100/runs/p01-s03-c0043-v210-m010-g100-sb0008.toml	8ba541bbcbf057b44e50e19e9b8e73fc0672aa12a776f6e7ebcff2c8c4deb192	p01-neutral-feedback/s03-parameter-map-wave1-v210-m010-g100/p01-s03-c0043/sb0008	prepared
phase1-stage3-wave1-v210-m010-g100	p01-s03-c0043-v210-m010-g100-sb0009	p01-s03-c0043	c0043	v210-m010-g100	stage3-wave1	sb0009	674	0	p01-neutral-feedback/configs/s03-parameter-map-wave1-v210-m010-g100/runs/p01-s03-c0043-v210-m010-g100-sb0009.toml	8b8693c0dd425f0dff34da22ca1cf83b9360a7b9dee11ae47e395387a54cf2b3	p01-neutral-feedback/s03-parameter-map-wave1-v210-m010-g100/p01-s03-c0043/sb0009	prepared
phase1-stage3-wave1-v210-m010-g100	p01-s03-c0043-v210-m010-g100-sb0010	p01-s03-c0043	c0043	v210-m010-g100	stage3-wave1	sb0010	675	0	p01-neutral-feedback/configs/s03-parameter-map-wave1-v210-m010-g100/runs/p01-s03-c0043-v210-m010-g100-sb0010.toml	554b08db25adec7138961411ad9fbec47c6fee0c423771b41b0250934e9464b7	p01-neutral-feedback/s03-parameter-map-wave1-v210-m010-g100/p01-s03-c0043/sb0010	prepared
phase1-stage3-wave1-v210-m010-g100	p01-s03-c0043-v210-m010-g100-sb0011	p01-s03-c0043	c0043	v210-m010-g100	stage3-wave1	sb0011	676	0	p01-neutral-feedback/configs/s03-parameter-map-wave1-v210-m010-g100/runs/p01-s03-c0043-v210-m010-g100-sb0011.toml	ab0fe94543465c78274262baf6ce8f204a13b62e03a604bfdda2a73a4d1494c3	p01-neutral-feedback/s03-parameter-map-wave1-v210-m010-g100/p01-s03-c0043/sb0011	prepared
phase1-stage3-wave1-v210-m010-g100	p01-s03-c0043-v210-m010-g100-sb0012	p01-s03-c0043	c0043	v210-m010-g100	stage3-wave1	sb0012	677	0	p01-neutral-feedback/configs/s03-parameter-map-wave1-v210-m010-g100/runs/p01-s03-c0043-v210-m010-g100-sb0012.toml	5c9e8a5731b14c33c212926c1d8f245f49b00f00ee97075cc1af5b2d1d7595be	p01-neutral-feedback/s03-parameter-map-wave1-v210-m010-g100/p01-s03-c0043/sb0012	prepared
phase1-stage3-wave1-v210-m010-g100	p01-s03-c0044-v210-m010-g100-sb0001	p01-s03-c0044	c0044	v210-m010-g100	stage3-wave1	sb0001	666	0	p01-neutral-feedback/configs/s03-parameter-map-wave1-v210-m010-g100/runs/p01-s03-c0044-v210-m010-g100-sb0001.toml	ebdcfa0b68bd143b73aa0488419a80c0e727a180ec693f235e190181889ccc03	p01-neutral-feedback/s03-parameter-map-wave1-v210-m010-g100/p01-s03-c0044/sb0001	prepared
phase1-stage3-wave1-v210-m010-g100	p01-s03-c0044-v210-m010-g100-sb0002	p01-s03-c0044	c0044	v210-m010-g100	stage3-wave1	sb0002	667	0	p01-neutral-feedback/configs/s03-parameter-map-wave1-v210-m010-g100/runs/p01-s03-c0044-v210-m010-g100-sb0002.toml	098cecddd2ab8c0bd5cd7ca29a5f81abdd2ccfdd37439083e70fedc54b0c4361	p01-neutral-feedback/s03-parameter-map-wave1-v210-m010-g100/p01-s03-c0044/sb0002	prepared
phase1-stage3-wave1-v210-m010-g100	p01-s03-c0044-v210-m010-g100-sb0003	p01-s03-c0044	c0044	v210-m010-g100	stage3-wave1	sb0003	668	0	p01-neutral-feedback/configs/s03-parameter-map-wave1-v210-m010-g100/runs/p01-s03-c0044-v210-m010-g100-sb0003.toml	3e674b2bea92e053f61b04acedf68f41f6893b24676f5fa87aa35db97cfd276c	p01-neutral-feedback/s03-parameter-map-wave1-v210-m010-g100/p01-s03-c0044/sb0003	prepared
phase1-stage3-wave1-v210-m010-g100	p01-s03-c0044-v210-m010-g100-sb0004	p01-s03-c0044	c0044	v210-m010-g100	stage3-wave1	sb0004	669	0	p01-neutral-feedback/configs/s03-parameter-map-wave1-v210-m010-g100/runs/p01-s03-c0044-v210-m010-g100-sb0004.toml	0ac9098f74683cf6a3ae5cb6807f9acb8d3073f46d626f3a31b84427f8a9e9ba	p01-neutral-feedback/s03-parameter-map-wave1-v210-m010-g100/p01-s03-c0044/sb0004	prepared
phase1-stage3-wave1-v210-m010-g100	p01-s03-c0044-v210-m010-g100-sb0005	p01-s03-c0044	c0044	v210-m010-g100	stage3-wave1	sb0005	670	0	p01-neutral-feedback/configs/s03-parameter-map-wave1-v210-m010-g100/runs/p01-s03-c0044-v210-m010-g100-sb0005.toml	22abeeae200b6265bd9f258f44e840886bb0442944e9f8a167fb166f14559073	p01-neutral-feedback/s03-parameter-map-wave1-v210-m010-g100/p01-s03-c0044/sb0005	prepared
phase1-stage3-wave1-v210-m010-g100	p01-s03-c0044-v210-m010-g100-sb0006	p01-s03-c0044	c0044	v210-m010-g100	stage3-wave1	sb0006	671	0	p01-neutral-feedback/configs/s03-parameter-map-wave1-v210-m010-g100/runs/p01-s03-c0044-v210-m010-g100-sb0006.toml	256806d66f553a0b0a1ee2d228ab065629e6a128bc9f1accca089784eeba76fe	p01-neutral-feedback/s03-parameter-map-wave1-v210-m010-g100/p01-s03-c0044/sb0006	prepared
phase1-stage3-wave1-v210-m010-g100	p01-s03-c0044-v210-m010-g100-sb0007	p01-s03-c0044	c0044	v210-m010-g100	stage3-wave1	sb0007	672	0	p01-neutral-feedback/configs/s03-parameter-map-wave1-v210-m010-g100/runs/p01-s03-c0044-v210-m010-g100-sb0007.toml	0d05c6e74248560f91067c95b509b823de7cf50b6da3c9faa123a3af4d8447ce	p01-neutral-feedback/s03-parameter-map-wave1-v210-m010-g100/p01-s03-c0044/sb0007	prepared
phase1-stage3-wave1-v210-m010-g100	p01-s03-c0044-v210-m010-g100-sb0008	p01-s03-c0044	c0044	v210-m010-g100	stage3-wave1	sb0008	673	0	p01-neutral-feedback/configs/s03-parameter-map-wave1-v210-m010-g100/runs/p01-s03-c0044-v210-m010-g100-sb0008.toml	3630bfba34df9edc964d9bd73137bee96795e97f4277e5ac3e8bd0dd90af6cbe	p01-neutral-feedback/s03-parameter-map-wave1-v210-m010-g100/p01-s03-c0044/sb0008	prepared
phase1-stage3-wave1-v210-m010-g100	p01-s03-c0044-v210-m010-g100-sb0009	p01-s03-c0044	c0044	v210-m010-g100	stage3-wave1	sb0009	674	0	p01-neutral-feedback/configs/s03-parameter-map-wave1-v210-m010-g100/runs/p01-s03-c0044-v210-m010-g100-sb0009.toml	f361cc904a9df7bff304a9a7a9ba47702684b18b23b1028b26173e39c6c84ec7	p01-neutral-feedback/s03-parameter-map-wave1-v210-m010-g100/p01-s03-c0044/sb0009	prepared
phase1-stage3-wave1-v210-m010-g100	p01-s03-c0044-v210-m010-g100-sb0010	p01-s03-c0044	c0044	v210-m010-g100	stage3-wave1	sb0010	675	0	p01-neutral-feedback/configs/s03-parameter-map-wave1-v210-m010-g100/runs/p01-s03-c0044-v210-m010-g100-sb0010.toml	1afa97fa8a08de718ca9e5dcee5a27107c5fc07a0d370b0315a75c5e2152d781	p01-neutral-feedback/s03-parameter-map-wave1-v210-m010-g100/p01-s03-c0044/sb0010	prepared
phase1-stage3-wave1-v210-m010-g100	p01-s03-c0044-v210-m010-g100-sb0011	p01-s03-c0044	c0044	v210-m010-g100	stage3-wave1	sb0011	676	0	p01-neutral-feedback/configs/s03-parameter-map-wave1-v210-m010-g100/runs/p01-s03-c0044-v210-m010-g100-sb0011.toml	a039f68dd981b994cbaef9416f641ef149df8189a8997524f2841c259fbc9c2a	p01-neutral-feedback/s03-parameter-map-wave1-v210-m010-g100/p01-s03-c0044/sb0011	prepared
phase1-stage3-wave1-v210-m010-g100	p01-s03-c0044-v210-m010-g100-sb0012	p01-s03-c0044	c0044	v210-m010-g100	stage3-wave1	sb0012	677	0	p01-neutral-feedback/configs/s03-parameter-map-wave1-v210-m010-g100/runs/p01-s03-c0044-v210-m010-g100-sb0012.toml	ed7c0a48c0ffb4892732a67e3da1733d0455432413977e8759cd1db2b8bee1d6	p01-neutral-feedback/s03-parameter-map-wave1-v210-m010-g100/p01-s03-c0044/sb0012	prepared
phase1-stage3-wave1-v210-m010-g100	p01-s03-c0045-v210-m010-g100-sb0001	p01-s03-c0045	c0045	v210-m010-g100	stage3-wave1	sb0001	666	0	p01-neutral-feedback/configs/s03-parameter-map-wave1-v210-m010-g100/runs/p01-s03-c0045-v210-m010-g100-sb0001.toml	58e01d69cfb89fb65f5afd7b8f57543a7014ce96a1209d035f2ee617e719a4eb	p01-neutral-feedback/s03-parameter-map-wave1-v210-m010-g100/p01-s03-c0045/sb0001	prepared
phase1-stage3-wave1-v210-m010-g100	p01-s03-c0045-v210-m010-g100-sb0002	p01-s03-c0045	c0045	v210-m010-g100	stage3-wave1	sb0002	667	0	p01-neutral-feedback/configs/s03-parameter-map-wave1-v210-m010-g100/runs/p01-s03-c0045-v210-m010-g100-sb0002.toml	49c87c09b51bb680c4f51a2f4fdd74d843d964ff8216eaf84f5d4b5d46e8a5fe	p01-neutral-feedback/s03-parameter-map-wave1-v210-m010-g100/p01-s03-c0045/sb0002	prepared
phase1-stage3-wave1-v210-m010-g100	p01-s03-c0045-v210-m010-g100-sb0003	p01-s03-c0045	c0045	v210-m010-g100	stage3-wave1	sb0003	668	0	p01-neutral-feedback/configs/s03-parameter-map-wave1-v210-m010-g100/runs/p01-s03-c0045-v210-m010-g100-sb0003.toml	e9dcf3d7ea57f30f755442f973fd694db215915137ddfabd0f73bee893eb6dc1	p01-neutral-feedback/s03-parameter-map-wave1-v210-m010-g100/p01-s03-c0045/sb0003	prepared
phase1-stage3-wave1-v210-m010-g100	p01-s03-c0045-v210-m010-g100-sb0004	p01-s03-c0045	c0045	v210-m010-g100	stage3-wave1	sb0004	669	0	p01-neutral-feedback/configs/s03-parameter-map-wave1-v210-m010-g100/runs/p01-s03-c0045-v210-m010-g100-sb0004.toml	d993eec5db6355cb257934de5a18b836276391b94b8a163fdba71c4de434d060	p01-neutral-feedback/s03-parameter-map-wave1-v210-m010-g100/p01-s03-c0045/sb0004	prepared
phase1-stage3-wave1-v210-m010-g100	p01-s03-c0045-v210-m010-g100-sb0005	p01-s03-c0045	c0045	v210-m010-g100	stage3-wave1	sb0005	670	0	p01-neutral-feedback/configs/s03-parameter-map-wave1-v210-m010-g100/runs/p01-s03-c0045-v210-m010-g100-sb0005.toml	090b97a2d8c58bd62123611ab9e1dff2ce8fcd8de443cea4a0f7dd35c4a3b5a7	p01-neutral-feedback/s03-parameter-map-wave1-v210-m010-g100/p01-s03-c0045/sb0005	prepared
phase1-stage3-wave1-v210-m010-g100	p01-s03-c0045-v210-m010-g100-sb0006	p01-s03-c0045	c0045	v210-m010-g100	stage3-wave1	sb0006	671	0	p01-neutral-feedback/configs/s03-parameter-map-wave1-v210-m010-g100/runs/p01-s03-c0045-v210-m010-g100-sb0006.toml	39eb68d09e6cdde869262c34f2c1d58871b8508ceee8d437da2d1adb70d45411	p01-neutral-feedback/s03-parameter-map-wave1-v210-m010-g100/p01-s03-c0045/sb0006	prepared
phase1-stage3-wave1-v210-m010-g100	p01-s03-c0045-v210-m010-g100-sb0007	p01-s03-c0045	c0045	v210-m010-g100	stage3-wave1	sb0007	672	0	p01-neutral-feedback/configs/s03-parameter-map-wave1-v210-m010-g100/runs/p01-s03-c0045-v210-m010-g100-sb0007.toml	cb7f4df3f3d5555df38dc5130681101343278bde06ae9f844f7fab87b07e1adc	p01-neutral-feedback/s03-parameter-map-wave1-v210-m010-g100/p01-s03-c0045/sb0007	prepared
phase1-stage3-wave1-v210-m010-g100	p01-s03-c0045-v210-m010-g100-sb0008	p01-s03-c0045	c0045	v210-m010-g100	stage3-wave1	sb0008	673	0	p01-neutral-feedback/configs/s03-parameter-map-wave1-v210-m010-g100/runs/p01-s03-c0045-v210-m010-g100-sb0008.toml	014dadc86f96f2bedb22385f64feaebddfc0cd32c4f509092487b9f7dbe40436	p01-neutral-feedback/s03-parameter-map-wave1-v210-m010-g100/p01-s03-c0045/sb0008	prepared
phase1-stage3-wave1-v210-m010-g100	p01-s03-c0045-v210-m010-g100-sb0009	p01-s03-c0045	c0045	v210-m010-g100	stage3-wave1	sb0009	674	0	p01-neutral-feedback/configs/s03-parameter-map-wave1-v210-m010-g100/runs/p01-s03-c0045-v210-m010-g100-sb0009.toml	859980fa3f66b363679243a6467b2c54e57e2b7444bb2f6839745fab41a17658	p01-neutral-feedback/s03-parameter-map-wave1-v210-m010-g100/p01-s03-c0045/sb0009	prepared
phase1-stage3-wave1-v210-m010-g100	p01-s03-c0045-v210-m010-g100-sb0010	p01-s03-c0045	c0045	v210-m010-g100	stage3-wave1	sb0010	675	0	p01-neutral-feedback/configs/s03-parameter-map-wave1-v210-m010-g100/runs/p01-s03-c0045-v210-m010-g100-sb0010.toml	f0237df7b7141d0385b789d5e035ff54634543184740c038c7b305e000eaa838	p01-neutral-feedback/s03-parameter-map-wave1-v210-m010-g100/p01-s03-c0045/sb0010	prepared
phase1-stage3-wave1-v210-m010-g100	p01-s03-c0045-v210-m010-g100-sb0011	p01-s03-c0045	c0045	v210-m010-g100	stage3-wave1	sb0011	676	0	p01-neutral-feedback/configs/s03-parameter-map-wave1-v210-m010-g100/runs/p01-s03-c0045-v210-m010-g100-sb0011.toml	d502e95aa1e7bbc59dbb9ea7a1d098663e3b1bdc6407470d73018ccb0003b026	p01-neutral-feedback/s03-parameter-map-wave1-v210-m010-g100/p01-s03-c0045/sb0011	prepared
phase1-stage3-wave1-v210-m010-g100	p01-s03-c0045-v210-m010-g100-sb0012	p01-s03-c0045	c0045	v210-m010-g100	stage3-wave1	sb0012	677	0	p01-neutral-feedback/configs/s03-parameter-map-wave1-v210-m010-g100/runs/p01-s03-c0045-v210-m010-g100-sb0012.toml	78321c9a531c3044e3497f0b9b05fe549cc134ef9ed76870dea558e25100a4aa	p01-neutral-feedback/s03-parameter-map-wave1-v210-m010-g100/p01-s03-c0045/sb0012	prepared
phase1-stage3-wave1-v210-m010-g100	p01-s03-c0046-v210-m010-g100-sb0001	p01-s03-c0046	c0046	v210-m010-g100	stage3-wave1	sb0001	666	0	p01-neutral-feedback/configs/s03-parameter-map-wave1-v210-m010-g100/runs/p01-s03-c0046-v210-m010-g100-sb0001.toml	82dbec51d39e1f5ea4ecc7d603a6787b8a55f8c7e9d00030c353510b9591e319	p01-neutral-feedback/s03-parameter-map-wave1-v210-m010-g100/p01-s03-c0046/sb0001	prepared
phase1-stage3-wave1-v210-m010-g100	p01-s03-c0046-v210-m010-g100-sb0002	p01-s03-c0046	c0046	v210-m010-g100	stage3-wave1	sb0002	667	0	p01-neutral-feedback/configs/s03-parameter-map-wave1-v210-m010-g100/runs/p01-s03-c0046-v210-m010-g100-sb0002.toml	347f1d7acd0912e76a2a651292337adc540e173188d4258baf48bdb577f429e5	p01-neutral-feedback/s03-parameter-map-wave1-v210-m010-g100/p01-s03-c0046/sb0002	prepared
phase1-stage3-wave1-v210-m010-g100	p01-s03-c0046-v210-m010-g100-sb0003	p01-s03-c0046	c0046	v210-m010-g100	stage3-wave1	sb0003	668	0	p01-neutral-feedback/configs/s03-parameter-map-wave1-v210-m010-g100/runs/p01-s03-c0046-v210-m010-g100-sb0003.toml	f8181bd302187b483340e923c64fc6a08e766bb950fc1c8cade7852d4bfb3c2a	p01-neutral-feedback/s03-parameter-map-wave1-v210-m010-g100/p01-s03-c0046/sb0003	prepared
phase1-stage3-wave1-v210-m010-g100	p01-s03-c0046-v210-m010-g100-sb0004	p01-s03-c0046	c0046	v210-m010-g100	stage3-wave1	sb0004	669	0	p01-neutral-feedback/configs/s03-parameter-map-wave1-v210-m010-g100/runs/p01-s03-c0046-v210-m010-g100-sb0004.toml	e3499893e0ec41835eb0882912a5afebe32b4d1d842700948f9c4553b38e78fb	p01-neutral-feedback/s03-parameter-map-wave1-v210-m010-g100/p01-s03-c0046/sb0004	prepared
phase1-stage3-wave1-v210-m010-g100	p01-s03-c0046-v210-m010-g100-sb0005	p01-s03-c0046	c0046	v210-m010-g100	stage3-wave1	sb0005	670	0	p01-neutral-feedback/configs/s03-parameter-map-wave1-v210-m010-g100/runs/p01-s03-c0046-v210-m010-g100-sb0005.toml	86ce7e0b3cc37421bfb9515caf87163d2f108725ac2ef899680e9e49d32afeea	p01-neutral-feedback/s03-parameter-map-wave1-v210-m010-g100/p01-s03-c0046/sb0005	prepared
phase1-stage3-wave1-v210-m010-g100	p01-s03-c0046-v210-m010-g100-sb0006	p01-s03-c0046	c0046	v210-m010-g100	stage3-wave1	sb0006	671	0	p01-neutral-feedback/configs/s03-parameter-map-wave1-v210-m010-g100/runs/p01-s03-c0046-v210-m010-g100-sb0006.toml	625f414989383eec33776f6f9fec04407a0c62f28b6800f3fac9a3e5b7136dc0	p01-neutral-feedback/s03-parameter-map-wave1-v210-m010-g100/p01-s03-c0046/sb0006	prepared
phase1-stage3-wave1-v210-m010-g100	p01-s03-c0046-v210-m010-g100-sb0007	p01-s03-c0046	c0046	v210-m010-g100	stage3-wave1	sb0007	672	0	p01-neutral-feedback/configs/s03-parameter-map-wave1-v210-m010-g100/runs/p01-s03-c0046-v210-m010-g100-sb0007.toml	baf809b908b5fa36e38f42a582f6ab3a1876a123dd8f9262110f1f3c36b98557	p01-neutral-feedback/s03-parameter-map-wave1-v210-m010-g100/p01-s03-c0046/sb0007	prepared
phase1-stage3-wave1-v210-m010-g100	p01-s03-c0046-v210-m010-g100-sb0008	p01-s03-c0046	c0046	v210-m010-g100	stage3-wave1	sb0008	673	0	p01-neutral-feedback/configs/s03-parameter-map-wave1-v210-m010-g100/runs/p01-s03-c0046-v210-m010-g100-sb0008.toml	bad41497ea74ef0630e8b8bcdd6ada56179df49f18bb4daafdb681740d8f1f53	p01-neutral-feedback/s03-parameter-map-wave1-v210-m010-g100/p01-s03-c0046/sb0008	prepared
phase1-stage3-wave1-v210-m010-g100	p01-s03-c0046-v210-m010-g100-sb0009	p01-s03-c0046	c0046	v210-m010-g100	stage3-wave1	sb0009	674	0	p01-neutral-feedback/configs/s03-parameter-map-wave1-v210-m010-g100/runs/p01-s03-c0046-v210-m010-g100-sb0009.toml	ef3383a7da70aebe50ee16b013f21ef3aa883662a924dcad92540a55276d7793	p01-neutral-feedback/s03-parameter-map-wave1-v210-m010-g100/p01-s03-c0046/sb0009	prepared
phase1-stage3-wave1-v210-m010-g100	p01-s03-c0046-v210-m010-g100-sb0010	p01-s03-c0046	c0046	v210-m010-g100	stage3-wave1	sb0010	675	0	p01-neutral-feedback/configs/s03-parameter-map-wave1-v210-m010-g100/runs/p01-s03-c0046-v210-m010-g100-sb0010.toml	e1fefd7509e266c3702714c92f6c3882906cae67c9eaa035d0aad01a5630d903	p01-neutral-feedback/s03-parameter-map-wave1-v210-m010-g100/p01-s03-c0046/sb0010	prepared
phase1-stage3-wave1-v210-m010-g100	p01-s03-c0046-v210-m010-g100-sb0011	p01-s03-c0046	c0046	v210-m010-g100	stage3-wave1	sb0011	676	0	p01-neutral-feedback/configs/s03-parameter-map-wave1-v210-m010-g100/runs/p01-s03-c0046-v210-m010-g100-sb0011.toml	c6c7c2db1f581df253b4fc202fd27cbe6530bddbde81b082d4848a6351f6ed29	p01-neutral-feedback/s03-parameter-map-wave1-v210-m010-g100/p01-s03-c0046/sb0011	prepared
phase1-stage3-wave1-v210-m010-g100	p01-s03-c0046-v210-m010-g100-sb0012	p01-s03-c0046	c0046	v210-m010-g100	stage3-wave1	sb0012	677	0	p01-neutral-feedback/configs/s03-parameter-map-wave1-v210-m010-g100/runs/p01-s03-c0046-v210-m010-g100-sb0012.toml	a4a26b26aa0a71a25c6f697ceba579034f7666a65595cacc59ae3a415fbe82d5	p01-neutral-feedback/s03-parameter-map-wave1-v210-m010-g100/p01-s03-c0046/sb0012	prepared
phase1-stage3-wave1-v210-m010-g100	p01-s03-c0047-v210-m010-g100-sb0001	p01-s03-c0047	c0047	v210-m010-g100	stage3-wave1	sb0001	666	0	p01-neutral-feedback/configs/s03-parameter-map-wave1-v210-m010-g100/runs/p01-s03-c0047-v210-m010-g100-sb0001.toml	cd4675a7e84e774b779da60002f16619681eee18ea2ac7027dc345aed19a3d56	p01-neutral-feedback/s03-parameter-map-wave1-v210-m010-g100/p01-s03-c0047/sb0001	prepared
phase1-stage3-wave1-v210-m010-g100	p01-s03-c0047-v210-m010-g100-sb0002	p01-s03-c0047	c0047	v210-m010-g100	stage3-wave1	sb0002	667	0	p01-neutral-feedback/configs/s03-parameter-map-wave1-v210-m010-g100/runs/p01-s03-c0047-v210-m010-g100-sb0002.toml	c0e31d5847a2c5884e664098965b3e1e10e7b3933f7c58ab7a30152edfe9b130	p01-neutral-feedback/s03-parameter-map-wave1-v210-m010-g100/p01-s03-c0047/sb0002	prepared
phase1-stage3-wave1-v210-m010-g100	p01-s03-c0047-v210-m010-g100-sb0003	p01-s03-c0047	c0047	v210-m010-g100	stage3-wave1	sb0003	668	0	p01-neutral-feedback/configs/s03-parameter-map-wave1-v210-m010-g100/runs/p01-s03-c0047-v210-m010-g100-sb0003.toml	c5a76212868ceaeb8a7391ee8256f4ff26e1ba10d4159948e9626353cfcdebd9	p01-neutral-feedback/s03-parameter-map-wave1-v210-m010-g100/p01-s03-c0047/sb0003	prepared
phase1-stage3-wave1-v210-m010-g100	p01-s03-c0047-v210-m010-g100-sb0004	p01-s03-c0047	c0047	v210-m010-g100	stage3-wave1	sb0004	669	0	p01-neutral-feedback/configs/s03-parameter-map-wave1-v210-m010-g100/runs/p01-s03-c0047-v210-m010-g100-sb0004.toml	c3961092551457dfac98b2ff5fb8a5bd3595fed7bf8f2d966a9e3000dcad7721	p01-neutral-feedback/s03-parameter-map-wave1-v210-m010-g100/p01-s03-c0047/sb0004	prepared
phase1-stage3-wave1-v210-m010-g100	p01-s03-c0047-v210-m010-g100-sb0005	p01-s03-c0047	c0047	v210-m010-g100	stage3-wave1	sb0005	670	0	p01-neutral-feedback/configs/s03-parameter-map-wave1-v210-m010-g100/runs/p01-s03-c0047-v210-m010-g100-sb0005.toml	35c5448e0fde1a4b8d672d31aeb110422b9e8dda8e6d0390c247978b85925f01	p01-neutral-feedback/s03-parameter-map-wave1-v210-m010-g100/p01-s03-c0047/sb0005	prepared
phase1-stage3-wave1-v210-m010-g100	p01-s03-c0047-v210-m010-g100-sb0006	p01-s03-c0047	c0047	v210-m010-g100	stage3-wave1	sb0006	671	0	p01-neutral-feedback/configs/s03-parameter-map-wave1-v210-m010-g100/runs/p01-s03-c0047-v210-m010-g100-sb0006.toml	468d16465482ee6e02e6a205dcc4c2f96885ca66fa32f6d9f20546a3d6c27a1b	p01-neutral-feedback/s03-parameter-map-wave1-v210-m010-g100/p01-s03-c0047/sb0006	prepared
phase1-stage3-wave1-v210-m010-g100	p01-s03-c0047-v210-m010-g100-sb0007	p01-s03-c0047	c0047	v210-m010-g100	stage3-wave1	sb0007	672	0	p01-neutral-feedback/configs/s03-parameter-map-wave1-v210-m010-g100/runs/p01-s03-c0047-v210-m010-g100-sb0007.toml	635783134241c9355af8497763ec923f8cf44627af383b367faa73417893f3d7	p01-neutral-feedback/s03-parameter-map-wave1-v210-m010-g100/p01-s03-c0047/sb0007	prepared
phase1-stage3-wave1-v210-m010-g100	p01-s03-c0047-v210-m010-g100-sb0008	p01-s03-c0047	c0047	v210-m010-g100	stage3-wave1	sb0008	673	0	p01-neutral-feedback/configs/s03-parameter-map-wave1-v210-m010-g100/runs/p01-s03-c0047-v210-m010-g100-sb0008.toml	7310333d7ba804b96c089ead8eafac3accab5a599b9d069d2643c66d7b20bba1	p01-neutral-feedback/s03-parameter-map-wave1-v210-m010-g100/p01-s03-c0047/sb0008	prepared
phase1-stage3-wave1-v210-m010-g100	p01-s03-c0047-v210-m010-g100-sb0009	p01-s03-c0047	c0047	v210-m010-g100	stage3-wave1	sb0009	674	0	p01-neutral-feedback/configs/s03-parameter-map-wave1-v210-m010-g100/runs/p01-s03-c0047-v210-m010-g100-sb0009.toml	155c97f68a105e2fe7bb80b541c7eb825b20fc1de3d1c32b5c858f4bea0a99ef	p01-neutral-feedback/s03-parameter-map-wave1-v210-m010-g100/p01-s03-c0047/sb0009	prepared
phase1-stage3-wave1-v210-m010-g100	p01-s03-c0047-v210-m010-g100-sb0010	p01-s03-c0047	c0047	v210-m010-g100	stage3-wave1	sb0010	675	0	p01-neutral-feedback/configs/s03-parameter-map-wave1-v210-m010-g100/runs/p01-s03-c0047-v210-m010-g100-sb0010.toml	7fdabc4d9ff00dc4b0a6df24dc25b126b71d82f012755822b915dddac5fa3429	p01-neutral-feedback/s03-parameter-map-wave1-v210-m010-g100/p01-s03-c0047/sb0010	prepared
phase1-stage3-wave1-v210-m010-g100	p01-s03-c0047-v210-m010-g100-sb0011	p01-s03-c0047	c0047	v210-m010-g100	stage3-wave1	sb0011	676	0	p01-neutral-feedback/configs/s03-parameter-map-wave1-v210-m010-g100/runs/p01-s03-c0047-v210-m010-g100-sb0011.toml	63f5d23d28b57998fb5afa2e1e083300f4dc76b4650700c9a5aabd4fb6d7ddaa	p01-neutral-feedback/s03-parameter-map-wave1-v210-m010-g100/p01-s03-c0047/sb0011	prepared
phase1-stage3-wave1-v210-m010-g100	p01-s03-c0047-v210-m010-g100-sb0012	p01-s03-c0047	c0047	v210-m010-g100	stage3-wave1	sb0012	677	0	p01-neutral-feedback/configs/s03-parameter-map-wave1-v210-m010-g100/runs/p01-s03-c0047-v210-m010-g100-sb0012.toml	759d2c09d3396803775510acc7328d6144412e58fd388cbc92a9b2ff87abb644	p01-neutral-feedback/s03-parameter-map-wave1-v210-m010-g100/p01-s03-c0047/sb0012	prepared
phase1-stage3-wave1-v210-m010-g100	p01-s03-c0048-v210-m010-g100-sb0001	p01-s03-c0048	c0048	v210-m010-g100	stage3-wave1	sb0001	666	0	p01-neutral-feedback/configs/s03-parameter-map-wave1-v210-m010-g100/runs/p01-s03-c0048-v210-m010-g100-sb0001.toml	2fbf17c8505363a5631d67a8507ba09dfe126da83c5c87f37c9804e0dd25330d	p01-neutral-feedback/s03-parameter-map-wave1-v210-m010-g100/p01-s03-c0048/sb0001	prepared
phase1-stage3-wave1-v210-m010-g100	p01-s03-c0048-v210-m010-g100-sb0002	p01-s03-c0048	c0048	v210-m010-g100	stage3-wave1	sb0002	667	0	p01-neutral-feedback/configs/s03-parameter-map-wave1-v210-m010-g100/runs/p01-s03-c0048-v210-m010-g100-sb0002.toml	1d9a42dfea634ae14e5b21b6ca4e67c8d71ef07711bdc2c721c489404a6124ac	p01-neutral-feedback/s03-parameter-map-wave1-v210-m010-g100/p01-s03-c0048/sb0002	prepared
phase1-stage3-wave1-v210-m010-g100	p01-s03-c0048-v210-m010-g100-sb0003	p01-s03-c0048	c0048	v210-m010-g100	stage3-wave1	sb0003	668	0	p01-neutral-feedback/configs/s03-parameter-map-wave1-v210-m010-g100/runs/p01-s03-c0048-v210-m010-g100-sb0003.toml	a5ceac28fc73cb7292003c7e41abc875120717ec7aeaa5043919d0497e08fec4	p01-neutral-feedback/s03-parameter-map-wave1-v210-m010-g100/p01-s03-c0048/sb0003	prepared
phase1-stage3-wave1-v210-m010-g100	p01-s03-c0048-v210-m010-g100-sb0004	p01-s03-c0048	c0048	v210-m010-g100	stage3-wave1	sb0004	669	0	p01-neutral-feedback/configs/s03-parameter-map-wave1-v210-m010-g100/runs/p01-s03-c0048-v210-m010-g100-sb0004.toml	6bb18642255bd565387ad9a28a51d94c8235ae0b3f34e85dbd7bd169867ab69c	p01-neutral-feedback/s03-parameter-map-wave1-v210-m010-g100/p01-s03-c0048/sb0004	prepared
phase1-stage3-wave1-v210-m010-g100	p01-s03-c0048-v210-m010-g100-sb0005	p01-s03-c0048	c0048	v210-m010-g100	stage3-wave1	sb0005	670	0	p01-neutral-feedback/configs/s03-parameter-map-wave1-v210-m010-g100/runs/p01-s03-c0048-v210-m010-g100-sb0005.toml	07098ec03a82d84205906953af1de3c2d63d1e85a6fbc8853c2e13764490bf32	p01-neutral-feedback/s03-parameter-map-wave1-v210-m010-g100/p01-s03-c0048/sb0005	prepared
phase1-stage3-wave1-v210-m010-g100	p01-s03-c0048-v210-m010-g100-sb0006	p01-s03-c0048	c0048	v210-m010-g100	stage3-wave1	sb0006	671	0	p01-neutral-feedback/configs/s03-parameter-map-wave1-v210-m010-g100/runs/p01-s03-c0048-v210-m010-g100-sb0006.toml	406bf4c14deab6ff2283ce44da78a95c8de8dc21f3f97fe4822cf8b48b03eb4a	p01-neutral-feedback/s03-parameter-map-wave1-v210-m010-g100/p01-s03-c0048/sb0006	prepared
phase1-stage3-wave1-v210-m010-g100	p01-s03-c0048-v210-m010-g100-sb0007	p01-s03-c0048	c0048	v210-m010-g100	stage3-wave1	sb0007	672	0	p01-neutral-feedback/configs/s03-parameter-map-wave1-v210-m010-g100/runs/p01-s03-c0048-v210-m010-g100-sb0007.toml	cdd792aed9aedc147a6cefdd89c54a82732992d304ebc73bf3540c42f44019fd	p01-neutral-feedback/s03-parameter-map-wave1-v210-m010-g100/p01-s03-c0048/sb0007	prepared
phase1-stage3-wave1-v210-m010-g100	p01-s03-c0048-v210-m010-g100-sb0008	p01-s03-c0048	c0048	v210-m010-g100	stage3-wave1	sb0008	673	0	p01-neutral-feedback/configs/s03-parameter-map-wave1-v210-m010-g100/runs/p01-s03-c0048-v210-m010-g100-sb0008.toml	498296e83650c682ea89c2d6fc2ade0957bf0a743dbdb893f0090b02c6c13d43	p01-neutral-feedback/s03-parameter-map-wave1-v210-m010-g100/p01-s03-c0048/sb0008	prepared
phase1-stage3-wave1-v210-m010-g100	p01-s03-c0048-v210-m010-g100-sb0009	p01-s03-c0048	c0048	v210-m010-g100	stage3-wave1	sb0009	674	0	p01-neutral-feedback/configs/s03-parameter-map-wave1-v210-m010-g100/runs/p01-s03-c0048-v210-m010-g100-sb0009.toml	f31c7a941e0324cd6a7f81078fd2164eeb95e71cd22577033b015865a24f21d1	p01-neutral-feedback/s03-parameter-map-wave1-v210-m010-g100/p01-s03-c0048/sb0009	prepared
phase1-stage3-wave1-v210-m010-g100	p01-s03-c0048-v210-m010-g100-sb0010	p01-s03-c0048	c0048	v210-m010-g100	stage3-wave1	sb0010	675	0	p01-neutral-feedback/configs/s03-parameter-map-wave1-v210-m010-g100/runs/p01-s03-c0048-v210-m010-g100-sb0010.toml	08b94ab8ed68e2018d372a36ab97255f752a45945d97025a6dd9c5b449d02e63	p01-neutral-feedback/s03-parameter-map-wave1-v210-m010-g100/p01-s03-c0048/sb0010	prepared
phase1-stage3-wave1-v210-m010-g100	p01-s03-c0048-v210-m010-g100-sb0011	p01-s03-c0048	c0048	v210-m010-g100	stage3-wave1	sb0011	676	0	p01-neutral-feedback/configs/s03-parameter-map-wave1-v210-m010-g100/runs/p01-s03-c0048-v210-m010-g100-sb0011.toml	27b08335d018b15ee64ae02b8d2da3f4b1d4c2b8f40b1e507eceb252fc8196b9	p01-neutral-feedback/s03-parameter-map-wave1-v210-m010-g100/p01-s03-c0048/sb0011	prepared
phase1-stage3-wave1-v210-m010-g100	p01-s03-c0048-v210-m010-g100-sb0012	p01-s03-c0048	c0048	v210-m010-g100	stage3-wave1	sb0012	677	0	p01-neutral-feedback/configs/s03-parameter-map-wave1-v210-m010-g100/runs/p01-s03-c0048-v210-m010-g100-sb0012.toml	769ddf6e8d8f2d98337605441b5107e5e4c0b68e85aeacbda53c6eafeee6eb13	p01-neutral-feedback/s03-parameter-map-wave1-v210-m010-g100/p01-s03-c0048/sb0012	prepared
phase1-stage3-wave1-v210-m010-g100	p01-s03-c0049-v210-m010-g100-sb0001	p01-s03-c0049	c0049	v210-m010-g100	stage3-wave1	sb0001	666	0	p01-neutral-feedback/configs/s03-parameter-map-wave1-v210-m010-g100/runs/p01-s03-c0049-v210-m010-g100-sb0001.toml	e3cd6f2afda0fc17ab8dd714a08027c8c77a4319f8e2202af69a50b26aa94c47	p01-neutral-feedback/s03-parameter-map-wave1-v210-m010-g100/p01-s03-c0049/sb0001	prepared
phase1-stage3-wave1-v210-m010-g100	p01-s03-c0049-v210-m010-g100-sb0002	p01-s03-c0049	c0049	v210-m010-g100	stage3-wave1	sb0002	667	0	p01-neutral-feedback/configs/s03-parameter-map-wave1-v210-m010-g100/runs/p01-s03-c0049-v210-m010-g100-sb0002.toml	fed810ad0bc00931a8da92b1ebaf4a10e09da2f8c4f209a43ae776452cffe58d	p01-neutral-feedback/s03-parameter-map-wave1-v210-m010-g100/p01-s03-c0049/sb0002	prepared
phase1-stage3-wave1-v210-m010-g100	p01-s03-c0049-v210-m010-g100-sb0003	p01-s03-c0049	c0049	v210-m010-g100	stage3-wave1	sb0003	668	0	p01-neutral-feedback/configs/s03-parameter-map-wave1-v210-m010-g100/runs/p01-s03-c0049-v210-m010-g100-sb0003.toml	b99ae3b2d646055f4cda7549ac0b4200241111f6aba128e873f6e28127086807	p01-neutral-feedback/s03-parameter-map-wave1-v210-m010-g100/p01-s03-c0049/sb0003	prepared
phase1-stage3-wave1-v210-m010-g100	p01-s03-c0049-v210-m010-g100-sb0004	p01-s03-c0049	c0049	v210-m010-g100	stage3-wave1	sb0004	669	0	p01-neutral-feedback/configs/s03-parameter-map-wave1-v210-m010-g100/runs/p01-s03-c0049-v210-m010-g100-sb0004.toml	cb1c5f251a6575eabba862bd8b86eedaaca8dc59a3da79105d95356bf71a53d5	p01-neutral-feedback/s03-parameter-map-wave1-v210-m010-g100/p01-s03-c0049/sb0004	prepared
phase1-stage3-wave1-v210-m010-g100	p01-s03-c0049-v210-m010-g100-sb0005	p01-s03-c0049	c0049	v210-m010-g100	stage3-wave1	sb0005	670	0	p01-neutral-feedback/configs/s03-parameter-map-wave1-v210-m010-g100/runs/p01-s03-c0049-v210-m010-g100-sb0005.toml	cec165850a9df03aced586691ead4309b7789f5520dd66955557dbc494da514b	p01-neutral-feedback/s03-parameter-map-wave1-v210-m010-g100/p01-s03-c0049/sb0005	prepared
phase1-stage3-wave1-v210-m010-g100	p01-s03-c0049-v210-m010-g100-sb0006	p01-s03-c0049	c0049	v210-m010-g100	stage3-wave1	sb0006	671	0	p01-neutral-feedback/configs/s03-parameter-map-wave1-v210-m010-g100/runs/p01-s03-c0049-v210-m010-g100-sb0006.toml	1d87ea4377645950c463fc9f3ef28a4c236d500565a898f59125095667bf2228	p01-neutral-feedback/s03-parameter-map-wave1-v210-m010-g100/p01-s03-c0049/sb0006	prepared
phase1-stage3-wave1-v210-m010-g100	p01-s03-c0049-v210-m010-g100-sb0007	p01-s03-c0049	c0049	v210-m010-g100	stage3-wave1	sb0007	672	0	p01-neutral-feedback/configs/s03-parameter-map-wave1-v210-m010-g100/runs/p01-s03-c0049-v210-m010-g100-sb0007.toml	e48063e5748c6880ea14ce12dbb2a2b522d6ee3deeb0c1e537d132671da7fd9e	p01-neutral-feedback/s03-parameter-map-wave1-v210-m010-g100/p01-s03-c0049/sb0007	prepared
phase1-stage3-wave1-v210-m010-g100	p01-s03-c0049-v210-m010-g100-sb0008	p01-s03-c0049	c0049	v210-m010-g100	stage3-wave1	sb0008	673	0	p01-neutral-feedback/configs/s03-parameter-map-wave1-v210-m010-g100/runs/p01-s03-c0049-v210-m010-g100-sb0008.toml	cda34b7aa029f3d976d9886beec4d613e15adbd9af8efb8e2dd0fdd23fedecd0	p01-neutral-feedback/s03-parameter-map-wave1-v210-m010-g100/p01-s03-c0049/sb0008	prepared
phase1-stage3-wave1-v210-m010-g100	p01-s03-c0049-v210-m010-g100-sb0009	p01-s03-c0049	c0049	v210-m010-g100	stage3-wave1	sb0009	674	0	p01-neutral-feedback/configs/s03-parameter-map-wave1-v210-m010-g100/runs/p01-s03-c0049-v210-m010-g100-sb0009.toml	2a374dc9a5ebaaa0eb2c2c85cf58a9ec460bce6f25f152e861bdabf1885fd177	p01-neutral-feedback/s03-parameter-map-wave1-v210-m010-g100/p01-s03-c0049/sb0009	prepared
phase1-stage3-wave1-v210-m010-g100	p01-s03-c0049-v210-m010-g100-sb0010	p01-s03-c0049	c0049	v210-m010-g100	stage3-wave1	sb0010	675	0	p01-neutral-feedback/configs/s03-parameter-map-wave1-v210-m010-g100/runs/p01-s03-c0049-v210-m010-g100-sb0010.toml	0d22e2778ced4ac853e812270922a563c6909d6f12a4f6532c519b6837ea1970	p01-neutral-feedback/s03-parameter-map-wave1-v210-m010-g100/p01-s03-c0049/sb0010	prepared
phase1-stage3-wave1-v210-m010-g100	p01-s03-c0049-v210-m010-g100-sb0011	p01-s03-c0049	c0049	v210-m010-g100	stage3-wave1	sb0011	676	0	p01-neutral-feedback/configs/s03-parameter-map-wave1-v210-m010-g100/runs/p01-s03-c0049-v210-m010-g100-sb0011.toml	b0c43a64e1e1a0e0eded001495db55ebfb3f51c3cf0fa3ce6b09082e16ac61a1	p01-neutral-feedback/s03-parameter-map-wave1-v210-m010-g100/p01-s03-c0049/sb0011	prepared
phase1-stage3-wave1-v210-m010-g100	p01-s03-c0049-v210-m010-g100-sb0012	p01-s03-c0049	c0049	v210-m010-g100	stage3-wave1	sb0012	677	0	p01-neutral-feedback/configs/s03-parameter-map-wave1-v210-m010-g100/runs/p01-s03-c0049-v210-m010-g100-sb0012.toml	49d28bbbb3cf33df68af544b26ae4c9699864340ec99fb3e16bf8b2a4727ea15	p01-neutral-feedback/s03-parameter-map-wave1-v210-m010-g100/p01-s03-c0049/sb0012	prepared
phase1-stage3-wave1-v210-m010-g100	p01-s03-c0050-v210-m010-g100-sb0001	p01-s03-c0050	c0050	v210-m010-g100	stage3-wave1	sb0001	666	0	p01-neutral-feedback/configs/s03-parameter-map-wave1-v210-m010-g100/runs/p01-s03-c0050-v210-m010-g100-sb0001.toml	2afb6ae7c030e7a2e9eeb8f5ada9e7455479945eff833f781990beddda9ad579	p01-neutral-feedback/s03-parameter-map-wave1-v210-m010-g100/p01-s03-c0050/sb0001	prepared
phase1-stage3-wave1-v210-m010-g100	p01-s03-c0050-v210-m010-g100-sb0002	p01-s03-c0050	c0050	v210-m010-g100	stage3-wave1	sb0002	667	0	p01-neutral-feedback/configs/s03-parameter-map-wave1-v210-m010-g100/runs/p01-s03-c0050-v210-m010-g100-sb0002.toml	28478e453c10c1c334da4c12cf1e0faefcab1be6fb180f746a3086450f8a993e	p01-neutral-feedback/s03-parameter-map-wave1-v210-m010-g100/p01-s03-c0050/sb0002	prepared
phase1-stage3-wave1-v210-m010-g100	p01-s03-c0050-v210-m010-g100-sb0003	p01-s03-c0050	c0050	v210-m010-g100	stage3-wave1	sb0003	668	0	p01-neutral-feedback/configs/s03-parameter-map-wave1-v210-m010-g100/runs/p01-s03-c0050-v210-m010-g100-sb0003.toml	91f0a10ab18b6fd2e4ee4c1c6453493710f29342f72d12d53b88369691c183da	p01-neutral-feedback/s03-parameter-map-wave1-v210-m010-g100/p01-s03-c0050/sb0003	prepared
phase1-stage3-wave1-v210-m010-g100	p01-s03-c0050-v210-m010-g100-sb0004	p01-s03-c0050	c0050	v210-m010-g100	stage3-wave1	sb0004	669	0	p01-neutral-feedback/configs/s03-parameter-map-wave1-v210-m010-g100/runs/p01-s03-c0050-v210-m010-g100-sb0004.toml	d062457cc975eebf7e6e195fbb6b32757b1a28f6d8e9ff0027bd6ecc5f7c1271	p01-neutral-feedback/s03-parameter-map-wave1-v210-m010-g100/p01-s03-c0050/sb0004	prepared
phase1-stage3-wave1-v210-m010-g100	p01-s03-c0050-v210-m010-g100-sb0005	p01-s03-c0050	c0050	v210-m010-g100	stage3-wave1	sb0005	670	0	p01-neutral-feedback/configs/s03-parameter-map-wave1-v210-m010-g100/runs/p01-s03-c0050-v210-m010-g100-sb0005.toml	e6c9aa9b982cf548e1891a50a5ebbb4ac403917a69ff87521fdf2eefac98d1b0	p01-neutral-feedback/s03-parameter-map-wave1-v210-m010-g100/p01-s03-c0050/sb0005	prepared
phase1-stage3-wave1-v210-m010-g100	p01-s03-c0050-v210-m010-g100-sb0006	p01-s03-c0050	c0050	v210-m010-g100	stage3-wave1	sb0006	671	0	p01-neutral-feedback/configs/s03-parameter-map-wave1-v210-m010-g100/runs/p01-s03-c0050-v210-m010-g100-sb0006.toml	314a563d9b37b8eb59a126f5252498e5f4e79304362d64357d54f12a8e26833d	p01-neutral-feedback/s03-parameter-map-wave1-v210-m010-g100/p01-s03-c0050/sb0006	prepared
phase1-stage3-wave1-v210-m010-g100	p01-s03-c0050-v210-m010-g100-sb0007	p01-s03-c0050	c0050	v210-m010-g100	stage3-wave1	sb0007	672	0	p01-neutral-feedback/configs/s03-parameter-map-wave1-v210-m010-g100/runs/p01-s03-c0050-v210-m010-g100-sb0007.toml	424648e1028882c7ee731d3f6578bf88a55c87d9ba025076c8069206e7591bf1	p01-neutral-feedback/s03-parameter-map-wave1-v210-m010-g100/p01-s03-c0050/sb0007	prepared
phase1-stage3-wave1-v210-m010-g100	p01-s03-c0050-v210-m010-g100-sb0008	p01-s03-c0050	c0050	v210-m010-g100	stage3-wave1	sb0008	673	0	p01-neutral-feedback/configs/s03-parameter-map-wave1-v210-m010-g100/runs/p01-s03-c0050-v210-m010-g100-sb0008.toml	2cd390686d22b782ed1bb7ff09374e15aed4c16244996420ca1eab9136d0b100	p01-neutral-feedback/s03-parameter-map-wave1-v210-m010-g100/p01-s03-c0050/sb0008	prepared
phase1-stage3-wave1-v210-m010-g100	p01-s03-c0050-v210-m010-g100-sb0009	p01-s03-c0050	c0050	v210-m010-g100	stage3-wave1	sb0009	674	0	p01-neutral-feedback/configs/s03-parameter-map-wave1-v210-m010-g100/runs/p01-s03-c0050-v210-m010-g100-sb0009.toml	d1ab1468e653506d05810cbf00edca8617d72c84c3639446665a59d7e1827a63	p01-neutral-feedback/s03-parameter-map-wave1-v210-m010-g100/p01-s03-c0050/sb0009	prepared
phase1-stage3-wave1-v210-m010-g100	p01-s03-c0050-v210-m010-g100-sb0010	p01-s03-c0050	c0050	v210-m010-g100	stage3-wave1	sb0010	675	0	p01-neutral-feedback/configs/s03-parameter-map-wave1-v210-m010-g100/runs/p01-s03-c0050-v210-m010-g100-sb0010.toml	48fb28941f07927897c2076ddaa9885fe814cd754bfb1396bf4c923b5ca9bbfd	p01-neutral-feedback/s03-parameter-map-wave1-v210-m010-g100/p01-s03-c0050/sb0010	prepared
phase1-stage3-wave1-v210-m010-g100	p01-s03-c0050-v210-m010-g100-sb0011	p01-s03-c0050	c0050	v210-m010-g100	stage3-wave1	sb0011	676	0	p01-neutral-feedback/configs/s03-parameter-map-wave1-v210-m010-g100/runs/p01-s03-c0050-v210-m010-g100-sb0011.toml	198e7d9403f195d0879ca82b0e484f0d44b25334da25695c60984c03c84c7907	p01-neutral-feedback/s03-parameter-map-wave1-v210-m010-g100/p01-s03-c0050/sb0011	prepared
phase1-stage3-wave1-v210-m010-g100	p01-s03-c0050-v210-m010-g100-sb0012	p01-s03-c0050	c0050	v210-m010-g100	stage3-wave1	sb0012	677	0	p01-neutral-feedback/configs/s03-parameter-map-wave1-v210-m010-g100/runs/p01-s03-c0050-v210-m010-g100-sb0012.toml	fbb060137630df34c764e9f917c521fed6c0e671c52e2adbee154e2f444d23a2	p01-neutral-feedback/s03-parameter-map-wave1-v210-m010-g100/p01-s03-c0050/sb0012	prepared
