experiment_id	run_id	cell_id	cell	panel	variant_id	seed_block_id	master_seed	within_run_replicate_index	config_path	config_sha256	scratch_relative_path	status
phase1-stage3-wave2-v210-adaptive-g1000	p01-s03-c0051-v210-adaptive-g1000-sb0001	p01-s03-c0051	c0051	H-by-B	v210-adaptive-g1000	sb0001	666	0	p01-neutral-feedback/configs/s03-parameter-map-wave2-v210-adaptive-g1000/runs/p01-s03-c0051-v210-adaptive-g1000-sb0001.toml	46ce64a91f42ccd74ca2f25455367afd9ef21dd223ae36c9e3132dc8f62ee083	p01-neutral-feedback/s03-parameter-map-wave2-v210-adaptive-g1000/p01-s03-c0051/sb0001	prepared
phase1-stage3-wave2-v210-adaptive-g1000	p01-s03-c0051-v210-adaptive-g1000-sb0002	p01-s03-c0051	c0051	H-by-B	v210-adaptive-g1000	sb0002	667	0	p01-neutral-feedback/configs/s03-parameter-map-wave2-v210-adaptive-g1000/runs/p01-s03-c0051-v210-adaptive-g1000-sb0002.toml	6fc4ecd502ba540750318c07518073309baf0793898da345a7a331d16adb544f	p01-neutral-feedback/s03-parameter-map-wave2-v210-adaptive-g1000/p01-s03-c0051/sb0002	prepared
phase1-stage3-wave2-v210-adaptive-g1000	p01-s03-c0051-v210-adaptive-g1000-sb0003	p01-s03-c0051	c0051	H-by-B	v210-adaptive-g1000	sb0003	668	0	p01-neutral-feedback/configs/s03-parameter-map-wave2-v210-adaptive-g1000/runs/p01-s03-c0051-v210-adaptive-g1000-sb0003.toml	e80feb8402805539175d6e78ff6c0907f64bb889152fb26456324321c7fe999c	p01-neutral-feedback/s03-parameter-map-wave2-v210-adaptive-g1000/p01-s03-c0051/sb0003	prepared
phase1-stage3-wave2-v210-adaptive-g1000	p01-s03-c0051-v210-adaptive-g1000-sb0004	p01-s03-c0051	c0051	H-by-B	v210-adaptive-g1000	sb0004	669	0	p01-neutral-feedback/configs/s03-parameter-map-wave2-v210-adaptive-g1000/runs/p01-s03-c0051-v210-adaptive-g1000-sb0004.toml	ac816c64cf87ac013de7eb895b33390488964813c7572c2ceda553c7903dd2a6	p01-neutral-feedback/s03-parameter-map-wave2-v210-adaptive-g1000/p01-s03-c0051/sb0004	prepared
phase1-stage3-wave2-v210-adaptive-g1000	p01-s03-c0051-v210-adaptive-g1000-sb0005	p01-s03-c0051	c0051	H-by-B	v210-adaptive-g1000	sb0005	670	0	p01-neutral-feedback/configs/s03-parameter-map-wave2-v210-adaptive-g1000/runs/p01-s03-c0051-v210-adaptive-g1000-sb0005.toml	759ce0824307013bdbd8d77db7121155c1161bf93314547b3dd7793b06d53139	p01-neutral-feedback/s03-parameter-map-wave2-v210-adaptive-g1000/p01-s03-c0051/sb0005	prepared
phase1-stage3-wave2-v210-adaptive-g1000	p01-s03-c0051-v210-adaptive-g1000-sb0006	p01-s03-c0051	c0051	H-by-B	v210-adaptive-g1000	sb0006	671	0	p01-neutral-feedback/configs/s03-parameter-map-wave2-v210-adaptive-g1000/runs/p01-s03-c0051-v210-adaptive-g1000-sb0006.toml	aeb45f18a0b44e6a37ae656417cb8ba8ab7f3674c3cb71c6806045a1b6cc45b0	p01-neutral-feedback/s03-parameter-map-wave2-v210-adaptive-g1000/p01-s03-c0051/sb0006	prepared
phase1-stage3-wave2-v210-adaptive-g1000	p01-s03-c0051-v210-adaptive-g1000-sb0007	p01-s03-c0051	c0051	H-by-B	v210-adaptive-g1000	sb0007	672	0	p01-neutral-feedback/configs/s03-parameter-map-wave2-v210-adaptive-g1000/runs/p01-s03-c0051-v210-adaptive-g1000-sb0007.toml	b89ad2bc1840a873c3949209da03d8017251b42ef0c488b9f0796d51a1addb61	p01-neutral-feedback/s03-parameter-map-wave2-v210-adaptive-g1000/p01-s03-c0051/sb0007	prepared
phase1-stage3-wave2-v210-adaptive-g1000	p01-s03-c0051-v210-adaptive-g1000-sb0008	p01-s03-c0051	c0051	H-by-B	v210-adaptive-g1000	sb0008	673	0	p01-neutral-feedback/configs/s03-parameter-map-wave2-v210-adaptive-g1000/runs/p01-s03-c0051-v210-adaptive-g1000-sb0008.toml	3edb11cff45d77c6a7a66839fc3a4828b4a7eb9bedc934aec971bffcc42a0321	p01-neutral-feedback/s03-parameter-map-wave2-v210-adaptive-g1000/p01-s03-c0051/sb0008	prepared
phase1-stage3-wave2-v210-adaptive-g1000	p01-s03-c0051-v210-adaptive-g1000-sb0009	p01-s03-c0051	c0051	H-by-B	v210-adaptive-g1000	sb0009	674	0	p01-neutral-feedback/configs/s03-parameter-map-wave2-v210-adaptive-g1000/runs/p01-s03-c0051-v210-adaptive-g1000-sb0009.toml	c4d7f22cdff8c30cd94a6428dd37ddcd885d4afdc7b3250e2a87c283b32ba7de	p01-neutral-feedback/s03-parameter-map-wave2-v210-adaptive-g1000/p01-s03-c0051/sb0009	prepared
phase1-stage3-wave2-v210-adaptive-g1000	p01-s03-c0051-v210-adaptive-g1000-sb0010	p01-s03-c0051	c0051	H-by-B	v210-adaptive-g1000	sb0010	675	0	p01-neutral-feedback/configs/s03-parameter-map-wave2-v210-adaptive-g1000/runs/p01-s03-c0051-v210-adaptive-g1000-sb0010.toml	232e8334738c5117315f1b4809ebc114e7fd47befeadccdc6e3d302efc227565	p01-neutral-feedback/s03-parameter-map-wave2-v210-adaptive-g1000/p01-s03-c0051/sb0010	prepared
phase1-stage3-wave2-v210-adaptive-g1000	p01-s03-c0051-v210-adaptive-g1000-sb0011	p01-s03-c0051	c0051	H-by-B	v210-adaptive-g1000	sb0011	676	0	p01-neutral-feedback/configs/s03-parameter-map-wave2-v210-adaptive-g1000/runs/p01-s03-c0051-v210-adaptive-g1000-sb0011.toml	034492c12e555d0cb9e9a37bcf836e7ee605c3f150ee111c3267631a522f1d45	p01-neutral-feedback/s03-parameter-map-wave2-v210-adaptive-g1000/p01-s03-c0051/sb0011	prepared
phase1-stage3-wave2-v210-adaptive-g1000	p01-s03-c0051-v210-adaptive-g1000-sb0012	p01-s03-c0051	c0051	H-by-B	v210-adaptive-g1000	sb0012	677	0	p01-neutral-feedback/configs/s03-parameter-map-wave2-v210-adaptive-g1000/runs/p01-s03-c0051-v210-adaptive-g1000-sb0012.toml	f3e118828054e850c6fe91f8995a76597bcb237d3696cc73106f9478b56f7c70	p01-neutral-feedback/s03-parameter-map-wave2-v210-adaptive-g1000/p01-s03-c0051/sb0012	prepared
phase1-stage3-wave2-v210-adaptive-g1000	p01-s03-c0052-v210-adaptive-g1000-sb0001	p01-s03-c0052	c0052	H-by-B	v210-adaptive-g1000	sb0001	666	0	p01-neutral-feedback/configs/s03-parameter-map-wave2-v210-adaptive-g1000/runs/p01-s03-c0052-v210-adaptive-g1000-sb0001.toml	b0095883771ee67d942875308b99009d9409fd71ed48469706f36347fe27e0fb	p01-neutral-feedback/s03-parameter-map-wave2-v210-adaptive-g1000/p01-s03-c0052/sb0001	prepared
phase1-stage3-wave2-v210-adaptive-g1000	p01-s03-c0052-v210-adaptive-g1000-sb0002	p01-s03-c0052	c0052	H-by-B	v210-adaptive-g1000	sb0002	667	0	p01-neutral-feedback/configs/s03-parameter-map-wave2-v210-adaptive-g1000/runs/p01-s03-c0052-v210-adaptive-g1000-sb0002.toml	b1ef5c59421ecf83991044a01799e7e5258273a16195c53e56be27548dc7d535	p01-neutral-feedback/s03-parameter-map-wave2-v210-adaptive-g1000/p01-s03-c0052/sb0002	prepared
phase1-stage3-wave2-v210-adaptive-g1000	p01-s03-c0052-v210-adaptive-g1000-sb0003	p01-s03-c0052	c0052	H-by-B	v210-adaptive-g1000	sb0003	668	0	p01-neutral-feedback/configs/s03-parameter-map-wave2-v210-adaptive-g1000/runs/p01-s03-c0052-v210-adaptive-g1000-sb0003.toml	a71417ab07326113a725310a8b31cc618a45d3fd6eed54cc499d2db151d47632	p01-neutral-feedback/s03-parameter-map-wave2-v210-adaptive-g1000/p01-s03-c0052/sb0003	prepared
phase1-stage3-wave2-v210-adaptive-g1000	p01-s03-c0052-v210-adaptive-g1000-sb0004	p01-s03-c0052	c0052	H-by-B	v210-adaptive-g1000	sb0004	669	0	p01-neutral-feedback/configs/s03-parameter-map-wave2-v210-adaptive-g1000/runs/p01-s03-c0052-v210-adaptive-g1000-sb0004.toml	2fa3324d43d6bb00681a27a64314e69cc5c114b0d32d85b78c36091109cdcb39	p01-neutral-feedback/s03-parameter-map-wave2-v210-adaptive-g1000/p01-s03-c0052/sb0004	prepared
phase1-stage3-wave2-v210-adaptive-g1000	p01-s03-c0052-v210-adaptive-g1000-sb0005	p01-s03-c0052	c0052	H-by-B	v210-adaptive-g1000	sb0005	670	0	p01-neutral-feedback/configs/s03-parameter-map-wave2-v210-adaptive-g1000/runs/p01-s03-c0052-v210-adaptive-g1000-sb0005.toml	103892966a454fe91f359f40eab64a284ed8a4045ba268a9ef89f34e679a6c57	p01-neutral-feedback/s03-parameter-map-wave2-v210-adaptive-g1000/p01-s03-c0052/sb0005	prepared
phase1-stage3-wave2-v210-adaptive-g1000	p01-s03-c0052-v210-adaptive-g1000-sb0006	p01-s03-c0052	c0052	H-by-B	v210-adaptive-g1000	sb0006	671	0	p01-neutral-feedback/configs/s03-parameter-map-wave2-v210-adaptive-g1000/runs/p01-s03-c0052-v210-adaptive-g1000-sb0006.toml	afc179abe2fd095f2b9c6b8f4f2f5241f5b37a9c7007f49a63a4597a3367ce25	p01-neutral-feedback/s03-parameter-map-wave2-v210-adaptive-g1000/p01-s03-c0052/sb0006	prepared
phase1-stage3-wave2-v210-adaptive-g1000	p01-s03-c0052-v210-adaptive-g1000-sb0007	p01-s03-c0052	c0052	H-by-B	v210-adaptive-g1000	sb0007	672	0	p01-neutral-feedback/configs/s03-parameter-map-wave2-v210-adaptive-g1000/runs/p01-s03-c0052-v210-adaptive-g1000-sb0007.toml	a11efa6d6bba7f2bbe8a8e77a64fdcb41e86905d015f6e849c6d31f11a15c079	p01-neutral-feedback/s03-parameter-map-wave2-v210-adaptive-g1000/p01-s03-c0052/sb0007	prepared
phase1-stage3-wave2-v210-adaptive-g1000	p01-s03-c0052-v210-adaptive-g1000-sb0008	p01-s03-c0052	c0052	H-by-B	v210-adaptive-g1000	sb0008	673	0	p01-neutral-feedback/configs/s03-parameter-map-wave2-v210-adaptive-g1000/runs/p01-s03-c0052-v210-adaptive-g1000-sb0008.toml	202a8374fee065adb5c853daf193a2cfa14675d8275a89276fb54dbbd298bd5e	p01-neutral-feedback/s03-parameter-map-wave2-v210-adaptive-g1000/p01-s03-c0052/sb0008	prepared
phase1-stage3-wave2-v210-adaptive-g1000	p01-s03-c0052-v210-adaptive-g1000-sb0009	p01-s03-c0052	c0052	H-by-B	v210-adaptive-g1000	sb0009	674	0	p01-neutral-feedback/configs/s03-parameter-map-wave2-v210-adaptive-g1000/runs/p01-s03-c0052-v210-adaptive-g1000-sb0009.toml	83a5835f65d91c709549fe4d01ebe57331682a30f1b6155edadf1da01622a906	p01-neutral-feedback/s03-parameter-map-wave2-v210-adaptive-g1000/p01-s03-c0052/sb0009	prepared
phase1-stage3-wave2-v210-adaptive-g1000	p01-s03-c0052-v210-adaptive-g1000-sb0010	p01-s03-c0052	c0052	H-by-B	v210-adaptive-g1000	sb0010	675	0	p01-neutral-feedback/configs/s03-parameter-map-wave2-v210-adaptive-g1000/runs/p01-s03-c0052-v210-adaptive-g1000-sb0010.toml	9bd2858f587ab8e55114769993812f310e5e268a031277b3240172656b69c5b0	p01-neutral-feedback/s03-parameter-map-wave2-v210-adaptive-g1000/p01-s03-c0052/sb0010	prepared
phase1-stage3-wave2-v210-adaptive-g1000	p01-s03-c0052-v210-adaptive-g1000-sb0011	p01-s03-c0052	c0052	H-by-B	v210-adaptive-g1000	sb0011	676	0	p01-neutral-feedback/configs/s03-parameter-map-wave2-v210-adaptive-g1000/runs/p01-s03-c0052-v210-adaptive-g1000-sb0011.toml	ff4c8d31343e4325f11e0af48966be88459624fce4b4ce7d274f78be6841122b	p01-neutral-feedback/s03-parameter-map-wave2-v210-adaptive-g1000/p01-s03-c0052/sb0011	prepared
phase1-stage3-wave2-v210-adaptive-g1000	p01-s03-c0052-v210-adaptive-g1000-sb0012	p01-s03-c0052	c0052	H-by-B	v210-adaptive-g1000	sb0012	677	0	p01-neutral-feedback/configs/s03-parameter-map-wave2-v210-adaptive-g1000/runs/p01-s03-c0052-v210-adaptive-g1000-sb0012.toml	9a9b283f27b30bfca66f4212bf487cb5b7db70bc68c201b5a00091c547193e24	p01-neutral-feedback/s03-parameter-map-wave2-v210-adaptive-g1000/p01-s03-c0052/sb0012	prepared
phase1-stage3-wave2-v210-adaptive-g1000	p01-s03-c0054-v210-adaptive-g1000-sb0001	p01-s03-c0054	c0054	H-by-B	v210-adaptive-g1000	sb0001	666	0	p01-neutral-feedback/configs/s03-parameter-map-wave2-v210-adaptive-g1000/runs/p01-s03-c0054-v210-adaptive-g1000-sb0001.toml	bbb8c0ca4445b70998ab96eedcf3dd90ab618e7466c6bc33763097b19d154bdf	p01-neutral-feedback/s03-parameter-map-wave2-v210-adaptive-g1000/p01-s03-c0054/sb0001	prepared
phase1-stage3-wave2-v210-adaptive-g1000	p01-s03-c0054-v210-adaptive-g1000-sb0002	p01-s03-c0054	c0054	H-by-B	v210-adaptive-g1000	sb0002	667	0	p01-neutral-feedback/configs/s03-parameter-map-wave2-v210-adaptive-g1000/runs/p01-s03-c0054-v210-adaptive-g1000-sb0002.toml	4c06b9c09b69cbd50b0d023503d2869567d42b7723aff36599ca475bf5c7b1e0	p01-neutral-feedback/s03-parameter-map-wave2-v210-adaptive-g1000/p01-s03-c0054/sb0002	prepared
phase1-stage3-wave2-v210-adaptive-g1000	p01-s03-c0054-v210-adaptive-g1000-sb0003	p01-s03-c0054	c0054	H-by-B	v210-adaptive-g1000	sb0003	668	0	p01-neutral-feedback/configs/s03-parameter-map-wave2-v210-adaptive-g1000/runs/p01-s03-c0054-v210-adaptive-g1000-sb0003.toml	e50e00ed19f9ac983d1da753adc7301dd94d269db2955122380a6c9184f59423	p01-neutral-feedback/s03-parameter-map-wave2-v210-adaptive-g1000/p01-s03-c0054/sb0003	prepared
phase1-stage3-wave2-v210-adaptive-g1000	p01-s03-c0054-v210-adaptive-g1000-sb0004	p01-s03-c0054	c0054	H-by-B	v210-adaptive-g1000	sb0004	669	0	p01-neutral-feedback/configs/s03-parameter-map-wave2-v210-adaptive-g1000/runs/p01-s03-c0054-v210-adaptive-g1000-sb0004.toml	762c2090ba041c7db7ddea8c78989065f4c450dedb1aecabb4a8477f370605dd	p01-neutral-feedback/s03-parameter-map-wave2-v210-adaptive-g1000/p01-s03-c0054/sb0004	prepared
phase1-stage3-wave2-v210-adaptive-g1000	p01-s03-c0054-v210-adaptive-g1000-sb0005	p01-s03-c0054	c0054	H-by-B	v210-adaptive-g1000	sb0005	670	0	p01-neutral-feedback/configs/s03-parameter-map-wave2-v210-adaptive-g1000/runs/p01-s03-c0054-v210-adaptive-g1000-sb0005.toml	035dbd8b8ef6a36a11131201eee30c4acc73e46f80941d5b2a8cb340b75f175a	p01-neutral-feedback/s03-parameter-map-wave2-v210-adaptive-g1000/p01-s03-c0054/sb0005	prepared
phase1-stage3-wave2-v210-adaptive-g1000	p01-s03-c0054-v210-adaptive-g1000-sb0006	p01-s03-c0054	c0054	H-by-B	v210-adaptive-g1000	sb0006	671	0	p01-neutral-feedback/configs/s03-parameter-map-wave2-v210-adaptive-g1000/runs/p01-s03-c0054-v210-adaptive-g1000-sb0006.toml	29f83e8c8e93c7181c05c73825f731002140650a533a63f4e8c642eb6d6c2deb	p01-neutral-feedback/s03-parameter-map-wave2-v210-adaptive-g1000/p01-s03-c0054/sb0006	prepared
phase1-stage3-wave2-v210-adaptive-g1000	p01-s03-c0054-v210-adaptive-g1000-sb0007	p01-s03-c0054	c0054	H-by-B	v210-adaptive-g1000	sb0007	672	0	p01-neutral-feedback/configs/s03-parameter-map-wave2-v210-adaptive-g1000/runs/p01-s03-c0054-v210-adaptive-g1000-sb0007.toml	6b3805e0b0b5abf469a4263513a459d9d03c11dfea318830032e211e919d0887	p01-neutral-feedback/s03-parameter-map-wave2-v210-adaptive-g1000/p01-s03-c0054/sb0007	prepared
phase1-stage3-wave2-v210-adaptive-g1000	p01-s03-c0054-v210-adaptive-g1000-sb0008	p01-s03-c0054	c0054	H-by-B	v210-adaptive-g1000	sb0008	673	0	p01-neutral-feedback/configs/s03-parameter-map-wave2-v210-adaptive-g1000/runs/p01-s03-c0054-v210-adaptive-g1000-sb0008.toml	ed963a3e3592b0e7b3ec51d4d4ec031af753280c21d8e58fac6c0f000062edf6	p01-neutral-feedback/s03-parameter-map-wave2-v210-adaptive-g1000/p01-s03-c0054/sb0008	prepared
phase1-stage3-wave2-v210-adaptive-g1000	p01-s03-c0054-v210-adaptive-g1000-sb0009	p01-s03-c0054	c0054	H-by-B	v210-adaptive-g1000	sb0009	674	0	p01-neutral-feedback/configs/s03-parameter-map-wave2-v210-adaptive-g1000/runs/p01-s03-c0054-v210-adaptive-g1000-sb0009.toml	8ae9776e9c1f6e3e7da9ac2fa55a7def0fa7fda5d454c1d2a2ba18f382063378	p01-neutral-feedback/s03-parameter-map-wave2-v210-adaptive-g1000/p01-s03-c0054/sb0009	prepared
phase1-stage3-wave2-v210-adaptive-g1000	p01-s03-c0054-v210-adaptive-g1000-sb0010	p01-s03-c0054	c0054	H-by-B	v210-adaptive-g1000	sb0010	675	0	p01-neutral-feedback/configs/s03-parameter-map-wave2-v210-adaptive-g1000/runs/p01-s03-c0054-v210-adaptive-g1000-sb0010.toml	4d92e7f96001c0ac4aae3a5d9c7870600a7280f15bea4cdb4c9e1f2021498ae7	p01-neutral-feedback/s03-parameter-map-wave2-v210-adaptive-g1000/p01-s03-c0054/sb0010	prepared
phase1-stage3-wave2-v210-adaptive-g1000	p01-s03-c0054-v210-adaptive-g1000-sb0011	p01-s03-c0054	c0054	H-by-B	v210-adaptive-g1000	sb0011	676	0	p01-neutral-feedback/configs/s03-parameter-map-wave2-v210-adaptive-g1000/runs/p01-s03-c0054-v210-adaptive-g1000-sb0011.toml	86f3746014f758e4c2c4610e4182a34950a0eecec452dcbfc13c672ec60d8d2e	p01-neutral-feedback/s03-parameter-map-wave2-v210-adaptive-g1000/p01-s03-c0054/sb0011	prepared
phase1-stage3-wave2-v210-adaptive-g1000	p01-s03-c0054-v210-adaptive-g1000-sb0012	p01-s03-c0054	c0054	H-by-B	v210-adaptive-g1000	sb0012	677	0	p01-neutral-feedback/configs/s03-parameter-map-wave2-v210-adaptive-g1000/runs/p01-s03-c0054-v210-adaptive-g1000-sb0012.toml	fca2ea38f2186cbb3bed63578dbd6995e4ee715c7ec7b14156e99fbe6a50c4b7	p01-neutral-feedback/s03-parameter-map-wave2-v210-adaptive-g1000/p01-s03-c0054/sb0012	prepared
phase1-stage3-wave2-v210-adaptive-g1000	p01-s03-c0055-v210-adaptive-g1000-sb0001	p01-s03-c0055	c0055	H-by-B	v210-adaptive-g1000	sb0001	666	0	p01-neutral-feedback/configs/s03-parameter-map-wave2-v210-adaptive-g1000/runs/p01-s03-c0055-v210-adaptive-g1000-sb0001.toml	0f002ec0e40d1bce59a07929b6e5193bb453d6324bb7cc5bd4f9d256c06338f6	p01-neutral-feedback/s03-parameter-map-wave2-v210-adaptive-g1000/p01-s03-c0055/sb0001	prepared
phase1-stage3-wave2-v210-adaptive-g1000	p01-s03-c0055-v210-adaptive-g1000-sb0002	p01-s03-c0055	c0055	H-by-B	v210-adaptive-g1000	sb0002	667	0	p01-neutral-feedback/configs/s03-parameter-map-wave2-v210-adaptive-g1000/runs/p01-s03-c0055-v210-adaptive-g1000-sb0002.toml	aff678e0953049027f2a0e753e6fb876a6f10d120b642c51578f15399e1ffdfa	p01-neutral-feedback/s03-parameter-map-wave2-v210-adaptive-g1000/p01-s03-c0055/sb0002	prepared
phase1-stage3-wave2-v210-adaptive-g1000	p01-s03-c0055-v210-adaptive-g1000-sb0003	p01-s03-c0055	c0055	H-by-B	v210-adaptive-g1000	sb0003	668	0	p01-neutral-feedback/configs/s03-parameter-map-wave2-v210-adaptive-g1000/runs/p01-s03-c0055-v210-adaptive-g1000-sb0003.toml	4e727fe4d3edb4149cbe9c49d20eb000e727b465af152209cb22a69cb59bdab8	p01-neutral-feedback/s03-parameter-map-wave2-v210-adaptive-g1000/p01-s03-c0055/sb0003	prepared
phase1-stage3-wave2-v210-adaptive-g1000	p01-s03-c0055-v210-adaptive-g1000-sb0004	p01-s03-c0055	c0055	H-by-B	v210-adaptive-g1000	sb0004	669	0	p01-neutral-feedback/configs/s03-parameter-map-wave2-v210-adaptive-g1000/runs/p01-s03-c0055-v210-adaptive-g1000-sb0004.toml	04cfa4638d372887f59c5e50c2b155f6bcfec7ca7a336a806f79fe3878d7682a	p01-neutral-feedback/s03-parameter-map-wave2-v210-adaptive-g1000/p01-s03-c0055/sb0004	prepared
phase1-stage3-wave2-v210-adaptive-g1000	p01-s03-c0055-v210-adaptive-g1000-sb0005	p01-s03-c0055	c0055	H-by-B	v210-adaptive-g1000	sb0005	670	0	p01-neutral-feedback/configs/s03-parameter-map-wave2-v210-adaptive-g1000/runs/p01-s03-c0055-v210-adaptive-g1000-sb0005.toml	3bf976bf86fbb2261f1dab7ce33f40a696ca9b19ceb85877d0a9ba0620ca80cb	p01-neutral-feedback/s03-parameter-map-wave2-v210-adaptive-g1000/p01-s03-c0055/sb0005	prepared
phase1-stage3-wave2-v210-adaptive-g1000	p01-s03-c0055-v210-adaptive-g1000-sb0006	p01-s03-c0055	c0055	H-by-B	v210-adaptive-g1000	sb0006	671	0	p01-neutral-feedback/configs/s03-parameter-map-wave2-v210-adaptive-g1000/runs/p01-s03-c0055-v210-adaptive-g1000-sb0006.toml	31b3b997ef15f7136a4ad7db2be59bf731ede80e6afdc59c3f643d9dd921e5a8	p01-neutral-feedback/s03-parameter-map-wave2-v210-adaptive-g1000/p01-s03-c0055/sb0006	prepared
phase1-stage3-wave2-v210-adaptive-g1000	p01-s03-c0055-v210-adaptive-g1000-sb0007	p01-s03-c0055	c0055	H-by-B	v210-adaptive-g1000	sb0007	672	0	p01-neutral-feedback/configs/s03-parameter-map-wave2-v210-adaptive-g1000/runs/p01-s03-c0055-v210-adaptive-g1000-sb0007.toml	19207f662f370a678ef5b261465ae13a0543305fa6c3097ac14ac45df6cb2616	p01-neutral-feedback/s03-parameter-map-wave2-v210-adaptive-g1000/p01-s03-c0055/sb0007	prepared
phase1-stage3-wave2-v210-adaptive-g1000	p01-s03-c0055-v210-adaptive-g1000-sb0008	p01-s03-c0055	c0055	H-by-B	v210-adaptive-g1000	sb0008	673	0	p01-neutral-feedback/configs/s03-parameter-map-wave2-v210-adaptive-g1000/runs/p01-s03-c0055-v210-adaptive-g1000-sb0008.toml	15e0397ba90bdbe53cf5c07cb6493cd10a89b9cf5bddccd9d6a1ebb6bd5102d0	p01-neutral-feedback/s03-parameter-map-wave2-v210-adaptive-g1000/p01-s03-c0055/sb0008	prepared
phase1-stage3-wave2-v210-adaptive-g1000	p01-s03-c0055-v210-adaptive-g1000-sb0009	p01-s03-c0055	c0055	H-by-B	v210-adaptive-g1000	sb0009	674	0	p01-neutral-feedback/configs/s03-parameter-map-wave2-v210-adaptive-g1000/runs/p01-s03-c0055-v210-adaptive-g1000-sb0009.toml	9edde3e39cf6a06e793015508b855e7345505898bc8765e1a60d53a366f989b1	p01-neutral-feedback/s03-parameter-map-wave2-v210-adaptive-g1000/p01-s03-c0055/sb0009	prepared
phase1-stage3-wave2-v210-adaptive-g1000	p01-s03-c0055-v210-adaptive-g1000-sb0010	p01-s03-c0055	c0055	H-by-B	v210-adaptive-g1000	sb0010	675	0	p01-neutral-feedback/configs/s03-parameter-map-wave2-v210-adaptive-g1000/runs/p01-s03-c0055-v210-adaptive-g1000-sb0010.toml	ae133b09821daba7b756d6891b7f1ef7e259c91dc465b90dbcf1ce7ef1e77e1d	p01-neutral-feedback/s03-parameter-map-wave2-v210-adaptive-g1000/p01-s03-c0055/sb0010	prepared
phase1-stage3-wave2-v210-adaptive-g1000	p01-s03-c0055-v210-adaptive-g1000-sb0011	p01-s03-c0055	c0055	H-by-B	v210-adaptive-g1000	sb0011	676	0	p01-neutral-feedback/configs/s03-parameter-map-wave2-v210-adaptive-g1000/runs/p01-s03-c0055-v210-adaptive-g1000-sb0011.toml	2f151f2096e97e68faaf29a199cbcfa7061703a6b46d2788914295faaf6fd1b3	p01-neutral-feedback/s03-parameter-map-wave2-v210-adaptive-g1000/p01-s03-c0055/sb0011	prepared
phase1-stage3-wave2-v210-adaptive-g1000	p01-s03-c0055-v210-adaptive-g1000-sb0012	p01-s03-c0055	c0055	H-by-B	v210-adaptive-g1000	sb0012	677	0	p01-neutral-feedback/configs/s03-parameter-map-wave2-v210-adaptive-g1000/runs/p01-s03-c0055-v210-adaptive-g1000-sb0012.toml	0cd749233063be709fe27036b34bf22970b2b9d6eae05bd505b155b1c545119d	p01-neutral-feedback/s03-parameter-map-wave2-v210-adaptive-g1000/p01-s03-c0055/sb0012	prepared
phase1-stage3-wave2-v210-adaptive-g1000	p01-s03-c0056-v210-adaptive-g1000-sb0001	p01-s03-c0056	c0056	H-by-B	v210-adaptive-g1000	sb0001	666	0	p01-neutral-feedback/configs/s03-parameter-map-wave2-v210-adaptive-g1000/runs/p01-s03-c0056-v210-adaptive-g1000-sb0001.toml	3e249da0a7aeca8ee8b13418f9b180ed5aa13cfdbb31c5dd1597ebfbf3db77a5	p01-neutral-feedback/s03-parameter-map-wave2-v210-adaptive-g1000/p01-s03-c0056/sb0001	prepared
phase1-stage3-wave2-v210-adaptive-g1000	p01-s03-c0056-v210-adaptive-g1000-sb0002	p01-s03-c0056	c0056	H-by-B	v210-adaptive-g1000	sb0002	667	0	p01-neutral-feedback/configs/s03-parameter-map-wave2-v210-adaptive-g1000/runs/p01-s03-c0056-v210-adaptive-g1000-sb0002.toml	1534f5fc1a05e592cf4a305ddc315ea74ae7e2d170e63cb583b6495b0035927d	p01-neutral-feedback/s03-parameter-map-wave2-v210-adaptive-g1000/p01-s03-c0056/sb0002	prepared
phase1-stage3-wave2-v210-adaptive-g1000	p01-s03-c0056-v210-adaptive-g1000-sb0003	p01-s03-c0056	c0056	H-by-B	v210-adaptive-g1000	sb0003	668	0	p01-neutral-feedback/configs/s03-parameter-map-wave2-v210-adaptive-g1000/runs/p01-s03-c0056-v210-adaptive-g1000-sb0003.toml	c4a8c18a7802843b76911cac719def6dda082419a1269c27d17e0555803d67ce	p01-neutral-feedback/s03-parameter-map-wave2-v210-adaptive-g1000/p01-s03-c0056/sb0003	prepared
phase1-stage3-wave2-v210-adaptive-g1000	p01-s03-c0056-v210-adaptive-g1000-sb0004	p01-s03-c0056	c0056	H-by-B	v210-adaptive-g1000	sb0004	669	0	p01-neutral-feedback/configs/s03-parameter-map-wave2-v210-adaptive-g1000/runs/p01-s03-c0056-v210-adaptive-g1000-sb0004.toml	bf8cc33785df7ad00fc6e1212cee946936d7a24f61895dbaa37d266a0f066602	p01-neutral-feedback/s03-parameter-map-wave2-v210-adaptive-g1000/p01-s03-c0056/sb0004	prepared
phase1-stage3-wave2-v210-adaptive-g1000	p01-s03-c0056-v210-adaptive-g1000-sb0005	p01-s03-c0056	c0056	H-by-B	v210-adaptive-g1000	sb0005	670	0	p01-neutral-feedback/configs/s03-parameter-map-wave2-v210-adaptive-g1000/runs/p01-s03-c0056-v210-adaptive-g1000-sb0005.toml	0878e6f4500cc1feacbeaf2e04511f31f1e8b2d839a4e85f76b3a4a4a72a7ec5	p01-neutral-feedback/s03-parameter-map-wave2-v210-adaptive-g1000/p01-s03-c0056/sb0005	prepared
phase1-stage3-wave2-v210-adaptive-g1000	p01-s03-c0056-v210-adaptive-g1000-sb0006	p01-s03-c0056	c0056	H-by-B	v210-adaptive-g1000	sb0006	671	0	p01-neutral-feedback/configs/s03-parameter-map-wave2-v210-adaptive-g1000/runs/p01-s03-c0056-v210-adaptive-g1000-sb0006.toml	4f43c872ac4b4b4f11b40e210952fb142e8307c5abfd9d5591a3689734cfc940	p01-neutral-feedback/s03-parameter-map-wave2-v210-adaptive-g1000/p01-s03-c0056/sb0006	prepared
phase1-stage3-wave2-v210-adaptive-g1000	p01-s03-c0056-v210-adaptive-g1000-sb0007	p01-s03-c0056	c0056	H-by-B	v210-adaptive-g1000	sb0007	672	0	p01-neutral-feedback/configs/s03-parameter-map-wave2-v210-adaptive-g1000/runs/p01-s03-c0056-v210-adaptive-g1000-sb0007.toml	67ee1b8129086f233f7dd97a3703063a31de1f1545fb679cf2c9a840bb64cb48	p01-neutral-feedback/s03-parameter-map-wave2-v210-adaptive-g1000/p01-s03-c0056/sb0007	prepared
phase1-stage3-wave2-v210-adaptive-g1000	p01-s03-c0056-v210-adaptive-g1000-sb0008	p01-s03-c0056	c0056	H-by-B	v210-adaptive-g1000	sb0008	673	0	p01-neutral-feedback/configs/s03-parameter-map-wave2-v210-adaptive-g1000/runs/p01-s03-c0056-v210-adaptive-g1000-sb0008.toml	1c3f4f1e2482cb645bd1113898bed8bc75919c3e41b62aea4d216b609a3757a9	p01-neutral-feedback/s03-parameter-map-wave2-v210-adaptive-g1000/p01-s03-c0056/sb0008	prepared
phase1-stage3-wave2-v210-adaptive-g1000	p01-s03-c0056-v210-adaptive-g1000-sb0009	p01-s03-c0056	c0056	H-by-B	v210-adaptive-g1000	sb0009	674	0	p01-neutral-feedback/configs/s03-parameter-map-wave2-v210-adaptive-g1000/runs/p01-s03-c0056-v210-adaptive-g1000-sb0009.toml	88aa5e50172b1cdb330d58e2882fe1bc8477e74f70196ab2f732c4039669e306	p01-neutral-feedback/s03-parameter-map-wave2-v210-adaptive-g1000/p01-s03-c0056/sb0009	prepared
phase1-stage3-wave2-v210-adaptive-g1000	p01-s03-c0056-v210-adaptive-g1000-sb0010	p01-s03-c0056	c0056	H-by-B	v210-adaptive-g1000	sb0010	675	0	p01-neutral-feedback/configs/s03-parameter-map-wave2-v210-adaptive-g1000/runs/p01-s03-c0056-v210-adaptive-g1000-sb0010.toml	b6f6a6460f3c9eab053961b3c92675dae97f4df3ef80d364f861cf04aad5aeed	p01-neutral-feedback/s03-parameter-map-wave2-v210-adaptive-g1000/p01-s03-c0056/sb0010	prepared
phase1-stage3-wave2-v210-adaptive-g1000	p01-s03-c0056-v210-adaptive-g1000-sb0011	p01-s03-c0056	c0056	H-by-B	v210-adaptive-g1000	sb0011	676	0	p01-neutral-feedback/configs/s03-parameter-map-wave2-v210-adaptive-g1000/runs/p01-s03-c0056-v210-adaptive-g1000-sb0011.toml	b546f194bb7411e2057738a0623c84478eff2d2b3f7747340d58560b33d2a83b	p01-neutral-feedback/s03-parameter-map-wave2-v210-adaptive-g1000/p01-s03-c0056/sb0011	prepared
phase1-stage3-wave2-v210-adaptive-g1000	p01-s03-c0056-v210-adaptive-g1000-sb0012	p01-s03-c0056	c0056	H-by-B	v210-adaptive-g1000	sb0012	677	0	p01-neutral-feedback/configs/s03-parameter-map-wave2-v210-adaptive-g1000/runs/p01-s03-c0056-v210-adaptive-g1000-sb0012.toml	35e9f10327a7bc3c8b690525f4f7fc271e097bba738fbe9c314372c22877764b	p01-neutral-feedback/s03-parameter-map-wave2-v210-adaptive-g1000/p01-s03-c0056/sb0012	prepared
phase1-stage3-wave2-v210-adaptive-g1000	p01-s03-c0057-v210-adaptive-g1000-sb0001	p01-s03-c0057	c0057	H-by-B	v210-adaptive-g1000	sb0001	666	0	p01-neutral-feedback/configs/s03-parameter-map-wave2-v210-adaptive-g1000/runs/p01-s03-c0057-v210-adaptive-g1000-sb0001.toml	09bb381b2c5a175a5c89fefaf1b74fd6bd01a302d12fc090d82a0c5686da2fa0	p01-neutral-feedback/s03-parameter-map-wave2-v210-adaptive-g1000/p01-s03-c0057/sb0001	prepared
phase1-stage3-wave2-v210-adaptive-g1000	p01-s03-c0057-v210-adaptive-g1000-sb0002	p01-s03-c0057	c0057	H-by-B	v210-adaptive-g1000	sb0002	667	0	p01-neutral-feedback/configs/s03-parameter-map-wave2-v210-adaptive-g1000/runs/p01-s03-c0057-v210-adaptive-g1000-sb0002.toml	ab8a2e7623df8da0fbc94ddfe5ec524d155e3fd617b0cc78c53282a37ef70643	p01-neutral-feedback/s03-parameter-map-wave2-v210-adaptive-g1000/p01-s03-c0057/sb0002	prepared
phase1-stage3-wave2-v210-adaptive-g1000	p01-s03-c0057-v210-adaptive-g1000-sb0003	p01-s03-c0057	c0057	H-by-B	v210-adaptive-g1000	sb0003	668	0	p01-neutral-feedback/configs/s03-parameter-map-wave2-v210-adaptive-g1000/runs/p01-s03-c0057-v210-adaptive-g1000-sb0003.toml	6bb97dcb008c07a5a1a9bc24b98588346871df46e0bd1670eccacacec198d2f9	p01-neutral-feedback/s03-parameter-map-wave2-v210-adaptive-g1000/p01-s03-c0057/sb0003	prepared
phase1-stage3-wave2-v210-adaptive-g1000	p01-s03-c0057-v210-adaptive-g1000-sb0004	p01-s03-c0057	c0057	H-by-B	v210-adaptive-g1000	sb0004	669	0	p01-neutral-feedback/configs/s03-parameter-map-wave2-v210-adaptive-g1000/runs/p01-s03-c0057-v210-adaptive-g1000-sb0004.toml	c31bab8743453d98d2a59a4335649277d88a0c426fe1304d7be8aad6aac8b15c	p01-neutral-feedback/s03-parameter-map-wave2-v210-adaptive-g1000/p01-s03-c0057/sb0004	prepared
phase1-stage3-wave2-v210-adaptive-g1000	p01-s03-c0057-v210-adaptive-g1000-sb0005	p01-s03-c0057	c0057	H-by-B	v210-adaptive-g1000	sb0005	670	0	p01-neutral-feedback/configs/s03-parameter-map-wave2-v210-adaptive-g1000/runs/p01-s03-c0057-v210-adaptive-g1000-sb0005.toml	61c9d685e96310c94426cd424b37e3e7129253cf9f868b584160a87fd1c454bb	p01-neutral-feedback/s03-parameter-map-wave2-v210-adaptive-g1000/p01-s03-c0057/sb0005	prepared
phase1-stage3-wave2-v210-adaptive-g1000	p01-s03-c0057-v210-adaptive-g1000-sb0006	p01-s03-c0057	c0057	H-by-B	v210-adaptive-g1000	sb0006	671	0	p01-neutral-feedback/configs/s03-parameter-map-wave2-v210-adaptive-g1000/runs/p01-s03-c0057-v210-adaptive-g1000-sb0006.toml	2f5c83b6c89a9d2ac7daf5bcdacaa2906b9df541a7fce2fbb379b852eb9eef8b	p01-neutral-feedback/s03-parameter-map-wave2-v210-adaptive-g1000/p01-s03-c0057/sb0006	prepared
phase1-stage3-wave2-v210-adaptive-g1000	p01-s03-c0057-v210-adaptive-g1000-sb0007	p01-s03-c0057	c0057	H-by-B	v210-adaptive-g1000	sb0007	672	0	p01-neutral-feedback/configs/s03-parameter-map-wave2-v210-adaptive-g1000/runs/p01-s03-c0057-v210-adaptive-g1000-sb0007.toml	9348e4c556ce9f9a3e381a766e5e65a9b3d70bd2f22aea3f52100f3ba155fcee	p01-neutral-feedback/s03-parameter-map-wave2-v210-adaptive-g1000/p01-s03-c0057/sb0007	prepared
phase1-stage3-wave2-v210-adaptive-g1000	p01-s03-c0057-v210-adaptive-g1000-sb0008	p01-s03-c0057	c0057	H-by-B	v210-adaptive-g1000	sb0008	673	0	p01-neutral-feedback/configs/s03-parameter-map-wave2-v210-adaptive-g1000/runs/p01-s03-c0057-v210-adaptive-g1000-sb0008.toml	9742b33d1a583a2b022feb840a4d2d9e0691cad5bb878218e422b4acb208d6ed	p01-neutral-feedback/s03-parameter-map-wave2-v210-adaptive-g1000/p01-s03-c0057/sb0008	prepared
phase1-stage3-wave2-v210-adaptive-g1000	p01-s03-c0057-v210-adaptive-g1000-sb0009	p01-s03-c0057	c0057	H-by-B	v210-adaptive-g1000	sb0009	674	0	p01-neutral-feedback/configs/s03-parameter-map-wave2-v210-adaptive-g1000/runs/p01-s03-c0057-v210-adaptive-g1000-sb0009.toml	4a04bda2ffb8d9d9006a8399ce0dfd85f272b2cff02b1dc9855d86a7b7ee4b65	p01-neutral-feedback/s03-parameter-map-wave2-v210-adaptive-g1000/p01-s03-c0057/sb0009	prepared
phase1-stage3-wave2-v210-adaptive-g1000	p01-s03-c0057-v210-adaptive-g1000-sb0010	p01-s03-c0057	c0057	H-by-B	v210-adaptive-g1000	sb0010	675	0	p01-neutral-feedback/configs/s03-parameter-map-wave2-v210-adaptive-g1000/runs/p01-s03-c0057-v210-adaptive-g1000-sb0010.toml	12ea680f2fb08250bfd89d42a6bddabc8e499a32d0f6442c4e8fd2225269079a	p01-neutral-feedback/s03-parameter-map-wave2-v210-adaptive-g1000/p01-s03-c0057/sb0010	prepared
phase1-stage3-wave2-v210-adaptive-g1000	p01-s03-c0057-v210-adaptive-g1000-sb0011	p01-s03-c0057	c0057	H-by-B	v210-adaptive-g1000	sb0011	676	0	p01-neutral-feedback/configs/s03-parameter-map-wave2-v210-adaptive-g1000/runs/p01-s03-c0057-v210-adaptive-g1000-sb0011.toml	83369df547217bc3a6950bcbbfd508ab5b64dd915b325cccfcf2bdacae4fe0be	p01-neutral-feedback/s03-parameter-map-wave2-v210-adaptive-g1000/p01-s03-c0057/sb0011	prepared
phase1-stage3-wave2-v210-adaptive-g1000	p01-s03-c0057-v210-adaptive-g1000-sb0012	p01-s03-c0057	c0057	H-by-B	v210-adaptive-g1000	sb0012	677	0	p01-neutral-feedback/configs/s03-parameter-map-wave2-v210-adaptive-g1000/runs/p01-s03-c0057-v210-adaptive-g1000-sb0012.toml	1c34fe9e90781539a5def7da530b901ce983fc1bc744dce20c5c5b6110f76432	p01-neutral-feedback/s03-parameter-map-wave2-v210-adaptive-g1000/p01-s03-c0057/sb0012	prepared
phase1-stage3-wave2-v210-adaptive-g1000	p01-s03-c0058-v210-adaptive-g1000-sb0001	p01-s03-c0058	c0058	H-by-B	v210-adaptive-g1000	sb0001	666	0	p01-neutral-feedback/configs/s03-parameter-map-wave2-v210-adaptive-g1000/runs/p01-s03-c0058-v210-adaptive-g1000-sb0001.toml	7e342450d4609b026ddafdb3021f67d119992ac6a7b618c9e1c780aa17205581	p01-neutral-feedback/s03-parameter-map-wave2-v210-adaptive-g1000/p01-s03-c0058/sb0001	prepared
phase1-stage3-wave2-v210-adaptive-g1000	p01-s03-c0058-v210-adaptive-g1000-sb0002	p01-s03-c0058	c0058	H-by-B	v210-adaptive-g1000	sb0002	667	0	p01-neutral-feedback/configs/s03-parameter-map-wave2-v210-adaptive-g1000/runs/p01-s03-c0058-v210-adaptive-g1000-sb0002.toml	1ef0c642994d5aa190f69af71659810e5dca4ef8b61452351fc2bf516bbf90f2	p01-neutral-feedback/s03-parameter-map-wave2-v210-adaptive-g1000/p01-s03-c0058/sb0002	prepared
phase1-stage3-wave2-v210-adaptive-g1000	p01-s03-c0058-v210-adaptive-g1000-sb0003	p01-s03-c0058	c0058	H-by-B	v210-adaptive-g1000	sb0003	668	0	p01-neutral-feedback/configs/s03-parameter-map-wave2-v210-adaptive-g1000/runs/p01-s03-c0058-v210-adaptive-g1000-sb0003.toml	cf0f3af6c3d67783c51a04cbb7abd2b2865886f595438a94360858c7f2071fa8	p01-neutral-feedback/s03-parameter-map-wave2-v210-adaptive-g1000/p01-s03-c0058/sb0003	prepared
phase1-stage3-wave2-v210-adaptive-g1000	p01-s03-c0058-v210-adaptive-g1000-sb0004	p01-s03-c0058	c0058	H-by-B	v210-adaptive-g1000	sb0004	669	0	p01-neutral-feedback/configs/s03-parameter-map-wave2-v210-adaptive-g1000/runs/p01-s03-c0058-v210-adaptive-g1000-sb0004.toml	953afba9e8c50158b43e22264b32108f898c7ac08c1e8702527097e6e8e42596	p01-neutral-feedback/s03-parameter-map-wave2-v210-adaptive-g1000/p01-s03-c0058/sb0004	prepared
phase1-stage3-wave2-v210-adaptive-g1000	p01-s03-c0058-v210-adaptive-g1000-sb0005	p01-s03-c0058	c0058	H-by-B	v210-adaptive-g1000	sb0005	670	0	p01-neutral-feedback/configs/s03-parameter-map-wave2-v210-adaptive-g1000/runs/p01-s03-c0058-v210-adaptive-g1000-sb0005.toml	6df6332452f570e77eeb203a2b8443858c0810a2b6b22731f8b1fcf3f8bcb89d	p01-neutral-feedback/s03-parameter-map-wave2-v210-adaptive-g1000/p01-s03-c0058/sb0005	prepared
phase1-stage3-wave2-v210-adaptive-g1000	p01-s03-c0058-v210-adaptive-g1000-sb0006	p01-s03-c0058	c0058	H-by-B	v210-adaptive-g1000	sb0006	671	0	p01-neutral-feedback/configs/s03-parameter-map-wave2-v210-adaptive-g1000/runs/p01-s03-c0058-v210-adaptive-g1000-sb0006.toml	da82e6e8c688e2cddce95ac5914ef168b511768daf4a39112066fb4d06f558d9	p01-neutral-feedback/s03-parameter-map-wave2-v210-adaptive-g1000/p01-s03-c0058/sb0006	prepared
phase1-stage3-wave2-v210-adaptive-g1000	p01-s03-c0058-v210-adaptive-g1000-sb0007	p01-s03-c0058	c0058	H-by-B	v210-adaptive-g1000	sb0007	672	0	p01-neutral-feedback/configs/s03-parameter-map-wave2-v210-adaptive-g1000/runs/p01-s03-c0058-v210-adaptive-g1000-sb0007.toml	57e84324e4b3ba7821d69532bf343d123ac47cdf987f9012fa5c36a1805e0e86	p01-neutral-feedback/s03-parameter-map-wave2-v210-adaptive-g1000/p01-s03-c0058/sb0007	prepared
phase1-stage3-wave2-v210-adaptive-g1000	p01-s03-c0058-v210-adaptive-g1000-sb0008	p01-s03-c0058	c0058	H-by-B	v210-adaptive-g1000	sb0008	673	0	p01-neutral-feedback/configs/s03-parameter-map-wave2-v210-adaptive-g1000/runs/p01-s03-c0058-v210-adaptive-g1000-sb0008.toml	f8e7f1919e4270fb691eb6e5658731ac4658fe0eb8bb10010cca6d5f14ebb5c5	p01-neutral-feedback/s03-parameter-map-wave2-v210-adaptive-g1000/p01-s03-c0058/sb0008	prepared
phase1-stage3-wave2-v210-adaptive-g1000	p01-s03-c0058-v210-adaptive-g1000-sb0009	p01-s03-c0058	c0058	H-by-B	v210-adaptive-g1000	sb0009	674	0	p01-neutral-feedback/configs/s03-parameter-map-wave2-v210-adaptive-g1000/runs/p01-s03-c0058-v210-adaptive-g1000-sb0009.toml	82f8fca73d7ee2890e3aaa02b8170166537a8ee681bd2a892ab5774c4b38a105	p01-neutral-feedback/s03-parameter-map-wave2-v210-adaptive-g1000/p01-s03-c0058/sb0009	prepared
phase1-stage3-wave2-v210-adaptive-g1000	p01-s03-c0058-v210-adaptive-g1000-sb0010	p01-s03-c0058	c0058	H-by-B	v210-adaptive-g1000	sb0010	675	0	p01-neutral-feedback/configs/s03-parameter-map-wave2-v210-adaptive-g1000/runs/p01-s03-c0058-v210-adaptive-g1000-sb0010.toml	17f4ad8bcb00a228df30b72ac6c508ec9181ffd12499463b0881fb31f4f44f4b	p01-neutral-feedback/s03-parameter-map-wave2-v210-adaptive-g1000/p01-s03-c0058/sb0010	prepared
phase1-stage3-wave2-v210-adaptive-g1000	p01-s03-c0058-v210-adaptive-g1000-sb0011	p01-s03-c0058	c0058	H-by-B	v210-adaptive-g1000	sb0011	676	0	p01-neutral-feedback/configs/s03-parameter-map-wave2-v210-adaptive-g1000/runs/p01-s03-c0058-v210-adaptive-g1000-sb0011.toml	d5e014b75a15889f7bcc0f6a98dae1a2f1c693108bd0230f947df64d61029c1c	p01-neutral-feedback/s03-parameter-map-wave2-v210-adaptive-g1000/p01-s03-c0058/sb0011	prepared
phase1-stage3-wave2-v210-adaptive-g1000	p01-s03-c0058-v210-adaptive-g1000-sb0012	p01-s03-c0058	c0058	H-by-B	v210-adaptive-g1000	sb0012	677	0	p01-neutral-feedback/configs/s03-parameter-map-wave2-v210-adaptive-g1000/runs/p01-s03-c0058-v210-adaptive-g1000-sb0012.toml	e3dc8456791584a00bb188faf49e5b0fe957a375afd3f918f6d922acd8634ade	p01-neutral-feedback/s03-parameter-map-wave2-v210-adaptive-g1000/p01-s03-c0058/sb0012	prepared
phase1-stage3-wave2-v210-adaptive-g1000	p01-s03-c0059-v210-adaptive-g1000-sb0001	p01-s03-c0059	c0059	H-by-B	v210-adaptive-g1000	sb0001	666	0	p01-neutral-feedback/configs/s03-parameter-map-wave2-v210-adaptive-g1000/runs/p01-s03-c0059-v210-adaptive-g1000-sb0001.toml	3acd16dc3ab2b823b9ff31ead3d01d9a90aa50305efb441cb1b80cc672af9612	p01-neutral-feedback/s03-parameter-map-wave2-v210-adaptive-g1000/p01-s03-c0059/sb0001	prepared
phase1-stage3-wave2-v210-adaptive-g1000	p01-s03-c0059-v210-adaptive-g1000-sb0002	p01-s03-c0059	c0059	H-by-B	v210-adaptive-g1000	sb0002	667	0	p01-neutral-feedback/configs/s03-parameter-map-wave2-v210-adaptive-g1000/runs/p01-s03-c0059-v210-adaptive-g1000-sb0002.toml	ee3bff5e0256f7ae42547964df6995b93a8cb34ac44a83de475f6c1954709be9	p01-neutral-feedback/s03-parameter-map-wave2-v210-adaptive-g1000/p01-s03-c0059/sb0002	prepared
phase1-stage3-wave2-v210-adaptive-g1000	p01-s03-c0059-v210-adaptive-g1000-sb0003	p01-s03-c0059	c0059	H-by-B	v210-adaptive-g1000	sb0003	668	0	p01-neutral-feedback/configs/s03-parameter-map-wave2-v210-adaptive-g1000/runs/p01-s03-c0059-v210-adaptive-g1000-sb0003.toml	f53a3925a7ccef4a3d9ac285651d738b2017005b800102d64d95b2e2e5b3b3c5	p01-neutral-feedback/s03-parameter-map-wave2-v210-adaptive-g1000/p01-s03-c0059/sb0003	prepared
phase1-stage3-wave2-v210-adaptive-g1000	p01-s03-c0059-v210-adaptive-g1000-sb0004	p01-s03-c0059	c0059	H-by-B	v210-adaptive-g1000	sb0004	669	0	p01-neutral-feedback/configs/s03-parameter-map-wave2-v210-adaptive-g1000/runs/p01-s03-c0059-v210-adaptive-g1000-sb0004.toml	87a71cbd22f78da74841586bd20f9def8ec73b0317914a96434ea027b70fbc95	p01-neutral-feedback/s03-parameter-map-wave2-v210-adaptive-g1000/p01-s03-c0059/sb0004	prepared
phase1-stage3-wave2-v210-adaptive-g1000	p01-s03-c0059-v210-adaptive-g1000-sb0005	p01-s03-c0059	c0059	H-by-B	v210-adaptive-g1000	sb0005	670	0	p01-neutral-feedback/configs/s03-parameter-map-wave2-v210-adaptive-g1000/runs/p01-s03-c0059-v210-adaptive-g1000-sb0005.toml	dae08a5c36d09ecc41e0854eb13b807d618dca6c82be81cc2d60b761063e48f5	p01-neutral-feedback/s03-parameter-map-wave2-v210-adaptive-g1000/p01-s03-c0059/sb0005	prepared
phase1-stage3-wave2-v210-adaptive-g1000	p01-s03-c0059-v210-adaptive-g1000-sb0006	p01-s03-c0059	c0059	H-by-B	v210-adaptive-g1000	sb0006	671	0	p01-neutral-feedback/configs/s03-parameter-map-wave2-v210-adaptive-g1000/runs/p01-s03-c0059-v210-adaptive-g1000-sb0006.toml	0c79bda2ddac6e96da7edae4dfaa16956379b3d38d1803fde7108b3b1e807543	p01-neutral-feedback/s03-parameter-map-wave2-v210-adaptive-g1000/p01-s03-c0059/sb0006	prepared
phase1-stage3-wave2-v210-adaptive-g1000	p01-s03-c0059-v210-adaptive-g1000-sb0007	p01-s03-c0059	c0059	H-by-B	v210-adaptive-g1000	sb0007	672	0	p01-neutral-feedback/configs/s03-parameter-map-wave2-v210-adaptive-g1000/runs/p01-s03-c0059-v210-adaptive-g1000-sb0007.toml	b2998d5c60acad8429480314cea7cd8a0a4552a414ced547b44c2b0607f65ad8	p01-neutral-feedback/s03-parameter-map-wave2-v210-adaptive-g1000/p01-s03-c0059/sb0007	prepared
phase1-stage3-wave2-v210-adaptive-g1000	p01-s03-c0059-v210-adaptive-g1000-sb0008	p01-s03-c0059	c0059	H-by-B	v210-adaptive-g1000	sb0008	673	0	p01-neutral-feedback/configs/s03-parameter-map-wave2-v210-adaptive-g1000/runs/p01-s03-c0059-v210-adaptive-g1000-sb0008.toml	ee23a0721c97f3cddfec803220761beb45ebf7995ed23320f9429cb2c37b9afb	p01-neutral-feedback/s03-parameter-map-wave2-v210-adaptive-g1000/p01-s03-c0059/sb0008	prepared
phase1-stage3-wave2-v210-adaptive-g1000	p01-s03-c0059-v210-adaptive-g1000-sb0009	p01-s03-c0059	c0059	H-by-B	v210-adaptive-g1000	sb0009	674	0	p01-neutral-feedback/configs/s03-parameter-map-wave2-v210-adaptive-g1000/runs/p01-s03-c0059-v210-adaptive-g1000-sb0009.toml	6e390180a7f3aa2d221ad24b53c3e9ba4b9c27e416448f66531a81601e22f87d	p01-neutral-feedback/s03-parameter-map-wave2-v210-adaptive-g1000/p01-s03-c0059/sb0009	prepared
phase1-stage3-wave2-v210-adaptive-g1000	p01-s03-c0059-v210-adaptive-g1000-sb0010	p01-s03-c0059	c0059	H-by-B	v210-adaptive-g1000	sb0010	675	0	p01-neutral-feedback/configs/s03-parameter-map-wave2-v210-adaptive-g1000/runs/p01-s03-c0059-v210-adaptive-g1000-sb0010.toml	823cf493d907f1e6716278e34be687e385cc3950b87840678f6020adca3f536c	p01-neutral-feedback/s03-parameter-map-wave2-v210-adaptive-g1000/p01-s03-c0059/sb0010	prepared
phase1-stage3-wave2-v210-adaptive-g1000	p01-s03-c0059-v210-adaptive-g1000-sb0011	p01-s03-c0059	c0059	H-by-B	v210-adaptive-g1000	sb0011	676	0	p01-neutral-feedback/configs/s03-parameter-map-wave2-v210-adaptive-g1000/runs/p01-s03-c0059-v210-adaptive-g1000-sb0011.toml	e0b258a83aea9139c66e4881ea96ad8e898d723b6228b76aa4235b3a413d3716	p01-neutral-feedback/s03-parameter-map-wave2-v210-adaptive-g1000/p01-s03-c0059/sb0011	prepared
phase1-stage3-wave2-v210-adaptive-g1000	p01-s03-c0059-v210-adaptive-g1000-sb0012	p01-s03-c0059	c0059	H-by-B	v210-adaptive-g1000	sb0012	677	0	p01-neutral-feedback/configs/s03-parameter-map-wave2-v210-adaptive-g1000/runs/p01-s03-c0059-v210-adaptive-g1000-sb0012.toml	a0c737c9564f13b6ed0be93137001600c7e96aa0da8807b15531be4e52dea804	p01-neutral-feedback/s03-parameter-map-wave2-v210-adaptive-g1000/p01-s03-c0059/sb0012	prepared
phase1-stage3-wave2-v210-adaptive-g1000	p01-s03-c0060-v210-adaptive-g1000-sb0001	p01-s03-c0060	c0060	H-by-B	v210-adaptive-g1000	sb0001	666	0	p01-neutral-feedback/configs/s03-parameter-map-wave2-v210-adaptive-g1000/runs/p01-s03-c0060-v210-adaptive-g1000-sb0001.toml	e1c38801f8eb3a9445c74e8647ec11cefb29ba69c2cf4b4f50a2e0d3cdb3be47	p01-neutral-feedback/s03-parameter-map-wave2-v210-adaptive-g1000/p01-s03-c0060/sb0001	prepared
phase1-stage3-wave2-v210-adaptive-g1000	p01-s03-c0060-v210-adaptive-g1000-sb0002	p01-s03-c0060	c0060	H-by-B	v210-adaptive-g1000	sb0002	667	0	p01-neutral-feedback/configs/s03-parameter-map-wave2-v210-adaptive-g1000/runs/p01-s03-c0060-v210-adaptive-g1000-sb0002.toml	6d92dc1fdf0b7eefcfe95a162219ba25c5eed3409e5fcb9e4a6b271bc63576d2	p01-neutral-feedback/s03-parameter-map-wave2-v210-adaptive-g1000/p01-s03-c0060/sb0002	prepared
phase1-stage3-wave2-v210-adaptive-g1000	p01-s03-c0060-v210-adaptive-g1000-sb0003	p01-s03-c0060	c0060	H-by-B	v210-adaptive-g1000	sb0003	668	0	p01-neutral-feedback/configs/s03-parameter-map-wave2-v210-adaptive-g1000/runs/p01-s03-c0060-v210-adaptive-g1000-sb0003.toml	94019baded919d0ee8e807ba3f47a3ea149a9970151c64a6687e8506c0e4bb1f	p01-neutral-feedback/s03-parameter-map-wave2-v210-adaptive-g1000/p01-s03-c0060/sb0003	prepared
phase1-stage3-wave2-v210-adaptive-g1000	p01-s03-c0060-v210-adaptive-g1000-sb0004	p01-s03-c0060	c0060	H-by-B	v210-adaptive-g1000	sb0004	669	0	p01-neutral-feedback/configs/s03-parameter-map-wave2-v210-adaptive-g1000/runs/p01-s03-c0060-v210-adaptive-g1000-sb0004.toml	cca81b5b1a924c613b32564c41d3ed5942f45d32860af240643d55c3b9d551ba	p01-neutral-feedback/s03-parameter-map-wave2-v210-adaptive-g1000/p01-s03-c0060/sb0004	prepared
phase1-stage3-wave2-v210-adaptive-g1000	p01-s03-c0060-v210-adaptive-g1000-sb0005	p01-s03-c0060	c0060	H-by-B	v210-adaptive-g1000	sb0005	670	0	p01-neutral-feedback/configs/s03-parameter-map-wave2-v210-adaptive-g1000/runs/p01-s03-c0060-v210-adaptive-g1000-sb0005.toml	af5008a9b6f766418452aa6ef24f2a223812af69b857b930d6d0f2d2bbe4768d	p01-neutral-feedback/s03-parameter-map-wave2-v210-adaptive-g1000/p01-s03-c0060/sb0005	prepared
phase1-stage3-wave2-v210-adaptive-g1000	p01-s03-c0060-v210-adaptive-g1000-sb0006	p01-s03-c0060	c0060	H-by-B	v210-adaptive-g1000	sb0006	671	0	p01-neutral-feedback/configs/s03-parameter-map-wave2-v210-adaptive-g1000/runs/p01-s03-c0060-v210-adaptive-g1000-sb0006.toml	fab964ce19b9c79114211be1ab5f7896ec072a47ba4f502a220a4c7d57f37121	p01-neutral-feedback/s03-parameter-map-wave2-v210-adaptive-g1000/p01-s03-c0060/sb0006	prepared
phase1-stage3-wave2-v210-adaptive-g1000	p01-s03-c0060-v210-adaptive-g1000-sb0007	p01-s03-c0060	c0060	H-by-B	v210-adaptive-g1000	sb0007	672	0	p01-neutral-feedback/configs/s03-parameter-map-wave2-v210-adaptive-g1000/runs/p01-s03-c0060-v210-adaptive-g1000-sb0007.toml	5abeaa20687d1f16060e6f5028c433b7b371acb29a2351ba8b118b77501e6a70	p01-neutral-feedback/s03-parameter-map-wave2-v210-adaptive-g1000/p01-s03-c0060/sb0007	prepared
phase1-stage3-wave2-v210-adaptive-g1000	p01-s03-c0060-v210-adaptive-g1000-sb0008	p01-s03-c0060	c0060	H-by-B	v210-adaptive-g1000	sb0008	673	0	p01-neutral-feedback/configs/s03-parameter-map-wave2-v210-adaptive-g1000/runs/p01-s03-c0060-v210-adaptive-g1000-sb0008.toml	41fa9ceead0e0c9913690c43b74762a72215b009e3b986d8d0e7b658a2340f6a	p01-neutral-feedback/s03-parameter-map-wave2-v210-adaptive-g1000/p01-s03-c0060/sb0008	prepared
phase1-stage3-wave2-v210-adaptive-g1000	p01-s03-c0060-v210-adaptive-g1000-sb0009	p01-s03-c0060	c0060	H-by-B	v210-adaptive-g1000	sb0009	674	0	p01-neutral-feedback/configs/s03-parameter-map-wave2-v210-adaptive-g1000/runs/p01-s03-c0060-v210-adaptive-g1000-sb0009.toml	7cef49955fc9a212d9ce80804e49ee21ccfd0433e0d7b0dcf24f4dec2d57d498	p01-neutral-feedback/s03-parameter-map-wave2-v210-adaptive-g1000/p01-s03-c0060/sb0009	prepared
phase1-stage3-wave2-v210-adaptive-g1000	p01-s03-c0060-v210-adaptive-g1000-sb0010	p01-s03-c0060	c0060	H-by-B	v210-adaptive-g1000	sb0010	675	0	p01-neutral-feedback/configs/s03-parameter-map-wave2-v210-adaptive-g1000/runs/p01-s03-c0060-v210-adaptive-g1000-sb0010.toml	c107646abccba350879f9a42fa8a72c3f589b6a0b74ac7d6d8cb1ed7d462d6db	p01-neutral-feedback/s03-parameter-map-wave2-v210-adaptive-g1000/p01-s03-c0060/sb0010	prepared
phase1-stage3-wave2-v210-adaptive-g1000	p01-s03-c0060-v210-adaptive-g1000-sb0011	p01-s03-c0060	c0060	H-by-B	v210-adaptive-g1000	sb0011	676	0	p01-neutral-feedback/configs/s03-parameter-map-wave2-v210-adaptive-g1000/runs/p01-s03-c0060-v210-adaptive-g1000-sb0011.toml	d9651e5f7dbb59b6878333d833295ad58ada4de5032b6b18fb96e3f64f627536	p01-neutral-feedback/s03-parameter-map-wave2-v210-adaptive-g1000/p01-s03-c0060/sb0011	prepared
phase1-stage3-wave2-v210-adaptive-g1000	p01-s03-c0060-v210-adaptive-g1000-sb0012	p01-s03-c0060	c0060	H-by-B	v210-adaptive-g1000	sb0012	677	0	p01-neutral-feedback/configs/s03-parameter-map-wave2-v210-adaptive-g1000/runs/p01-s03-c0060-v210-adaptive-g1000-sb0012.toml	6ce735b4c59c051e76a1560b1e440a5421650783d31e9471cb7eaadb14e1d15b	p01-neutral-feedback/s03-parameter-map-wave2-v210-adaptive-g1000/p01-s03-c0060/sb0012	prepared
phase1-stage3-wave2-v210-adaptive-g1000	p01-s03-c0062-v210-adaptive-g1000-sb0001	p01-s03-c0062	c0062	H-by-B	v210-adaptive-g1000	sb0001	666	0	p01-neutral-feedback/configs/s03-parameter-map-wave2-v210-adaptive-g1000/runs/p01-s03-c0062-v210-adaptive-g1000-sb0001.toml	a88cb61ef0d883e62df0ca2f371742bb1c097ce51b4bba4c0b9b0e90de60ee82	p01-neutral-feedback/s03-parameter-map-wave2-v210-adaptive-g1000/p01-s03-c0062/sb0001	prepared
phase1-stage3-wave2-v210-adaptive-g1000	p01-s03-c0062-v210-adaptive-g1000-sb0002	p01-s03-c0062	c0062	H-by-B	v210-adaptive-g1000	sb0002	667	0	p01-neutral-feedback/configs/s03-parameter-map-wave2-v210-adaptive-g1000/runs/p01-s03-c0062-v210-adaptive-g1000-sb0002.toml	1100b1b912c5f6921a8443ef18960981db0f322b32ab683fcdd052c8664fe7c5	p01-neutral-feedback/s03-parameter-map-wave2-v210-adaptive-g1000/p01-s03-c0062/sb0002	prepared
phase1-stage3-wave2-v210-adaptive-g1000	p01-s03-c0062-v210-adaptive-g1000-sb0003	p01-s03-c0062	c0062	H-by-B	v210-adaptive-g1000	sb0003	668	0	p01-neutral-feedback/configs/s03-parameter-map-wave2-v210-adaptive-g1000/runs/p01-s03-c0062-v210-adaptive-g1000-sb0003.toml	6c98eb689f9910c5ff6ca55b0d78541c5363f6dba7629cf6f13ca73251413ca6	p01-neutral-feedback/s03-parameter-map-wave2-v210-adaptive-g1000/p01-s03-c0062/sb0003	prepared
phase1-stage3-wave2-v210-adaptive-g1000	p01-s03-c0062-v210-adaptive-g1000-sb0004	p01-s03-c0062	c0062	H-by-B	v210-adaptive-g1000	sb0004	669	0	p01-neutral-feedback/configs/s03-parameter-map-wave2-v210-adaptive-g1000/runs/p01-s03-c0062-v210-adaptive-g1000-sb0004.toml	cd273321919c9fe0ab499d576c9bf74f29ea172a557a6d69568d57b525bc321f	p01-neutral-feedback/s03-parameter-map-wave2-v210-adaptive-g1000/p01-s03-c0062/sb0004	prepared
phase1-stage3-wave2-v210-adaptive-g1000	p01-s03-c0062-v210-adaptive-g1000-sb0005	p01-s03-c0062	c0062	H-by-B	v210-adaptive-g1000	sb0005	670	0	p01-neutral-feedback/configs/s03-parameter-map-wave2-v210-adaptive-g1000/runs/p01-s03-c0062-v210-adaptive-g1000-sb0005.toml	e97d28c6dff79ff53ecd5b4bbbe0dfaecf21630a7d6cab7c815728127202bb8e	p01-neutral-feedback/s03-parameter-map-wave2-v210-adaptive-g1000/p01-s03-c0062/sb0005	prepared
phase1-stage3-wave2-v210-adaptive-g1000	p01-s03-c0062-v210-adaptive-g1000-sb0006	p01-s03-c0062	c0062	H-by-B	v210-adaptive-g1000	sb0006	671	0	p01-neutral-feedback/configs/s03-parameter-map-wave2-v210-adaptive-g1000/runs/p01-s03-c0062-v210-adaptive-g1000-sb0006.toml	c5a57870fc7e66c35281bc99e3ad89c60ffaa9323848144c1d488bab1dec07b4	p01-neutral-feedback/s03-parameter-map-wave2-v210-adaptive-g1000/p01-s03-c0062/sb0006	prepared
phase1-stage3-wave2-v210-adaptive-g1000	p01-s03-c0062-v210-adaptive-g1000-sb0007	p01-s03-c0062	c0062	H-by-B	v210-adaptive-g1000	sb0007	672	0	p01-neutral-feedback/configs/s03-parameter-map-wave2-v210-adaptive-g1000/runs/p01-s03-c0062-v210-adaptive-g1000-sb0007.toml	7274a2c486e7241d42e17e2983cf40fcdf7d1e15de56097358ff800b775850d4	p01-neutral-feedback/s03-parameter-map-wave2-v210-adaptive-g1000/p01-s03-c0062/sb0007	prepared
phase1-stage3-wave2-v210-adaptive-g1000	p01-s03-c0062-v210-adaptive-g1000-sb0008	p01-s03-c0062	c0062	H-by-B	v210-adaptive-g1000	sb0008	673	0	p01-neutral-feedback/configs/s03-parameter-map-wave2-v210-adaptive-g1000/runs/p01-s03-c0062-v210-adaptive-g1000-sb0008.toml	968aa79ea7a12a1d4edc3b16d1a0684fee1ebfe81e861e89f056f6fa7c982483	p01-neutral-feedback/s03-parameter-map-wave2-v210-adaptive-g1000/p01-s03-c0062/sb0008	prepared
phase1-stage3-wave2-v210-adaptive-g1000	p01-s03-c0062-v210-adaptive-g1000-sb0009	p01-s03-c0062	c0062	H-by-B	v210-adaptive-g1000	sb0009	674	0	p01-neutral-feedback/configs/s03-parameter-map-wave2-v210-adaptive-g1000/runs/p01-s03-c0062-v210-adaptive-g1000-sb0009.toml	4a5ac529b3250c283381966da92fa837d0a844623ce622ea4d84d46ca9bbdbbc	p01-neutral-feedback/s03-parameter-map-wave2-v210-adaptive-g1000/p01-s03-c0062/sb0009	prepared
phase1-stage3-wave2-v210-adaptive-g1000	p01-s03-c0062-v210-adaptive-g1000-sb0010	p01-s03-c0062	c0062	H-by-B	v210-adaptive-g1000	sb0010	675	0	p01-neutral-feedback/configs/s03-parameter-map-wave2-v210-adaptive-g1000/runs/p01-s03-c0062-v210-adaptive-g1000-sb0010.toml	d4e54d7863b121c5e4593c0f132f43249cfc93dd06a070a7fa5cbd0b25b0abc7	p01-neutral-feedback/s03-parameter-map-wave2-v210-adaptive-g1000/p01-s03-c0062/sb0010	prepared
phase1-stage3-wave2-v210-adaptive-g1000	p01-s03-c0062-v210-adaptive-g1000-sb0011	p01-s03-c0062	c0062	H-by-B	v210-adaptive-g1000	sb0011	676	0	p01-neutral-feedback/configs/s03-parameter-map-wave2-v210-adaptive-g1000/runs/p01-s03-c0062-v210-adaptive-g1000-sb0011.toml	74425b7a944015029e3f3cfbacbe1cd03ade763724566540638c98030c970eae	p01-neutral-feedback/s03-parameter-map-wave2-v210-adaptive-g1000/p01-s03-c0062/sb0011	prepared
phase1-stage3-wave2-v210-adaptive-g1000	p01-s03-c0062-v210-adaptive-g1000-sb0012	p01-s03-c0062	c0062	H-by-B	v210-adaptive-g1000	sb0012	677	0	p01-neutral-feedback/configs/s03-parameter-map-wave2-v210-adaptive-g1000/runs/p01-s03-c0062-v210-adaptive-g1000-sb0012.toml	04c33a1091963d1cc27899d825b98e4941141daa4bbe9969343c7b37ff84b07c	p01-neutral-feedback/s03-parameter-map-wave2-v210-adaptive-g1000/p01-s03-c0062/sb0012	prepared
phase1-stage3-wave2-v210-adaptive-g1000	p01-s03-c0063-v210-adaptive-g1000-sb0001	p01-s03-c0063	c0063	alpha-by-m	v210-adaptive-g1000	sb0001	666	0	p01-neutral-feedback/configs/s03-parameter-map-wave2-v210-adaptive-g1000/runs/p01-s03-c0063-v210-adaptive-g1000-sb0001.toml	9fc2322c44383ab90458dd84f1ad40d713738afe5c522d40062da7b572b90888	p01-neutral-feedback/s03-parameter-map-wave2-v210-adaptive-g1000/p01-s03-c0063/sb0001	prepared
phase1-stage3-wave2-v210-adaptive-g1000	p01-s03-c0063-v210-adaptive-g1000-sb0002	p01-s03-c0063	c0063	alpha-by-m	v210-adaptive-g1000	sb0002	667	0	p01-neutral-feedback/configs/s03-parameter-map-wave2-v210-adaptive-g1000/runs/p01-s03-c0063-v210-adaptive-g1000-sb0002.toml	b5e5a71741a9478ae65efaac971a6f01da2bb39272fbd0265988df329c574ccc	p01-neutral-feedback/s03-parameter-map-wave2-v210-adaptive-g1000/p01-s03-c0063/sb0002	prepared
phase1-stage3-wave2-v210-adaptive-g1000	p01-s03-c0063-v210-adaptive-g1000-sb0003	p01-s03-c0063	c0063	alpha-by-m	v210-adaptive-g1000	sb0003	668	0	p01-neutral-feedback/configs/s03-parameter-map-wave2-v210-adaptive-g1000/runs/p01-s03-c0063-v210-adaptive-g1000-sb0003.toml	7aed9e0673d0da505a9313f900ad4c6ddf3c9699657f71005644bfe2ed4eaa8f	p01-neutral-feedback/s03-parameter-map-wave2-v210-adaptive-g1000/p01-s03-c0063/sb0003	prepared
phase1-stage3-wave2-v210-adaptive-g1000	p01-s03-c0063-v210-adaptive-g1000-sb0004	p01-s03-c0063	c0063	alpha-by-m	v210-adaptive-g1000	sb0004	669	0	p01-neutral-feedback/configs/s03-parameter-map-wave2-v210-adaptive-g1000/runs/p01-s03-c0063-v210-adaptive-g1000-sb0004.toml	b323cac46d96b65cdf11412189dcd04dd1e596b72463d7d6d25daba88a99e080	p01-neutral-feedback/s03-parameter-map-wave2-v210-adaptive-g1000/p01-s03-c0063/sb0004	prepared
phase1-stage3-wave2-v210-adaptive-g1000	p01-s03-c0063-v210-adaptive-g1000-sb0005	p01-s03-c0063	c0063	alpha-by-m	v210-adaptive-g1000	sb0005	670	0	p01-neutral-feedback/configs/s03-parameter-map-wave2-v210-adaptive-g1000/runs/p01-s03-c0063-v210-adaptive-g1000-sb0005.toml	fce5859368e05db735c10591738c08d7e32bfa513bdd553780e40d0ca049e2f9	p01-neutral-feedback/s03-parameter-map-wave2-v210-adaptive-g1000/p01-s03-c0063/sb0005	prepared
phase1-stage3-wave2-v210-adaptive-g1000	p01-s03-c0063-v210-adaptive-g1000-sb0006	p01-s03-c0063	c0063	alpha-by-m	v210-adaptive-g1000	sb0006	671	0	p01-neutral-feedback/configs/s03-parameter-map-wave2-v210-adaptive-g1000/runs/p01-s03-c0063-v210-adaptive-g1000-sb0006.toml	033d9c5e2cc134fab811cd907c287944a5b6b1ffcac3a85a2e1b4a852a943d41	p01-neutral-feedback/s03-parameter-map-wave2-v210-adaptive-g1000/p01-s03-c0063/sb0006	prepared
phase1-stage3-wave2-v210-adaptive-g1000	p01-s03-c0063-v210-adaptive-g1000-sb0007	p01-s03-c0063	c0063	alpha-by-m	v210-adaptive-g1000	sb0007	672	0	p01-neutral-feedback/configs/s03-parameter-map-wave2-v210-adaptive-g1000/runs/p01-s03-c0063-v210-adaptive-g1000-sb0007.toml	f96a73d295e826a9b83a181e3f4252506e68ccbc031a76b0358f220ec8dc5ed5	p01-neutral-feedback/s03-parameter-map-wave2-v210-adaptive-g1000/p01-s03-c0063/sb0007	prepared
phase1-stage3-wave2-v210-adaptive-g1000	p01-s03-c0063-v210-adaptive-g1000-sb0008	p01-s03-c0063	c0063	alpha-by-m	v210-adaptive-g1000	sb0008	673	0	p01-neutral-feedback/configs/s03-parameter-map-wave2-v210-adaptive-g1000/runs/p01-s03-c0063-v210-adaptive-g1000-sb0008.toml	f9585f433987637d2003b17345c38783bf1c52ee416c71988f3d4c35be1ce62e	p01-neutral-feedback/s03-parameter-map-wave2-v210-adaptive-g1000/p01-s03-c0063/sb0008	prepared
phase1-stage3-wave2-v210-adaptive-g1000	p01-s03-c0063-v210-adaptive-g1000-sb0009	p01-s03-c0063	c0063	alpha-by-m	v210-adaptive-g1000	sb0009	674	0	p01-neutral-feedback/configs/s03-parameter-map-wave2-v210-adaptive-g1000/runs/p01-s03-c0063-v210-adaptive-g1000-sb0009.toml	41b87aa76f468c83a1e160e137d23345920bbd7fd71d477d98ee035a53164703	p01-neutral-feedback/s03-parameter-map-wave2-v210-adaptive-g1000/p01-s03-c0063/sb0009	prepared
phase1-stage3-wave2-v210-adaptive-g1000	p01-s03-c0063-v210-adaptive-g1000-sb0010	p01-s03-c0063	c0063	alpha-by-m	v210-adaptive-g1000	sb0010	675	0	p01-neutral-feedback/configs/s03-parameter-map-wave2-v210-adaptive-g1000/runs/p01-s03-c0063-v210-adaptive-g1000-sb0010.toml	98ac14ccb2f6bb57b35bae2f36e56a02cc1208f6c88687b441350266a887b903	p01-neutral-feedback/s03-parameter-map-wave2-v210-adaptive-g1000/p01-s03-c0063/sb0010	prepared
phase1-stage3-wave2-v210-adaptive-g1000	p01-s03-c0063-v210-adaptive-g1000-sb0011	p01-s03-c0063	c0063	alpha-by-m	v210-adaptive-g1000	sb0011	676	0	p01-neutral-feedback/configs/s03-parameter-map-wave2-v210-adaptive-g1000/runs/p01-s03-c0063-v210-adaptive-g1000-sb0011.toml	16610264d1ceada177e45711eb76873a67dec298e09979c9069d8a907b40ea0f	p01-neutral-feedback/s03-parameter-map-wave2-v210-adaptive-g1000/p01-s03-c0063/sb0011	prepared
phase1-stage3-wave2-v210-adaptive-g1000	p01-s03-c0063-v210-adaptive-g1000-sb0012	p01-s03-c0063	c0063	alpha-by-m	v210-adaptive-g1000	sb0012	677	0	p01-neutral-feedback/configs/s03-parameter-map-wave2-v210-adaptive-g1000/runs/p01-s03-c0063-v210-adaptive-g1000-sb0012.toml	ca7fc220052cec5a131074880d76e3aee3f12671d9cc9b626361e061342dd437	p01-neutral-feedback/s03-parameter-map-wave2-v210-adaptive-g1000/p01-s03-c0063/sb0012	prepared
phase1-stage3-wave2-v210-adaptive-g1000	p01-s03-c0064-v210-adaptive-g1000-sb0001	p01-s03-c0064	c0064	alpha-by-m	v210-adaptive-g1000	sb0001	666	0	p01-neutral-feedback/configs/s03-parameter-map-wave2-v210-adaptive-g1000/runs/p01-s03-c0064-v210-adaptive-g1000-sb0001.toml	cdc6d4d84dcf0f3d86cc248374cfd64dd3ea2a22eadd7249f3c9305df992cf88	p01-neutral-feedback/s03-parameter-map-wave2-v210-adaptive-g1000/p01-s03-c0064/sb0001	prepared
phase1-stage3-wave2-v210-adaptive-g1000	p01-s03-c0064-v210-adaptive-g1000-sb0002	p01-s03-c0064	c0064	alpha-by-m	v210-adaptive-g1000	sb0002	667	0	p01-neutral-feedback/configs/s03-parameter-map-wave2-v210-adaptive-g1000/runs/p01-s03-c0064-v210-adaptive-g1000-sb0002.toml	65b9eb55b9222b3782bff552b183985736d6bdeee178073f64ef4d1cbe0065d6	p01-neutral-feedback/s03-parameter-map-wave2-v210-adaptive-g1000/p01-s03-c0064/sb0002	prepared
phase1-stage3-wave2-v210-adaptive-g1000	p01-s03-c0064-v210-adaptive-g1000-sb0003	p01-s03-c0064	c0064	alpha-by-m	v210-adaptive-g1000	sb0003	668	0	p01-neutral-feedback/configs/s03-parameter-map-wave2-v210-adaptive-g1000/runs/p01-s03-c0064-v210-adaptive-g1000-sb0003.toml	0243d0605581b9e0fcc0d0676101f36a817fb6301daba2217310c3440c9cc0d5	p01-neutral-feedback/s03-parameter-map-wave2-v210-adaptive-g1000/p01-s03-c0064/sb0003	prepared
phase1-stage3-wave2-v210-adaptive-g1000	p01-s03-c0064-v210-adaptive-g1000-sb0004	p01-s03-c0064	c0064	alpha-by-m	v210-adaptive-g1000	sb0004	669	0	p01-neutral-feedback/configs/s03-parameter-map-wave2-v210-adaptive-g1000/runs/p01-s03-c0064-v210-adaptive-g1000-sb0004.toml	035a2b9fa3d126bc6a509f46fe1a7196c48f42194bcf56dd63386c808bf673f7	p01-neutral-feedback/s03-parameter-map-wave2-v210-adaptive-g1000/p01-s03-c0064/sb0004	prepared
phase1-stage3-wave2-v210-adaptive-g1000	p01-s03-c0064-v210-adaptive-g1000-sb0005	p01-s03-c0064	c0064	alpha-by-m	v210-adaptive-g1000	sb0005	670	0	p01-neutral-feedback/configs/s03-parameter-map-wave2-v210-adaptive-g1000/runs/p01-s03-c0064-v210-adaptive-g1000-sb0005.toml	99a5e4a7ffed4ba8dbef9cb268272d65b49d4b17e259fbc3f6249825878674d7	p01-neutral-feedback/s03-parameter-map-wave2-v210-adaptive-g1000/p01-s03-c0064/sb0005	prepared
phase1-stage3-wave2-v210-adaptive-g1000	p01-s03-c0064-v210-adaptive-g1000-sb0006	p01-s03-c0064	c0064	alpha-by-m	v210-adaptive-g1000	sb0006	671	0	p01-neutral-feedback/configs/s03-parameter-map-wave2-v210-adaptive-g1000/runs/p01-s03-c0064-v210-adaptive-g1000-sb0006.toml	303b963394fd0663830b29730fbff0dbfa632a4a937216b510b383dd4e602ff7	p01-neutral-feedback/s03-parameter-map-wave2-v210-adaptive-g1000/p01-s03-c0064/sb0006	prepared
phase1-stage3-wave2-v210-adaptive-g1000	p01-s03-c0064-v210-adaptive-g1000-sb0007	p01-s03-c0064	c0064	alpha-by-m	v210-adaptive-g1000	sb0007	672	0	p01-neutral-feedback/configs/s03-parameter-map-wave2-v210-adaptive-g1000/runs/p01-s03-c0064-v210-adaptive-g1000-sb0007.toml	c0e5163161438405b616c88faa08eeea6c2645a8c733eb057a15d72019443f34	p01-neutral-feedback/s03-parameter-map-wave2-v210-adaptive-g1000/p01-s03-c0064/sb0007	prepared
phase1-stage3-wave2-v210-adaptive-g1000	p01-s03-c0064-v210-adaptive-g1000-sb0008	p01-s03-c0064	c0064	alpha-by-m	v210-adaptive-g1000	sb0008	673	0	p01-neutral-feedback/configs/s03-parameter-map-wave2-v210-adaptive-g1000/runs/p01-s03-c0064-v210-adaptive-g1000-sb0008.toml	f69e1c318b9edd56da1f7e7b6721011cd17c436b30eaaf4a406af0c82bb151c3	p01-neutral-feedback/s03-parameter-map-wave2-v210-adaptive-g1000/p01-s03-c0064/sb0008	prepared
phase1-stage3-wave2-v210-adaptive-g1000	p01-s03-c0064-v210-adaptive-g1000-sb0009	p01-s03-c0064	c0064	alpha-by-m	v210-adaptive-g1000	sb0009	674	0	p01-neutral-feedback/configs/s03-parameter-map-wave2-v210-adaptive-g1000/runs/p01-s03-c0064-v210-adaptive-g1000-sb0009.toml	905fe058e81aeba4ed0ab6a81e6e930d8e14f9c66bf8cc0c01854b9d79e67807	p01-neutral-feedback/s03-parameter-map-wave2-v210-adaptive-g1000/p01-s03-c0064/sb0009	prepared
phase1-stage3-wave2-v210-adaptive-g1000	p01-s03-c0064-v210-adaptive-g1000-sb0010	p01-s03-c0064	c0064	alpha-by-m	v210-adaptive-g1000	sb0010	675	0	p01-neutral-feedback/configs/s03-parameter-map-wave2-v210-adaptive-g1000/runs/p01-s03-c0064-v210-adaptive-g1000-sb0010.toml	8cc41e1c21f8f761169ed2511dcbe3e84ecf96f387d0f9e4390baf487f5701b9	p01-neutral-feedback/s03-parameter-map-wave2-v210-adaptive-g1000/p01-s03-c0064/sb0010	prepared
phase1-stage3-wave2-v210-adaptive-g1000	p01-s03-c0064-v210-adaptive-g1000-sb0011	p01-s03-c0064	c0064	alpha-by-m	v210-adaptive-g1000	sb0011	676	0	p01-neutral-feedback/configs/s03-parameter-map-wave2-v210-adaptive-g1000/runs/p01-s03-c0064-v210-adaptive-g1000-sb0011.toml	f4f3af3a8ff29a1eba68487318c88befcde7a2bee7429b9374f4c5a6868fe633	p01-neutral-feedback/s03-parameter-map-wave2-v210-adaptive-g1000/p01-s03-c0064/sb0011	prepared
phase1-stage3-wave2-v210-adaptive-g1000	p01-s03-c0064-v210-adaptive-g1000-sb0012	p01-s03-c0064	c0064	alpha-by-m	v210-adaptive-g1000	sb0012	677	0	p01-neutral-feedback/configs/s03-parameter-map-wave2-v210-adaptive-g1000/runs/p01-s03-c0064-v210-adaptive-g1000-sb0012.toml	ea7ef1f10a75a0ae068c5338dbe56daf38c001a345c3978a9becff015cba7ad7	p01-neutral-feedback/s03-parameter-map-wave2-v210-adaptive-g1000/p01-s03-c0064/sb0012	prepared
phase1-stage3-wave2-v210-adaptive-g1000	p01-s03-c0065-v210-adaptive-g1000-sb0001	p01-s03-c0065	c0065	alpha-by-m	v210-adaptive-g1000	sb0001	666	0	p01-neutral-feedback/configs/s03-parameter-map-wave2-v210-adaptive-g1000/runs/p01-s03-c0065-v210-adaptive-g1000-sb0001.toml	9410bf72876531faf825388186a227db3a852277d8843094dfdbea7faf4a342f	p01-neutral-feedback/s03-parameter-map-wave2-v210-adaptive-g1000/p01-s03-c0065/sb0001	prepared
phase1-stage3-wave2-v210-adaptive-g1000	p01-s03-c0065-v210-adaptive-g1000-sb0002	p01-s03-c0065	c0065	alpha-by-m	v210-adaptive-g1000	sb0002	667	0	p01-neutral-feedback/configs/s03-parameter-map-wave2-v210-adaptive-g1000/runs/p01-s03-c0065-v210-adaptive-g1000-sb0002.toml	fdb69c66748b7162c07c7cc67bfda276d0c70558bed2ba622e6e145ac39ec8a2	p01-neutral-feedback/s03-parameter-map-wave2-v210-adaptive-g1000/p01-s03-c0065/sb0002	prepared
phase1-stage3-wave2-v210-adaptive-g1000	p01-s03-c0065-v210-adaptive-g1000-sb0003	p01-s03-c0065	c0065	alpha-by-m	v210-adaptive-g1000	sb0003	668	0	p01-neutral-feedback/configs/s03-parameter-map-wave2-v210-adaptive-g1000/runs/p01-s03-c0065-v210-adaptive-g1000-sb0003.toml	37b013141e48f47f157240dc7213eac34e66df3d0310c738eccf6fbecedce3ba	p01-neutral-feedback/s03-parameter-map-wave2-v210-adaptive-g1000/p01-s03-c0065/sb0003	prepared
phase1-stage3-wave2-v210-adaptive-g1000	p01-s03-c0065-v210-adaptive-g1000-sb0004	p01-s03-c0065	c0065	alpha-by-m	v210-adaptive-g1000	sb0004	669	0	p01-neutral-feedback/configs/s03-parameter-map-wave2-v210-adaptive-g1000/runs/p01-s03-c0065-v210-adaptive-g1000-sb0004.toml	7eeb2983646a123ec0648c94e86fa59c459251f2ca71633211a2f69e991627a7	p01-neutral-feedback/s03-parameter-map-wave2-v210-adaptive-g1000/p01-s03-c0065/sb0004	prepared
phase1-stage3-wave2-v210-adaptive-g1000	p01-s03-c0065-v210-adaptive-g1000-sb0005	p01-s03-c0065	c0065	alpha-by-m	v210-adaptive-g1000	sb0005	670	0	p01-neutral-feedback/configs/s03-parameter-map-wave2-v210-adaptive-g1000/runs/p01-s03-c0065-v210-adaptive-g1000-sb0005.toml	d42250da8d5c0c6919ec5d092c956285ad707877205b6966042bc737f5ecd101	p01-neutral-feedback/s03-parameter-map-wave2-v210-adaptive-g1000/p01-s03-c0065/sb0005	prepared
phase1-stage3-wave2-v210-adaptive-g1000	p01-s03-c0065-v210-adaptive-g1000-sb0006	p01-s03-c0065	c0065	alpha-by-m	v210-adaptive-g1000	sb0006	671	0	p01-neutral-feedback/configs/s03-parameter-map-wave2-v210-adaptive-g1000/runs/p01-s03-c0065-v210-adaptive-g1000-sb0006.toml	1f1606fe64825426fb8228e08a3f4e96ba25ac653aebccb8e49df81e92426f13	p01-neutral-feedback/s03-parameter-map-wave2-v210-adaptive-g1000/p01-s03-c0065/sb0006	prepared
phase1-stage3-wave2-v210-adaptive-g1000	p01-s03-c0065-v210-adaptive-g1000-sb0007	p01-s03-c0065	c0065	alpha-by-m	v210-adaptive-g1000	sb0007	672	0	p01-neutral-feedback/configs/s03-parameter-map-wave2-v210-adaptive-g1000/runs/p01-s03-c0065-v210-adaptive-g1000-sb0007.toml	dcc3730d56c7bd855fb6508cd3d3d06242177bc6b5c0de3858a9995972d3b5c8	p01-neutral-feedback/s03-parameter-map-wave2-v210-adaptive-g1000/p01-s03-c0065/sb0007	prepared
phase1-stage3-wave2-v210-adaptive-g1000	p01-s03-c0065-v210-adaptive-g1000-sb0008	p01-s03-c0065	c0065	alpha-by-m	v210-adaptive-g1000	sb0008	673	0	p01-neutral-feedback/configs/s03-parameter-map-wave2-v210-adaptive-g1000/runs/p01-s03-c0065-v210-adaptive-g1000-sb0008.toml	c79bf2e919148d3eed4345b498ebf35897d1111773de08b69a2c5a9dbd3de505	p01-neutral-feedback/s03-parameter-map-wave2-v210-adaptive-g1000/p01-s03-c0065/sb0008	prepared
phase1-stage3-wave2-v210-adaptive-g1000	p01-s03-c0065-v210-adaptive-g1000-sb0009	p01-s03-c0065	c0065	alpha-by-m	v210-adaptive-g1000	sb0009	674	0	p01-neutral-feedback/configs/s03-parameter-map-wave2-v210-adaptive-g1000/runs/p01-s03-c0065-v210-adaptive-g1000-sb0009.toml	714f30e57b6fa9a6849ecaf714814f1cbf989988a9fd8dda25959bdef87492db	p01-neutral-feedback/s03-parameter-map-wave2-v210-adaptive-g1000/p01-s03-c0065/sb0009	prepared
phase1-stage3-wave2-v210-adaptive-g1000	p01-s03-c0065-v210-adaptive-g1000-sb0010	p01-s03-c0065	c0065	alpha-by-m	v210-adaptive-g1000	sb0010	675	0	p01-neutral-feedback/configs/s03-parameter-map-wave2-v210-adaptive-g1000/runs/p01-s03-c0065-v210-adaptive-g1000-sb0010.toml	3ac32178bf533de3c148bd6408cc1b0f82133734e9bcbff6884f4c2928a78896	p01-neutral-feedback/s03-parameter-map-wave2-v210-adaptive-g1000/p01-s03-c0065/sb0010	prepared
phase1-stage3-wave2-v210-adaptive-g1000	p01-s03-c0065-v210-adaptive-g1000-sb0011	p01-s03-c0065	c0065	alpha-by-m	v210-adaptive-g1000	sb0011	676	0	p01-neutral-feedback/configs/s03-parameter-map-wave2-v210-adaptive-g1000/runs/p01-s03-c0065-v210-adaptive-g1000-sb0011.toml	8042ceb5bdecab861e40d561bed37709ccd530bf1d91f2661f6e48dbcc650b2c	p01-neutral-feedback/s03-parameter-map-wave2-v210-adaptive-g1000/p01-s03-c0065/sb0011	prepared
phase1-stage3-wave2-v210-adaptive-g1000	p01-s03-c0065-v210-adaptive-g1000-sb0012	p01-s03-c0065	c0065	alpha-by-m	v210-adaptive-g1000	sb0012	677	0	p01-neutral-feedback/configs/s03-parameter-map-wave2-v210-adaptive-g1000/runs/p01-s03-c0065-v210-adaptive-g1000-sb0012.toml	2e64f2933724a331b9b078dc384f3dc44fca2c2f3e2585144beb2aa43e1aa799	p01-neutral-feedback/s03-parameter-map-wave2-v210-adaptive-g1000/p01-s03-c0065/sb0012	prepared
phase1-stage3-wave2-v210-adaptive-g1000	p01-s03-c0067-v210-adaptive-g1000-sb0001	p01-s03-c0067	c0067	alpha-by-m	v210-adaptive-g1000	sb0001	666	0	p01-neutral-feedback/configs/s03-parameter-map-wave2-v210-adaptive-g1000/runs/p01-s03-c0067-v210-adaptive-g1000-sb0001.toml	7a1ad16efd19f82182e13b0aff5866f0ffbdcbf28b23e59a2e415a1993589ba0	p01-neutral-feedback/s03-parameter-map-wave2-v210-adaptive-g1000/p01-s03-c0067/sb0001	prepared
phase1-stage3-wave2-v210-adaptive-g1000	p01-s03-c0067-v210-adaptive-g1000-sb0002	p01-s03-c0067	c0067	alpha-by-m	v210-adaptive-g1000	sb0002	667	0	p01-neutral-feedback/configs/s03-parameter-map-wave2-v210-adaptive-g1000/runs/p01-s03-c0067-v210-adaptive-g1000-sb0002.toml	ab4390d2a0ce1e955c2f328093a6c4e5d16686bac050275eec90287778782eb4	p01-neutral-feedback/s03-parameter-map-wave2-v210-adaptive-g1000/p01-s03-c0067/sb0002	prepared
phase1-stage3-wave2-v210-adaptive-g1000	p01-s03-c0067-v210-adaptive-g1000-sb0003	p01-s03-c0067	c0067	alpha-by-m	v210-adaptive-g1000	sb0003	668	0	p01-neutral-feedback/configs/s03-parameter-map-wave2-v210-adaptive-g1000/runs/p01-s03-c0067-v210-adaptive-g1000-sb0003.toml	a2130613a5a43566bc0afcbe9102b5688a6a49c4c2fe18c242995e18c5ae704a	p01-neutral-feedback/s03-parameter-map-wave2-v210-adaptive-g1000/p01-s03-c0067/sb0003	prepared
phase1-stage3-wave2-v210-adaptive-g1000	p01-s03-c0067-v210-adaptive-g1000-sb0004	p01-s03-c0067	c0067	alpha-by-m	v210-adaptive-g1000	sb0004	669	0	p01-neutral-feedback/configs/s03-parameter-map-wave2-v210-adaptive-g1000/runs/p01-s03-c0067-v210-adaptive-g1000-sb0004.toml	ff479451e15e5009f67784bc31a8a3ce6414814cee7a31cbaf1bd6e2ae8caf04	p01-neutral-feedback/s03-parameter-map-wave2-v210-adaptive-g1000/p01-s03-c0067/sb0004	prepared
phase1-stage3-wave2-v210-adaptive-g1000	p01-s03-c0067-v210-adaptive-g1000-sb0005	p01-s03-c0067	c0067	alpha-by-m	v210-adaptive-g1000	sb0005	670	0	p01-neutral-feedback/configs/s03-parameter-map-wave2-v210-adaptive-g1000/runs/p01-s03-c0067-v210-adaptive-g1000-sb0005.toml	cac17d9180d74597f3e27d34d582fe2da51e24298accc1799ab0b65b6139d399	p01-neutral-feedback/s03-parameter-map-wave2-v210-adaptive-g1000/p01-s03-c0067/sb0005	prepared
phase1-stage3-wave2-v210-adaptive-g1000	p01-s03-c0067-v210-adaptive-g1000-sb0006	p01-s03-c0067	c0067	alpha-by-m	v210-adaptive-g1000	sb0006	671	0	p01-neutral-feedback/configs/s03-parameter-map-wave2-v210-adaptive-g1000/runs/p01-s03-c0067-v210-adaptive-g1000-sb0006.toml	c05aa4169fb950c8948986304a9ff9ec5c11824f3f546ebf00cd372b1135eaaa	p01-neutral-feedback/s03-parameter-map-wave2-v210-adaptive-g1000/p01-s03-c0067/sb0006	prepared
phase1-stage3-wave2-v210-adaptive-g1000	p01-s03-c0067-v210-adaptive-g1000-sb0007	p01-s03-c0067	c0067	alpha-by-m	v210-adaptive-g1000	sb0007	672	0	p01-neutral-feedback/configs/s03-parameter-map-wave2-v210-adaptive-g1000/runs/p01-s03-c0067-v210-adaptive-g1000-sb0007.toml	890f1da4aa7641c64114300227e379cc89c92ac752f2940d729ce38eef5b5cd4	p01-neutral-feedback/s03-parameter-map-wave2-v210-adaptive-g1000/p01-s03-c0067/sb0007	prepared
phase1-stage3-wave2-v210-adaptive-g1000	p01-s03-c0067-v210-adaptive-g1000-sb0008	p01-s03-c0067	c0067	alpha-by-m	v210-adaptive-g1000	sb0008	673	0	p01-neutral-feedback/configs/s03-parameter-map-wave2-v210-adaptive-g1000/runs/p01-s03-c0067-v210-adaptive-g1000-sb0008.toml	154363606c6bd5c15823573075bc79518fdb7028525909e4c15c91b694d707cb	p01-neutral-feedback/s03-parameter-map-wave2-v210-adaptive-g1000/p01-s03-c0067/sb0008	prepared
phase1-stage3-wave2-v210-adaptive-g1000	p01-s03-c0067-v210-adaptive-g1000-sb0009	p01-s03-c0067	c0067	alpha-by-m	v210-adaptive-g1000	sb0009	674	0	p01-neutral-feedback/configs/s03-parameter-map-wave2-v210-adaptive-g1000/runs/p01-s03-c0067-v210-adaptive-g1000-sb0009.toml	7435ddbdd5078a3551012795f224b21faa33d96e86716ca7053e8ede16332cd2	p01-neutral-feedback/s03-parameter-map-wave2-v210-adaptive-g1000/p01-s03-c0067/sb0009	prepared
phase1-stage3-wave2-v210-adaptive-g1000	p01-s03-c0067-v210-adaptive-g1000-sb0010	p01-s03-c0067	c0067	alpha-by-m	v210-adaptive-g1000	sb0010	675	0	p01-neutral-feedback/configs/s03-parameter-map-wave2-v210-adaptive-g1000/runs/p01-s03-c0067-v210-adaptive-g1000-sb0010.toml	7170c326ad27f53613e50b21a96bbcfcb5eb1313d0ebe4ff50cc92c5cbbf53d5	p01-neutral-feedback/s03-parameter-map-wave2-v210-adaptive-g1000/p01-s03-c0067/sb0010	prepared
phase1-stage3-wave2-v210-adaptive-g1000	p01-s03-c0067-v210-adaptive-g1000-sb0011	p01-s03-c0067	c0067	alpha-by-m	v210-adaptive-g1000	sb0011	676	0	p01-neutral-feedback/configs/s03-parameter-map-wave2-v210-adaptive-g1000/runs/p01-s03-c0067-v210-adaptive-g1000-sb0011.toml	285920bc01d733560fcb70cdedc950e1578760292393e255bdd2dbda59a60c92	p01-neutral-feedback/s03-parameter-map-wave2-v210-adaptive-g1000/p01-s03-c0067/sb0011	prepared
phase1-stage3-wave2-v210-adaptive-g1000	p01-s03-c0067-v210-adaptive-g1000-sb0012	p01-s03-c0067	c0067	alpha-by-m	v210-adaptive-g1000	sb0012	677	0	p01-neutral-feedback/configs/s03-parameter-map-wave2-v210-adaptive-g1000/runs/p01-s03-c0067-v210-adaptive-g1000-sb0012.toml	a61cbf4c23e27ae3928715256ee4a9ede455bfc9764a93b3d4542e916ced0af5	p01-neutral-feedback/s03-parameter-map-wave2-v210-adaptive-g1000/p01-s03-c0067/sb0012	prepared
phase1-stage3-wave2-v210-adaptive-g1000	p01-s03-c0068-v210-adaptive-g1000-sb0001	p01-s03-c0068	c0068	alpha-by-m	v210-adaptive-g1000	sb0001	666	0	p01-neutral-feedback/configs/s03-parameter-map-wave2-v210-adaptive-g1000/runs/p01-s03-c0068-v210-adaptive-g1000-sb0001.toml	e1a2a2b2245816d0cc6307800f898d97db6a1bdc965718276e3418e100ca428a	p01-neutral-feedback/s03-parameter-map-wave2-v210-adaptive-g1000/p01-s03-c0068/sb0001	prepared
phase1-stage3-wave2-v210-adaptive-g1000	p01-s03-c0068-v210-adaptive-g1000-sb0002	p01-s03-c0068	c0068	alpha-by-m	v210-adaptive-g1000	sb0002	667	0	p01-neutral-feedback/configs/s03-parameter-map-wave2-v210-adaptive-g1000/runs/p01-s03-c0068-v210-adaptive-g1000-sb0002.toml	5f5a7fbd8af767c1edaf2e8c9e001561d2859e8f2e13ec975a4a9748513a8062	p01-neutral-feedback/s03-parameter-map-wave2-v210-adaptive-g1000/p01-s03-c0068/sb0002	prepared
phase1-stage3-wave2-v210-adaptive-g1000	p01-s03-c0068-v210-adaptive-g1000-sb0003	p01-s03-c0068	c0068	alpha-by-m	v210-adaptive-g1000	sb0003	668	0	p01-neutral-feedback/configs/s03-parameter-map-wave2-v210-adaptive-g1000/runs/p01-s03-c0068-v210-adaptive-g1000-sb0003.toml	04257dd3fa8fed64589ae392de5d01f49391ac32fdf74961bdb4743f094b995c	p01-neutral-feedback/s03-parameter-map-wave2-v210-adaptive-g1000/p01-s03-c0068/sb0003	prepared
phase1-stage3-wave2-v210-adaptive-g1000	p01-s03-c0068-v210-adaptive-g1000-sb0004	p01-s03-c0068	c0068	alpha-by-m	v210-adaptive-g1000	sb0004	669	0	p01-neutral-feedback/configs/s03-parameter-map-wave2-v210-adaptive-g1000/runs/p01-s03-c0068-v210-adaptive-g1000-sb0004.toml	96a520f609ada10a217b8b256e1a9480f400a95bd4112a0a2ed6a3f6acd289da	p01-neutral-feedback/s03-parameter-map-wave2-v210-adaptive-g1000/p01-s03-c0068/sb0004	prepared
phase1-stage3-wave2-v210-adaptive-g1000	p01-s03-c0068-v210-adaptive-g1000-sb0005	p01-s03-c0068	c0068	alpha-by-m	v210-adaptive-g1000	sb0005	670	0	p01-neutral-feedback/configs/s03-parameter-map-wave2-v210-adaptive-g1000/runs/p01-s03-c0068-v210-adaptive-g1000-sb0005.toml	f91baadbac6470a9eaae5a9395825a5c6d2d20a32e72eb419e07ab273f4de994	p01-neutral-feedback/s03-parameter-map-wave2-v210-adaptive-g1000/p01-s03-c0068/sb0005	prepared
phase1-stage3-wave2-v210-adaptive-g1000	p01-s03-c0068-v210-adaptive-g1000-sb0006	p01-s03-c0068	c0068	alpha-by-m	v210-adaptive-g1000	sb0006	671	0	p01-neutral-feedback/configs/s03-parameter-map-wave2-v210-adaptive-g1000/runs/p01-s03-c0068-v210-adaptive-g1000-sb0006.toml	d111e3f2bba7b1b7af43fb88e62d6106cc794067cda1d961040884e976bac40c	p01-neutral-feedback/s03-parameter-map-wave2-v210-adaptive-g1000/p01-s03-c0068/sb0006	prepared
phase1-stage3-wave2-v210-adaptive-g1000	p01-s03-c0068-v210-adaptive-g1000-sb0007	p01-s03-c0068	c0068	alpha-by-m	v210-adaptive-g1000	sb0007	672	0	p01-neutral-feedback/configs/s03-parameter-map-wave2-v210-adaptive-g1000/runs/p01-s03-c0068-v210-adaptive-g1000-sb0007.toml	a83d432b295b4f7e42e934f2adcd4e81cdd2aba06bfa69e916a5291196cf21c3	p01-neutral-feedback/s03-parameter-map-wave2-v210-adaptive-g1000/p01-s03-c0068/sb0007	prepared
phase1-stage3-wave2-v210-adaptive-g1000	p01-s03-c0068-v210-adaptive-g1000-sb0008	p01-s03-c0068	c0068	alpha-by-m	v210-adaptive-g1000	sb0008	673	0	p01-neutral-feedback/configs/s03-parameter-map-wave2-v210-adaptive-g1000/runs/p01-s03-c0068-v210-adaptive-g1000-sb0008.toml	09b5632da42c72bf3b88ac18337798dbd263b5a8808836b170b65036304ba662	p01-neutral-feedback/s03-parameter-map-wave2-v210-adaptive-g1000/p01-s03-c0068/sb0008	prepared
phase1-stage3-wave2-v210-adaptive-g1000	p01-s03-c0068-v210-adaptive-g1000-sb0009	p01-s03-c0068	c0068	alpha-by-m	v210-adaptive-g1000	sb0009	674	0	p01-neutral-feedback/configs/s03-parameter-map-wave2-v210-adaptive-g1000/runs/p01-s03-c0068-v210-adaptive-g1000-sb0009.toml	6c3c32fcbb215a1c26c76d88f3df7cb12bcaaff27943c7315e5721445af78ed9	p01-neutral-feedback/s03-parameter-map-wave2-v210-adaptive-g1000/p01-s03-c0068/sb0009	prepared
phase1-stage3-wave2-v210-adaptive-g1000	p01-s03-c0068-v210-adaptive-g1000-sb0010	p01-s03-c0068	c0068	alpha-by-m	v210-adaptive-g1000	sb0010	675	0	p01-neutral-feedback/configs/s03-parameter-map-wave2-v210-adaptive-g1000/runs/p01-s03-c0068-v210-adaptive-g1000-sb0010.toml	468880f305bc7bacd691c6aff8a3e1bd118b939d688f99b45dcfefae51c5a48e	p01-neutral-feedback/s03-parameter-map-wave2-v210-adaptive-g1000/p01-s03-c0068/sb0010	prepared
phase1-stage3-wave2-v210-adaptive-g1000	p01-s03-c0068-v210-adaptive-g1000-sb0011	p01-s03-c0068	c0068	alpha-by-m	v210-adaptive-g1000	sb0011	676	0	p01-neutral-feedback/configs/s03-parameter-map-wave2-v210-adaptive-g1000/runs/p01-s03-c0068-v210-adaptive-g1000-sb0011.toml	0ed88fbc861975219441ee81a133b3974e5bfb65d52eaf15e1472e92b9725b02	p01-neutral-feedback/s03-parameter-map-wave2-v210-adaptive-g1000/p01-s03-c0068/sb0011	prepared
phase1-stage3-wave2-v210-adaptive-g1000	p01-s03-c0068-v210-adaptive-g1000-sb0012	p01-s03-c0068	c0068	alpha-by-m	v210-adaptive-g1000	sb0012	677	0	p01-neutral-feedback/configs/s03-parameter-map-wave2-v210-adaptive-g1000/runs/p01-s03-c0068-v210-adaptive-g1000-sb0012.toml	c373a0857e2565550b7e76b8b1d0889754812da587cdeded0bcc9dc71d100f0e	p01-neutral-feedback/s03-parameter-map-wave2-v210-adaptive-g1000/p01-s03-c0068/sb0012	prepared
phase1-stage3-wave2-v210-adaptive-g1000	p01-s03-c0069-v210-adaptive-g1000-sb0001	p01-s03-c0069	c0069	alpha-by-m	v210-adaptive-g1000	sb0001	666	0	p01-neutral-feedback/configs/s03-parameter-map-wave2-v210-adaptive-g1000/runs/p01-s03-c0069-v210-adaptive-g1000-sb0001.toml	89b1f8f95927ca14a7f0841427cf557f45788cc33fdae4a11afe39c468d6c86a	p01-neutral-feedback/s03-parameter-map-wave2-v210-adaptive-g1000/p01-s03-c0069/sb0001	prepared
phase1-stage3-wave2-v210-adaptive-g1000	p01-s03-c0069-v210-adaptive-g1000-sb0002	p01-s03-c0069	c0069	alpha-by-m	v210-adaptive-g1000	sb0002	667	0	p01-neutral-feedback/configs/s03-parameter-map-wave2-v210-adaptive-g1000/runs/p01-s03-c0069-v210-adaptive-g1000-sb0002.toml	41a8cc579f5a78402f2c70b347fb4846c948089cba83cbeacde8b6642790a1fd	p01-neutral-feedback/s03-parameter-map-wave2-v210-adaptive-g1000/p01-s03-c0069/sb0002	prepared
phase1-stage3-wave2-v210-adaptive-g1000	p01-s03-c0069-v210-adaptive-g1000-sb0003	p01-s03-c0069	c0069	alpha-by-m	v210-adaptive-g1000	sb0003	668	0	p01-neutral-feedback/configs/s03-parameter-map-wave2-v210-adaptive-g1000/runs/p01-s03-c0069-v210-adaptive-g1000-sb0003.toml	0ae4f5cb49bf49a92ab43a2c9c6ac1ac9e76591a0fefc27dd3d451cf57ac0a57	p01-neutral-feedback/s03-parameter-map-wave2-v210-adaptive-g1000/p01-s03-c0069/sb0003	prepared
phase1-stage3-wave2-v210-adaptive-g1000	p01-s03-c0069-v210-adaptive-g1000-sb0004	p01-s03-c0069	c0069	alpha-by-m	v210-adaptive-g1000	sb0004	669	0	p01-neutral-feedback/configs/s03-parameter-map-wave2-v210-adaptive-g1000/runs/p01-s03-c0069-v210-adaptive-g1000-sb0004.toml	ae3b368abe91d884e313a47b262e70b5bafb604858f4ead2f9550bdf2b395016	p01-neutral-feedback/s03-parameter-map-wave2-v210-adaptive-g1000/p01-s03-c0069/sb0004	prepared
phase1-stage3-wave2-v210-adaptive-g1000	p01-s03-c0069-v210-adaptive-g1000-sb0005	p01-s03-c0069	c0069	alpha-by-m	v210-adaptive-g1000	sb0005	670	0	p01-neutral-feedback/configs/s03-parameter-map-wave2-v210-adaptive-g1000/runs/p01-s03-c0069-v210-adaptive-g1000-sb0005.toml	7128cab84bb9fa66de8d0b160a52f2dba24ba3efe493c7a33b4e8d141e137640	p01-neutral-feedback/s03-parameter-map-wave2-v210-adaptive-g1000/p01-s03-c0069/sb0005	prepared
phase1-stage3-wave2-v210-adaptive-g1000	p01-s03-c0069-v210-adaptive-g1000-sb0006	p01-s03-c0069	c0069	alpha-by-m	v210-adaptive-g1000	sb0006	671	0	p01-neutral-feedback/configs/s03-parameter-map-wave2-v210-adaptive-g1000/runs/p01-s03-c0069-v210-adaptive-g1000-sb0006.toml	a24c7ab6c786614c1765d3ca2abe77b33e8e5d0c878328a368ae331fda35380b	p01-neutral-feedback/s03-parameter-map-wave2-v210-adaptive-g1000/p01-s03-c0069/sb0006	prepared
phase1-stage3-wave2-v210-adaptive-g1000	p01-s03-c0069-v210-adaptive-g1000-sb0007	p01-s03-c0069	c0069	alpha-by-m	v210-adaptive-g1000	sb0007	672	0	p01-neutral-feedback/configs/s03-parameter-map-wave2-v210-adaptive-g1000/runs/p01-s03-c0069-v210-adaptive-g1000-sb0007.toml	b9ec619623f1cdeac0f0a705fb8b2ea780752263506ae8e0570dbaee7baa864a	p01-neutral-feedback/s03-parameter-map-wave2-v210-adaptive-g1000/p01-s03-c0069/sb0007	prepared
phase1-stage3-wave2-v210-adaptive-g1000	p01-s03-c0069-v210-adaptive-g1000-sb0008	p01-s03-c0069	c0069	alpha-by-m	v210-adaptive-g1000	sb0008	673	0	p01-neutral-feedback/configs/s03-parameter-map-wave2-v210-adaptive-g1000/runs/p01-s03-c0069-v210-adaptive-g1000-sb0008.toml	f276a5c1ee8d0d3075d7d41aeab5501dae24636f9eccef4c74afc221167c125c	p01-neutral-feedback/s03-parameter-map-wave2-v210-adaptive-g1000/p01-s03-c0069/sb0008	prepared
phase1-stage3-wave2-v210-adaptive-g1000	p01-s03-c0069-v210-adaptive-g1000-sb0009	p01-s03-c0069	c0069	alpha-by-m	v210-adaptive-g1000	sb0009	674	0	p01-neutral-feedback/configs/s03-parameter-map-wave2-v210-adaptive-g1000/runs/p01-s03-c0069-v210-adaptive-g1000-sb0009.toml	400eee320951d22f64a890afc201b96f5392e2207cc5412bfb4dd2635d540c92	p01-neutral-feedback/s03-parameter-map-wave2-v210-adaptive-g1000/p01-s03-c0069/sb0009	prepared
phase1-stage3-wave2-v210-adaptive-g1000	p01-s03-c0069-v210-adaptive-g1000-sb0010	p01-s03-c0069	c0069	alpha-by-m	v210-adaptive-g1000	sb0010	675	0	p01-neutral-feedback/configs/s03-parameter-map-wave2-v210-adaptive-g1000/runs/p01-s03-c0069-v210-adaptive-g1000-sb0010.toml	18c89d1a944ccba62eb0fcb502e92f838f7ed30f1e61ea592c603bae6c407412	p01-neutral-feedback/s03-parameter-map-wave2-v210-adaptive-g1000/p01-s03-c0069/sb0010	prepared
phase1-stage3-wave2-v210-adaptive-g1000	p01-s03-c0069-v210-adaptive-g1000-sb0011	p01-s03-c0069	c0069	alpha-by-m	v210-adaptive-g1000	sb0011	676	0	p01-neutral-feedback/configs/s03-parameter-map-wave2-v210-adaptive-g1000/runs/p01-s03-c0069-v210-adaptive-g1000-sb0011.toml	a2c6be2f9d910c96653d159ddb2956a28dede4cec509b18b50e3952655798cae	p01-neutral-feedback/s03-parameter-map-wave2-v210-adaptive-g1000/p01-s03-c0069/sb0011	prepared
phase1-stage3-wave2-v210-adaptive-g1000	p01-s03-c0069-v210-adaptive-g1000-sb0012	p01-s03-c0069	c0069	alpha-by-m	v210-adaptive-g1000	sb0012	677	0	p01-neutral-feedback/configs/s03-parameter-map-wave2-v210-adaptive-g1000/runs/p01-s03-c0069-v210-adaptive-g1000-sb0012.toml	963ab75224d2767b011b69a4b6f1ffe3602594c066f4d57f4560bb5c1f85887e	p01-neutral-feedback/s03-parameter-map-wave2-v210-adaptive-g1000/p01-s03-c0069/sb0012	prepared
phase1-stage3-wave2-v210-adaptive-g1000	p01-s03-c0070-v210-adaptive-g1000-sb0001	p01-s03-c0070	c0070	alpha-by-m	v210-adaptive-g1000	sb0001	666	0	p01-neutral-feedback/configs/s03-parameter-map-wave2-v210-adaptive-g1000/runs/p01-s03-c0070-v210-adaptive-g1000-sb0001.toml	09446dceb85427f762fbd0b628bf18de94026317140b631b640dd74a2365c2b8	p01-neutral-feedback/s03-parameter-map-wave2-v210-adaptive-g1000/p01-s03-c0070/sb0001	prepared
phase1-stage3-wave2-v210-adaptive-g1000	p01-s03-c0070-v210-adaptive-g1000-sb0002	p01-s03-c0070	c0070	alpha-by-m	v210-adaptive-g1000	sb0002	667	0	p01-neutral-feedback/configs/s03-parameter-map-wave2-v210-adaptive-g1000/runs/p01-s03-c0070-v210-adaptive-g1000-sb0002.toml	7e2ee9fc8449d99197c4c29e02be685bfdc949ec7ae08adfdb799f1943184b95	p01-neutral-feedback/s03-parameter-map-wave2-v210-adaptive-g1000/p01-s03-c0070/sb0002	prepared
phase1-stage3-wave2-v210-adaptive-g1000	p01-s03-c0070-v210-adaptive-g1000-sb0003	p01-s03-c0070	c0070	alpha-by-m	v210-adaptive-g1000	sb0003	668	0	p01-neutral-feedback/configs/s03-parameter-map-wave2-v210-adaptive-g1000/runs/p01-s03-c0070-v210-adaptive-g1000-sb0003.toml	c667fbcbb2eeb247476159d364962d812dc5315e1823a77b8bc042a911d30c28	p01-neutral-feedback/s03-parameter-map-wave2-v210-adaptive-g1000/p01-s03-c0070/sb0003	prepared
phase1-stage3-wave2-v210-adaptive-g1000	p01-s03-c0070-v210-adaptive-g1000-sb0004	p01-s03-c0070	c0070	alpha-by-m	v210-adaptive-g1000	sb0004	669	0	p01-neutral-feedback/configs/s03-parameter-map-wave2-v210-adaptive-g1000/runs/p01-s03-c0070-v210-adaptive-g1000-sb0004.toml	5263c72fc4da854da6a893de551ecc87450077ee3fa5f9aa15a9c51002d02dc7	p01-neutral-feedback/s03-parameter-map-wave2-v210-adaptive-g1000/p01-s03-c0070/sb0004	prepared
phase1-stage3-wave2-v210-adaptive-g1000	p01-s03-c0070-v210-adaptive-g1000-sb0005	p01-s03-c0070	c0070	alpha-by-m	v210-adaptive-g1000	sb0005	670	0	p01-neutral-feedback/configs/s03-parameter-map-wave2-v210-adaptive-g1000/runs/p01-s03-c0070-v210-adaptive-g1000-sb0005.toml	29f9710ce315392866be145d2d07ef83f247afc1f029b0aa3f472c3ac1605d55	p01-neutral-feedback/s03-parameter-map-wave2-v210-adaptive-g1000/p01-s03-c0070/sb0005	prepared
phase1-stage3-wave2-v210-adaptive-g1000	p01-s03-c0070-v210-adaptive-g1000-sb0006	p01-s03-c0070	c0070	alpha-by-m	v210-adaptive-g1000	sb0006	671	0	p01-neutral-feedback/configs/s03-parameter-map-wave2-v210-adaptive-g1000/runs/p01-s03-c0070-v210-adaptive-g1000-sb0006.toml	56217c74b81dfd1f72968dd958b5c9ef30e0d9a046cf1af9cdea61926e11a87d	p01-neutral-feedback/s03-parameter-map-wave2-v210-adaptive-g1000/p01-s03-c0070/sb0006	prepared
phase1-stage3-wave2-v210-adaptive-g1000	p01-s03-c0070-v210-adaptive-g1000-sb0007	p01-s03-c0070	c0070	alpha-by-m	v210-adaptive-g1000	sb0007	672	0	p01-neutral-feedback/configs/s03-parameter-map-wave2-v210-adaptive-g1000/runs/p01-s03-c0070-v210-adaptive-g1000-sb0007.toml	a64a81125599a5d945d4e2b6337921f1b8ab2e63d37154c915fd9891a6a80070	p01-neutral-feedback/s03-parameter-map-wave2-v210-adaptive-g1000/p01-s03-c0070/sb0007	prepared
phase1-stage3-wave2-v210-adaptive-g1000	p01-s03-c0070-v210-adaptive-g1000-sb0008	p01-s03-c0070	c0070	alpha-by-m	v210-adaptive-g1000	sb0008	673	0	p01-neutral-feedback/configs/s03-parameter-map-wave2-v210-adaptive-g1000/runs/p01-s03-c0070-v210-adaptive-g1000-sb0008.toml	da2757872bd337fd4b00e7ab37abeb46a86e6d4ef0daa1997efb6de8f6e17e86	p01-neutral-feedback/s03-parameter-map-wave2-v210-adaptive-g1000/p01-s03-c0070/sb0008	prepared
phase1-stage3-wave2-v210-adaptive-g1000	p01-s03-c0070-v210-adaptive-g1000-sb0009	p01-s03-c0070	c0070	alpha-by-m	v210-adaptive-g1000	sb0009	674	0	p01-neutral-feedback/configs/s03-parameter-map-wave2-v210-adaptive-g1000/runs/p01-s03-c0070-v210-adaptive-g1000-sb0009.toml	719a0485f100d2e38a9b033770e068def119d8b6f7f8877c465433db609cdd7f	p01-neutral-feedback/s03-parameter-map-wave2-v210-adaptive-g1000/p01-s03-c0070/sb0009	prepared
phase1-stage3-wave2-v210-adaptive-g1000	p01-s03-c0070-v210-adaptive-g1000-sb0010	p01-s03-c0070	c0070	alpha-by-m	v210-adaptive-g1000	sb0010	675	0	p01-neutral-feedback/configs/s03-parameter-map-wave2-v210-adaptive-g1000/runs/p01-s03-c0070-v210-adaptive-g1000-sb0010.toml	dcf554df543f24cb0516398e769f66caddbe2288fb2e2338adb2b4356895aaf4	p01-neutral-feedback/s03-parameter-map-wave2-v210-adaptive-g1000/p01-s03-c0070/sb0010	prepared
phase1-stage3-wave2-v210-adaptive-g1000	p01-s03-c0070-v210-adaptive-g1000-sb0011	p01-s03-c0070	c0070	alpha-by-m	v210-adaptive-g1000	sb0011	676	0	p01-neutral-feedback/configs/s03-parameter-map-wave2-v210-adaptive-g1000/runs/p01-s03-c0070-v210-adaptive-g1000-sb0011.toml	bae3ba1e12c5a50c4ba4264a918bf945f4476e594909ade301af89566743438f	p01-neutral-feedback/s03-parameter-map-wave2-v210-adaptive-g1000/p01-s03-c0070/sb0011	prepared
phase1-stage3-wave2-v210-adaptive-g1000	p01-s03-c0070-v210-adaptive-g1000-sb0012	p01-s03-c0070	c0070	alpha-by-m	v210-adaptive-g1000	sb0012	677	0	p01-neutral-feedback/configs/s03-parameter-map-wave2-v210-adaptive-g1000/runs/p01-s03-c0070-v210-adaptive-g1000-sb0012.toml	1ab887ee97059e0dc26296c86e7f6878dd9b4f75009ca178df9aabd66a12a080	p01-neutral-feedback/s03-parameter-map-wave2-v210-adaptive-g1000/p01-s03-c0070/sb0012	prepared
phase1-stage3-wave2-v210-adaptive-g1000	p01-s03-c0071-v210-adaptive-g1000-sb0001	p01-s03-c0071	c0071	alpha-by-m	v210-adaptive-g1000	sb0001	666	0	p01-neutral-feedback/configs/s03-parameter-map-wave2-v210-adaptive-g1000/runs/p01-s03-c0071-v210-adaptive-g1000-sb0001.toml	b758efb56d5ce2522e8db8aa2e7e7d051c94c04f1cbd875ee347af3ecc2d925d	p01-neutral-feedback/s03-parameter-map-wave2-v210-adaptive-g1000/p01-s03-c0071/sb0001	prepared
phase1-stage3-wave2-v210-adaptive-g1000	p01-s03-c0071-v210-adaptive-g1000-sb0002	p01-s03-c0071	c0071	alpha-by-m	v210-adaptive-g1000	sb0002	667	0	p01-neutral-feedback/configs/s03-parameter-map-wave2-v210-adaptive-g1000/runs/p01-s03-c0071-v210-adaptive-g1000-sb0002.toml	493c37167bd5932d497a3f9985f9631fd9997cfd85dc88ef5677a255b8cf7d9c	p01-neutral-feedback/s03-parameter-map-wave2-v210-adaptive-g1000/p01-s03-c0071/sb0002	prepared
phase1-stage3-wave2-v210-adaptive-g1000	p01-s03-c0071-v210-adaptive-g1000-sb0003	p01-s03-c0071	c0071	alpha-by-m	v210-adaptive-g1000	sb0003	668	0	p01-neutral-feedback/configs/s03-parameter-map-wave2-v210-adaptive-g1000/runs/p01-s03-c0071-v210-adaptive-g1000-sb0003.toml	dc82dbaae3dc5a038cef0c8c11325036009a2b7e627d29674742e7bc3d2927e1	p01-neutral-feedback/s03-parameter-map-wave2-v210-adaptive-g1000/p01-s03-c0071/sb0003	prepared
phase1-stage3-wave2-v210-adaptive-g1000	p01-s03-c0071-v210-adaptive-g1000-sb0004	p01-s03-c0071	c0071	alpha-by-m	v210-adaptive-g1000	sb0004	669	0	p01-neutral-feedback/configs/s03-parameter-map-wave2-v210-adaptive-g1000/runs/p01-s03-c0071-v210-adaptive-g1000-sb0004.toml	fe2416cd18c1b2e09a2b94d5048380414d5238fcec7219ba0429eaa772c04849	p01-neutral-feedback/s03-parameter-map-wave2-v210-adaptive-g1000/p01-s03-c0071/sb0004	prepared
phase1-stage3-wave2-v210-adaptive-g1000	p01-s03-c0071-v210-adaptive-g1000-sb0005	p01-s03-c0071	c0071	alpha-by-m	v210-adaptive-g1000	sb0005	670	0	p01-neutral-feedback/configs/s03-parameter-map-wave2-v210-adaptive-g1000/runs/p01-s03-c0071-v210-adaptive-g1000-sb0005.toml	a9a205db65763efc88551d286a0a9b15cc5673359fb73e76717f621f59c8ca88	p01-neutral-feedback/s03-parameter-map-wave2-v210-adaptive-g1000/p01-s03-c0071/sb0005	prepared
phase1-stage3-wave2-v210-adaptive-g1000	p01-s03-c0071-v210-adaptive-g1000-sb0006	p01-s03-c0071	c0071	alpha-by-m	v210-adaptive-g1000	sb0006	671	0	p01-neutral-feedback/configs/s03-parameter-map-wave2-v210-adaptive-g1000/runs/p01-s03-c0071-v210-adaptive-g1000-sb0006.toml	2d6f1f58e585052660c860ae11b11ebc73a5865113aa11a7110599f07b850fb6	p01-neutral-feedback/s03-parameter-map-wave2-v210-adaptive-g1000/p01-s03-c0071/sb0006	prepared
phase1-stage3-wave2-v210-adaptive-g1000	p01-s03-c0071-v210-adaptive-g1000-sb0007	p01-s03-c0071	c0071	alpha-by-m	v210-adaptive-g1000	sb0007	672	0	p01-neutral-feedback/configs/s03-parameter-map-wave2-v210-adaptive-g1000/runs/p01-s03-c0071-v210-adaptive-g1000-sb0007.toml	e1c10ececb526cd5b54c130201bd189dc3537e20a33fca3d054d8e74665de84d	p01-neutral-feedback/s03-parameter-map-wave2-v210-adaptive-g1000/p01-s03-c0071/sb0007	prepared
phase1-stage3-wave2-v210-adaptive-g1000	p01-s03-c0071-v210-adaptive-g1000-sb0008	p01-s03-c0071	c0071	alpha-by-m	v210-adaptive-g1000	sb0008	673	0	p01-neutral-feedback/configs/s03-parameter-map-wave2-v210-adaptive-g1000/runs/p01-s03-c0071-v210-adaptive-g1000-sb0008.toml	529916fa9330f99223727a0eb9c84fbbc1a6b8f9e752674d860687d6f03c5035	p01-neutral-feedback/s03-parameter-map-wave2-v210-adaptive-g1000/p01-s03-c0071/sb0008	prepared
phase1-stage3-wave2-v210-adaptive-g1000	p01-s03-c0071-v210-adaptive-g1000-sb0009	p01-s03-c0071	c0071	alpha-by-m	v210-adaptive-g1000	sb0009	674	0	p01-neutral-feedback/configs/s03-parameter-map-wave2-v210-adaptive-g1000/runs/p01-s03-c0071-v210-adaptive-g1000-sb0009.toml	14f6fc90ee28b1771d2f51978b9c643929cfa226098dbd43e935a8f4eba3d38d	p01-neutral-feedback/s03-parameter-map-wave2-v210-adaptive-g1000/p01-s03-c0071/sb0009	prepared
phase1-stage3-wave2-v210-adaptive-g1000	p01-s03-c0071-v210-adaptive-g1000-sb0010	p01-s03-c0071	c0071	alpha-by-m	v210-adaptive-g1000	sb0010	675	0	p01-neutral-feedback/configs/s03-parameter-map-wave2-v210-adaptive-g1000/runs/p01-s03-c0071-v210-adaptive-g1000-sb0010.toml	261a83656d7b4925ff4e90448bf013b3c87b355cd85effe8c0b98a43012d6f4a	p01-neutral-feedback/s03-parameter-map-wave2-v210-adaptive-g1000/p01-s03-c0071/sb0010	prepared
phase1-stage3-wave2-v210-adaptive-g1000	p01-s03-c0071-v210-adaptive-g1000-sb0011	p01-s03-c0071	c0071	alpha-by-m	v210-adaptive-g1000	sb0011	676	0	p01-neutral-feedback/configs/s03-parameter-map-wave2-v210-adaptive-g1000/runs/p01-s03-c0071-v210-adaptive-g1000-sb0011.toml	787f5cb57b94e280979ef2c9329d22f655ba55c36c0ac58c7ffc563e3becea6b	p01-neutral-feedback/s03-parameter-map-wave2-v210-adaptive-g1000/p01-s03-c0071/sb0011	prepared
phase1-stage3-wave2-v210-adaptive-g1000	p01-s03-c0071-v210-adaptive-g1000-sb0012	p01-s03-c0071	c0071	alpha-by-m	v210-adaptive-g1000	sb0012	677	0	p01-neutral-feedback/configs/s03-parameter-map-wave2-v210-adaptive-g1000/runs/p01-s03-c0071-v210-adaptive-g1000-sb0012.toml	da928b7fc7396ea70083f7b118b472a2f790be8a71634fa7f91ebaf6c4ee6da7	p01-neutral-feedback/s03-parameter-map-wave2-v210-adaptive-g1000/p01-s03-c0071/sb0012	prepared
phase1-stage3-wave2-v210-adaptive-g1000	p01-s03-c0072-v210-adaptive-g1000-sb0001	p01-s03-c0072	c0072	alpha-by-m	v210-adaptive-g1000	sb0001	666	0	p01-neutral-feedback/configs/s03-parameter-map-wave2-v210-adaptive-g1000/runs/p01-s03-c0072-v210-adaptive-g1000-sb0001.toml	2e9c28f1a16fae73520d44b317a04e19fd5e79bd6438411eb381679c2e0ebc8d	p01-neutral-feedback/s03-parameter-map-wave2-v210-adaptive-g1000/p01-s03-c0072/sb0001	prepared
phase1-stage3-wave2-v210-adaptive-g1000	p01-s03-c0072-v210-adaptive-g1000-sb0002	p01-s03-c0072	c0072	alpha-by-m	v210-adaptive-g1000	sb0002	667	0	p01-neutral-feedback/configs/s03-parameter-map-wave2-v210-adaptive-g1000/runs/p01-s03-c0072-v210-adaptive-g1000-sb0002.toml	0eb9ac47f0c0bdb1f9b5abe06975d258cfcd1e277fbd8220496aeeee5b36d3c3	p01-neutral-feedback/s03-parameter-map-wave2-v210-adaptive-g1000/p01-s03-c0072/sb0002	prepared
phase1-stage3-wave2-v210-adaptive-g1000	p01-s03-c0072-v210-adaptive-g1000-sb0003	p01-s03-c0072	c0072	alpha-by-m	v210-adaptive-g1000	sb0003	668	0	p01-neutral-feedback/configs/s03-parameter-map-wave2-v210-adaptive-g1000/runs/p01-s03-c0072-v210-adaptive-g1000-sb0003.toml	c87691127323f64e509555e5b24ff2d9034589bef2c0b28b78989d7715714122	p01-neutral-feedback/s03-parameter-map-wave2-v210-adaptive-g1000/p01-s03-c0072/sb0003	prepared
phase1-stage3-wave2-v210-adaptive-g1000	p01-s03-c0072-v210-adaptive-g1000-sb0004	p01-s03-c0072	c0072	alpha-by-m	v210-adaptive-g1000	sb0004	669	0	p01-neutral-feedback/configs/s03-parameter-map-wave2-v210-adaptive-g1000/runs/p01-s03-c0072-v210-adaptive-g1000-sb0004.toml	ca2725f35d38e9bfa686a514273df5fcd357eb60817156bf30f7200b342025f7	p01-neutral-feedback/s03-parameter-map-wave2-v210-adaptive-g1000/p01-s03-c0072/sb0004	prepared
phase1-stage3-wave2-v210-adaptive-g1000	p01-s03-c0072-v210-adaptive-g1000-sb0005	p01-s03-c0072	c0072	alpha-by-m	v210-adaptive-g1000	sb0005	670	0	p01-neutral-feedback/configs/s03-parameter-map-wave2-v210-adaptive-g1000/runs/p01-s03-c0072-v210-adaptive-g1000-sb0005.toml	9a00fba60551eb16d910c2bd5f5e762c07368e398bacbdf39ebbc84e43f76b39	p01-neutral-feedback/s03-parameter-map-wave2-v210-adaptive-g1000/p01-s03-c0072/sb0005	prepared
phase1-stage3-wave2-v210-adaptive-g1000	p01-s03-c0072-v210-adaptive-g1000-sb0006	p01-s03-c0072	c0072	alpha-by-m	v210-adaptive-g1000	sb0006	671	0	p01-neutral-feedback/configs/s03-parameter-map-wave2-v210-adaptive-g1000/runs/p01-s03-c0072-v210-adaptive-g1000-sb0006.toml	de18cc548c587c06b92a41aa3536f22438a3b11b843b19422eaa9b08b8c781ae	p01-neutral-feedback/s03-parameter-map-wave2-v210-adaptive-g1000/p01-s03-c0072/sb0006	prepared
phase1-stage3-wave2-v210-adaptive-g1000	p01-s03-c0072-v210-adaptive-g1000-sb0007	p01-s03-c0072	c0072	alpha-by-m	v210-adaptive-g1000	sb0007	672	0	p01-neutral-feedback/configs/s03-parameter-map-wave2-v210-adaptive-g1000/runs/p01-s03-c0072-v210-adaptive-g1000-sb0007.toml	47bdd017b97ac3eacef2f566cbfe399f30b61c1f3735cbc9c2f5f7d205eb0932	p01-neutral-feedback/s03-parameter-map-wave2-v210-adaptive-g1000/p01-s03-c0072/sb0007	prepared
phase1-stage3-wave2-v210-adaptive-g1000	p01-s03-c0072-v210-adaptive-g1000-sb0008	p01-s03-c0072	c0072	alpha-by-m	v210-adaptive-g1000	sb0008	673	0	p01-neutral-feedback/configs/s03-parameter-map-wave2-v210-adaptive-g1000/runs/p01-s03-c0072-v210-adaptive-g1000-sb0008.toml	238a1f1128190d72f10bf54b22058b16c140ea8c3090677c6290e4b10abb538f	p01-neutral-feedback/s03-parameter-map-wave2-v210-adaptive-g1000/p01-s03-c0072/sb0008	prepared
phase1-stage3-wave2-v210-adaptive-g1000	p01-s03-c0072-v210-adaptive-g1000-sb0009	p01-s03-c0072	c0072	alpha-by-m	v210-adaptive-g1000	sb0009	674	0	p01-neutral-feedback/configs/s03-parameter-map-wave2-v210-adaptive-g1000/runs/p01-s03-c0072-v210-adaptive-g1000-sb0009.toml	33012aa77c59dbbf3debdb95c857d616fb17fc4802eb91fb1e6bc5176f59e6ff	p01-neutral-feedback/s03-parameter-map-wave2-v210-adaptive-g1000/p01-s03-c0072/sb0009	prepared
phase1-stage3-wave2-v210-adaptive-g1000	p01-s03-c0072-v210-adaptive-g1000-sb0010	p01-s03-c0072	c0072	alpha-by-m	v210-adaptive-g1000	sb0010	675	0	p01-neutral-feedback/configs/s03-parameter-map-wave2-v210-adaptive-g1000/runs/p01-s03-c0072-v210-adaptive-g1000-sb0010.toml	d7e31b303d1e75bbca212b496922e56d0a487dec39178378591234b62465b6dd	p01-neutral-feedback/s03-parameter-map-wave2-v210-adaptive-g1000/p01-s03-c0072/sb0010	prepared
phase1-stage3-wave2-v210-adaptive-g1000	p01-s03-c0072-v210-adaptive-g1000-sb0011	p01-s03-c0072	c0072	alpha-by-m	v210-adaptive-g1000	sb0011	676	0	p01-neutral-feedback/configs/s03-parameter-map-wave2-v210-adaptive-g1000/runs/p01-s03-c0072-v210-adaptive-g1000-sb0011.toml	b11e3de59b02439846f468d06a97b516828acdb1a8f7472613b0dcaf9ae0ea8c	p01-neutral-feedback/s03-parameter-map-wave2-v210-adaptive-g1000/p01-s03-c0072/sb0011	prepared
phase1-stage3-wave2-v210-adaptive-g1000	p01-s03-c0072-v210-adaptive-g1000-sb0012	p01-s03-c0072	c0072	alpha-by-m	v210-adaptive-g1000	sb0012	677	0	p01-neutral-feedback/configs/s03-parameter-map-wave2-v210-adaptive-g1000/runs/p01-s03-c0072-v210-adaptive-g1000-sb0012.toml	5c0996b7ccd91ff1be4159699ed4105c721c027521a1e71ed3193ef8b4f3c3f7	p01-neutral-feedback/s03-parameter-map-wave2-v210-adaptive-g1000/p01-s03-c0072/sb0012	prepared
phase1-stage3-wave2-v210-adaptive-g1000	p01-s03-c0074-v210-adaptive-g1000-sb0001	p01-s03-c0074	c0074	alpha-by-m	v210-adaptive-g1000	sb0001	666	0	p01-neutral-feedback/configs/s03-parameter-map-wave2-v210-adaptive-g1000/runs/p01-s03-c0074-v210-adaptive-g1000-sb0001.toml	a097e6efb7a8f79f4cbac65a38f3128136b8335d8fa20f23ebf2d44a97554e5b	p01-neutral-feedback/s03-parameter-map-wave2-v210-adaptive-g1000/p01-s03-c0074/sb0001	prepared
phase1-stage3-wave2-v210-adaptive-g1000	p01-s03-c0074-v210-adaptive-g1000-sb0002	p01-s03-c0074	c0074	alpha-by-m	v210-adaptive-g1000	sb0002	667	0	p01-neutral-feedback/configs/s03-parameter-map-wave2-v210-adaptive-g1000/runs/p01-s03-c0074-v210-adaptive-g1000-sb0002.toml	4dd763f4f024e7fc6c25f6b725e0482ff59b3790ba3c076ab6edb669bc196055	p01-neutral-feedback/s03-parameter-map-wave2-v210-adaptive-g1000/p01-s03-c0074/sb0002	prepared
phase1-stage3-wave2-v210-adaptive-g1000	p01-s03-c0074-v210-adaptive-g1000-sb0003	p01-s03-c0074	c0074	alpha-by-m	v210-adaptive-g1000	sb0003	668	0	p01-neutral-feedback/configs/s03-parameter-map-wave2-v210-adaptive-g1000/runs/p01-s03-c0074-v210-adaptive-g1000-sb0003.toml	be194148a17b8fd8a5a6ad8620962f05e991214fa8a9bd57b576914c8606f532	p01-neutral-feedback/s03-parameter-map-wave2-v210-adaptive-g1000/p01-s03-c0074/sb0003	prepared
phase1-stage3-wave2-v210-adaptive-g1000	p01-s03-c0074-v210-adaptive-g1000-sb0004	p01-s03-c0074	c0074	alpha-by-m	v210-adaptive-g1000	sb0004	669	0	p01-neutral-feedback/configs/s03-parameter-map-wave2-v210-adaptive-g1000/runs/p01-s03-c0074-v210-adaptive-g1000-sb0004.toml	0f974896fdce9e5d767d006773c023d9338eb97e3a7b86296b5917f03f9e6508	p01-neutral-feedback/s03-parameter-map-wave2-v210-adaptive-g1000/p01-s03-c0074/sb0004	prepared
phase1-stage3-wave2-v210-adaptive-g1000	p01-s03-c0074-v210-adaptive-g1000-sb0005	p01-s03-c0074	c0074	alpha-by-m	v210-adaptive-g1000	sb0005	670	0	p01-neutral-feedback/configs/s03-parameter-map-wave2-v210-adaptive-g1000/runs/p01-s03-c0074-v210-adaptive-g1000-sb0005.toml	7ca16afe9d86b4c133c825a6e3d3c1f780b16ec0bb9827b1b56d6de371bf72d2	p01-neutral-feedback/s03-parameter-map-wave2-v210-adaptive-g1000/p01-s03-c0074/sb0005	prepared
phase1-stage3-wave2-v210-adaptive-g1000	p01-s03-c0074-v210-adaptive-g1000-sb0006	p01-s03-c0074	c0074	alpha-by-m	v210-adaptive-g1000	sb0006	671	0	p01-neutral-feedback/configs/s03-parameter-map-wave2-v210-adaptive-g1000/runs/p01-s03-c0074-v210-adaptive-g1000-sb0006.toml	0e56b3cfa9eac1d0859e19a0fe6bf319f739c4977c17c6aac1e9e3f809163870	p01-neutral-feedback/s03-parameter-map-wave2-v210-adaptive-g1000/p01-s03-c0074/sb0006	prepared
phase1-stage3-wave2-v210-adaptive-g1000	p01-s03-c0074-v210-adaptive-g1000-sb0007	p01-s03-c0074	c0074	alpha-by-m	v210-adaptive-g1000	sb0007	672	0	p01-neutral-feedback/configs/s03-parameter-map-wave2-v210-adaptive-g1000/runs/p01-s03-c0074-v210-adaptive-g1000-sb0007.toml	67f639b0cba4fd6f240362824672e6644356f5d18a63bd57d526fbd5342ac566	p01-neutral-feedback/s03-parameter-map-wave2-v210-adaptive-g1000/p01-s03-c0074/sb0007	prepared
phase1-stage3-wave2-v210-adaptive-g1000	p01-s03-c0074-v210-adaptive-g1000-sb0008	p01-s03-c0074	c0074	alpha-by-m	v210-adaptive-g1000	sb0008	673	0	p01-neutral-feedback/configs/s03-parameter-map-wave2-v210-adaptive-g1000/runs/p01-s03-c0074-v210-adaptive-g1000-sb0008.toml	bd8d334a6d288744073c7de15d5bf1226d76aa080d9533bf09b17be04a99d2f7	p01-neutral-feedback/s03-parameter-map-wave2-v210-adaptive-g1000/p01-s03-c0074/sb0008	prepared
phase1-stage3-wave2-v210-adaptive-g1000	p01-s03-c0074-v210-adaptive-g1000-sb0009	p01-s03-c0074	c0074	alpha-by-m	v210-adaptive-g1000	sb0009	674	0	p01-neutral-feedback/configs/s03-parameter-map-wave2-v210-adaptive-g1000/runs/p01-s03-c0074-v210-adaptive-g1000-sb0009.toml	ee021e40a96be518bca0d485937f27300b6d54c04d44a8c46ad2378a725d852f	p01-neutral-feedback/s03-parameter-map-wave2-v210-adaptive-g1000/p01-s03-c0074/sb0009	prepared
phase1-stage3-wave2-v210-adaptive-g1000	p01-s03-c0074-v210-adaptive-g1000-sb0010	p01-s03-c0074	c0074	alpha-by-m	v210-adaptive-g1000	sb0010	675	0	p01-neutral-feedback/configs/s03-parameter-map-wave2-v210-adaptive-g1000/runs/p01-s03-c0074-v210-adaptive-g1000-sb0010.toml	f8185c3321b9c5f86536b1984ed98e64de36d67569c66874e5a9414e9444b6ac	p01-neutral-feedback/s03-parameter-map-wave2-v210-adaptive-g1000/p01-s03-c0074/sb0010	prepared
phase1-stage3-wave2-v210-adaptive-g1000	p01-s03-c0074-v210-adaptive-g1000-sb0011	p01-s03-c0074	c0074	alpha-by-m	v210-adaptive-g1000	sb0011	676	0	p01-neutral-feedback/configs/s03-parameter-map-wave2-v210-adaptive-g1000/runs/p01-s03-c0074-v210-adaptive-g1000-sb0011.toml	011fbf21bd1dbfdf0c00340dbb299783f5ed7af1521bc35bc692c1e2e8871ff2	p01-neutral-feedback/s03-parameter-map-wave2-v210-adaptive-g1000/p01-s03-c0074/sb0011	prepared
phase1-stage3-wave2-v210-adaptive-g1000	p01-s03-c0074-v210-adaptive-g1000-sb0012	p01-s03-c0074	c0074	alpha-by-m	v210-adaptive-g1000	sb0012	677	0	p01-neutral-feedback/configs/s03-parameter-map-wave2-v210-adaptive-g1000/runs/p01-s03-c0074-v210-adaptive-g1000-sb0012.toml	43ee8c38b3bcfd49748b846b3a3d77b7527ec46f6f31d81fd0041efa1a7bddcd	p01-neutral-feedback/s03-parameter-map-wave2-v210-adaptive-g1000/p01-s03-c0074/sb0012	prepared
phase1-stage3-wave2-v210-adaptive-g1000	p01-s03-c0075-v210-adaptive-g1000-sb0001	p01-s03-c0075	c0075	alpha-by-m	v210-adaptive-g1000	sb0001	666	0	p01-neutral-feedback/configs/s03-parameter-map-wave2-v210-adaptive-g1000/runs/p01-s03-c0075-v210-adaptive-g1000-sb0001.toml	8e0b6dfd62edc27fd1a5a812b888d95a4e8f06d8e1a46cc2ebfdaf03bdc08d60	p01-neutral-feedback/s03-parameter-map-wave2-v210-adaptive-g1000/p01-s03-c0075/sb0001	prepared
phase1-stage3-wave2-v210-adaptive-g1000	p01-s03-c0075-v210-adaptive-g1000-sb0002	p01-s03-c0075	c0075	alpha-by-m	v210-adaptive-g1000	sb0002	667	0	p01-neutral-feedback/configs/s03-parameter-map-wave2-v210-adaptive-g1000/runs/p01-s03-c0075-v210-adaptive-g1000-sb0002.toml	8a957f82ea748d9d73f47a56d8fecf1428f2f89e605f62cc8e370ebf88c40ed3	p01-neutral-feedback/s03-parameter-map-wave2-v210-adaptive-g1000/p01-s03-c0075/sb0002	prepared
phase1-stage3-wave2-v210-adaptive-g1000	p01-s03-c0075-v210-adaptive-g1000-sb0003	p01-s03-c0075	c0075	alpha-by-m	v210-adaptive-g1000	sb0003	668	0	p01-neutral-feedback/configs/s03-parameter-map-wave2-v210-adaptive-g1000/runs/p01-s03-c0075-v210-adaptive-g1000-sb0003.toml	31f9e853902c0255b9acf4734cbcf203ae6aaf9fa9722c8a94e59fb56c3235b8	p01-neutral-feedback/s03-parameter-map-wave2-v210-adaptive-g1000/p01-s03-c0075/sb0003	prepared
phase1-stage3-wave2-v210-adaptive-g1000	p01-s03-c0075-v210-adaptive-g1000-sb0004	p01-s03-c0075	c0075	alpha-by-m	v210-adaptive-g1000	sb0004	669	0	p01-neutral-feedback/configs/s03-parameter-map-wave2-v210-adaptive-g1000/runs/p01-s03-c0075-v210-adaptive-g1000-sb0004.toml	840fd18192f77a54d8153e7c1c1b731482ac5117f176ea7edeb172f99ead78e6	p01-neutral-feedback/s03-parameter-map-wave2-v210-adaptive-g1000/p01-s03-c0075/sb0004	prepared
phase1-stage3-wave2-v210-adaptive-g1000	p01-s03-c0075-v210-adaptive-g1000-sb0005	p01-s03-c0075	c0075	alpha-by-m	v210-adaptive-g1000	sb0005	670	0	p01-neutral-feedback/configs/s03-parameter-map-wave2-v210-adaptive-g1000/runs/p01-s03-c0075-v210-adaptive-g1000-sb0005.toml	4620cded6818918623491d99f091668da71f3201901b0b347401cdcf4ad7b278	p01-neutral-feedback/s03-parameter-map-wave2-v210-adaptive-g1000/p01-s03-c0075/sb0005	prepared
phase1-stage3-wave2-v210-adaptive-g1000	p01-s03-c0075-v210-adaptive-g1000-sb0006	p01-s03-c0075	c0075	alpha-by-m	v210-adaptive-g1000	sb0006	671	0	p01-neutral-feedback/configs/s03-parameter-map-wave2-v210-adaptive-g1000/runs/p01-s03-c0075-v210-adaptive-g1000-sb0006.toml	a19609717adf8f6eb34536ae2edb706d2633868771eca02c1c06a3d0618f3b77	p01-neutral-feedback/s03-parameter-map-wave2-v210-adaptive-g1000/p01-s03-c0075/sb0006	prepared
phase1-stage3-wave2-v210-adaptive-g1000	p01-s03-c0075-v210-adaptive-g1000-sb0007	p01-s03-c0075	c0075	alpha-by-m	v210-adaptive-g1000	sb0007	672	0	p01-neutral-feedback/configs/s03-parameter-map-wave2-v210-adaptive-g1000/runs/p01-s03-c0075-v210-adaptive-g1000-sb0007.toml	3127b5b60a550e1b18d90adacbccf2cee8c4b29a6b5bc9944fb3f0545cd274cd	p01-neutral-feedback/s03-parameter-map-wave2-v210-adaptive-g1000/p01-s03-c0075/sb0007	prepared
phase1-stage3-wave2-v210-adaptive-g1000	p01-s03-c0075-v210-adaptive-g1000-sb0008	p01-s03-c0075	c0075	alpha-by-m	v210-adaptive-g1000	sb0008	673	0	p01-neutral-feedback/configs/s03-parameter-map-wave2-v210-adaptive-g1000/runs/p01-s03-c0075-v210-adaptive-g1000-sb0008.toml	7c614fdb0f48a05397a187850268234aa2d9890c8edeccb05cf0f68b23bc86ab	p01-neutral-feedback/s03-parameter-map-wave2-v210-adaptive-g1000/p01-s03-c0075/sb0008	prepared
phase1-stage3-wave2-v210-adaptive-g1000	p01-s03-c0075-v210-adaptive-g1000-sb0009	p01-s03-c0075	c0075	alpha-by-m	v210-adaptive-g1000	sb0009	674	0	p01-neutral-feedback/configs/s03-parameter-map-wave2-v210-adaptive-g1000/runs/p01-s03-c0075-v210-adaptive-g1000-sb0009.toml	17a8a02ae06f42db9cdc6b70f5ceaf94c54ddcd597d386d6e4ac15b28086a745	p01-neutral-feedback/s03-parameter-map-wave2-v210-adaptive-g1000/p01-s03-c0075/sb0009	prepared
phase1-stage3-wave2-v210-adaptive-g1000	p01-s03-c0075-v210-adaptive-g1000-sb0010	p01-s03-c0075	c0075	alpha-by-m	v210-adaptive-g1000	sb0010	675	0	p01-neutral-feedback/configs/s03-parameter-map-wave2-v210-adaptive-g1000/runs/p01-s03-c0075-v210-adaptive-g1000-sb0010.toml	32ddcbdc219cdf51334136eb8ad614716f7119a1f8cb87135964253dfe6e9592	p01-neutral-feedback/s03-parameter-map-wave2-v210-adaptive-g1000/p01-s03-c0075/sb0010	prepared
phase1-stage3-wave2-v210-adaptive-g1000	p01-s03-c0075-v210-adaptive-g1000-sb0011	p01-s03-c0075	c0075	alpha-by-m	v210-adaptive-g1000	sb0011	676	0	p01-neutral-feedback/configs/s03-parameter-map-wave2-v210-adaptive-g1000/runs/p01-s03-c0075-v210-adaptive-g1000-sb0011.toml	dfcdcc2b7c2b8841062a24115d87c35155511fc36a2a2e8cee4d1ee27ca6c2a3	p01-neutral-feedback/s03-parameter-map-wave2-v210-adaptive-g1000/p01-s03-c0075/sb0011	prepared
phase1-stage3-wave2-v210-adaptive-g1000	p01-s03-c0075-v210-adaptive-g1000-sb0012	p01-s03-c0075	c0075	alpha-by-m	v210-adaptive-g1000	sb0012	677	0	p01-neutral-feedback/configs/s03-parameter-map-wave2-v210-adaptive-g1000/runs/p01-s03-c0075-v210-adaptive-g1000-sb0012.toml	36e0e8843815efb39b1ba0b5cde03fc662d612406d30acc695773c5a6a1666e7	p01-neutral-feedback/s03-parameter-map-wave2-v210-adaptive-g1000/p01-s03-c0075/sb0012	prepared
phase1-stage3-wave2-v210-adaptive-g1000	p01-s03-c0076-v210-adaptive-g1000-sb0001	p01-s03-c0076	c0076	alpha-by-m	v210-adaptive-g1000	sb0001	666	0	p01-neutral-feedback/configs/s03-parameter-map-wave2-v210-adaptive-g1000/runs/p01-s03-c0076-v210-adaptive-g1000-sb0001.toml	6660f7abc379f50cab3b301eaadc654304c83d440d03f08ab52cc45766a0c0f0	p01-neutral-feedback/s03-parameter-map-wave2-v210-adaptive-g1000/p01-s03-c0076/sb0001	prepared
phase1-stage3-wave2-v210-adaptive-g1000	p01-s03-c0076-v210-adaptive-g1000-sb0002	p01-s03-c0076	c0076	alpha-by-m	v210-adaptive-g1000	sb0002	667	0	p01-neutral-feedback/configs/s03-parameter-map-wave2-v210-adaptive-g1000/runs/p01-s03-c0076-v210-adaptive-g1000-sb0002.toml	9f53f49180d8d024b01290015eedd944ca4e4035adb8a98137dfdbfacb2e415f	p01-neutral-feedback/s03-parameter-map-wave2-v210-adaptive-g1000/p01-s03-c0076/sb0002	prepared
phase1-stage3-wave2-v210-adaptive-g1000	p01-s03-c0076-v210-adaptive-g1000-sb0003	p01-s03-c0076	c0076	alpha-by-m	v210-adaptive-g1000	sb0003	668	0	p01-neutral-feedback/configs/s03-parameter-map-wave2-v210-adaptive-g1000/runs/p01-s03-c0076-v210-adaptive-g1000-sb0003.toml	b417f0765017759c197009e40a4285d63bff662bf315a299fb245f84e1bba673	p01-neutral-feedback/s03-parameter-map-wave2-v210-adaptive-g1000/p01-s03-c0076/sb0003	prepared
phase1-stage3-wave2-v210-adaptive-g1000	p01-s03-c0076-v210-adaptive-g1000-sb0004	p01-s03-c0076	c0076	alpha-by-m	v210-adaptive-g1000	sb0004	669	0	p01-neutral-feedback/configs/s03-parameter-map-wave2-v210-adaptive-g1000/runs/p01-s03-c0076-v210-adaptive-g1000-sb0004.toml	4837f66cf7d67d63002734f59217e1b8f71040214628c05b5249feff1e815a13	p01-neutral-feedback/s03-parameter-map-wave2-v210-adaptive-g1000/p01-s03-c0076/sb0004	prepared
phase1-stage3-wave2-v210-adaptive-g1000	p01-s03-c0076-v210-adaptive-g1000-sb0005	p01-s03-c0076	c0076	alpha-by-m	v210-adaptive-g1000	sb0005	670	0	p01-neutral-feedback/configs/s03-parameter-map-wave2-v210-adaptive-g1000/runs/p01-s03-c0076-v210-adaptive-g1000-sb0005.toml	77e273f4d9e35e2b28e6782c1d7ecc1cd03e819a9b9b818def4e38a291b8d28c	p01-neutral-feedback/s03-parameter-map-wave2-v210-adaptive-g1000/p01-s03-c0076/sb0005	prepared
phase1-stage3-wave2-v210-adaptive-g1000	p01-s03-c0076-v210-adaptive-g1000-sb0006	p01-s03-c0076	c0076	alpha-by-m	v210-adaptive-g1000	sb0006	671	0	p01-neutral-feedback/configs/s03-parameter-map-wave2-v210-adaptive-g1000/runs/p01-s03-c0076-v210-adaptive-g1000-sb0006.toml	6f3c1d2f1c453daba4f63fd91ae9ab75f58d480dfb26237bf4250a527b13a368	p01-neutral-feedback/s03-parameter-map-wave2-v210-adaptive-g1000/p01-s03-c0076/sb0006	prepared
phase1-stage3-wave2-v210-adaptive-g1000	p01-s03-c0076-v210-adaptive-g1000-sb0007	p01-s03-c0076	c0076	alpha-by-m	v210-adaptive-g1000	sb0007	672	0	p01-neutral-feedback/configs/s03-parameter-map-wave2-v210-adaptive-g1000/runs/p01-s03-c0076-v210-adaptive-g1000-sb0007.toml	770f2570aca0c54d0937c363dd78fe5b99b45fa974abdacf310772b8964963d9	p01-neutral-feedback/s03-parameter-map-wave2-v210-adaptive-g1000/p01-s03-c0076/sb0007	prepared
phase1-stage3-wave2-v210-adaptive-g1000	p01-s03-c0076-v210-adaptive-g1000-sb0008	p01-s03-c0076	c0076	alpha-by-m	v210-adaptive-g1000	sb0008	673	0	p01-neutral-feedback/configs/s03-parameter-map-wave2-v210-adaptive-g1000/runs/p01-s03-c0076-v210-adaptive-g1000-sb0008.toml	d6bf5eaebca7e74cb070aa66d8fa2961cd5c65f9de8082cb2849b85f6783f301	p01-neutral-feedback/s03-parameter-map-wave2-v210-adaptive-g1000/p01-s03-c0076/sb0008	prepared
phase1-stage3-wave2-v210-adaptive-g1000	p01-s03-c0076-v210-adaptive-g1000-sb0009	p01-s03-c0076	c0076	alpha-by-m	v210-adaptive-g1000	sb0009	674	0	p01-neutral-feedback/configs/s03-parameter-map-wave2-v210-adaptive-g1000/runs/p01-s03-c0076-v210-adaptive-g1000-sb0009.toml	d0d82f3c133a3d63368601e0fedf15cb976245156db5334a6dc9b5ef5a74226c	p01-neutral-feedback/s03-parameter-map-wave2-v210-adaptive-g1000/p01-s03-c0076/sb0009	prepared
phase1-stage3-wave2-v210-adaptive-g1000	p01-s03-c0076-v210-adaptive-g1000-sb0010	p01-s03-c0076	c0076	alpha-by-m	v210-adaptive-g1000	sb0010	675	0	p01-neutral-feedback/configs/s03-parameter-map-wave2-v210-adaptive-g1000/runs/p01-s03-c0076-v210-adaptive-g1000-sb0010.toml	c8012c3b99b408dd2dff20351fc63f71ce8b93ecb80d8b9d1967443cd12c2128	p01-neutral-feedback/s03-parameter-map-wave2-v210-adaptive-g1000/p01-s03-c0076/sb0010	prepared
phase1-stage3-wave2-v210-adaptive-g1000	p01-s03-c0076-v210-adaptive-g1000-sb0011	p01-s03-c0076	c0076	alpha-by-m	v210-adaptive-g1000	sb0011	676	0	p01-neutral-feedback/configs/s03-parameter-map-wave2-v210-adaptive-g1000/runs/p01-s03-c0076-v210-adaptive-g1000-sb0011.toml	89d66476710367cb4fcfb114f98bcd669c80c085eac689a22e39376e970aff41	p01-neutral-feedback/s03-parameter-map-wave2-v210-adaptive-g1000/p01-s03-c0076/sb0011	prepared
phase1-stage3-wave2-v210-adaptive-g1000	p01-s03-c0076-v210-adaptive-g1000-sb0012	p01-s03-c0076	c0076	alpha-by-m	v210-adaptive-g1000	sb0012	677	0	p01-neutral-feedback/configs/s03-parameter-map-wave2-v210-adaptive-g1000/runs/p01-s03-c0076-v210-adaptive-g1000-sb0012.toml	f4ff0b18fb36c1ca64b2a21450ad4472e63b11e0c90fbaf367a15bf17b684006	p01-neutral-feedback/s03-parameter-map-wave2-v210-adaptive-g1000/p01-s03-c0076/sb0012	prepared
phase1-stage3-wave2-v210-adaptive-g1000	p01-s03-c0077-v210-adaptive-g1000-sb0001	p01-s03-c0077	c0077	alpha-by-m	v210-adaptive-g1000	sb0001	666	0	p01-neutral-feedback/configs/s03-parameter-map-wave2-v210-adaptive-g1000/runs/p01-s03-c0077-v210-adaptive-g1000-sb0001.toml	ea3a2217664fb7ee7100e529b117a35cbab5de68b4bf3ea861018ad58b7b92b2	p01-neutral-feedback/s03-parameter-map-wave2-v210-adaptive-g1000/p01-s03-c0077/sb0001	prepared
phase1-stage3-wave2-v210-adaptive-g1000	p01-s03-c0077-v210-adaptive-g1000-sb0002	p01-s03-c0077	c0077	alpha-by-m	v210-adaptive-g1000	sb0002	667	0	p01-neutral-feedback/configs/s03-parameter-map-wave2-v210-adaptive-g1000/runs/p01-s03-c0077-v210-adaptive-g1000-sb0002.toml	a541abb853a101ce170379e6eb2a94c64bb7de1a4926367576cd1ed0d3e1193f	p01-neutral-feedback/s03-parameter-map-wave2-v210-adaptive-g1000/p01-s03-c0077/sb0002	prepared
phase1-stage3-wave2-v210-adaptive-g1000	p01-s03-c0077-v210-adaptive-g1000-sb0003	p01-s03-c0077	c0077	alpha-by-m	v210-adaptive-g1000	sb0003	668	0	p01-neutral-feedback/configs/s03-parameter-map-wave2-v210-adaptive-g1000/runs/p01-s03-c0077-v210-adaptive-g1000-sb0003.toml	d21421532814cb045584df7aca3b9e4816dafaa6602911eae57527cc3b8b9266	p01-neutral-feedback/s03-parameter-map-wave2-v210-adaptive-g1000/p01-s03-c0077/sb0003	prepared
phase1-stage3-wave2-v210-adaptive-g1000	p01-s03-c0077-v210-adaptive-g1000-sb0004	p01-s03-c0077	c0077	alpha-by-m	v210-adaptive-g1000	sb0004	669	0	p01-neutral-feedback/configs/s03-parameter-map-wave2-v210-adaptive-g1000/runs/p01-s03-c0077-v210-adaptive-g1000-sb0004.toml	a5138309ca3ed47195092bfafdd53cdbbb5e1f911195ab757ee00cf2d81942d1	p01-neutral-feedback/s03-parameter-map-wave2-v210-adaptive-g1000/p01-s03-c0077/sb0004	prepared
phase1-stage3-wave2-v210-adaptive-g1000	p01-s03-c0077-v210-adaptive-g1000-sb0005	p01-s03-c0077	c0077	alpha-by-m	v210-adaptive-g1000	sb0005	670	0	p01-neutral-feedback/configs/s03-parameter-map-wave2-v210-adaptive-g1000/runs/p01-s03-c0077-v210-adaptive-g1000-sb0005.toml	015a6a1960ef8994b3408b23de770c8358521ad89e0e161ba2b17c2aca92b9b3	p01-neutral-feedback/s03-parameter-map-wave2-v210-adaptive-g1000/p01-s03-c0077/sb0005	prepared
phase1-stage3-wave2-v210-adaptive-g1000	p01-s03-c0077-v210-adaptive-g1000-sb0006	p01-s03-c0077	c0077	alpha-by-m	v210-adaptive-g1000	sb0006	671	0	p01-neutral-feedback/configs/s03-parameter-map-wave2-v210-adaptive-g1000/runs/p01-s03-c0077-v210-adaptive-g1000-sb0006.toml	2fabcf606ad5586603eb12e3747314d907df7d31de4a5c0a069c9bd896812607	p01-neutral-feedback/s03-parameter-map-wave2-v210-adaptive-g1000/p01-s03-c0077/sb0006	prepared
phase1-stage3-wave2-v210-adaptive-g1000	p01-s03-c0077-v210-adaptive-g1000-sb0007	p01-s03-c0077	c0077	alpha-by-m	v210-adaptive-g1000	sb0007	672	0	p01-neutral-feedback/configs/s03-parameter-map-wave2-v210-adaptive-g1000/runs/p01-s03-c0077-v210-adaptive-g1000-sb0007.toml	9ee948b14e4cb95a82a606d608bca6b88351df179506fa3157bb76c4d07d8a82	p01-neutral-feedback/s03-parameter-map-wave2-v210-adaptive-g1000/p01-s03-c0077/sb0007	prepared
phase1-stage3-wave2-v210-adaptive-g1000	p01-s03-c0077-v210-adaptive-g1000-sb0008	p01-s03-c0077	c0077	alpha-by-m	v210-adaptive-g1000	sb0008	673	0	p01-neutral-feedback/configs/s03-parameter-map-wave2-v210-adaptive-g1000/runs/p01-s03-c0077-v210-adaptive-g1000-sb0008.toml	3c468d4ecd1bcf6ba1dbb84d3b5b7c974d12e790947f31c6e99cad5c00aa2ae5	p01-neutral-feedback/s03-parameter-map-wave2-v210-adaptive-g1000/p01-s03-c0077/sb0008	prepared
phase1-stage3-wave2-v210-adaptive-g1000	p01-s03-c0077-v210-adaptive-g1000-sb0009	p01-s03-c0077	c0077	alpha-by-m	v210-adaptive-g1000	sb0009	674	0	p01-neutral-feedback/configs/s03-parameter-map-wave2-v210-adaptive-g1000/runs/p01-s03-c0077-v210-adaptive-g1000-sb0009.toml	dbb0576c79cbfd6f5885caade691f374c090f491221584a39f5b458aaa12e701	p01-neutral-feedback/s03-parameter-map-wave2-v210-adaptive-g1000/p01-s03-c0077/sb0009	prepared
phase1-stage3-wave2-v210-adaptive-g1000	p01-s03-c0077-v210-adaptive-g1000-sb0010	p01-s03-c0077	c0077	alpha-by-m	v210-adaptive-g1000	sb0010	675	0	p01-neutral-feedback/configs/s03-parameter-map-wave2-v210-adaptive-g1000/runs/p01-s03-c0077-v210-adaptive-g1000-sb0010.toml	e08c7fd855460f92370d4216b8512b8c4184459dc74529350db4532bca65a074	p01-neutral-feedback/s03-parameter-map-wave2-v210-adaptive-g1000/p01-s03-c0077/sb0010	prepared
phase1-stage3-wave2-v210-adaptive-g1000	p01-s03-c0077-v210-adaptive-g1000-sb0011	p01-s03-c0077	c0077	alpha-by-m	v210-adaptive-g1000	sb0011	676	0	p01-neutral-feedback/configs/s03-parameter-map-wave2-v210-adaptive-g1000/runs/p01-s03-c0077-v210-adaptive-g1000-sb0011.toml	ca1c027a215299e884cbe2657119f1c2625a41cb02ed307181b976ee60184351	p01-neutral-feedback/s03-parameter-map-wave2-v210-adaptive-g1000/p01-s03-c0077/sb0011	prepared
phase1-stage3-wave2-v210-adaptive-g1000	p01-s03-c0077-v210-adaptive-g1000-sb0012	p01-s03-c0077	c0077	alpha-by-m	v210-adaptive-g1000	sb0012	677	0	p01-neutral-feedback/configs/s03-parameter-map-wave2-v210-adaptive-g1000/runs/p01-s03-c0077-v210-adaptive-g1000-sb0012.toml	73093123dda5341c94097f2fc69def4cfa684759af198701f55cab911d02252d	p01-neutral-feedback/s03-parameter-map-wave2-v210-adaptive-g1000/p01-s03-c0077/sb0012	prepared
phase1-stage3-wave2-v210-adaptive-g1000	p01-s03-c0078-v210-adaptive-g1000-sb0001	p01-s03-c0078	c0078	alpha-by-m	v210-adaptive-g1000	sb0001	666	0	p01-neutral-feedback/configs/s03-parameter-map-wave2-v210-adaptive-g1000/runs/p01-s03-c0078-v210-adaptive-g1000-sb0001.toml	085f079cfee7b0a3303bc942ebc68fec4b04fae2aed020e5fb927f58fc6fe731	p01-neutral-feedback/s03-parameter-map-wave2-v210-adaptive-g1000/p01-s03-c0078/sb0001	prepared
phase1-stage3-wave2-v210-adaptive-g1000	p01-s03-c0078-v210-adaptive-g1000-sb0002	p01-s03-c0078	c0078	alpha-by-m	v210-adaptive-g1000	sb0002	667	0	p01-neutral-feedback/configs/s03-parameter-map-wave2-v210-adaptive-g1000/runs/p01-s03-c0078-v210-adaptive-g1000-sb0002.toml	3f60417e5d08bf97ddcbd03a94ec3a0578c8c54c93d00b1b0381ca36771b3ad2	p01-neutral-feedback/s03-parameter-map-wave2-v210-adaptive-g1000/p01-s03-c0078/sb0002	prepared
phase1-stage3-wave2-v210-adaptive-g1000	p01-s03-c0078-v210-adaptive-g1000-sb0003	p01-s03-c0078	c0078	alpha-by-m	v210-adaptive-g1000	sb0003	668	0	p01-neutral-feedback/configs/s03-parameter-map-wave2-v210-adaptive-g1000/runs/p01-s03-c0078-v210-adaptive-g1000-sb0003.toml	1f9ea1ca92e7797eafa8ae623f43e94d392d92089152f1fa4407e6a181bde9fa	p01-neutral-feedback/s03-parameter-map-wave2-v210-adaptive-g1000/p01-s03-c0078/sb0003	prepared
phase1-stage3-wave2-v210-adaptive-g1000	p01-s03-c0078-v210-adaptive-g1000-sb0004	p01-s03-c0078	c0078	alpha-by-m	v210-adaptive-g1000	sb0004	669	0	p01-neutral-feedback/configs/s03-parameter-map-wave2-v210-adaptive-g1000/runs/p01-s03-c0078-v210-adaptive-g1000-sb0004.toml	cfa28953e324297cc9761d380e2238c8398dc3dca140b9395600ced4eef4add5	p01-neutral-feedback/s03-parameter-map-wave2-v210-adaptive-g1000/p01-s03-c0078/sb0004	prepared
phase1-stage3-wave2-v210-adaptive-g1000	p01-s03-c0078-v210-adaptive-g1000-sb0005	p01-s03-c0078	c0078	alpha-by-m	v210-adaptive-g1000	sb0005	670	0	p01-neutral-feedback/configs/s03-parameter-map-wave2-v210-adaptive-g1000/runs/p01-s03-c0078-v210-adaptive-g1000-sb0005.toml	32f758894501a9a1d4307b76b30e477dfcf012d6b22efc475c4e31bf8758f51e	p01-neutral-feedback/s03-parameter-map-wave2-v210-adaptive-g1000/p01-s03-c0078/sb0005	prepared
phase1-stage3-wave2-v210-adaptive-g1000	p01-s03-c0078-v210-adaptive-g1000-sb0006	p01-s03-c0078	c0078	alpha-by-m	v210-adaptive-g1000	sb0006	671	0	p01-neutral-feedback/configs/s03-parameter-map-wave2-v210-adaptive-g1000/runs/p01-s03-c0078-v210-adaptive-g1000-sb0006.toml	3353e3bc4d7153474ff4c04f9fa8b639261c2412032165da30a126454c6a1a0f	p01-neutral-feedback/s03-parameter-map-wave2-v210-adaptive-g1000/p01-s03-c0078/sb0006	prepared
phase1-stage3-wave2-v210-adaptive-g1000	p01-s03-c0078-v210-adaptive-g1000-sb0007	p01-s03-c0078	c0078	alpha-by-m	v210-adaptive-g1000	sb0007	672	0	p01-neutral-feedback/configs/s03-parameter-map-wave2-v210-adaptive-g1000/runs/p01-s03-c0078-v210-adaptive-g1000-sb0007.toml	07b5f9248d462efd6c2ebb7fdd9dc67b6074a22efd2879ca62769cdfa3250e25	p01-neutral-feedback/s03-parameter-map-wave2-v210-adaptive-g1000/p01-s03-c0078/sb0007	prepared
phase1-stage3-wave2-v210-adaptive-g1000	p01-s03-c0078-v210-adaptive-g1000-sb0008	p01-s03-c0078	c0078	alpha-by-m	v210-adaptive-g1000	sb0008	673	0	p01-neutral-feedback/configs/s03-parameter-map-wave2-v210-adaptive-g1000/runs/p01-s03-c0078-v210-adaptive-g1000-sb0008.toml	83507c05ab448906d256064b70a44866dbf9fed61ed13656f5771a1d1115c6b5	p01-neutral-feedback/s03-parameter-map-wave2-v210-adaptive-g1000/p01-s03-c0078/sb0008	prepared
phase1-stage3-wave2-v210-adaptive-g1000	p01-s03-c0078-v210-adaptive-g1000-sb0009	p01-s03-c0078	c0078	alpha-by-m	v210-adaptive-g1000	sb0009	674	0	p01-neutral-feedback/configs/s03-parameter-map-wave2-v210-adaptive-g1000/runs/p01-s03-c0078-v210-adaptive-g1000-sb0009.toml	3476cb7d87a5631ca37e1cd6292c16ec346e616c432c946cff9720b65e291f00	p01-neutral-feedback/s03-parameter-map-wave2-v210-adaptive-g1000/p01-s03-c0078/sb0009	prepared
phase1-stage3-wave2-v210-adaptive-g1000	p01-s03-c0078-v210-adaptive-g1000-sb0010	p01-s03-c0078	c0078	alpha-by-m	v210-adaptive-g1000	sb0010	675	0	p01-neutral-feedback/configs/s03-parameter-map-wave2-v210-adaptive-g1000/runs/p01-s03-c0078-v210-adaptive-g1000-sb0010.toml	71e104ee4dedc4bd0ff65109acc1283b7280aa48d10d3932d5c68cb455a09732	p01-neutral-feedback/s03-parameter-map-wave2-v210-adaptive-g1000/p01-s03-c0078/sb0010	prepared
phase1-stage3-wave2-v210-adaptive-g1000	p01-s03-c0078-v210-adaptive-g1000-sb0011	p01-s03-c0078	c0078	alpha-by-m	v210-adaptive-g1000	sb0011	676	0	p01-neutral-feedback/configs/s03-parameter-map-wave2-v210-adaptive-g1000/runs/p01-s03-c0078-v210-adaptive-g1000-sb0011.toml	4648581405ea9cd0b23b176e0b6e41a941120ef5a65b9eabdd57008352b21abe	p01-neutral-feedback/s03-parameter-map-wave2-v210-adaptive-g1000/p01-s03-c0078/sb0011	prepared
phase1-stage3-wave2-v210-adaptive-g1000	p01-s03-c0078-v210-adaptive-g1000-sb0012	p01-s03-c0078	c0078	alpha-by-m	v210-adaptive-g1000	sb0012	677	0	p01-neutral-feedback/configs/s03-parameter-map-wave2-v210-adaptive-g1000/runs/p01-s03-c0078-v210-adaptive-g1000-sb0012.toml	2559a013122f55c53711cfbec19297898337e41bd332a98a2b54cc03fe65bbad	p01-neutral-feedback/s03-parameter-map-wave2-v210-adaptive-g1000/p01-s03-c0078/sb0012	prepared
phase1-stage3-wave2-v210-adaptive-g1000	p01-s03-c0079-v210-adaptive-g1000-sb0001	p01-s03-c0079	c0079	alpha-by-m	v210-adaptive-g1000	sb0001	666	0	p01-neutral-feedback/configs/s03-parameter-map-wave2-v210-adaptive-g1000/runs/p01-s03-c0079-v210-adaptive-g1000-sb0001.toml	41da267ca6f2381255ab63fe20194c79748fe555ef407d97231bff391b511903	p01-neutral-feedback/s03-parameter-map-wave2-v210-adaptive-g1000/p01-s03-c0079/sb0001	prepared
phase1-stage3-wave2-v210-adaptive-g1000	p01-s03-c0079-v210-adaptive-g1000-sb0002	p01-s03-c0079	c0079	alpha-by-m	v210-adaptive-g1000	sb0002	667	0	p01-neutral-feedback/configs/s03-parameter-map-wave2-v210-adaptive-g1000/runs/p01-s03-c0079-v210-adaptive-g1000-sb0002.toml	44377e07893b2c8b9014dd0f14c4a2f1b476e2f88838d9c94328be9f88078b8f	p01-neutral-feedback/s03-parameter-map-wave2-v210-adaptive-g1000/p01-s03-c0079/sb0002	prepared
phase1-stage3-wave2-v210-adaptive-g1000	p01-s03-c0079-v210-adaptive-g1000-sb0003	p01-s03-c0079	c0079	alpha-by-m	v210-adaptive-g1000	sb0003	668	0	p01-neutral-feedback/configs/s03-parameter-map-wave2-v210-adaptive-g1000/runs/p01-s03-c0079-v210-adaptive-g1000-sb0003.toml	b7fa644a47ac50f8c7e5f264034376d4410cb383c048a74b00d57b81bea22a9c	p01-neutral-feedback/s03-parameter-map-wave2-v210-adaptive-g1000/p01-s03-c0079/sb0003	prepared
phase1-stage3-wave2-v210-adaptive-g1000	p01-s03-c0079-v210-adaptive-g1000-sb0004	p01-s03-c0079	c0079	alpha-by-m	v210-adaptive-g1000	sb0004	669	0	p01-neutral-feedback/configs/s03-parameter-map-wave2-v210-adaptive-g1000/runs/p01-s03-c0079-v210-adaptive-g1000-sb0004.toml	308ace38beeadd40d83ef41c677b31c774bff66864754dd53c6de9f977f322e9	p01-neutral-feedback/s03-parameter-map-wave2-v210-adaptive-g1000/p01-s03-c0079/sb0004	prepared
phase1-stage3-wave2-v210-adaptive-g1000	p01-s03-c0079-v210-adaptive-g1000-sb0005	p01-s03-c0079	c0079	alpha-by-m	v210-adaptive-g1000	sb0005	670	0	p01-neutral-feedback/configs/s03-parameter-map-wave2-v210-adaptive-g1000/runs/p01-s03-c0079-v210-adaptive-g1000-sb0005.toml	b62ab481f4ff60f6be4d79e382ab10ebea49659937ff72b920951d1c6f7a0c79	p01-neutral-feedback/s03-parameter-map-wave2-v210-adaptive-g1000/p01-s03-c0079/sb0005	prepared
phase1-stage3-wave2-v210-adaptive-g1000	p01-s03-c0079-v210-adaptive-g1000-sb0006	p01-s03-c0079	c0079	alpha-by-m	v210-adaptive-g1000	sb0006	671	0	p01-neutral-feedback/configs/s03-parameter-map-wave2-v210-adaptive-g1000/runs/p01-s03-c0079-v210-adaptive-g1000-sb0006.toml	4b5c6b4396bcddadbf521e335a6cde4d65750c04177b180cdca581ccedf61620	p01-neutral-feedback/s03-parameter-map-wave2-v210-adaptive-g1000/p01-s03-c0079/sb0006	prepared
phase1-stage3-wave2-v210-adaptive-g1000	p01-s03-c0079-v210-adaptive-g1000-sb0007	p01-s03-c0079	c0079	alpha-by-m	v210-adaptive-g1000	sb0007	672	0	p01-neutral-feedback/configs/s03-parameter-map-wave2-v210-adaptive-g1000/runs/p01-s03-c0079-v210-adaptive-g1000-sb0007.toml	89718e5bebf9650c8dec4e82e746ab4e2cffb0e2072170c6f8458199e35e71a2	p01-neutral-feedback/s03-parameter-map-wave2-v210-adaptive-g1000/p01-s03-c0079/sb0007	prepared
phase1-stage3-wave2-v210-adaptive-g1000	p01-s03-c0079-v210-adaptive-g1000-sb0008	p01-s03-c0079	c0079	alpha-by-m	v210-adaptive-g1000	sb0008	673	0	p01-neutral-feedback/configs/s03-parameter-map-wave2-v210-adaptive-g1000/runs/p01-s03-c0079-v210-adaptive-g1000-sb0008.toml	e316493c1fc1b8823b8518122cca98a230664a0cc6ad75eaef36ba41db4c4e4f	p01-neutral-feedback/s03-parameter-map-wave2-v210-adaptive-g1000/p01-s03-c0079/sb0008	prepared
phase1-stage3-wave2-v210-adaptive-g1000	p01-s03-c0079-v210-adaptive-g1000-sb0009	p01-s03-c0079	c0079	alpha-by-m	v210-adaptive-g1000	sb0009	674	0	p01-neutral-feedback/configs/s03-parameter-map-wave2-v210-adaptive-g1000/runs/p01-s03-c0079-v210-adaptive-g1000-sb0009.toml	09fe76507cf8013dd8d88a1ca783deb6d17d8ee142353df51fe53adf2fed76f6	p01-neutral-feedback/s03-parameter-map-wave2-v210-adaptive-g1000/p01-s03-c0079/sb0009	prepared
phase1-stage3-wave2-v210-adaptive-g1000	p01-s03-c0079-v210-adaptive-g1000-sb0010	p01-s03-c0079	c0079	alpha-by-m	v210-adaptive-g1000	sb0010	675	0	p01-neutral-feedback/configs/s03-parameter-map-wave2-v210-adaptive-g1000/runs/p01-s03-c0079-v210-adaptive-g1000-sb0010.toml	b636a8406a6b64cff02ccf25eab171cb6465faa2112cdae4445cbcbf3b40576d	p01-neutral-feedback/s03-parameter-map-wave2-v210-adaptive-g1000/p01-s03-c0079/sb0010	prepared
phase1-stage3-wave2-v210-adaptive-g1000	p01-s03-c0079-v210-adaptive-g1000-sb0011	p01-s03-c0079	c0079	alpha-by-m	v210-adaptive-g1000	sb0011	676	0	p01-neutral-feedback/configs/s03-parameter-map-wave2-v210-adaptive-g1000/runs/p01-s03-c0079-v210-adaptive-g1000-sb0011.toml	ce61a7f319cdc43f51cdc11b63731cb18addc75f30ffcf1bd82b3f9d2d4f7a7c	p01-neutral-feedback/s03-parameter-map-wave2-v210-adaptive-g1000/p01-s03-c0079/sb0011	prepared
phase1-stage3-wave2-v210-adaptive-g1000	p01-s03-c0079-v210-adaptive-g1000-sb0012	p01-s03-c0079	c0079	alpha-by-m	v210-adaptive-g1000	sb0012	677	0	p01-neutral-feedback/configs/s03-parameter-map-wave2-v210-adaptive-g1000/runs/p01-s03-c0079-v210-adaptive-g1000-sb0012.toml	df2f537a6e41237e814acfe7f6da3b2d314a3e203696b42af613bca173887b89	p01-neutral-feedback/s03-parameter-map-wave2-v210-adaptive-g1000/p01-s03-c0079/sb0012	prepared
phase1-stage3-wave2-v210-adaptive-g1000	p01-s03-c0081-v210-adaptive-g1000-sb0001	p01-s03-c0081	c0081	alpha-by-m	v210-adaptive-g1000	sb0001	666	0	p01-neutral-feedback/configs/s03-parameter-map-wave2-v210-adaptive-g1000/runs/p01-s03-c0081-v210-adaptive-g1000-sb0001.toml	49e21977f2e6a14ef6dae0a61972056a678b12c5935d7db3c7d9fed378c900ff	p01-neutral-feedback/s03-parameter-map-wave2-v210-adaptive-g1000/p01-s03-c0081/sb0001	prepared
phase1-stage3-wave2-v210-adaptive-g1000	p01-s03-c0081-v210-adaptive-g1000-sb0002	p01-s03-c0081	c0081	alpha-by-m	v210-adaptive-g1000	sb0002	667	0	p01-neutral-feedback/configs/s03-parameter-map-wave2-v210-adaptive-g1000/runs/p01-s03-c0081-v210-adaptive-g1000-sb0002.toml	9a312151e7035a6c710bca73f71e9f88bfaa059caf563d1c45626d1cfafd6dee	p01-neutral-feedback/s03-parameter-map-wave2-v210-adaptive-g1000/p01-s03-c0081/sb0002	prepared
phase1-stage3-wave2-v210-adaptive-g1000	p01-s03-c0081-v210-adaptive-g1000-sb0003	p01-s03-c0081	c0081	alpha-by-m	v210-adaptive-g1000	sb0003	668	0	p01-neutral-feedback/configs/s03-parameter-map-wave2-v210-adaptive-g1000/runs/p01-s03-c0081-v210-adaptive-g1000-sb0003.toml	b46bda1e25841d336db9deb3c706ac751d3ef655755eabae68e05610c0b7d132	p01-neutral-feedback/s03-parameter-map-wave2-v210-adaptive-g1000/p01-s03-c0081/sb0003	prepared
phase1-stage3-wave2-v210-adaptive-g1000	p01-s03-c0081-v210-adaptive-g1000-sb0004	p01-s03-c0081	c0081	alpha-by-m	v210-adaptive-g1000	sb0004	669	0	p01-neutral-feedback/configs/s03-parameter-map-wave2-v210-adaptive-g1000/runs/p01-s03-c0081-v210-adaptive-g1000-sb0004.toml	7ff8b277ccc4b2fa742e728d19f8507d2a0a708d0ca070336b37890f1bba093d	p01-neutral-feedback/s03-parameter-map-wave2-v210-adaptive-g1000/p01-s03-c0081/sb0004	prepared
phase1-stage3-wave2-v210-adaptive-g1000	p01-s03-c0081-v210-adaptive-g1000-sb0005	p01-s03-c0081	c0081	alpha-by-m	v210-adaptive-g1000	sb0005	670	0	p01-neutral-feedback/configs/s03-parameter-map-wave2-v210-adaptive-g1000/runs/p01-s03-c0081-v210-adaptive-g1000-sb0005.toml	8d89ee11b1a6c7a3d447caed6ddba8f437dcbdbfa9568881c6984615afd00d78	p01-neutral-feedback/s03-parameter-map-wave2-v210-adaptive-g1000/p01-s03-c0081/sb0005	prepared
phase1-stage3-wave2-v210-adaptive-g1000	p01-s03-c0081-v210-adaptive-g1000-sb0006	p01-s03-c0081	c0081	alpha-by-m	v210-adaptive-g1000	sb0006	671	0	p01-neutral-feedback/configs/s03-parameter-map-wave2-v210-adaptive-g1000/runs/p01-s03-c0081-v210-adaptive-g1000-sb0006.toml	15bfe0a9c4f7b21db465927abb3d2fbec9f0bb5e3eef76739c231493e5697c8f	p01-neutral-feedback/s03-parameter-map-wave2-v210-adaptive-g1000/p01-s03-c0081/sb0006	prepared
phase1-stage3-wave2-v210-adaptive-g1000	p01-s03-c0081-v210-adaptive-g1000-sb0007	p01-s03-c0081	c0081	alpha-by-m	v210-adaptive-g1000	sb0007	672	0	p01-neutral-feedback/configs/s03-parameter-map-wave2-v210-adaptive-g1000/runs/p01-s03-c0081-v210-adaptive-g1000-sb0007.toml	2dc7c697e510af6db96ede35dbd06e667d702a388069dd5eff51db43cb896d6b	p01-neutral-feedback/s03-parameter-map-wave2-v210-adaptive-g1000/p01-s03-c0081/sb0007	prepared
phase1-stage3-wave2-v210-adaptive-g1000	p01-s03-c0081-v210-adaptive-g1000-sb0008	p01-s03-c0081	c0081	alpha-by-m	v210-adaptive-g1000	sb0008	673	0	p01-neutral-feedback/configs/s03-parameter-map-wave2-v210-adaptive-g1000/runs/p01-s03-c0081-v210-adaptive-g1000-sb0008.toml	4d0882151e5d19aaa96a7e41cac6e8299f3b5e671cf2ec88ed600271ded11f7b	p01-neutral-feedback/s03-parameter-map-wave2-v210-adaptive-g1000/p01-s03-c0081/sb0008	prepared
phase1-stage3-wave2-v210-adaptive-g1000	p01-s03-c0081-v210-adaptive-g1000-sb0009	p01-s03-c0081	c0081	alpha-by-m	v210-adaptive-g1000	sb0009	674	0	p01-neutral-feedback/configs/s03-parameter-map-wave2-v210-adaptive-g1000/runs/p01-s03-c0081-v210-adaptive-g1000-sb0009.toml	ada716fc2446ba5d05464660fee519535ee2a5230bfe561de54ab161d5eaac63	p01-neutral-feedback/s03-parameter-map-wave2-v210-adaptive-g1000/p01-s03-c0081/sb0009	prepared
phase1-stage3-wave2-v210-adaptive-g1000	p01-s03-c0081-v210-adaptive-g1000-sb0010	p01-s03-c0081	c0081	alpha-by-m	v210-adaptive-g1000	sb0010	675	0	p01-neutral-feedback/configs/s03-parameter-map-wave2-v210-adaptive-g1000/runs/p01-s03-c0081-v210-adaptive-g1000-sb0010.toml	40c5d5d9d27af4626c685e575c6103313c7bfd2b8f7b90f84f9854137b7dc679	p01-neutral-feedback/s03-parameter-map-wave2-v210-adaptive-g1000/p01-s03-c0081/sb0010	prepared
phase1-stage3-wave2-v210-adaptive-g1000	p01-s03-c0081-v210-adaptive-g1000-sb0011	p01-s03-c0081	c0081	alpha-by-m	v210-adaptive-g1000	sb0011	676	0	p01-neutral-feedback/configs/s03-parameter-map-wave2-v210-adaptive-g1000/runs/p01-s03-c0081-v210-adaptive-g1000-sb0011.toml	f760bb234b865b42c006c67e18322e8164e909c02701b051b56a6a763bcd85ff	p01-neutral-feedback/s03-parameter-map-wave2-v210-adaptive-g1000/p01-s03-c0081/sb0011	prepared
phase1-stage3-wave2-v210-adaptive-g1000	p01-s03-c0081-v210-adaptive-g1000-sb0012	p01-s03-c0081	c0081	alpha-by-m	v210-adaptive-g1000	sb0012	677	0	p01-neutral-feedback/configs/s03-parameter-map-wave2-v210-adaptive-g1000/runs/p01-s03-c0081-v210-adaptive-g1000-sb0012.toml	0cec3a5ad1f2f09beddf0d58ab0411704ed56b8cbd57ced49cd11fd6650465fd	p01-neutral-feedback/s03-parameter-map-wave2-v210-adaptive-g1000/p01-s03-c0081/sb0012	prepared
phase1-stage3-wave2-v210-adaptive-g1000	p01-s03-c0082-v210-adaptive-g1000-sb0001	p01-s03-c0082	c0082	alpha-by-m	v210-adaptive-g1000	sb0001	666	0	p01-neutral-feedback/configs/s03-parameter-map-wave2-v210-adaptive-g1000/runs/p01-s03-c0082-v210-adaptive-g1000-sb0001.toml	4814213e20504eab740bce2489598bcd92579c0124307a16e75939e1f6dc6dc4	p01-neutral-feedback/s03-parameter-map-wave2-v210-adaptive-g1000/p01-s03-c0082/sb0001	prepared
phase1-stage3-wave2-v210-adaptive-g1000	p01-s03-c0082-v210-adaptive-g1000-sb0002	p01-s03-c0082	c0082	alpha-by-m	v210-adaptive-g1000	sb0002	667	0	p01-neutral-feedback/configs/s03-parameter-map-wave2-v210-adaptive-g1000/runs/p01-s03-c0082-v210-adaptive-g1000-sb0002.toml	3e5c66585c429897113755cd64b612c68cd1e6bfebf3d77587cd342eba765cd0	p01-neutral-feedback/s03-parameter-map-wave2-v210-adaptive-g1000/p01-s03-c0082/sb0002	prepared
phase1-stage3-wave2-v210-adaptive-g1000	p01-s03-c0082-v210-adaptive-g1000-sb0003	p01-s03-c0082	c0082	alpha-by-m	v210-adaptive-g1000	sb0003	668	0	p01-neutral-feedback/configs/s03-parameter-map-wave2-v210-adaptive-g1000/runs/p01-s03-c0082-v210-adaptive-g1000-sb0003.toml	0409665f5b089f01d91d01d8adb3f4ce6ee6212aa4819b7fe4c61785bf160cac	p01-neutral-feedback/s03-parameter-map-wave2-v210-adaptive-g1000/p01-s03-c0082/sb0003	prepared
phase1-stage3-wave2-v210-adaptive-g1000	p01-s03-c0082-v210-adaptive-g1000-sb0004	p01-s03-c0082	c0082	alpha-by-m	v210-adaptive-g1000	sb0004	669	0	p01-neutral-feedback/configs/s03-parameter-map-wave2-v210-adaptive-g1000/runs/p01-s03-c0082-v210-adaptive-g1000-sb0004.toml	2b92aedded8a30c8f688fed6cb6ece3f0c6c88651245c34774bba1e914339ed6	p01-neutral-feedback/s03-parameter-map-wave2-v210-adaptive-g1000/p01-s03-c0082/sb0004	prepared
phase1-stage3-wave2-v210-adaptive-g1000	p01-s03-c0082-v210-adaptive-g1000-sb0005	p01-s03-c0082	c0082	alpha-by-m	v210-adaptive-g1000	sb0005	670	0	p01-neutral-feedback/configs/s03-parameter-map-wave2-v210-adaptive-g1000/runs/p01-s03-c0082-v210-adaptive-g1000-sb0005.toml	5243088a7dc8862bf84b1f7ff7380b255ff2bbf011d8dda311f03b312795b8f2	p01-neutral-feedback/s03-parameter-map-wave2-v210-adaptive-g1000/p01-s03-c0082/sb0005	prepared
phase1-stage3-wave2-v210-adaptive-g1000	p01-s03-c0082-v210-adaptive-g1000-sb0006	p01-s03-c0082	c0082	alpha-by-m	v210-adaptive-g1000	sb0006	671	0	p01-neutral-feedback/configs/s03-parameter-map-wave2-v210-adaptive-g1000/runs/p01-s03-c0082-v210-adaptive-g1000-sb0006.toml	933f4123300ee9adcd27d74473f5fa72839a6d10549e500b7e53ed82302a8eb4	p01-neutral-feedback/s03-parameter-map-wave2-v210-adaptive-g1000/p01-s03-c0082/sb0006	prepared
phase1-stage3-wave2-v210-adaptive-g1000	p01-s03-c0082-v210-adaptive-g1000-sb0007	p01-s03-c0082	c0082	alpha-by-m	v210-adaptive-g1000	sb0007	672	0	p01-neutral-feedback/configs/s03-parameter-map-wave2-v210-adaptive-g1000/runs/p01-s03-c0082-v210-adaptive-g1000-sb0007.toml	b0adce323a691affd9cf85a64fa19989ac301acb6a34c23bb513b7e878ac8b43	p01-neutral-feedback/s03-parameter-map-wave2-v210-adaptive-g1000/p01-s03-c0082/sb0007	prepared
phase1-stage3-wave2-v210-adaptive-g1000	p01-s03-c0082-v210-adaptive-g1000-sb0008	p01-s03-c0082	c0082	alpha-by-m	v210-adaptive-g1000	sb0008	673	0	p01-neutral-feedback/configs/s03-parameter-map-wave2-v210-adaptive-g1000/runs/p01-s03-c0082-v210-adaptive-g1000-sb0008.toml	e7d4a386fa311708c401be67c4099d3fba436299bb154a57120e8d6a4f691c79	p01-neutral-feedback/s03-parameter-map-wave2-v210-adaptive-g1000/p01-s03-c0082/sb0008	prepared
phase1-stage3-wave2-v210-adaptive-g1000	p01-s03-c0082-v210-adaptive-g1000-sb0009	p01-s03-c0082	c0082	alpha-by-m	v210-adaptive-g1000	sb0009	674	0	p01-neutral-feedback/configs/s03-parameter-map-wave2-v210-adaptive-g1000/runs/p01-s03-c0082-v210-adaptive-g1000-sb0009.toml	1c82923cecffbe80860856ade54a969429f8eefd781ab8fe001140e49ded6f10	p01-neutral-feedback/s03-parameter-map-wave2-v210-adaptive-g1000/p01-s03-c0082/sb0009	prepared
phase1-stage3-wave2-v210-adaptive-g1000	p01-s03-c0082-v210-adaptive-g1000-sb0010	p01-s03-c0082	c0082	alpha-by-m	v210-adaptive-g1000	sb0010	675	0	p01-neutral-feedback/configs/s03-parameter-map-wave2-v210-adaptive-g1000/runs/p01-s03-c0082-v210-adaptive-g1000-sb0010.toml	fa79f93d449253b0de6decb5be9a0b40914a9c97273b309d6a9e034191e4f707	p01-neutral-feedback/s03-parameter-map-wave2-v210-adaptive-g1000/p01-s03-c0082/sb0010	prepared
phase1-stage3-wave2-v210-adaptive-g1000	p01-s03-c0082-v210-adaptive-g1000-sb0011	p01-s03-c0082	c0082	alpha-by-m	v210-adaptive-g1000	sb0011	676	0	p01-neutral-feedback/configs/s03-parameter-map-wave2-v210-adaptive-g1000/runs/p01-s03-c0082-v210-adaptive-g1000-sb0011.toml	8200450fd5ea7ba874e2234992e0de0b612d8a36dbe160e6c2513857cd802255	p01-neutral-feedback/s03-parameter-map-wave2-v210-adaptive-g1000/p01-s03-c0082/sb0011	prepared
phase1-stage3-wave2-v210-adaptive-g1000	p01-s03-c0082-v210-adaptive-g1000-sb0012	p01-s03-c0082	c0082	alpha-by-m	v210-adaptive-g1000	sb0012	677	0	p01-neutral-feedback/configs/s03-parameter-map-wave2-v210-adaptive-g1000/runs/p01-s03-c0082-v210-adaptive-g1000-sb0012.toml	842d38ece8d6e84c5e239a7d04be58c537ac34b010e2ac9cccd608df11ac9629	p01-neutral-feedback/s03-parameter-map-wave2-v210-adaptive-g1000/p01-s03-c0082/sb0012	prepared
phase1-stage3-wave2-v210-adaptive-g1000	p01-s03-c0083-v210-adaptive-g1000-sb0001	p01-s03-c0083	c0083	alpha-by-m	v210-adaptive-g1000	sb0001	666	0	p01-neutral-feedback/configs/s03-parameter-map-wave2-v210-adaptive-g1000/runs/p01-s03-c0083-v210-adaptive-g1000-sb0001.toml	02d9c89dde005495a5426f2be0afd81d35e74d73009a1f874b1775286528b3c4	p01-neutral-feedback/s03-parameter-map-wave2-v210-adaptive-g1000/p01-s03-c0083/sb0001	prepared
phase1-stage3-wave2-v210-adaptive-g1000	p01-s03-c0083-v210-adaptive-g1000-sb0002	p01-s03-c0083	c0083	alpha-by-m	v210-adaptive-g1000	sb0002	667	0	p01-neutral-feedback/configs/s03-parameter-map-wave2-v210-adaptive-g1000/runs/p01-s03-c0083-v210-adaptive-g1000-sb0002.toml	79a49003dc2f86b07240e7f5e806298667a34920e1f90202dfdfac2a06916f98	p01-neutral-feedback/s03-parameter-map-wave2-v210-adaptive-g1000/p01-s03-c0083/sb0002	prepared
phase1-stage3-wave2-v210-adaptive-g1000	p01-s03-c0083-v210-adaptive-g1000-sb0003	p01-s03-c0083	c0083	alpha-by-m	v210-adaptive-g1000	sb0003	668	0	p01-neutral-feedback/configs/s03-parameter-map-wave2-v210-adaptive-g1000/runs/p01-s03-c0083-v210-adaptive-g1000-sb0003.toml	7a50466d67adbc08cc2f5659561b125c6f83787a3cc5ff8bae2c99a742dfefa8	p01-neutral-feedback/s03-parameter-map-wave2-v210-adaptive-g1000/p01-s03-c0083/sb0003	prepared
phase1-stage3-wave2-v210-adaptive-g1000	p01-s03-c0083-v210-adaptive-g1000-sb0004	p01-s03-c0083	c0083	alpha-by-m	v210-adaptive-g1000	sb0004	669	0	p01-neutral-feedback/configs/s03-parameter-map-wave2-v210-adaptive-g1000/runs/p01-s03-c0083-v210-adaptive-g1000-sb0004.toml	af95be312b8a3deda95be17e597f0d18c0223458c094641059db4d10c5edeabd	p01-neutral-feedback/s03-parameter-map-wave2-v210-adaptive-g1000/p01-s03-c0083/sb0004	prepared
phase1-stage3-wave2-v210-adaptive-g1000	p01-s03-c0083-v210-adaptive-g1000-sb0005	p01-s03-c0083	c0083	alpha-by-m	v210-adaptive-g1000	sb0005	670	0	p01-neutral-feedback/configs/s03-parameter-map-wave2-v210-adaptive-g1000/runs/p01-s03-c0083-v210-adaptive-g1000-sb0005.toml	9ac7013ffa82eb81fb32a94facd6998294d756914979c91a0cb76a8a3d3edb8b	p01-neutral-feedback/s03-parameter-map-wave2-v210-adaptive-g1000/p01-s03-c0083/sb0005	prepared
phase1-stage3-wave2-v210-adaptive-g1000	p01-s03-c0083-v210-adaptive-g1000-sb0006	p01-s03-c0083	c0083	alpha-by-m	v210-adaptive-g1000	sb0006	671	0	p01-neutral-feedback/configs/s03-parameter-map-wave2-v210-adaptive-g1000/runs/p01-s03-c0083-v210-adaptive-g1000-sb0006.toml	896b1f946ab4f4bb402de1b2ded349eb6f138e3dde2a365f6a4d52b2d1dab130	p01-neutral-feedback/s03-parameter-map-wave2-v210-adaptive-g1000/p01-s03-c0083/sb0006	prepared
phase1-stage3-wave2-v210-adaptive-g1000	p01-s03-c0083-v210-adaptive-g1000-sb0007	p01-s03-c0083	c0083	alpha-by-m	v210-adaptive-g1000	sb0007	672	0	p01-neutral-feedback/configs/s03-parameter-map-wave2-v210-adaptive-g1000/runs/p01-s03-c0083-v210-adaptive-g1000-sb0007.toml	7a1a8c199c040dd6abf428776b851fdff7c724de4ad3a45cc49ddedfb0034e9e	p01-neutral-feedback/s03-parameter-map-wave2-v210-adaptive-g1000/p01-s03-c0083/sb0007	prepared
phase1-stage3-wave2-v210-adaptive-g1000	p01-s03-c0083-v210-adaptive-g1000-sb0008	p01-s03-c0083	c0083	alpha-by-m	v210-adaptive-g1000	sb0008	673	0	p01-neutral-feedback/configs/s03-parameter-map-wave2-v210-adaptive-g1000/runs/p01-s03-c0083-v210-adaptive-g1000-sb0008.toml	63ed300d0c9f8317742d3b749d2c562c8f26b052b607b0b3bc3bde5da56a3f97	p01-neutral-feedback/s03-parameter-map-wave2-v210-adaptive-g1000/p01-s03-c0083/sb0008	prepared
phase1-stage3-wave2-v210-adaptive-g1000	p01-s03-c0083-v210-adaptive-g1000-sb0009	p01-s03-c0083	c0083	alpha-by-m	v210-adaptive-g1000	sb0009	674	0	p01-neutral-feedback/configs/s03-parameter-map-wave2-v210-adaptive-g1000/runs/p01-s03-c0083-v210-adaptive-g1000-sb0009.toml	b06812e8a523b2fb86c6f7f201b521ae69d7580a8fe8c078dd7f09fb497b130a	p01-neutral-feedback/s03-parameter-map-wave2-v210-adaptive-g1000/p01-s03-c0083/sb0009	prepared
phase1-stage3-wave2-v210-adaptive-g1000	p01-s03-c0083-v210-adaptive-g1000-sb0010	p01-s03-c0083	c0083	alpha-by-m	v210-adaptive-g1000	sb0010	675	0	p01-neutral-feedback/configs/s03-parameter-map-wave2-v210-adaptive-g1000/runs/p01-s03-c0083-v210-adaptive-g1000-sb0010.toml	b11e1c5d3448f3a862980f80cf24e276a1b8b8fafb92f4ddacb398bf86cd425d	p01-neutral-feedback/s03-parameter-map-wave2-v210-adaptive-g1000/p01-s03-c0083/sb0010	prepared
phase1-stage3-wave2-v210-adaptive-g1000	p01-s03-c0083-v210-adaptive-g1000-sb0011	p01-s03-c0083	c0083	alpha-by-m	v210-adaptive-g1000	sb0011	676	0	p01-neutral-feedback/configs/s03-parameter-map-wave2-v210-adaptive-g1000/runs/p01-s03-c0083-v210-adaptive-g1000-sb0011.toml	9c75d89b0960a8d2bd7a4c401ce5879fc6b8f48a391638369e64cec0c84648d6	p01-neutral-feedback/s03-parameter-map-wave2-v210-adaptive-g1000/p01-s03-c0083/sb0011	prepared
phase1-stage3-wave2-v210-adaptive-g1000	p01-s03-c0083-v210-adaptive-g1000-sb0012	p01-s03-c0083	c0083	alpha-by-m	v210-adaptive-g1000	sb0012	677	0	p01-neutral-feedback/configs/s03-parameter-map-wave2-v210-adaptive-g1000/runs/p01-s03-c0083-v210-adaptive-g1000-sb0012.toml	caa3d5c07ded46eb8d5e9e27c6d8f70491ea865436d64351a778c7be77e2b13d	p01-neutral-feedback/s03-parameter-map-wave2-v210-adaptive-g1000/p01-s03-c0083/sb0012	prepared
phase1-stage3-wave2-v210-adaptive-g1000	p01-s03-c0084-v210-adaptive-g1000-sb0001	p01-s03-c0084	c0084	alpha-by-m	v210-adaptive-g1000	sb0001	666	0	p01-neutral-feedback/configs/s03-parameter-map-wave2-v210-adaptive-g1000/runs/p01-s03-c0084-v210-adaptive-g1000-sb0001.toml	7d944662bd06222f8fa4216884d1d516a747c93b36f0c7780d14e9431f3b0360	p01-neutral-feedback/s03-parameter-map-wave2-v210-adaptive-g1000/p01-s03-c0084/sb0001	prepared
phase1-stage3-wave2-v210-adaptive-g1000	p01-s03-c0084-v210-adaptive-g1000-sb0002	p01-s03-c0084	c0084	alpha-by-m	v210-adaptive-g1000	sb0002	667	0	p01-neutral-feedback/configs/s03-parameter-map-wave2-v210-adaptive-g1000/runs/p01-s03-c0084-v210-adaptive-g1000-sb0002.toml	590034d0305294577a98ee020695c5e3453477dd330fba7f82c6c6d584353754	p01-neutral-feedback/s03-parameter-map-wave2-v210-adaptive-g1000/p01-s03-c0084/sb0002	prepared
phase1-stage3-wave2-v210-adaptive-g1000	p01-s03-c0084-v210-adaptive-g1000-sb0003	p01-s03-c0084	c0084	alpha-by-m	v210-adaptive-g1000	sb0003	668	0	p01-neutral-feedback/configs/s03-parameter-map-wave2-v210-adaptive-g1000/runs/p01-s03-c0084-v210-adaptive-g1000-sb0003.toml	7a2ea561211be849d4fd22d194cdc2cf13efcf74da414f5d6fc6db667a01f453	p01-neutral-feedback/s03-parameter-map-wave2-v210-adaptive-g1000/p01-s03-c0084/sb0003	prepared
phase1-stage3-wave2-v210-adaptive-g1000	p01-s03-c0084-v210-adaptive-g1000-sb0004	p01-s03-c0084	c0084	alpha-by-m	v210-adaptive-g1000	sb0004	669	0	p01-neutral-feedback/configs/s03-parameter-map-wave2-v210-adaptive-g1000/runs/p01-s03-c0084-v210-adaptive-g1000-sb0004.toml	7dc869e37b06da1374ad1bb3d8cae8030106a92b799bd57f151447bfd924be76	p01-neutral-feedback/s03-parameter-map-wave2-v210-adaptive-g1000/p01-s03-c0084/sb0004	prepared
phase1-stage3-wave2-v210-adaptive-g1000	p01-s03-c0084-v210-adaptive-g1000-sb0005	p01-s03-c0084	c0084	alpha-by-m	v210-adaptive-g1000	sb0005	670	0	p01-neutral-feedback/configs/s03-parameter-map-wave2-v210-adaptive-g1000/runs/p01-s03-c0084-v210-adaptive-g1000-sb0005.toml	93fc578ba2fea1613191369bcef1fc406a0fb3aa7b9c166669a11ca64069b536	p01-neutral-feedback/s03-parameter-map-wave2-v210-adaptive-g1000/p01-s03-c0084/sb0005	prepared
phase1-stage3-wave2-v210-adaptive-g1000	p01-s03-c0084-v210-adaptive-g1000-sb0006	p01-s03-c0084	c0084	alpha-by-m	v210-adaptive-g1000	sb0006	671	0	p01-neutral-feedback/configs/s03-parameter-map-wave2-v210-adaptive-g1000/runs/p01-s03-c0084-v210-adaptive-g1000-sb0006.toml	953b40cadb08cbfe62b71b8a55583b07d7977a7739ee39128f10d0d0c10673e0	p01-neutral-feedback/s03-parameter-map-wave2-v210-adaptive-g1000/p01-s03-c0084/sb0006	prepared
phase1-stage3-wave2-v210-adaptive-g1000	p01-s03-c0084-v210-adaptive-g1000-sb0007	p01-s03-c0084	c0084	alpha-by-m	v210-adaptive-g1000	sb0007	672	0	p01-neutral-feedback/configs/s03-parameter-map-wave2-v210-adaptive-g1000/runs/p01-s03-c0084-v210-adaptive-g1000-sb0007.toml	45a0920d00d0d02aa6b2e0c05ea7b054913fa472cf26c6522fcc74e440b388d8	p01-neutral-feedback/s03-parameter-map-wave2-v210-adaptive-g1000/p01-s03-c0084/sb0007	prepared
phase1-stage3-wave2-v210-adaptive-g1000	p01-s03-c0084-v210-adaptive-g1000-sb0008	p01-s03-c0084	c0084	alpha-by-m	v210-adaptive-g1000	sb0008	673	0	p01-neutral-feedback/configs/s03-parameter-map-wave2-v210-adaptive-g1000/runs/p01-s03-c0084-v210-adaptive-g1000-sb0008.toml	1a200bf1e9b067ad5bd35ac42a91a24a0990ac953a71cd837576c8fce449c9ec	p01-neutral-feedback/s03-parameter-map-wave2-v210-adaptive-g1000/p01-s03-c0084/sb0008	prepared
phase1-stage3-wave2-v210-adaptive-g1000	p01-s03-c0084-v210-adaptive-g1000-sb0009	p01-s03-c0084	c0084	alpha-by-m	v210-adaptive-g1000	sb0009	674	0	p01-neutral-feedback/configs/s03-parameter-map-wave2-v210-adaptive-g1000/runs/p01-s03-c0084-v210-adaptive-g1000-sb0009.toml	949c42d2cdc93aabb7898969341a3429c826562a888e9cdd71a0a7f969262d78	p01-neutral-feedback/s03-parameter-map-wave2-v210-adaptive-g1000/p01-s03-c0084/sb0009	prepared
phase1-stage3-wave2-v210-adaptive-g1000	p01-s03-c0084-v210-adaptive-g1000-sb0010	p01-s03-c0084	c0084	alpha-by-m	v210-adaptive-g1000	sb0010	675	0	p01-neutral-feedback/configs/s03-parameter-map-wave2-v210-adaptive-g1000/runs/p01-s03-c0084-v210-adaptive-g1000-sb0010.toml	93b84cceb044fdc1fafc6f676bb2381a9d7e3cfe9d18a6e6954c0dd3bdcbff54	p01-neutral-feedback/s03-parameter-map-wave2-v210-adaptive-g1000/p01-s03-c0084/sb0010	prepared
phase1-stage3-wave2-v210-adaptive-g1000	p01-s03-c0084-v210-adaptive-g1000-sb0011	p01-s03-c0084	c0084	alpha-by-m	v210-adaptive-g1000	sb0011	676	0	p01-neutral-feedback/configs/s03-parameter-map-wave2-v210-adaptive-g1000/runs/p01-s03-c0084-v210-adaptive-g1000-sb0011.toml	9ab4ecb95d9de1ca4ae95d4dc4a1517263ab71d3f89dbb8fc08e104c2141ccba	p01-neutral-feedback/s03-parameter-map-wave2-v210-adaptive-g1000/p01-s03-c0084/sb0011	prepared
phase1-stage3-wave2-v210-adaptive-g1000	p01-s03-c0084-v210-adaptive-g1000-sb0012	p01-s03-c0084	c0084	alpha-by-m	v210-adaptive-g1000	sb0012	677	0	p01-neutral-feedback/configs/s03-parameter-map-wave2-v210-adaptive-g1000/runs/p01-s03-c0084-v210-adaptive-g1000-sb0012.toml	4f01544245f8e4090a2113d496749e85a14947357f1cc100c22adb95741a3ea8	p01-neutral-feedback/s03-parameter-map-wave2-v210-adaptive-g1000/p01-s03-c0084/sb0012	prepared
phase1-stage3-wave2-v210-adaptive-g1000	p01-s03-c0085-v210-adaptive-g1000-sb0001	p01-s03-c0085	c0085	alpha-by-m	v210-adaptive-g1000	sb0001	666	0	p01-neutral-feedback/configs/s03-parameter-map-wave2-v210-adaptive-g1000/runs/p01-s03-c0085-v210-adaptive-g1000-sb0001.toml	359806b2dc149cbc7212987283252ea0d968dfcfc33d21e983cac077bd299ba7	p01-neutral-feedback/s03-parameter-map-wave2-v210-adaptive-g1000/p01-s03-c0085/sb0001	prepared
phase1-stage3-wave2-v210-adaptive-g1000	p01-s03-c0085-v210-adaptive-g1000-sb0002	p01-s03-c0085	c0085	alpha-by-m	v210-adaptive-g1000	sb0002	667	0	p01-neutral-feedback/configs/s03-parameter-map-wave2-v210-adaptive-g1000/runs/p01-s03-c0085-v210-adaptive-g1000-sb0002.toml	397c0070a6daacaf619d630ff23e6631e9f0f1ffaf08538841337a6f379f8b17	p01-neutral-feedback/s03-parameter-map-wave2-v210-adaptive-g1000/p01-s03-c0085/sb0002	prepared
phase1-stage3-wave2-v210-adaptive-g1000	p01-s03-c0085-v210-adaptive-g1000-sb0003	p01-s03-c0085	c0085	alpha-by-m	v210-adaptive-g1000	sb0003	668	0	p01-neutral-feedback/configs/s03-parameter-map-wave2-v210-adaptive-g1000/runs/p01-s03-c0085-v210-adaptive-g1000-sb0003.toml	d7d5211e5ed04322a8841d0aa6b106ca691ea8c32c88d4363cad09b23b217ca7	p01-neutral-feedback/s03-parameter-map-wave2-v210-adaptive-g1000/p01-s03-c0085/sb0003	prepared
phase1-stage3-wave2-v210-adaptive-g1000	p01-s03-c0085-v210-adaptive-g1000-sb0004	p01-s03-c0085	c0085	alpha-by-m	v210-adaptive-g1000	sb0004	669	0	p01-neutral-feedback/configs/s03-parameter-map-wave2-v210-adaptive-g1000/runs/p01-s03-c0085-v210-adaptive-g1000-sb0004.toml	87bfd0ced8ad88cf73d331cf9f633ad8042b6cc84c4bc5ff57a3b7bcce39ad16	p01-neutral-feedback/s03-parameter-map-wave2-v210-adaptive-g1000/p01-s03-c0085/sb0004	prepared
phase1-stage3-wave2-v210-adaptive-g1000	p01-s03-c0085-v210-adaptive-g1000-sb0005	p01-s03-c0085	c0085	alpha-by-m	v210-adaptive-g1000	sb0005	670	0	p01-neutral-feedback/configs/s03-parameter-map-wave2-v210-adaptive-g1000/runs/p01-s03-c0085-v210-adaptive-g1000-sb0005.toml	9a9529286db7135a5dfe405a3afa1d5a17d0eab2cc1683d13f157dc97f76ebc7	p01-neutral-feedback/s03-parameter-map-wave2-v210-adaptive-g1000/p01-s03-c0085/sb0005	prepared
phase1-stage3-wave2-v210-adaptive-g1000	p01-s03-c0085-v210-adaptive-g1000-sb0006	p01-s03-c0085	c0085	alpha-by-m	v210-adaptive-g1000	sb0006	671	0	p01-neutral-feedback/configs/s03-parameter-map-wave2-v210-adaptive-g1000/runs/p01-s03-c0085-v210-adaptive-g1000-sb0006.toml	7e8773e653facc53d169e660b4d8be1042e8ad53ccefa9a70fd31d657d635487	p01-neutral-feedback/s03-parameter-map-wave2-v210-adaptive-g1000/p01-s03-c0085/sb0006	prepared
phase1-stage3-wave2-v210-adaptive-g1000	p01-s03-c0085-v210-adaptive-g1000-sb0007	p01-s03-c0085	c0085	alpha-by-m	v210-adaptive-g1000	sb0007	672	0	p01-neutral-feedback/configs/s03-parameter-map-wave2-v210-adaptive-g1000/runs/p01-s03-c0085-v210-adaptive-g1000-sb0007.toml	09d57270ec173895517728695e1797e3f068ea6fcaaf0ebd7c023fdc0bf90ea0	p01-neutral-feedback/s03-parameter-map-wave2-v210-adaptive-g1000/p01-s03-c0085/sb0007	prepared
phase1-stage3-wave2-v210-adaptive-g1000	p01-s03-c0085-v210-adaptive-g1000-sb0008	p01-s03-c0085	c0085	alpha-by-m	v210-adaptive-g1000	sb0008	673	0	p01-neutral-feedback/configs/s03-parameter-map-wave2-v210-adaptive-g1000/runs/p01-s03-c0085-v210-adaptive-g1000-sb0008.toml	f974e53c3c0a9b422b6f6f5913234b52bac52cfbbe51621f5e97c56d1adbb68a	p01-neutral-feedback/s03-parameter-map-wave2-v210-adaptive-g1000/p01-s03-c0085/sb0008	prepared
phase1-stage3-wave2-v210-adaptive-g1000	p01-s03-c0085-v210-adaptive-g1000-sb0009	p01-s03-c0085	c0085	alpha-by-m	v210-adaptive-g1000	sb0009	674	0	p01-neutral-feedback/configs/s03-parameter-map-wave2-v210-adaptive-g1000/runs/p01-s03-c0085-v210-adaptive-g1000-sb0009.toml	a85e03cf13b3f11483c3303917eb7f8c01bcfdc8584cecc7f0bc9ec4cfa293df	p01-neutral-feedback/s03-parameter-map-wave2-v210-adaptive-g1000/p01-s03-c0085/sb0009	prepared
phase1-stage3-wave2-v210-adaptive-g1000	p01-s03-c0085-v210-adaptive-g1000-sb0010	p01-s03-c0085	c0085	alpha-by-m	v210-adaptive-g1000	sb0010	675	0	p01-neutral-feedback/configs/s03-parameter-map-wave2-v210-adaptive-g1000/runs/p01-s03-c0085-v210-adaptive-g1000-sb0010.toml	9d85792f058c280cc7d22ee19e1507b8a698adf5c240b7ee48b2ddfa38d4d1dd	p01-neutral-feedback/s03-parameter-map-wave2-v210-adaptive-g1000/p01-s03-c0085/sb0010	prepared
phase1-stage3-wave2-v210-adaptive-g1000	p01-s03-c0085-v210-adaptive-g1000-sb0011	p01-s03-c0085	c0085	alpha-by-m	v210-adaptive-g1000	sb0011	676	0	p01-neutral-feedback/configs/s03-parameter-map-wave2-v210-adaptive-g1000/runs/p01-s03-c0085-v210-adaptive-g1000-sb0011.toml	beab9bd43e5ee5211dee0097cf10ac37ae8197f200c7123b94fc0c7938eb86c5	p01-neutral-feedback/s03-parameter-map-wave2-v210-adaptive-g1000/p01-s03-c0085/sb0011	prepared
phase1-stage3-wave2-v210-adaptive-g1000	p01-s03-c0085-v210-adaptive-g1000-sb0012	p01-s03-c0085	c0085	alpha-by-m	v210-adaptive-g1000	sb0012	677	0	p01-neutral-feedback/configs/s03-parameter-map-wave2-v210-adaptive-g1000/runs/p01-s03-c0085-v210-adaptive-g1000-sb0012.toml	1c2b8c252689e1ee612766c553b341f7514dbbe223324f921b1887d7cc0245ac	p01-neutral-feedback/s03-parameter-map-wave2-v210-adaptive-g1000/p01-s03-c0085/sb0012	prepared
phase1-stage3-wave2-v210-adaptive-g1000	p01-s03-c0086-v210-adaptive-g1000-sb0001	p01-s03-c0086	c0086	alpha-by-m	v210-adaptive-g1000	sb0001	666	0	p01-neutral-feedback/configs/s03-parameter-map-wave2-v210-adaptive-g1000/runs/p01-s03-c0086-v210-adaptive-g1000-sb0001.toml	0fbac754c52b3ab3107790ad8b38aa96e2565c798143415cd86de67d0d6c16b7	p01-neutral-feedback/s03-parameter-map-wave2-v210-adaptive-g1000/p01-s03-c0086/sb0001	prepared
phase1-stage3-wave2-v210-adaptive-g1000	p01-s03-c0086-v210-adaptive-g1000-sb0002	p01-s03-c0086	c0086	alpha-by-m	v210-adaptive-g1000	sb0002	667	0	p01-neutral-feedback/configs/s03-parameter-map-wave2-v210-adaptive-g1000/runs/p01-s03-c0086-v210-adaptive-g1000-sb0002.toml	e4cfba3423b48029ebbeb0cd83a8c9c06f910f3bc3b5ff2f31bd46ba6668c114	p01-neutral-feedback/s03-parameter-map-wave2-v210-adaptive-g1000/p01-s03-c0086/sb0002	prepared
phase1-stage3-wave2-v210-adaptive-g1000	p01-s03-c0086-v210-adaptive-g1000-sb0003	p01-s03-c0086	c0086	alpha-by-m	v210-adaptive-g1000	sb0003	668	0	p01-neutral-feedback/configs/s03-parameter-map-wave2-v210-adaptive-g1000/runs/p01-s03-c0086-v210-adaptive-g1000-sb0003.toml	9e9c21e121802e61525ec55be36de32ae193cd01fb9032fc5b9db2fd45176546	p01-neutral-feedback/s03-parameter-map-wave2-v210-adaptive-g1000/p01-s03-c0086/sb0003	prepared
phase1-stage3-wave2-v210-adaptive-g1000	p01-s03-c0086-v210-adaptive-g1000-sb0004	p01-s03-c0086	c0086	alpha-by-m	v210-adaptive-g1000	sb0004	669	0	p01-neutral-feedback/configs/s03-parameter-map-wave2-v210-adaptive-g1000/runs/p01-s03-c0086-v210-adaptive-g1000-sb0004.toml	dfb25d28193adcd1c1fb36d8200c66bdfda5c46e3912d5513ffd870a01bf6d85	p01-neutral-feedback/s03-parameter-map-wave2-v210-adaptive-g1000/p01-s03-c0086/sb0004	prepared
phase1-stage3-wave2-v210-adaptive-g1000	p01-s03-c0086-v210-adaptive-g1000-sb0005	p01-s03-c0086	c0086	alpha-by-m	v210-adaptive-g1000	sb0005	670	0	p01-neutral-feedback/configs/s03-parameter-map-wave2-v210-adaptive-g1000/runs/p01-s03-c0086-v210-adaptive-g1000-sb0005.toml	e570cc02e948ae26ea7afe4eae7a001599ae2648059922db6741f179650ce2b7	p01-neutral-feedback/s03-parameter-map-wave2-v210-adaptive-g1000/p01-s03-c0086/sb0005	prepared
phase1-stage3-wave2-v210-adaptive-g1000	p01-s03-c0086-v210-adaptive-g1000-sb0006	p01-s03-c0086	c0086	alpha-by-m	v210-adaptive-g1000	sb0006	671	0	p01-neutral-feedback/configs/s03-parameter-map-wave2-v210-adaptive-g1000/runs/p01-s03-c0086-v210-adaptive-g1000-sb0006.toml	9c0759e9e7c5618ea5974041e929295fc6be00ef1ea0bee30cee3ba4ea4011d2	p01-neutral-feedback/s03-parameter-map-wave2-v210-adaptive-g1000/p01-s03-c0086/sb0006	prepared
phase1-stage3-wave2-v210-adaptive-g1000	p01-s03-c0086-v210-adaptive-g1000-sb0007	p01-s03-c0086	c0086	alpha-by-m	v210-adaptive-g1000	sb0007	672	0	p01-neutral-feedback/configs/s03-parameter-map-wave2-v210-adaptive-g1000/runs/p01-s03-c0086-v210-adaptive-g1000-sb0007.toml	12262543f7deeeebbde65051177c0c4a6e3bd0133fd6b781afb07f47295e3408	p01-neutral-feedback/s03-parameter-map-wave2-v210-adaptive-g1000/p01-s03-c0086/sb0007	prepared
phase1-stage3-wave2-v210-adaptive-g1000	p01-s03-c0086-v210-adaptive-g1000-sb0008	p01-s03-c0086	c0086	alpha-by-m	v210-adaptive-g1000	sb0008	673	0	p01-neutral-feedback/configs/s03-parameter-map-wave2-v210-adaptive-g1000/runs/p01-s03-c0086-v210-adaptive-g1000-sb0008.toml	e8e8308abe255ef3fbd463bffd5721490a0d6d565d980423c7012489839b5c6b	p01-neutral-feedback/s03-parameter-map-wave2-v210-adaptive-g1000/p01-s03-c0086/sb0008	prepared
phase1-stage3-wave2-v210-adaptive-g1000	p01-s03-c0086-v210-adaptive-g1000-sb0009	p01-s03-c0086	c0086	alpha-by-m	v210-adaptive-g1000	sb0009	674	0	p01-neutral-feedback/configs/s03-parameter-map-wave2-v210-adaptive-g1000/runs/p01-s03-c0086-v210-adaptive-g1000-sb0009.toml	f47005eaa4c0a6966d18f9487b0bc04df9e43bcf0645410222e983a26c1a1f4f	p01-neutral-feedback/s03-parameter-map-wave2-v210-adaptive-g1000/p01-s03-c0086/sb0009	prepared
phase1-stage3-wave2-v210-adaptive-g1000	p01-s03-c0086-v210-adaptive-g1000-sb0010	p01-s03-c0086	c0086	alpha-by-m	v210-adaptive-g1000	sb0010	675	0	p01-neutral-feedback/configs/s03-parameter-map-wave2-v210-adaptive-g1000/runs/p01-s03-c0086-v210-adaptive-g1000-sb0010.toml	147a82cc7c994a96544b466caa369da8847fa19dbe8981c120aa75e95e0b835c	p01-neutral-feedback/s03-parameter-map-wave2-v210-adaptive-g1000/p01-s03-c0086/sb0010	prepared
phase1-stage3-wave2-v210-adaptive-g1000	p01-s03-c0086-v210-adaptive-g1000-sb0011	p01-s03-c0086	c0086	alpha-by-m	v210-adaptive-g1000	sb0011	676	0	p01-neutral-feedback/configs/s03-parameter-map-wave2-v210-adaptive-g1000/runs/p01-s03-c0086-v210-adaptive-g1000-sb0011.toml	0b11dae2dfaf960f375fe0aab921ac84880d29065fb33a9538e6bf6d820b6ac3	p01-neutral-feedback/s03-parameter-map-wave2-v210-adaptive-g1000/p01-s03-c0086/sb0011	prepared
phase1-stage3-wave2-v210-adaptive-g1000	p01-s03-c0086-v210-adaptive-g1000-sb0012	p01-s03-c0086	c0086	alpha-by-m	v210-adaptive-g1000	sb0012	677	0	p01-neutral-feedback/configs/s03-parameter-map-wave2-v210-adaptive-g1000/runs/p01-s03-c0086-v210-adaptive-g1000-sb0012.toml	e74a1e8af7294639b9f230c34c461b7775b2a4198da492558aab8d64abb37e0c	p01-neutral-feedback/s03-parameter-map-wave2-v210-adaptive-g1000/p01-s03-c0086/sb0012	prepared
phase1-stage3-wave2-v210-adaptive-g1000	p01-s03-c0088-v210-adaptive-g1000-sb0001	p01-s03-c0088	c0088	alpha-by-m	v210-adaptive-g1000	sb0001	666	0	p01-neutral-feedback/configs/s03-parameter-map-wave2-v210-adaptive-g1000/runs/p01-s03-c0088-v210-adaptive-g1000-sb0001.toml	9d11c0df4b916a2c2f7ec17e45bd19e231b04493edf68d90c23be00e65cc12f0	p01-neutral-feedback/s03-parameter-map-wave2-v210-adaptive-g1000/p01-s03-c0088/sb0001	prepared
phase1-stage3-wave2-v210-adaptive-g1000	p01-s03-c0088-v210-adaptive-g1000-sb0002	p01-s03-c0088	c0088	alpha-by-m	v210-adaptive-g1000	sb0002	667	0	p01-neutral-feedback/configs/s03-parameter-map-wave2-v210-adaptive-g1000/runs/p01-s03-c0088-v210-adaptive-g1000-sb0002.toml	925c3e58821d4fed372ebcbca82f04c1b66a27a31d0ad4a0a1b411af7cee2e30	p01-neutral-feedback/s03-parameter-map-wave2-v210-adaptive-g1000/p01-s03-c0088/sb0002	prepared
phase1-stage3-wave2-v210-adaptive-g1000	p01-s03-c0088-v210-adaptive-g1000-sb0003	p01-s03-c0088	c0088	alpha-by-m	v210-adaptive-g1000	sb0003	668	0	p01-neutral-feedback/configs/s03-parameter-map-wave2-v210-adaptive-g1000/runs/p01-s03-c0088-v210-adaptive-g1000-sb0003.toml	0f57f11318a8bc14e2078672913f48db42259196e61a462bec3c7fc4eed1cd34	p01-neutral-feedback/s03-parameter-map-wave2-v210-adaptive-g1000/p01-s03-c0088/sb0003	prepared
phase1-stage3-wave2-v210-adaptive-g1000	p01-s03-c0088-v210-adaptive-g1000-sb0004	p01-s03-c0088	c0088	alpha-by-m	v210-adaptive-g1000	sb0004	669	0	p01-neutral-feedback/configs/s03-parameter-map-wave2-v210-adaptive-g1000/runs/p01-s03-c0088-v210-adaptive-g1000-sb0004.toml	3af6057e8c243f864727631ce9f2205f46807daeb2d6bbf00a4d63f085c01b61	p01-neutral-feedback/s03-parameter-map-wave2-v210-adaptive-g1000/p01-s03-c0088/sb0004	prepared
phase1-stage3-wave2-v210-adaptive-g1000	p01-s03-c0088-v210-adaptive-g1000-sb0005	p01-s03-c0088	c0088	alpha-by-m	v210-adaptive-g1000	sb0005	670	0	p01-neutral-feedback/configs/s03-parameter-map-wave2-v210-adaptive-g1000/runs/p01-s03-c0088-v210-adaptive-g1000-sb0005.toml	02bad997253e415b3abcc370381eb094c8eae84ab2dd314341aeb44ee321aed1	p01-neutral-feedback/s03-parameter-map-wave2-v210-adaptive-g1000/p01-s03-c0088/sb0005	prepared
phase1-stage3-wave2-v210-adaptive-g1000	p01-s03-c0088-v210-adaptive-g1000-sb0006	p01-s03-c0088	c0088	alpha-by-m	v210-adaptive-g1000	sb0006	671	0	p01-neutral-feedback/configs/s03-parameter-map-wave2-v210-adaptive-g1000/runs/p01-s03-c0088-v210-adaptive-g1000-sb0006.toml	064e16fa7f44d68daa01ef413d91f3cab34433e577d32a2148d0a5081b7812ce	p01-neutral-feedback/s03-parameter-map-wave2-v210-adaptive-g1000/p01-s03-c0088/sb0006	prepared
phase1-stage3-wave2-v210-adaptive-g1000	p01-s03-c0088-v210-adaptive-g1000-sb0007	p01-s03-c0088	c0088	alpha-by-m	v210-adaptive-g1000	sb0007	672	0	p01-neutral-feedback/configs/s03-parameter-map-wave2-v210-adaptive-g1000/runs/p01-s03-c0088-v210-adaptive-g1000-sb0007.toml	bd0b5e630f3ccf9e4183e44bda1e17cafdf79e17e58f00af873176ae52e3c81a	p01-neutral-feedback/s03-parameter-map-wave2-v210-adaptive-g1000/p01-s03-c0088/sb0007	prepared
phase1-stage3-wave2-v210-adaptive-g1000	p01-s03-c0088-v210-adaptive-g1000-sb0008	p01-s03-c0088	c0088	alpha-by-m	v210-adaptive-g1000	sb0008	673	0	p01-neutral-feedback/configs/s03-parameter-map-wave2-v210-adaptive-g1000/runs/p01-s03-c0088-v210-adaptive-g1000-sb0008.toml	0fbf7f7236e4da8d010584ff6ac68295828be7c74911866edb387f88a802a50f	p01-neutral-feedback/s03-parameter-map-wave2-v210-adaptive-g1000/p01-s03-c0088/sb0008	prepared
phase1-stage3-wave2-v210-adaptive-g1000	p01-s03-c0088-v210-adaptive-g1000-sb0009	p01-s03-c0088	c0088	alpha-by-m	v210-adaptive-g1000	sb0009	674	0	p01-neutral-feedback/configs/s03-parameter-map-wave2-v210-adaptive-g1000/runs/p01-s03-c0088-v210-adaptive-g1000-sb0009.toml	df2fbf862984e92b7ef57f22981723278c894b9aa8085bc2f88310f76497fa61	p01-neutral-feedback/s03-parameter-map-wave2-v210-adaptive-g1000/p01-s03-c0088/sb0009	prepared
phase1-stage3-wave2-v210-adaptive-g1000	p01-s03-c0088-v210-adaptive-g1000-sb0010	p01-s03-c0088	c0088	alpha-by-m	v210-adaptive-g1000	sb0010	675	0	p01-neutral-feedback/configs/s03-parameter-map-wave2-v210-adaptive-g1000/runs/p01-s03-c0088-v210-adaptive-g1000-sb0010.toml	3507d099aec74f9306d5abaca44131a3a42ab13b9646f9066bde7ca0ceacb0b2	p01-neutral-feedback/s03-parameter-map-wave2-v210-adaptive-g1000/p01-s03-c0088/sb0010	prepared
phase1-stage3-wave2-v210-adaptive-g1000	p01-s03-c0088-v210-adaptive-g1000-sb0011	p01-s03-c0088	c0088	alpha-by-m	v210-adaptive-g1000	sb0011	676	0	p01-neutral-feedback/configs/s03-parameter-map-wave2-v210-adaptive-g1000/runs/p01-s03-c0088-v210-adaptive-g1000-sb0011.toml	e10e9d2e15c9ad777eb026c46ecd07e8b81bdcbde083487e12fad1d719ddf84d	p01-neutral-feedback/s03-parameter-map-wave2-v210-adaptive-g1000/p01-s03-c0088/sb0011	prepared
phase1-stage3-wave2-v210-adaptive-g1000	p01-s03-c0088-v210-adaptive-g1000-sb0012	p01-s03-c0088	c0088	alpha-by-m	v210-adaptive-g1000	sb0012	677	0	p01-neutral-feedback/configs/s03-parameter-map-wave2-v210-adaptive-g1000/runs/p01-s03-c0088-v210-adaptive-g1000-sb0012.toml	a67c2b38c24f1001dd9526c849357ad520fb54ec0f1688007ba191907763d72e	p01-neutral-feedback/s03-parameter-map-wave2-v210-adaptive-g1000/p01-s03-c0088/sb0012	prepared
phase1-stage3-wave2-v210-adaptive-g1000	p01-s03-c0089-v210-adaptive-g1000-sb0001	p01-s03-c0089	c0089	alpha-by-m	v210-adaptive-g1000	sb0001	666	0	p01-neutral-feedback/configs/s03-parameter-map-wave2-v210-adaptive-g1000/runs/p01-s03-c0089-v210-adaptive-g1000-sb0001.toml	c323237cba3e7ef123aee950c54dcdc84c424250d9eb75e8d5da829b97b3b71c	p01-neutral-feedback/s03-parameter-map-wave2-v210-adaptive-g1000/p01-s03-c0089/sb0001	prepared
phase1-stage3-wave2-v210-adaptive-g1000	p01-s03-c0089-v210-adaptive-g1000-sb0002	p01-s03-c0089	c0089	alpha-by-m	v210-adaptive-g1000	sb0002	667	0	p01-neutral-feedback/configs/s03-parameter-map-wave2-v210-adaptive-g1000/runs/p01-s03-c0089-v210-adaptive-g1000-sb0002.toml	b9c2fda3fc7c84c260240f0a58da08699b98cc8c6d93a080f13e70441633b76b	p01-neutral-feedback/s03-parameter-map-wave2-v210-adaptive-g1000/p01-s03-c0089/sb0002	prepared
phase1-stage3-wave2-v210-adaptive-g1000	p01-s03-c0089-v210-adaptive-g1000-sb0003	p01-s03-c0089	c0089	alpha-by-m	v210-adaptive-g1000	sb0003	668	0	p01-neutral-feedback/configs/s03-parameter-map-wave2-v210-adaptive-g1000/runs/p01-s03-c0089-v210-adaptive-g1000-sb0003.toml	9f5581fe8a23c740e666544b8b31a8d52348e98a462a792249cd9b5a3a48c3e9	p01-neutral-feedback/s03-parameter-map-wave2-v210-adaptive-g1000/p01-s03-c0089/sb0003	prepared
phase1-stage3-wave2-v210-adaptive-g1000	p01-s03-c0089-v210-adaptive-g1000-sb0004	p01-s03-c0089	c0089	alpha-by-m	v210-adaptive-g1000	sb0004	669	0	p01-neutral-feedback/configs/s03-parameter-map-wave2-v210-adaptive-g1000/runs/p01-s03-c0089-v210-adaptive-g1000-sb0004.toml	91abb12f21daf26bfd2be83ee9e889343ce6e6ec550435e946eebe725983d7a3	p01-neutral-feedback/s03-parameter-map-wave2-v210-adaptive-g1000/p01-s03-c0089/sb0004	prepared
phase1-stage3-wave2-v210-adaptive-g1000	p01-s03-c0089-v210-adaptive-g1000-sb0005	p01-s03-c0089	c0089	alpha-by-m	v210-adaptive-g1000	sb0005	670	0	p01-neutral-feedback/configs/s03-parameter-map-wave2-v210-adaptive-g1000/runs/p01-s03-c0089-v210-adaptive-g1000-sb0005.toml	164839f8fc30b3672101568b78b861fd24bc543fd552bf7b525fcac359546a05	p01-neutral-feedback/s03-parameter-map-wave2-v210-adaptive-g1000/p01-s03-c0089/sb0005	prepared
phase1-stage3-wave2-v210-adaptive-g1000	p01-s03-c0089-v210-adaptive-g1000-sb0006	p01-s03-c0089	c0089	alpha-by-m	v210-adaptive-g1000	sb0006	671	0	p01-neutral-feedback/configs/s03-parameter-map-wave2-v210-adaptive-g1000/runs/p01-s03-c0089-v210-adaptive-g1000-sb0006.toml	14b4da50a094024afd6078a7fbd1fbb3d07ab6a77bbc4f0d23758c0bf849e3e8	p01-neutral-feedback/s03-parameter-map-wave2-v210-adaptive-g1000/p01-s03-c0089/sb0006	prepared
phase1-stage3-wave2-v210-adaptive-g1000	p01-s03-c0089-v210-adaptive-g1000-sb0007	p01-s03-c0089	c0089	alpha-by-m	v210-adaptive-g1000	sb0007	672	0	p01-neutral-feedback/configs/s03-parameter-map-wave2-v210-adaptive-g1000/runs/p01-s03-c0089-v210-adaptive-g1000-sb0007.toml	f27ca6dafc07b93524d7d2bd205d17a9abe2fca80e04ed259607b46b22fe3425	p01-neutral-feedback/s03-parameter-map-wave2-v210-adaptive-g1000/p01-s03-c0089/sb0007	prepared
phase1-stage3-wave2-v210-adaptive-g1000	p01-s03-c0089-v210-adaptive-g1000-sb0008	p01-s03-c0089	c0089	alpha-by-m	v210-adaptive-g1000	sb0008	673	0	p01-neutral-feedback/configs/s03-parameter-map-wave2-v210-adaptive-g1000/runs/p01-s03-c0089-v210-adaptive-g1000-sb0008.toml	bf4bcbcd4012bfe4ed3c05ae9249e9b2928402f1f4ffab0f8a3f51087279cd8b	p01-neutral-feedback/s03-parameter-map-wave2-v210-adaptive-g1000/p01-s03-c0089/sb0008	prepared
phase1-stage3-wave2-v210-adaptive-g1000	p01-s03-c0089-v210-adaptive-g1000-sb0009	p01-s03-c0089	c0089	alpha-by-m	v210-adaptive-g1000	sb0009	674	0	p01-neutral-feedback/configs/s03-parameter-map-wave2-v210-adaptive-g1000/runs/p01-s03-c0089-v210-adaptive-g1000-sb0009.toml	5d9dd798964fae0dcef673a16cbe2aee133c0987870863c4dd751fb13b780cfd	p01-neutral-feedback/s03-parameter-map-wave2-v210-adaptive-g1000/p01-s03-c0089/sb0009	prepared
phase1-stage3-wave2-v210-adaptive-g1000	p01-s03-c0089-v210-adaptive-g1000-sb0010	p01-s03-c0089	c0089	alpha-by-m	v210-adaptive-g1000	sb0010	675	0	p01-neutral-feedback/configs/s03-parameter-map-wave2-v210-adaptive-g1000/runs/p01-s03-c0089-v210-adaptive-g1000-sb0010.toml	1490a1616d3c4ac7ffc9118abb81e526e459597c7afb7404e8e1288a341ab6aa	p01-neutral-feedback/s03-parameter-map-wave2-v210-adaptive-g1000/p01-s03-c0089/sb0010	prepared
phase1-stage3-wave2-v210-adaptive-g1000	p01-s03-c0089-v210-adaptive-g1000-sb0011	p01-s03-c0089	c0089	alpha-by-m	v210-adaptive-g1000	sb0011	676	0	p01-neutral-feedback/configs/s03-parameter-map-wave2-v210-adaptive-g1000/runs/p01-s03-c0089-v210-adaptive-g1000-sb0011.toml	12b78043c83a747e4dd43ee2acde13f64338c0e3b23ee34ee2cb7f36bcf4239d	p01-neutral-feedback/s03-parameter-map-wave2-v210-adaptive-g1000/p01-s03-c0089/sb0011	prepared
phase1-stage3-wave2-v210-adaptive-g1000	p01-s03-c0089-v210-adaptive-g1000-sb0012	p01-s03-c0089	c0089	alpha-by-m	v210-adaptive-g1000	sb0012	677	0	p01-neutral-feedback/configs/s03-parameter-map-wave2-v210-adaptive-g1000/runs/p01-s03-c0089-v210-adaptive-g1000-sb0012.toml	2e9f5e61fbdece2e4c0399882158371a0e83ea906812b7e0f9bbe58573c18ed3	p01-neutral-feedback/s03-parameter-map-wave2-v210-adaptive-g1000/p01-s03-c0089/sb0012	prepared
phase1-stage3-wave2-v210-adaptive-g1000	p01-s03-c0090-v210-adaptive-g1000-sb0001	p01-s03-c0090	c0090	alpha-by-m	v210-adaptive-g1000	sb0001	666	0	p01-neutral-feedback/configs/s03-parameter-map-wave2-v210-adaptive-g1000/runs/p01-s03-c0090-v210-adaptive-g1000-sb0001.toml	cb374f46fa8d2611414ba417432581423eefe1bcf1b6bfc6eb877dc77e3577d5	p01-neutral-feedback/s03-parameter-map-wave2-v210-adaptive-g1000/p01-s03-c0090/sb0001	prepared
phase1-stage3-wave2-v210-adaptive-g1000	p01-s03-c0090-v210-adaptive-g1000-sb0002	p01-s03-c0090	c0090	alpha-by-m	v210-adaptive-g1000	sb0002	667	0	p01-neutral-feedback/configs/s03-parameter-map-wave2-v210-adaptive-g1000/runs/p01-s03-c0090-v210-adaptive-g1000-sb0002.toml	949c9ff648bf1c02bac49ec756674da6e3393535e6e0de7cb51078c836e05d57	p01-neutral-feedback/s03-parameter-map-wave2-v210-adaptive-g1000/p01-s03-c0090/sb0002	prepared
phase1-stage3-wave2-v210-adaptive-g1000	p01-s03-c0090-v210-adaptive-g1000-sb0003	p01-s03-c0090	c0090	alpha-by-m	v210-adaptive-g1000	sb0003	668	0	p01-neutral-feedback/configs/s03-parameter-map-wave2-v210-adaptive-g1000/runs/p01-s03-c0090-v210-adaptive-g1000-sb0003.toml	88a9a409f9be0b8208f2633cbccfcd839ef978f23525e09dde9968c95ff4dfeb	p01-neutral-feedback/s03-parameter-map-wave2-v210-adaptive-g1000/p01-s03-c0090/sb0003	prepared
phase1-stage3-wave2-v210-adaptive-g1000	p01-s03-c0090-v210-adaptive-g1000-sb0004	p01-s03-c0090	c0090	alpha-by-m	v210-adaptive-g1000	sb0004	669	0	p01-neutral-feedback/configs/s03-parameter-map-wave2-v210-adaptive-g1000/runs/p01-s03-c0090-v210-adaptive-g1000-sb0004.toml	a2f402fc17e587d513a0845326d0efc8e26e673642ed0a0863b35526a11602f4	p01-neutral-feedback/s03-parameter-map-wave2-v210-adaptive-g1000/p01-s03-c0090/sb0004	prepared
phase1-stage3-wave2-v210-adaptive-g1000	p01-s03-c0090-v210-adaptive-g1000-sb0005	p01-s03-c0090	c0090	alpha-by-m	v210-adaptive-g1000	sb0005	670	0	p01-neutral-feedback/configs/s03-parameter-map-wave2-v210-adaptive-g1000/runs/p01-s03-c0090-v210-adaptive-g1000-sb0005.toml	3ede6298f354b48e125eae81f08e719c3bd99cd56e9f7bc9b60768ef21ce6ab8	p01-neutral-feedback/s03-parameter-map-wave2-v210-adaptive-g1000/p01-s03-c0090/sb0005	prepared
phase1-stage3-wave2-v210-adaptive-g1000	p01-s03-c0090-v210-adaptive-g1000-sb0006	p01-s03-c0090	c0090	alpha-by-m	v210-adaptive-g1000	sb0006	671	0	p01-neutral-feedback/configs/s03-parameter-map-wave2-v210-adaptive-g1000/runs/p01-s03-c0090-v210-adaptive-g1000-sb0006.toml	75b5e265fd14223897cea76b5e508ef2b2d318b4f8baf4f793d3d88505f61ada	p01-neutral-feedback/s03-parameter-map-wave2-v210-adaptive-g1000/p01-s03-c0090/sb0006	prepared
phase1-stage3-wave2-v210-adaptive-g1000	p01-s03-c0090-v210-adaptive-g1000-sb0007	p01-s03-c0090	c0090	alpha-by-m	v210-adaptive-g1000	sb0007	672	0	p01-neutral-feedback/configs/s03-parameter-map-wave2-v210-adaptive-g1000/runs/p01-s03-c0090-v210-adaptive-g1000-sb0007.toml	0e3e9f262fa3d9d7269d416cc67cf007684fc94e355fb6ad1ca39a3f013267e9	p01-neutral-feedback/s03-parameter-map-wave2-v210-adaptive-g1000/p01-s03-c0090/sb0007	prepared
phase1-stage3-wave2-v210-adaptive-g1000	p01-s03-c0090-v210-adaptive-g1000-sb0008	p01-s03-c0090	c0090	alpha-by-m	v210-adaptive-g1000	sb0008	673	0	p01-neutral-feedback/configs/s03-parameter-map-wave2-v210-adaptive-g1000/runs/p01-s03-c0090-v210-adaptive-g1000-sb0008.toml	e8914ac885de61f356a84f83feb0dcc231667a1a12d408d8995e360f17d946eb	p01-neutral-feedback/s03-parameter-map-wave2-v210-adaptive-g1000/p01-s03-c0090/sb0008	prepared
phase1-stage3-wave2-v210-adaptive-g1000	p01-s03-c0090-v210-adaptive-g1000-sb0009	p01-s03-c0090	c0090	alpha-by-m	v210-adaptive-g1000	sb0009	674	0	p01-neutral-feedback/configs/s03-parameter-map-wave2-v210-adaptive-g1000/runs/p01-s03-c0090-v210-adaptive-g1000-sb0009.toml	029d51651d719e753af490dda3e4f2c0de0b8ab29b19fc01ed9b36c9ebabe5b1	p01-neutral-feedback/s03-parameter-map-wave2-v210-adaptive-g1000/p01-s03-c0090/sb0009	prepared
phase1-stage3-wave2-v210-adaptive-g1000	p01-s03-c0090-v210-adaptive-g1000-sb0010	p01-s03-c0090	c0090	alpha-by-m	v210-adaptive-g1000	sb0010	675	0	p01-neutral-feedback/configs/s03-parameter-map-wave2-v210-adaptive-g1000/runs/p01-s03-c0090-v210-adaptive-g1000-sb0010.toml	9f2a28b571cf97fba3682946e20a7cb0e9e74f7ea2fadad9e40d9603925510b7	p01-neutral-feedback/s03-parameter-map-wave2-v210-adaptive-g1000/p01-s03-c0090/sb0010	prepared
phase1-stage3-wave2-v210-adaptive-g1000	p01-s03-c0090-v210-adaptive-g1000-sb0011	p01-s03-c0090	c0090	alpha-by-m	v210-adaptive-g1000	sb0011	676	0	p01-neutral-feedback/configs/s03-parameter-map-wave2-v210-adaptive-g1000/runs/p01-s03-c0090-v210-adaptive-g1000-sb0011.toml	ff2edd4207e4dea935bcc9695260cd5810e5c101cf529bc9d368d3b76df0b137	p01-neutral-feedback/s03-parameter-map-wave2-v210-adaptive-g1000/p01-s03-c0090/sb0011	prepared
phase1-stage3-wave2-v210-adaptive-g1000	p01-s03-c0090-v210-adaptive-g1000-sb0012	p01-s03-c0090	c0090	alpha-by-m	v210-adaptive-g1000	sb0012	677	0	p01-neutral-feedback/configs/s03-parameter-map-wave2-v210-adaptive-g1000/runs/p01-s03-c0090-v210-adaptive-g1000-sb0012.toml	bd93ff17c0cd677a002f90427e27167231a8697e2da223f4c3d77bf0c646fea0	p01-neutral-feedback/s03-parameter-map-wave2-v210-adaptive-g1000/p01-s03-c0090/sb0012	prepared
