cell_id	seed_block_id	response	window	start_generation	end_generation	mean	median	sd	cv	q05	q95	lag1_autocorrelation	integrated_autocorrelation_time
p01-s02-c0021	sb0001	D0	1	51	100	100.0	100.0	0.0	0.0	100.0	100.0	0.0	1.0
p01-s02-c0021	sb0001	D0	2	101	150	100.0	100.0	0.0	0.0	100.0	100.0	0.0	1.0
p01-s02-c0021	sb0001	D0	3	151	200	100.0	100.0	0.0	0.0	100.0	100.0	0.0	1.0
p01-s02-c0021	sb0001	D0	4	201	250	100.0	100.0	0.0	0.0	100.0	100.0	0.0	1.0
p01-s02-c0021	sb0001	D1	1	51	100	34.22738605038078	34.22738592540402	0.0009100165293006088	2.6587380291358383e-05	34.22589903729642	34.22874553955439	0.7603657807703053	6.374613789171319
p01-s02-c0021	sb0001	D1	2	101	150	34.22751994365284	34.22750675112347	0.0010496945778677672	3.0668145971307014e-05	34.225952839636484	34.22919582305807	0.8467282799744589	4.756516807427296
p01-s02-c0021	sb0001	D1	3	151	200	34.22777614030476	34.227744847243265	0.0009742365760946421	2.8463332589914724e-05	34.226297725425034	34.22937633853839	0.8268546924228385	9.80806059378832
p01-s02-c0021	sb0001	D1	4	201	250	34.22795885839531	34.228056181658836	0.0006768070327083743	1.977351426383316e-05	34.226824456440816	34.22889196699243	0.714529879717152	7.0789572782789545
p01-s02-c0021	sb0001	D2	1	51	100	22.205618838380992	22.2055773147089	0.0008363240862276823	3.766272366983754e-05	22.204357296219086	22.207003584755203	0.8497494991199022	8.377594514066885
p01-s02-c0021	sb0001	D2	2	101	150	22.20565974306428	22.20571272272892	0.0006711206035043421	3.0222952673764173e-05	22.20450521771163	22.206569577851877	0.8148799183161043	4.371088875373058
p01-s02-c0021	sb0001	D2	3	151	200	22.206336258956267	22.20628250641607	0.0005530287554197718	2.4904097144648256e-05	22.205388637087246	22.207236442665724	0.6714790911781188	3.6842051402436065
p01-s02-c0021	sb0001	D2	4	201	250	22.206086552149277	22.20608550425306	0.0006225940841454868	2.803709166328667e-05	22.205168543857802	22.20706589842059	0.7896826761681494	7.24084998677332
p01-s02-c0021	sb0001	evenness	1	51	100	0.7671868665658377	0.7671868658481354	5.773385691276187e-06	7.525396931153973e-06	0.7671774324469125	0.7671954914141644	0.7603641800439627	6.374628793356785
p01-s02-c0021	sb0001	evenness	2	101	150	0.7671877159922825	0.7671876323959066	6.659489933555716e-06	8.680391766886301e-06	0.7671777737971842	0.7671983479955491	0.8467291149646637	4.756529929936012
p01-s02-c0021	sb0001	evenness	3	151	200	0.7671893413704222	0.7671891429275726	6.180739508146913e-06	8.056341733197601e-06	0.7671799619196644	0.7671994931665314	0.8268541776075002	9.808047506199692
p01-s02-c0021	sb0001	evenness	4	201	250	0.7671905006087479	0.767191118082672	4.2937803366799185e-06	5.596758996980415e-06	0.7671833037160705	0.767196420348613	0.7145286227337976	7.0789277540589675
p01-s02-c0021	sb0001	TV	1	51	100	8.44816599999969e-05	8.62300000000023e-05	8.291328808622501e-06	0.09814353563392109	6.92148499999906e-05	9.5399650000007e-05	0.6915317936873473	3.6030660603915083
p01-s02-c0021	sb0001	TV	2	101	150	8.378220000000472e-05	8.26360000000041e-05	7.582121487087107e-06	0.0904979994209591	7.312425000000102e-05	9.596205000000418e-05	0.717182188828666	4.42233866649779
p01-s02-c0021	sb0001	TV	3	151	200	8.981253999999883e-05	8.966149999998812e-05	6.859559783016059e-06	0.0763764145075526	7.854229999999318e-05	0.00010077090000000482	0.7923839592164943	11.33096750819452
p01-s02-c0021	sb0001	TV	4	201	250	9.187263999999926e-05	9.24509999999974e-05	8.507371146657839e-06	0.09259961558368092	7.697649999999376e-05	0.00010417759999999778	0.656812298431127	7.149089117043084
p01-s02-c0021	sb0002	D0	1	51	100	100.0	100.0	0.0	0.0	100.0	100.0	0.0	1.0
p01-s02-c0021	sb0002	D0	2	101	150	100.0	100.0	0.0	0.0	100.0	100.0	0.0	1.0
p01-s02-c0021	sb0002	D0	3	151	200	100.0	100.0	0.0	0.0	100.0	100.0	0.0	1.0
p01-s02-c0021	sb0002	D0	4	201	250	100.0	100.0	0.0	0.0	100.0	100.0	0.0	1.0
p01-s02-c0021	sb0002	D1	1	51	100	34.2280110523577	34.22780499581974	0.0013706945320763977	4.004598835671993e-05	34.2263696551612	34.2304964043185	0.9182667655682822	11.689427958708
p01-s02-c0021	sb0002	D1	2	101	150	34.22737173324336	34.22734973199171	0.0007027931422509792	2.0533073580066646e-05	34.22615218032378	34.22868191679847	0.697055913423074	3.9687140018458416
p01-s02-c0021	sb0002	D1	3	151	200	34.228708001386956	34.228805160287294	0.0009021027364918997	2.635515008206989e-05	34.22711929424044	34.229879511606235	0.8139373150855498	6.510438530105928
p01-s02-c0021	sb0002	D1	4	201	250	34.228085682770995	34.228070264696754	0.000760226383223073	2.2210601851033097e-05	34.22688477776753	34.22922836579486	0.7232450690541117	5.1674609590433755
p01-s02-c0021	sb0002	D2	1	51	100	22.205937078677724	22.205945010518338	0.001149219298906241	5.1752794526727195e-05	22.204212903407633	22.20784779473209	0.9312831215899612	12.624309120253752
p01-s02-c0021	sb0002	D2	2	101	150	22.205380802382784	22.205328712861025	0.00046154286444871477	2.0785181238557645e-05	22.204664650204073	22.20618432978203	0.6061670143598467	3.829136879824889
p01-s02-c0021	sb0002	D2	3	151	200	22.206744499762195	22.20674856008775	0.0005994259512000726	2.6992968339257996e-05	22.205810203426225	22.207663077911604	0.7672584973132137	5.608054747853204
p01-s02-c0021	sb0002	D2	4	201	250	22.206156932390698	22.206220630413284	0.0005850807006168454	2.6347679267429912e-05	22.20508564603467	22.20690492350373	0.7775019978431634	4.567733411538423
p01-s02-c0021	sb0002	evenness	1	51	100	0.7671908316056941	0.7671895245211677	8.695773716426933e-06	1.133456417646062e-05	0.7671804182754313	0.7672065986195289	0.918264739216472	11.689495611614001
p01-s02-c0021	sb0002	evenness	2	101	150	0.7671867757646127	0.7671866362278299	4.45869647410252e-06	5.811748344669762e-06	0.7671790385118925	0.7671950877913244	0.6970542413382111	3.9687084419289427
p01-s02-c0021	sb0002	evenness	3	151	200	0.7671952531985384	0.7671958696485199	5.722969981649975e-06	7.459600353091546e-06	0.7671851742643465	0.7672026852168408	0.8139409097818221	6.510457657736108
p01-s02-c0021	sb0002	evenness	4	201	250	0.7671913051889954	0.767191207427135	4.8229886315900865e-06	6.2865527789081986e-06	0.7671836864168343	0.7671985544437325	0.7232473280017399	5.1674738702895
p01-s02-c0021	sb0002	TV	1	51	100	9.747862000000142e-05	9.684700000000705e-05	7.997872813850594e-06	0.08204745629195898	8.619854999999855e-05	0.00011215725000000916	0.6623947469856559	3.8758254779866284
p01-s02-c0021	sb0002	TV	2	101	150	9.289722000000702e-05	9.174400000001025e-05	8.132277872747464e-06	0.08754059457050328	8.080900000000911e-05	0.00010453620000000414	0.6324975918836958	5.475903730617137
p01-s02-c0021	sb0002	TV	3	151	200	9.196547999999639e-05	9.123900000000473e-05	5.793596730099498e-06	0.06299751526442014	8.355514999999862e-05	0.00010227220000000377	0.3538266379254433	2.016823614703662
p01-s02-c0021	sb0002	TV	4	201	250	8.689076000000366e-05	8.606000000000728e-05	1.099027407795783e-05	0.1264838065400437	7.00677000000065e-05	0.00010193695000001029	0.829577618432403	9.741351315077607
p01-s02-c0021	sb0003	D0	1	51	100	100.0	100.0	0.0	0.0	100.0	100.0	0.0	1.0
p01-s02-c0021	sb0003	D0	2	101	150	100.0	100.0	0.0	0.0	100.0	100.0	0.0	1.0
p01-s02-c0021	sb0003	D0	3	151	200	100.0	100.0	0.0	0.0	100.0	100.0	0.0	1.0
p01-s02-c0021	sb0003	D0	4	201	250	100.0	100.0	0.0	0.0	100.0	100.0	0.0	1.0
p01-s02-c0021	sb0003	D1	1	51	100	34.22798345971242	34.22798255738643	0.0010223039549290876	2.986749003581752e-05	34.226416043163695	34.2294711591291	0.8046153284442545	8.024705569311532
p01-s02-c0021	sb0003	D1	2	101	150	34.228876728589825	34.228907228300216	0.000768321982392121	2.2446602279249688e-05	34.2274589114991	34.229980835193714	0.7594448112891617	6.377244966844876
p01-s02-c0021	sb0003	D1	3	151	200	34.22819237617735	34.22827935741433	0.0008362085723598603	2.4430404129137047e-05	34.22675034523969	34.22963094142187	0.7664495751522793	6.8703348343711355
p01-s02-c0021	sb0003	D1	4	201	250	34.22825495150519	34.228205655751594	0.0009034281541178473	2.639422183216264e-05	34.2267628220027	34.229719046171006	0.7513867567981223	3.3824573921543735
p01-s02-c0021	sb0003	D2	1	51	100	22.206011262856038	22.206207906638333	0.0008590992927246031	3.868769057870457e-05	22.204622039941885	22.207237420184025	0.8533100208686697	13.048230307077466
p01-s02-c0021	sb0003	D2	2	101	150	22.206088338205095	22.206013927387474	0.0006142113311080019	2.7659591448677822e-05	22.205043003598202	22.206997594568243	0.7705387273411087	7.668517690018545
p01-s02-c0021	sb0003	D2	3	151	200	22.206011868804147	22.2060313847061	0.0006456666658964289	2.907621006919689e-05	22.205034999031174	22.207149747848376	0.747959447011016	3.921706782289337
p01-s02-c0021	sb0003	D2	4	201	250	22.2059710827668	22.20597945557793	0.0007865716200565706	3.542162678339244e-05	22.204754765701495	22.207263555925927	0.8568783775372935	5.95363968268718
p01-s02-c0021	sb0003	evenness	1	51	100	0.767190656629776	0.7671906510001377	6.485652015799008e-06	8.453768251414975e-06	0.767180712578482	0.7672000946979818	0.8046146994969584	8.02472733527047
p01-s02-c0021	sb0003	evenness	2	101	150	0.7671963236231352	0.7671965171659915	4.8742445297394715e-06	6.3533210205186216e-06	0.7671873288897595	0.767203327991065	0.759444019007347	6.37725546580763
p01-s02-c0021	sb0003	evenness	3	151	200	0.7671919820531896	0.767192533933989	5.305014500800062e-06	6.914846120527188e-06	0.7671828335264159	0.7672011083330726	0.7664534988072509	6.870353841981504
p01-s02-c0021	sb0003	evenness	4	201	250	0.767192379026647	0.7671920663636753	5.731443719520456e-06	7.470673427168369e-06	0.7671829126841303	0.7672016672542897	0.7513847380325531	3.3824242516470946
p01-s02-c0021	sb0003	TV	1	51	100	9.365317999999777e-05	9.409200000000157e-05	7.374825927215734e-06	0.07874613469842572	8.13137499999902e-05	0.00010447479999999728	0.6534726369193476	4.195874805981978
p01-s02-c0021	sb0003	TV	2	101	150	9.074337999999989e-05	9.154249999999732e-05	7.932469147182357e-06	0.08741650517296543	7.421710000000517e-05	0.00010307499999999654	0.709160228279081	4.316664699227906
p01-s02-c0021	sb0003	TV	3	151	200	8.687351999999371e-05	8.755299999999311e-05	8.513788030134337e-06	0.09800210731802916	7.358184999999088e-05	0.00010089269999999728	0.7715953410694986	9.48894233380988
p01-s02-c0021	sb0003	TV	4	201	250	8.823460000000195e-05	8.698099999999737e-05	8.793445541410528e-06	0.09965983346000701	7.5206349999998e-05	0.00010133469999999582	0.7425992763201298	12.873808958237369
p01-s02-c0021	sb0004	D0	1	51	100	100.0	100.0	0.0	0.0	100.0	100.0	0.0	1.0
p01-s02-c0021	sb0004	D0	2	101	150	100.0	100.0	0.0	0.0	100.0	100.0	0.0	1.0
p01-s02-c0021	sb0004	D0	3	151	200	100.0	100.0	0.0	0.0	100.0	100.0	0.0	1.0
p01-s02-c0021	sb0004	D0	4	201	250	100.0	100.0	0.0	0.0	100.0	100.0	0.0	1.0
p01-s02-c0021	sb0004	D1	1	51	100	34.228331120661835	34.22838061739099	0.0012712871573557565	3.714137136497279e-05	34.226123210243514	34.23014292540373	0.8905538396301352	6.810449753424464
p01-s02-c0021	sb0004	D1	2	101	150	34.22880560773748	34.228828826778184	0.000795953175846928	2.325389863054414e-05	34.22751013964524	34.23025035722197	0.7987653651288008	3.581175690204346
p01-s02-c0021	sb0004	D1	3	151	200	34.22770710748679	34.22764781779239	0.0008507754419042565	2.4856337563966187e-05	34.226512135182176	34.22880922796958	0.7756113881130412	6.044751782184292
p01-s02-c0021	sb0004	D1	4	201	250	34.22802397745776	34.227889337151154	0.0009626695277261114	2.812518561866487e-05	34.226656752881404	34.22986421135439	0.8669775039151761	8.259577158586334
p01-s02-c0021	sb0004	D2	1	51	100	22.20650622848325	22.20647354184563	0.0009504160736302202	4.279899160414374e-05	22.20489324856365	22.208016012991827	0.8731876506131017	6.359109102372507
p01-s02-c0021	sb0004	D2	2	101	150	22.206678353185957	22.206522549555398	0.0007088334667012436	3.191983309829623e-05	22.20591429082959	22.20830616621354	0.8463971078610026	5.274625108005792
p01-s02-c0021	sb0004	D2	3	151	200	22.205968413631226	22.205890538066548	0.0007341007466843689	3.305871345082784e-05	22.20485922827348	22.207011771901854	0.8372749674690367	7.8350857608010385
p01-s02-c0021	sb0004	D2	4	201	250	22.206134900918922	22.206101452801104	0.0007939444486609789	3.575338311702881e-05	22.20481730975077	22.207398549122427	0.856791821263786	8.310723826048072
p01-s02-c0021	sb0004	evenness	1	51	100	0.7671928621776865	0.767193176335266	8.065188135065232e-06	1.0512595375525387e-05	0.7671788547142833	0.7672043562519384	0.8905552422044878	6.810450464332294
p01-s02-c0021	sb0004	evenness	2	101	150	0.767195872429619	0.7671960197884944	5.049499610560167e-06	6.581760658551247e-06	0.7671876538933866	0.7672050377661187	0.7987638297925893	3.5811885603195
p01-s02-c0021	sb0004	evenness	3	151	200	0.7671889034336837	0.767188527353601	5.397490854075301e-06	7.0354130904630105e-06	0.7671813222299402	0.767195895453747	0.7756135901951752	6.044729710231419
p01-s02-c0021	sb0004	evenness	4	201	250	0.7671909136907691	0.7671900595967718	6.107268869832764e-06	7.960559439438846e-06	0.7671822397415856	0.7672025881552883	0.8669779484976422	8.259568670723821
p01-s02-c0021	sb0004	TV	1	51	100	8.938153999999862e-05	8.76014999999954e-05	7.192702853245771e-06	0.08047190564456466	7.8117750000006e-05	0.00010001229999999111	0.5439628211296864	3.8195716308880234
p01-s02-c0021	sb0004	TV	2	101	150	8.647471999999757e-05	8.69269999999938e-05	8.967505839484742e-06	0.1037008947757795	7.055804999999519e-05	9.916365000000168e-05	0.7390360966118517	5.338752670857496
p01-s02-c0021	sb0004	TV	3	151	200	8.891557999999742e-05	8.779699999999303e-05	9.059534535708093e-06	0.10188916875657063	7.71829999999967e-05	0.00010190155000000303	0.7014875597358958	7.191816076680013
p01-s02-c0021	sb0004	TV	4	201	250	9.26249199999979e-05	9.262800000000318e-05	7.035988600425882e-06	0.07596215576138735	8.056020000000018e-05	0.00010285194999999825	0.3095229237544944	2.2215122179027875
p01-s02-c0021	sb0005	D0	1	51	100	100.0	100.0	0.0	0.0	100.0	100.0	0.0	1.0
p01-s02-c0021	sb0005	D0	2	101	150	100.0	100.0	0.0	0.0	100.0	100.0	0.0	1.0
p01-s02-c0021	sb0005	D0	3	151	200	100.0	100.0	0.0	0.0	100.0	100.0	0.0	1.0
p01-s02-c0021	sb0005	D0	4	201	250	100.0	100.0	0.0	0.0	100.0	100.0	0.0	1.0
p01-s02-c0021	sb0005	D1	1	51	100	34.22805071970338	34.22806970942164	0.0008075290953531368	2.3592611275648325e-05	34.226893715301344	34.22956588371435	0.75346226757268	7.923831812815693
p01-s02-c0021	sb0005	D1	2	101	150	34.22846366375778	34.22838297915739	0.0007048210497144572	2.059166478046588e-05	34.22735599230545	34.22949882076045	0.605921511582826	3.2483722071076584
p01-s02-c0021	sb0005	D1	3	151	200	34.2281373182665	34.22824675173299	0.0012835459622495104	3.7499731589674374e-05	34.22616205779587	34.2300928828598	0.8973161308650505	14.014633639242607
p01-s02-c0021	sb0005	D1	4	201	250	34.227240190206594	34.22718856725747	0.0006957887981227588	2.0328510106457375e-05	34.22621454696335	34.22847760381615	0.7330461937592163	3.829535532930553
p01-s02-c0021	sb0005	D2	1	51	100	22.206139432532467	22.206225083146727	0.0007225595400983531	3.2538728413088675e-05	22.205025314971227	22.20730747133914	0.83388757064346	8.114915665266148
p01-s02-c0021	sb0005	D2	2	101	150	22.206499796005318	22.206508734224187	0.0004635019472813986	2.0872355010436046e-05	22.2059031690158	22.20729323587521	0.5965704107351019	2.7878134274990667
p01-s02-c0021	sb0005	D2	3	151	200	22.206311428214708	22.20628938489925	0.0006637380915106391	2.9889614655557444e-05	22.2051084994517	22.207207647029247	0.803785310538773	10.688794044687434
p01-s02-c0021	sb0005	D2	4	201	250	22.205754534606253	22.205747433834723	0.0005203370357526543	2.3432531191036187e-05	22.205006642543825	22.206532825630198	0.6992110805348144	5.462339397665721
p01-s02-c0021	sb0005	evenness	1	51	100	0.7671910833720892	0.7671912039040462	5.123053167480423e-06	6.677675586325515e-06	0.7671837431190471	0.7672006956163956	0.7534600655572395	7.923801639399636
p01-s02-c0021	sb0005	evenness	2	101	150	0.7671937031416111	0.7671931913183762	4.47141279324843e-06	5.828270976336575e-06	0.7671866759435034	0.7672002701791226	0.6059153799205442	3.248336099641606
p01-s02-c0021	sb0005	evenness	3	151	200	0.7671916326736298	0.7671923270794743	8.142968907367853e-06	1.0613995982972282e-05	0.7671791011819872	0.7672040387951284	0.8973170733288872	14.01468665605735
p01-s02-c0021	sb0005	evenness	4	201	250	0.7671859412210739	0.7671856137542747	4.414254668597566e-06	5.753826329992074e-06	0.7671794341974901	0.767193791622352	0.7330415744782447	3.829489861555535
p01-s02-c0021	sb0005	TV	1	51	100	8.245952000000275e-05	8.235950000000337e-05	8.139501695224282e-06	0.09870905985414431	6.902334999999563e-05	9.723145000000763e-05	0.736539575018648	5.0292798679145765
p01-s02-c0021	sb0005	TV	2	101	150	8.56076600000003e-05	8.23730000000007e-05	9.683322976211155e-06	0.11311280995428588	7.297514999999719e-05	0.00010311124999999673	0.7426357610993936	3.543301294103006
p01-s02-c0021	sb0005	TV	3	151	200	8.940334000000123e-05	8.784750000000303e-05	9.142253220254867e-06	0.10225851987470201	7.428900000001052e-05	0.00010457844999999574	0.7746229724550605	3.7375882865071164
p01-s02-c0021	sb0005	TV	4	201	250	0.00010295377999999855	0.00010324700000000532	8.046620637591259e-06	0.07815760273776613	9.066514999999338e-05	0.00011615694999999642	0.6106607241939845	4.740543056024263
p01-s02-c0021	sb0006	D0	1	51	100	100.0	100.0	0.0	0.0	100.0	100.0	0.0	1.0
p01-s02-c0021	sb0006	D0	2	101	150	100.0	100.0	0.0	0.0	100.0	100.0	0.0	1.0
p01-s02-c0021	sb0006	D0	3	151	200	100.0	100.0	0.0	0.0	100.0	100.0	0.0	1.0
p01-s02-c0021	sb0006	D0	4	201	250	100.0	100.0	0.0	0.0	100.0	100.0	0.0	1.0
p01-s02-c0021	sb0006	D1	1	51	100	34.22805977530058	34.228337448628814	0.0010140255853111266	2.9625564287545766e-05	34.22582844032952	34.22925597686256	0.7779997974244155	4.28866180128653
p01-s02-c0021	sb0006	D1	2	101	150	34.227898897763964	34.22801584656186	0.0011728352659764762	3.426547651901283e-05	34.22623789183833	34.229888736396894	0.8839225539719203	5.381448550284359
p01-s02-c0021	sb0006	D1	3	151	200	34.22769198458052	34.22791673430573	0.001340070458149761	3.915164536228324e-05	34.22529877370082	34.22940564893062	0.8989837057617104	8.571045174705462
p01-s02-c0021	sb0006	D1	4	201	250	34.22782172817787	34.227738383091875	0.0012061101880958467	3.523771385962674e-05	34.2259691281921	34.229992881234814	0.885966693025849	14.022015965616898
p01-s02-c0021	sb0006	D2	1	51	100	22.206138279168073	22.206264373269924	0.0006924650872844847	3.118349884068303e-05	22.20504418951536	22.20707747940356	0.7562790150442181	5.278572415462814
p01-s02-c0021	sb0006	D2	2	101	150	22.205838634016672	22.205836237880234	0.000864919882373041	3.895011112294078e-05	22.204715385816733	22.207104927296175	0.8882627184341951	6.352354009295438
p01-s02-c0021	sb0006	D2	3	151	200	22.205700249830038	22.20571736553589	0.0010560280758138802	4.755662122485703e-05	22.203919538537615	22.207237426353508	0.9130043112938864	10.321273980168264
p01-s02-c0021	sb0006	D2	4	201	250	22.205935847330508	22.206007223788358	0.000721958293624427	3.251195079495906e-05	22.20488273751692	22.206999282226644	0.8472257704780738	7.062764094930824
p01-s02-c0021	sb0006	evenness	1	51	100	0.7671911407878139	0.7671929024694659	6.433184606184801e-06	8.3853739494159e-06	0.7671769845409726	0.7671987296060715	0.7780045860944043	4.288689514327784
p01-s02-c0021	sb0006	evenness	2	101	150	0.7671901201259611	0.767190862191409	7.440654183724669e-06	9.698579255039188e-06	0.767179582307762	0.7672027437327258	0.8839188688797145	5.381408376211249
p01-s02-c0021	sb0006	evenness	3	151	200	0.7671888073936374	0.7671902334086973	8.501770644846022e-06	1.10817188192943e-05	0.7671736240228428	0.7671996791098277	0.8989855813522579	8.571079119607148
p01-s02-c0021	sb0006	evenness	4	201	250	0.7671896305420773	0.7671891019173009	7.651752483168324e-06	9.973743359593877e-06	0.7671778771388835	0.7672034044088403	0.8859670728039986	14.022020273955665
p01-s02-c0021	sb0006	TV	1	51	100	8.849465999999859e-05	8.624999999998907e-05	1.0962052170100176e-05	0.12387247061122501	7.446579999999992e-05	0.0001086252000000031	0.7881851876287806	8.362493171565452
p01-s02-c0021	sb0006	TV	2	101	150	9.644058000000036e-05	9.741349999999747e-05	7.29127972052111e-06	0.0756038559755767	8.51816999999971e-05	0.0001070061999999985	0.5981795900524808	4.858574467943617
p01-s02-c0021	sb0006	TV	3	151	200	9.326357999999691e-05	9.28289999999997e-05	8.81076354978576e-06	0.09447164208993533	7.928424999998929e-05	0.00011016194999999788	0.6776965905132473	5.869005604264995
p01-s02-c0021	sb0006	TV	4	201	250	9.450426000000363e-05	9.37760000000091e-05	7.584258097546799e-06	0.08025308168696849	8.155015000001397e-05	0.00010683970000000871	0.6686019542068486	3.122338226525094
p01-s02-c0021	sb0007	D0	1	51	100	100.0	100.0	0.0	0.0	100.0	100.0	0.0	1.0
p01-s02-c0021	sb0007	D0	2	101	150	100.0	100.0	0.0	0.0	100.0	100.0	0.0	1.0
p01-s02-c0021	sb0007	D0	3	151	200	100.0	100.0	0.0	0.0	100.0	100.0	0.0	1.0
p01-s02-c0021	sb0007	D0	4	201	250	100.0	100.0	0.0	0.0	100.0	100.0	0.0	1.0
p01-s02-c0021	sb0007	D1	1	51	100	34.22796222326098	34.22818178789892	0.0009815419875165686	2.8676611862377318e-05	34.225821721034904	34.229051099852725	0.8861834287033739	9.564316892471455
p01-s02-c0021	sb0007	D1	2	101	150	34.22797391720471	34.22787325080512	0.000851837691369049	2.4887178348025805e-05	34.22670458068767	34.229493634216425	0.834841136325223	5.896017727574568
p01-s02-c0021	sb0007	D1	3	151	200	34.22796765585404	34.22769522800559	0.001251389868417215	3.656044907484271e-05	34.226433498905834	34.2300657221878	0.8858399782703344	10.272760867101644
p01-s02-c0021	sb0007	D1	4	201	250	34.22849155106216	34.22820932436882	0.0009178122872968875	2.6814277980310423e-05	34.22735101104225	34.23012169819368	0.7335945317539534	5.043001675247355
p01-s02-c0021	sb0007	D2	1	51	100	22.205869405347503	22.205980751361885	0.0006553774249726785	2.951370257157569e-05	22.204512559153905	22.206653453942437	0.8226330635210094	6.339741240407269
p01-s02-c0021	sb0007	D2	2	101	150	22.2059996473695	22.206081794753665	0.000716444651616221	3.2263562235131816e-05	22.204763423241953	22.20707529606728	0.8345219789471491	6.208832850892723
p01-s02-c0021	sb0007	D2	3	151	200	22.20604928082828	22.206165912047105	0.0009065590397970503	4.082486841005677e-05	22.204680724434976	22.207353124428817	0.890984549310717	9.557979397167715
p01-s02-c0021	sb0007	D2	4	201	250	22.206296515567015	22.206336012563455	0.0005729384561183964	2.580072078731166e-05	22.20534415950861	22.20714632592471	0.6753717493375602	4.427224409021788
p01-s02-c0021	sb0007	evenness	1	51	100	0.7671905219100542	0.7671919149435343	6.227131428173157e-06	8.116799217839177e-06	0.7671769419093959	0.7671974298809535	0.8861876832221103	9.564277343408945
p01-s02-c0021	sb0007	evenness	2	101	150	0.7671905961197447	0.7671899575424237	5.404160485452408e-06	7.044091146040215e-06	0.7671825431808011	0.7672002372765208	0.8348393459258896	5.895972290565745
p01-s02-c0021	sb0007	evenness	3	151	200	0.7671905563205023	0.7671888281336549	7.938918947996082e-06	1.03480404999661e-05	0.7671808233278362	0.7672038664924563	0.8858414762562492	10.272808559503943
p01-s02-c0021	sb0007	evenness	4	201	250	0.7671938800287326	0.7671920896377713	5.822609711549817e-06	7.58948925834986e-06	0.767186644342452	0.767204221591976	0.7335918105195643	5.043000488423616
p01-s02-c0021	sb0007	TV	1	51	100	8.691598000000263e-05	8.839750000000421e-05	9.364284000198898e-06	0.10773949738815133	7.15275499999927e-05	0.00010170300000000339	0.6993230102510244	8.62089357316166
p01-s02-c0021	sb0007	TV	2	101	150	9.223114000000023e-05	9.106600000000238e-05	9.014882742307698e-06	0.09774228901765364	8.132289999999783e-05	0.00010684810000000061	0.7586911432402632	6.136942238958968
p01-s02-c0021	sb0007	TV	3	151	200	9.050698000000377e-05	9.063150000000565e-05	7.77644773184434e-06	0.08592097241388472	7.68881000000081e-05	0.00010288245000000936	0.6971538967618361	3.298760687208105
p01-s02-c0021	sb0007	TV	4	201	250	8.837101999999855e-05	8.993500000000199e-05	7.4853136438327e-06	0.08470326181402933	7.535439999999577e-05	9.871314999999565e-05	0.6484999527230977	8.06397773279815
p01-s02-c0021	sb0008	D0	1	51	100	100.0	100.0	0.0	0.0	100.0	100.0	0.0	1.0
p01-s02-c0021	sb0008	D0	2	101	150	100.0	100.0	0.0	0.0	100.0	100.0	0.0	1.0
p01-s02-c0021	sb0008	D0	3	151	200	100.0	100.0	0.0	0.0	100.0	100.0	0.0	1.0
p01-s02-c0021	sb0008	D0	4	201	250	100.0	100.0	0.0	0.0	100.0	100.0	0.0	1.0
p01-s02-c0021	sb0008	D1	1	51	100	34.22717201149072	34.227282382350914	0.0011813754296902822	3.451571836825057e-05	34.22527969147956	34.229002595647344	0.9150553302099778	13.476099149843677
p01-s02-c0021	sb0008	D1	2	101	150	34.22736262904525	34.22714957121052	0.0016457128110057007	4.808178850476645e-05	34.224602080079016	34.229846428882	0.9331164820226268	9.861193325672328
p01-s02-c0021	sb0008	D1	3	151	200	34.22761511958747	34.227748219872595	0.001048709621598732	3.063928403818547e-05	34.225508229211314	34.22895853292774	0.8303788533824717	7.596767831199542
p01-s02-c0021	sb0008	D1	4	201	250	34.22807386803786	34.22781249851596	0.0012761071099526091	3.728246920561419e-05	34.226225060028696	34.23043864129257	0.8827992572822734	9.965742035751555
p01-s02-c0021	sb0008	D2	1	51	100	22.20554614705023	22.20550876697243	0.0010665938190676607	4.8032766769366144e-05	22.20397388884475	22.207108277024773	0.9454483731100145	15.458474875734387
p01-s02-c0021	sb0008	D2	2	101	150	22.205494289358818	22.205349465552096	0.0009310615207703408	4.192933103121773e-05	22.20393331491759	22.206941108561765	0.8727243576272188	8.761982809128883
p01-s02-c0021	sb0008	D2	3	151	200	22.20594029204481	22.205983665904874	0.0005497178768223905	2.4755442444350115e-05	22.205046176409002	22.20681035824372	0.6499484527611895	3.0204123734052346
p01-s02-c0021	sb0008	D2	4	201	250	22.20582399291405	22.205761360427886	0.0007761533288383945	3.495269209942705e-05	22.204508533672442	22.207072856999343	0.8369948248574476	8.88561820662003
p01-s02-c0021	sb0008	evenness	1	51	100	0.7671855085928975	0.7671862089435659	7.495028478768876e-06	9.769512581794698e-06	0.7671735029530681	0.7671971221728322	0.9150544142226702	13.476046279490127
p01-s02-c0021	sb0008	evenness	2	101	150	0.7671867178041061	0.7671853663518317	1.0440835549742361e-05	1.3609249622604037e-05	0.7671692037070255	0.767202475346902	0.9331170243061466	9.861148260772323
p01-s02-c0021	sb0008	evenness	3	151	200	0.767188319809599	0.7671891643242421	6.653318143854809e-06	8.67234024822749e-06	0.7671749529390369	0.7671968426409234	0.8303822197297843	7.5968355980186475
p01-s02-c0021	sb0008	evenness	4	201	250	0.7671912301394371	0.7671895721195566	8.095713662862606e-06	1.055240642074494e-05	0.7671795008879009	0.767206232175962	0.8827989729810382	9.965694675385771
p01-s02-c0021	sb0008	TV	1	51	100	9.328757999999794e-05	9.25144999999979e-05	6.367092371638513e-06	0.06825230509397556	8.352449999999019e-05	0.0001036904500000009	0.5438954593990543	3.93384226326383
p01-s02-c0021	sb0008	TV	2	101	150	8.572476000000021e-05	8.526949999999449e-05	7.204868369855982e-06	0.08404652716270031	7.523454999999535e-05	9.68379999999974e-05	0.5747839254235763	4.918726769390006
p01-s02-c0021	sb0008	TV	3	151	200	9.14887599999993e-05	9.537600000000842e-05	1.711158291865633e-05	0.18703481081890783	6.181830000000667e-05	0.00011402760000000001	0.9348757630282764	9.970728774700515
p01-s02-c0021	sb0008	TV	4	201	250	8.974773999999965e-05	8.912299999999503e-05	9.91397231454081e-06	0.11046486869241329	7.321049999998908e-05	0.00010272825000000172	0.7805297166746424	7.091116326698431
p01-s02-c0021	sb0009	D0	1	51	100	100.0	100.0	0.0	0.0	100.0	100.0	0.0	1.0
p01-s02-c0021	sb0009	D0	2	101	150	100.0	100.0	0.0	0.0	100.0	100.0	0.0	1.0
p01-s02-c0021	sb0009	D0	3	151	200	100.0	100.0	0.0	0.0	100.0	100.0	0.0	1.0
p01-s02-c0021	sb0009	D0	4	201	250	100.0	100.0	0.0	0.0	100.0	100.0	0.0	1.0
p01-s02-c0021	sb0009	D1	1	51	100	34.22743350826557	34.22724543660621	0.0012522784855869395	3.6586981763751796e-05	34.22586131079509	34.22974115784404	0.9126408574302083	10.012024519547198
p01-s02-c0021	sb0009	D1	2	101	150	34.227419627736666	34.22764856423095	0.0012450104120838744	3.637465007952171e-05	34.22534084994383	34.2290557840957	0.9123893402505604	12.359911183058127
p01-s02-c0021	sb0009	D1	3	151	200	34.22803908372455	34.22800028850874	0.0007339344086615215	2.144249066872509e-05	34.226942272059084	34.22930252003958	0.6818759136784142	3.2800245667471004
p01-s02-c0021	sb0009	D1	4	201	250	34.22759702349464	34.227414281612496	0.0011814762553933919	3.451823552154124e-05	34.22597747346752	34.22938193971367	0.898425724381416	12.172121305397779
p01-s02-c0021	sb0009	D2	1	51	100	22.20585124234776	22.20565156968554	0.0011237542031885086	5.060622044722377e-05	22.204113924076424	22.207585214350992	0.9369517396939248	10.324194285992862
p01-s02-c0021	sb0009	D2	2	101	150	22.205407171786195	22.205425149094395	0.0009363650402843734	4.2168334633111457e-05	22.20399031260308	22.206896748641807	0.9102229191095199	11.79916171452637
p01-s02-c0021	sb0009	D2	3	151	200	22.206233133859186	22.206292558981257	0.0007797435901142469	3.5113726196332e-05	22.204878828919302	22.2073220891812	0.8295048818012531	5.362716992182807
p01-s02-c0021	sb0009	D2	4	201	250	22.20563703021635	22.205473501558266	0.0008050216189739412	3.625302970946102e-05	22.204586995728526	22.206920729871452	0.8662700350723119	9.818873265106435
p01-s02-c0021	sb0009	evenness	1	51	100	0.7671871675833034	0.7671859745495344	7.944708048453799e-06	1.0355632085818406e-05	0.7671771930897826	0.7672018075259656	0.9126375025570899	10.012070366060106
p01-s02-c0021	sb0009	evenness	2	101	150	0.7671870795234487	0.7671885320891598	7.898703046248915e-06	1.0295667454612673e-05	0.7671738909794718	0.767197459592771	0.9123899847736822	12.359905985667762
p01-s02-c0021	sb0009	evenness	3	151	200	0.767191009562204	0.7671907634889331	4.6561970680044405e-06	6.069149677159916e-06	0.767184051179415	0.7671990248712526	0.6818773154997669	3.280018241997492
p01-s02-c0021	sb0009	evenness	4	201	250	0.7671882049772324	0.7671870457465719	7.495513517714988e-06	9.770110474961525e-06	0.7671779300869536	0.7671995287010371	0.8984265331654459	12.172096526344188
p01-s02-c0021	sb0009	TV	1	51	100	9.905577999999834e-05	9.970849999999624e-05	8.495397892905079e-06	0.0857637776705733	8.421924999999594e-05	0.00011110849999999663	0.7720526280603697	5.996818825800514
p01-s02-c0021	sb0009	TV	2	101	150	8.990988000000307e-05	8.922699999999883e-05	8.980694836167026e-06	0.09988551687719659	7.676805000001058e-05	0.00010356240000000649	0.6320870220018387	4.927590554515628
p01-s02-c0021	sb0009	TV	3	151	200	9.041097999999936e-05	8.844200000000407e-05	9.599235655137682e-06	0.10617333929062323	7.923239999999029e-05	0.00011334264999999506	0.6962514785990483	4.743177661128158
p01-s02-c0021	sb0009	TV	4	201	250	9.44802600000014e-05	9.600699999999705e-05	7.929701123662188e-06	0.08392971318730569	7.87010499999878e-05	0.0001058241499999855	0.6377435799564536	4.043722780215447
p01-s02-c0021	sb0010	D0	1	51	100	100.0	100.0	0.0	0.0	100.0	100.0	0.0	1.0
p01-s02-c0021	sb0010	D0	2	101	150	100.0	100.0	0.0	0.0	100.0	100.0	0.0	1.0
p01-s02-c0021	sb0010	D0	3	151	200	100.0	100.0	0.0	0.0	100.0	100.0	0.0	1.0
p01-s02-c0021	sb0010	D0	4	201	250	100.0	100.0	0.0	0.0	100.0	100.0	0.0	1.0
p01-s02-c0021	sb0010	D1	1	51	100	34.22796273805551	34.228034786458224	0.0009285638704745579	2.7128809201435678e-05	34.22641641987574	34.229526394020866	0.7808149725139331	5.584792170581297
p01-s02-c0021	sb0010	D1	2	101	150	34.22773950304783	34.22773046181872	0.0008569509094308064	2.5036736923701862e-05	34.226341143735695	34.228898148306094	0.7338150391810914	4.533368327659644
p01-s02-c0021	sb0010	D1	3	151	200	34.227785243774576	34.22787718293322	0.0008370713889827914	2.4455902800051597e-05	34.226318682037665	34.22891578518299	0.7727124664111998	7.1404025948628025
p01-s02-c0021	sb0010	D1	4	201	250	34.22714991912118	34.22719237008522	0.0008492350832464835	2.4811738203538055e-05	34.22582758018837	34.2285597697715	0.7012133439660762	4.607966261260055
p01-s02-c0021	sb0010	D2	1	51	100	22.205850126520215	22.205885665346813	0.0006037085131241948	2.71869128938771e-05	22.204923052038588	22.206778503292256	0.753364950405685	5.438103902951357
p01-s02-c0021	sb0010	D2	2	101	150	22.205781495777586	22.20578448202035	0.000617877380120066	2.7825068000311313e-05	22.204520184672052	22.206694840276324	0.7286837527112685	4.40320603177911
p01-s02-c0021	sb0010	D2	3	151	200	22.2053654790856	22.205455190289072	0.0007881946937920807	3.5495686595856834e-05	22.2041030356761	22.206497136851464	0.8326411459520024	8.868673790443143
p01-s02-c0021	sb0010	D2	4	201	250	22.20548885693249	22.205368455684745	0.0007282936886340299	3.279791286408264e-05	22.20446396649656	22.206786334343295	0.7887903279247034	5.657580276529699
p01-s02-c0021	sb0010	evenness	1	51	100	0.7671905251851789	0.7671909823486673	5.8909464975818975e-06	7.678596520935895e-06	0.7671807149711916	0.7672004450994943	0.780815945362463	5.584862296381428
p01-s02-c0021	sb0010	evenness	2	101	150	0.7671891089563779	0.7671890516634523	5.436677789869417e-06	7.086489792933889e-06	0.7671802373863342	0.7671964595620059	0.7338104018062159	4.533338623687792
p01-s02-c0021	sb0010	evenness	3	151	200	0.7671893991470478	0.767189982488492	5.310562312556941e-06	6.922100746518607e-06	0.7671800948788633	0.7671965714507547	0.7727140188863072	7.140417090579126
p01-s02-c0021	sb0010	evenness	4	201	250	0.7671853684936235	0.7671856378805273	5.3877854455547565e-06	7.022794837880876e-06	0.7671769790842845	0.7671943128876544	0.7012104251134582	4.607959464890589
p01-s02-c0021	sb0010	TV	1	51	100	8.745273999999915e-05	8.809950000000041e-05	1.0481857601004046e-05	0.11985739498847205	7.171105000000448e-05	0.00010185584999999404	0.7798033180069598	6.2623246759188556
p01-s02-c0021	sb0010	TV	2	101	150	8.949860000000186e-05	8.97600000000009e-05	1.1672078193146813e-05	0.13041632151951618	7.436355000000545e-05	0.00010882850000000385	0.8491876588298478	8.63467743671143
p01-s02-c0021	sb0010	TV	3	151	200	8.963465999999808e-05	8.854299999999222e-05	9.430188892885557e-06	0.10520694665306655	7.791389999999522e-05	0.00010707774999999815	0.66550696268238	3.606374272221628
p01-s02-c0021	sb0010	TV	4	201	250	9.583472000000225e-05	9.379250000000195e-05	7.195633225219062e-06	0.07508378200738619	8.557860000000873e-05	0.00010910215000000572	0.6335225084480116	6.745403425986403
p01-s02-c0021	sb0011	D0	1	51	100	100.0	100.0	0.0	0.0	100.0	100.0	0.0	1.0
p01-s02-c0021	sb0011	D0	2	101	150	100.0	100.0	0.0	0.0	100.0	100.0	0.0	1.0
p01-s02-c0021	sb0011	D0	3	151	200	100.0	100.0	0.0	0.0	100.0	100.0	0.0	1.0
p01-s02-c0021	sb0011	D0	4	201	250	100.0	100.0	0.0	0.0	100.0	100.0	0.0	1.0
p01-s02-c0021	sb0011	D1	1	51	100	34.22739383559431	34.22718992843602	0.0009806214270281482	2.86501926421393e-05	34.2259784546318	34.22904926751639	0.7516748190789183	3.9895944234564906
p01-s02-c0021	sb0011	D1	2	101	150	34.22736578994163	34.227646529335516	0.0010630974467801774	3.1059867513747994e-05	34.22551146891623	34.2286371393592	0.8526703842679192	10.204835401083667
p01-s02-c0021	sb0011	D1	3	151	200	34.22803378164681	34.227913177283256	0.0009218485537060452	2.693255942152142e-05	34.22691864904028	34.22970757883554	0.8182079854719718	4.234475703876453
p01-s02-c0021	sb0011	D1	4	201	250	34.22874503224693	34.22857802810049	0.0009950386678701725	2.9070264391310458e-05	34.22720779726835	34.23026067805683	0.8470675893986688	6.029509452469965
p01-s02-c0021	sb0011	D2	1	51	100	22.206100761433	22.205973761364156	0.0009110668303915629	4.102777161012801e-05	22.204839213131084	22.207864450668612	0.8536965434690589	6.22171970697743
p01-s02-c0021	sb0011	D2	2	101	150	22.205731097748558	22.20580872647602	0.0007044670188279387	3.1724558661316253e-05	22.20468447519368	22.206761087404292	0.8762705381286904	9.512938938683863
p01-s02-c0021	sb0011	D2	3	151	200	22.206283758152413	22.2061467770258	0.0005720041213973832	2.575866036960768e-05	22.20566972283328	22.2071826239554	0.7411142132492402	3.001147659905372
p01-s02-c0021	sb0011	D2	4	201	250	22.206400242013483	22.20621955671539	0.0009888857949666599	4.453156676405992e-05	22.205085442253086	22.207914650502175	0.882740668171362	6.792866570676435
p01-s02-c0021	sb0011	evenness	1	51	100	0.767186915945083	0.7671856223898621	6.221281488822455e-06	8.109212187434891e-06	0.7671779363116924	0.7671974182562125	0.751673431093203	3.989568792370224
p01-s02-c0021	sb0011	evenness	2	101	150	0.7671867380009872	0.7671885191794904	6.744619097923694e-06	8.791365600893658e-06	0.767174973492254	0.7671948037226181	0.8526720623004194	10.204873388726254
p01-s02-c0021	sb0011	evenness	3	151	200	0.7671909758968564	0.7671902108424032	5.848275046188122e-06	7.6229716327820606e-06	0.7671839013076459	0.7672015945083867	0.8182073818845498	4.2344983011506985
p01-s02-c0021	sb0011	evenness	4	201	250	0.7671954881065184	0.7671944287190545	6.312535034829559e-06	8.228065900660144e-06	0.7671857357539515	0.7672051032438649	0.8470662469199846	6.029504771793709
p01-s02-c0021	sb0011	TV	1	51	100	9.34883800000021e-05	9.30445000000077e-05	9.387147983323878e-06	0.10040978336905257	7.535794999999726e-05	0.00010517530000000293	0.6911990640479261	6.523901990765724
p01-s02-c0021	sb0011	TV	2	101	150	8.822725999999956e-05	8.823750000000179e-05	6.434389074943789e-06	0.07292971667649908	7.940225000000136e-05	9.812554999999584e-05	0.6102844647616906	3.3758182259263187
p01-s02-c0021	sb0011	TV	3	151	200	8.372909999999714e-05	8.267749999998965e-05	1.1657946684906448e-05	0.13923410958563803	6.71983499999953e-05	0.00010435879999999133	0.8893066506552576	12.826259152063413
p01-s02-c0021	sb0011	TV	4	201	250	9.52637399999965e-05	9.68589999999919e-05	9.704284748605871e-06	0.1018675599824889	7.719719999999753e-05	0.00010832359999998999	0.7417317721514329	7.676490441766837
p01-s02-c0021	sb0012	D0	1	51	100	100.0	100.0	0.0	0.0	100.0	100.0	0.0	1.0
p01-s02-c0021	sb0012	D0	2	101	150	100.0	100.0	0.0	0.0	100.0	100.0	0.0	1.0
p01-s02-c0021	sb0012	D0	3	151	200	100.0	100.0	0.0	0.0	100.0	100.0	0.0	1.0
p01-s02-c0021	sb0012	D0	4	201	250	100.0	100.0	0.0	0.0	100.0	100.0	0.0	1.0
p01-s02-c0021	sb0012	D1	1	51	100	34.22817514715357	34.22808834131527	0.000914746298949483	2.6724950863340248e-05	34.22689177258059	34.22995236412054	0.8112767495506231	6.38459386956681
p01-s02-c0021	sb0012	D1	2	101	150	34.227952395433	34.228001623121386	0.0007140698629862707	2.086218464770181e-05	34.22680567389187	34.22907329137195	0.6720537110105432	2.8321730231109
p01-s02-c0021	sb0012	D1	3	151	200	34.22802062563581	34.2275692427266	0.0013036039786930467	3.808587101635333e-05	34.22637469047628	34.23002202820292	0.9016231844289804	10.493721000742246
p01-s02-c0021	sb0012	D1	4	201	250	34.2259734925436	34.22585769489031	0.0009553533951086757	2.7913110939468443e-05	34.224657146702356	34.22773880508714	0.8597301014502621	9.506182743584082
p01-s02-c0021	sb0012	D2	1	51	100	22.206312655925686	22.206339174385857	0.0005236126741863179	2.357945158655566e-05	22.20554040022185	22.20717428585858	0.6381540314847614	4.266057137551181
p01-s02-c0021	sb0012	D2	2	101	150	22.205920812570735	22.20604642525302	0.0005701672586536094	2.5676361879613596e-05	22.205155102665483	22.206816942540915	0.78153540479871	7.446437254997321
p01-s02-c0021	sb0012	D2	3	151	200	22.20597986966067	22.205970847979415	0.0009354748293214675	4.212715830655945e-05	22.204517766944736	22.207539115583142	0.8972716092937565	9.145543934814889
p01-s02-c0021	sb0012	D2	4	201	250	22.20466180212792	22.204752121057872	0.0004662012587566011	2.0995647801846912e-05	22.20382174559985	22.205286292513726	0.6809671953697254	6.046372275423763
p01-s02-c0021	sb0012	evenness	1	51	100	0.7671918727379406	0.7671913221076028	5.803212676486409e-06	7.564225955335016e-06	0.7671837307937198	0.7672031473760393	0.8112729045598708	6.384547465369187
p01-s02-c0021	sb0012	evenness	2	101	150	0.7671904596020468	0.7671907719557725	4.530173126590439e-06	5.904887202247416e-06	0.7671831845537695	0.7671975706629699	0.6720526420265821	2.832164445928492
p01-s02-c0021	sb0012	evenness	3	151	200	0.767190892356181	0.7671880288567562	8.27019183398332e-06	1.0779835783222186e-05	0.7671804502216766	0.7672035893107328	0.901623054852068	10.493695036910465
p01-s02-c0021	sb0012	evenness	4	201	250	0.7671779047470981	0.7671771701486647	6.061210984713871e-06	7.900658956949447e-06	0.7671695530909007	0.7671891045944297	0.859727827807798	9.506168426779714
p01-s02-c0021	sb0012	TV	1	51	100	9.079832000000338e-05	9.154149999999976e-05	8.902323841169784e-06	0.09804502815877489	7.556775000001091e-05	0.000102988450000005	0.7107139719569018	4.832472746761567
p01-s02-c0021	sb0012	TV	2	101	150	8.938800000000247e-05	8.92650000000037e-05	9.230123460822501e-06	0.10325908914868043	7.493270000000157e-05	0.00010172879999999622	0.7070483370440375	3.2005047834720552
p01-s02-c0021	sb0012	TV	3	151	200	8.812814000000532e-05	8.554800000000308e-05	8.379281348586681e-06	0.09508065583349627	7.689610000000358e-05	0.00010160680000000345	0.7650895517500125	11.600351491803089
p01-s02-c0021	sb0012	TV	4	201	250	9.32502400000005e-05	9.248900000000025e-05	7.477777926413105e-06	0.08019044161616169	8.200114999999154e-05	0.00010849450000000191	0.6866341913579195	4.500333931597218
p01-s02-c0021	sb0013	D0	1	51	100	100.0	100.0	0.0	0.0	100.0	100.0	0.0	1.0
p01-s02-c0021	sb0013	D0	2	101	150	100.0	100.0	0.0	0.0	100.0	100.0	0.0	1.0
p01-s02-c0021	sb0013	D0	3	151	200	100.0	100.0	0.0	0.0	100.0	100.0	0.0	1.0
p01-s02-c0021	sb0013	D0	4	201	250	100.0	100.0	0.0	0.0	100.0	100.0	0.0	1.0
p01-s02-c0021	sb0013	D1	1	51	100	34.2298001051594	34.22956570740162	0.0008930429195831689	2.6089632917504594e-05	34.22853325774653	34.23132207747105	0.8908304195012223	14.20081151872122
p01-s02-c0021	sb0013	D1	2	101	150	34.2293816508012	34.229462370495796	0.0007795637694621149	2.2774696236555234e-05	34.228046740127226	34.23069633755954	0.771072066444147	4.233189852341184
p01-s02-c0021	sb0013	D1	3	151	200	34.22866764798451	34.228768507802044	0.0009476499120623527	2.76858544950742e-05	34.22712983011835	34.230128940040046	0.7616020144747613	5.8031158621537635
p01-s02-c0021	sb0013	D1	4	201	250	34.228007538677836	34.22801722120683	0.0009803822021485816	2.8642689792584168e-05	34.2264404764575	34.229565520108046	0.7555954742517831	6.985621975866016
p01-s02-c0021	sb0013	D2	1	51	100	22.207741355008114	22.207694202003395	0.000516131886827342	2.324107970173869e-05	22.206925445411116	22.208583928167094	0.8207815435636914	11.306597429699677
p01-s02-c0021	sb0013	D2	2	101	150	22.206509932731915	22.20658129704811	0.0006637469329635008	2.9889745618475248e-05	22.205379641708262	22.20760403253192	0.7770332575961407	4.210096448227583
p01-s02-c0021	sb0013	D2	3	151	200	22.20620601943124	22.206140852488566	0.0007024829052996835	3.163453066611133e-05	22.204994751004417	22.207216889251768	0.7716796595000494	4.6750557096240914
p01-s02-c0021	sb0013	D2	4	201	250	22.20609741795654	22.20606542142955	0.0009662129249379184	4.351115402009399e-05	22.204663050099683	22.20762350331833	0.8624318073152274	11.002872567246195
p01-s02-c0021	sb0013	evenness	1	51	100	0.7672021814059546	0.7672006944991758	5.665264669187459e-06	7.3843177280928e-06	0.7671941446931505	0.7672118363621369	0.8908301050172678	14.200798004905018
p01-s02-c0021	sb0013	evenness	2	101	150	0.7671995268133321	0.7672000389443299	4.945474260380313e-06	6.446138308924688e-06	0.767191058182732	0.767207866926866	0.7710713425251202	4.233203319658665
p01-s02-c0021	sb0013	evenness	3	151	200	0.7671949971883768	0.7671956371253555	6.011910008626601e-06	7.836221600322086e-06	0.7671852411073904	0.7672042675311742	0.7616030586208979	5.803152996764108
p01-s02-c0021	sb0013	evenness	4	201	250	0.7671908093977611	0.7671908709121789	6.219682396006467e-06	8.107086685369537e-06	0.7671808675940034	0.7672006933099884	0.7555940033708063	6.985602385648091
p01-s02-c0021	sb0013	TV	1	51	100	9.805358000000068e-05	9.987500000000544e-05	9.467551320361039e-06	0.09655487663337711	8.328169999999536e-05	0.00011340104999999532	0.7400487988969319	5.567474899306486
p01-s02-c0021	sb0013	TV	2	101	150	9.197981999999988e-05	9.27224999999997e-05	8.673453895486175e-06	0.09429735669722106	7.906310000000284e-05	0.00010675934999999252	0.7501206204588867	5.166374183172464
p01-s02-c0021	sb0013	TV	3	151	200	8.863684000000126e-05	8.803649999999759e-05	1.0232492527281632e-05	0.11544288500449121	7.554515000000423e-05	0.00010466915000000639	0.7554430281061687	11.03407437025387
p01-s02-c0021	sb0013	TV	4	201	250	9.70649400000031e-05	9.559400000001059e-05	1.215911608026825e-05	0.12526784728108686	7.840650000000176e-05	0.00011598255000000396	0.8647640405947611	8.940577962707675
p01-s02-c0021	sb0014	D0	1	51	100	100.0	100.0	0.0	0.0	100.0	100.0	0.0	1.0
p01-s02-c0021	sb0014	D0	2	101	150	100.0	100.0	0.0	0.0	100.0	100.0	0.0	1.0
p01-s02-c0021	sb0014	D0	3	151	200	100.0	100.0	0.0	0.0	100.0	100.0	0.0	1.0
p01-s02-c0021	sb0014	D0	4	201	250	100.0	100.0	0.0	0.0	100.0	100.0	0.0	1.0
p01-s02-c0021	sb0014	D1	1	51	100	34.22615503328967	34.226042772472994	0.0010320081025412217	3.015261578571858e-05	34.22464814578765	34.22806522882709	0.8550394653447602	7.9324202566460995
p01-s02-c0021	sb0014	D1	2	101	150	34.22785849876052	34.227800046510154	0.0009518351118107349	2.7808783650464238e-05	34.22641884643772	34.229759778364546	0.7950727312595581	5.576470774700462
p01-s02-c0021	sb0014	D1	3	151	200	34.228701305638836	34.22873764555886	0.0006742579301955827	1.969861269859238e-05	34.22763366228847	34.229652423006264	0.7527970630137386	7.169719833812227
p01-s02-c0021	sb0014	D1	4	201	250	34.228679825413835	34.22860600805704	0.0007492993470540478	2.1890980045853654e-05	34.2275021009881	34.2298656373268	0.7098621522819011	4.891162853772597
p01-s02-c0021	sb0014	D2	1	51	100	22.20517824432924	22.20524315641124	0.0006494053205357232	2.924567023917353e-05	22.20412565411951	22.20622124999445	0.7413807418842604	3.623476831300607
p01-s02-c0021	sb0014	D2	2	101	150	22.206417310253318	22.206399309203896	0.0008393937429752464	3.779960230629707e-05	22.205092095453455	22.2078056694482	0.8621839405800168	9.419400655460379
p01-s02-c0021	sb0014	D2	3	151	200	22.206332157331918	22.20632097845279	0.00035197211272820176	1.585007871783951e-05	22.205778243721962	22.206962244929944	0.5638683845390949	4.46785915659586
p01-s02-c0021	sb0014	D2	4	201	250	22.205964217734874	22.20597548381923	0.0005216520746369531	2.3491530001671073e-05	22.20515695707152	22.206804485934207	0.6561745769486733	2.8105538549262192
p01-s02-c0021	sb0014	evenness	1	51	100	0.7671790565183991	0.7671783443771388	6.5475131849832544e-06	8.534530667061068e-06	0.7671694959829105	0.7671911754790574	0.8550391354089034	7.932381840435992
p01-s02-c0021	sb0014	evenness	2	101	150	0.7671898638707451	0.767189493121869	6.038568144609278e-06	7.871021801751342e-06	0.7671807303662392	0.7672019256524674	0.7950697490394778	5.576396738135368
p01-s02-c0021	sb0014	evenness	3	151	200	0.7671952107532648	0.7671954413350293	4.27749433189815e-06	5.575496655796801e-06	0.7671884375473528	0.7672012446092612	0.7527989938715701	7.169749225405928
p01-s02-c0021	sb0014	evenness	4	201	250	0.7671950744727473	0.7671946062248485	4.753562948195109e-06	6.196029023598702e-06	0.7671876028943438	0.7672025972007682	0.7098609179670826	4.891124278563652
p01-s02-c0021	sb0014	TV	1	51	100	9.020990000000215e-05	8.985400000000421e-05	8.565004769647685e-06	0.09494528615648039	7.699004999999582e-05	0.00010373620000000699	0.7376900286294308	6.2388104780800155
p01-s02-c0021	sb0014	TV	2	101	150	8.983783999999717e-05	8.7897500000004e-05	1.1560877145873482e-05	0.12868605418244522	7.56738e-05	0.00011099119999999512	0.8352382205674242	9.501196271607846
p01-s02-c0021	sb0014	TV	3	151	200	9.378439999999811e-05	9.353099999999531e-05	1.013902689852211e-05	0.10810995110617878	7.793109999999774e-05	0.00010950334999998945	0.8243909545990902	8.253496093080608
p01-s02-c0021	sb0014	TV	4	201	250	9.449029999999692e-05	9.54994999999938e-05	8.284175034981642e-06	0.08767222704321938	8.046419999999621e-05	0.0001048644500000018	0.775784864159113	4.3348574175384895
p01-s02-c0021	sb0015	D0	1	51	100	100.0	100.0	0.0	0.0	100.0	100.0	0.0	1.0
p01-s02-c0021	sb0015	D0	2	101	150	100.0	100.0	0.0	0.0	100.0	100.0	0.0	1.0
p01-s02-c0021	sb0015	D0	3	151	200	100.0	100.0	0.0	0.0	100.0	100.0	0.0	1.0
p01-s02-c0021	sb0015	D0	4	201	250	100.0	100.0	0.0	0.0	100.0	100.0	0.0	1.0
p01-s02-c0021	sb0015	D1	1	51	100	34.22805095487246	34.22808015550744	0.0007787424431139498	2.2751585947463763e-05	34.226843087009776	34.2291751280475	0.7495250149223539	3.786005437928063
p01-s02-c0021	sb0015	D1	2	101	150	34.227571638749694	34.2275160067788	0.001140844648217887	3.3331159459945875e-05	34.22600537585527	34.22927060373949	0.8580053330722222	10.994386334846519
p01-s02-c0021	sb0015	D1	3	151	200	34.228864683230825	34.22873748660446	0.0008390426561910886	2.451272234577347e-05	34.22769460311129	34.230343172305936	0.8397571198485125	7.831970294287996
p01-s02-c0021	sb0015	D1	4	201	250	34.228753275971606	34.22916628029072	0.0015490862959096476	4.5256871713089755e-05	34.22590265079895	34.23059349324804	0.9450924018441215	10.40210032638029
p01-s02-c0021	sb0015	D2	1	51	100	22.206026775379016	22.20612314429369	0.0005809773494727594	2.616304822783153e-05	22.205119949645415	22.206830416674325	0.7843468116896303	6.365542689348342
p01-s02-c0021	sb0015	D2	2	101	150	22.205686849427842	22.20550431985035	0.0008681482275549649	3.9095761074255346e-05	22.204731965737928	22.207099125013865	0.8718092822910553	11.31440106339075
p01-s02-c0021	sb0015	D2	3	151	200	22.206538982430594	22.206569249668398	0.0004418410497802423	1.98968893860416e-05	22.205857993935993	22.207245820661264	0.7017710834360843	6.594805757744707
p01-s02-c0021	sb0015	D2	4	201	250	22.20654996398147	22.206933670280705	0.0013581420117021212	6.115952337958833e-05	22.203939954039928	22.20830171515537	0.953171696075506	11.282297625675701
p01-s02-c0021	sb0015	evenness	1	51	100	0.7671910848681793	0.7671912701758283	4.940454321537677e-06	6.439665969771479e-06	0.7671834219159672	0.7671982167080738	0.7495263845351838	3.786022968333202
p01-s02-c0021	sb0015	evenness	2	101	150	0.7671880439394577	0.7671876911157176	7.237759890380221e-06	9.43414062244091e-06	0.7671781071139187	0.7671988223976542	0.8580046149897075	10.994332260830557
p01-s02-c0021	sb0015	evenness	3	151	200	0.7671962471973068	0.767195440326851	5.32282076659569e-06	6.9380172101216905e-06	0.7671888241692137	0.7672056265641181	0.8397578889429368	7.831967435863557
p01-s02-c0021	sb0015	evenness	4	201	250	0.7671955402767046	0.7671981605783659	9.827543912760838e-06	1.2809698957864557e-05	0.767177455372891	0.7672072145202598	0.9450934533510013	10.402129558768133
p01-s02-c0021	sb0015	TV	1	51	100	9.187320000000335e-05	9.037149999999203e-05	8.43086426198673e-06	0.09176630684450332	8.078150000000826e-05	0.00010765534999999517	0.8068389277239362	8.898167861379193
p01-s02-c0021	sb0015	TV	2	101	150	8.77340399999991e-05	8.804199999999087e-05	1.0113167688328148e-05	0.11527073970750977	7.024330000000369e-05	0.00010389270000000936	0.771622149558721	4.606727363846408
p01-s02-c0021	sb0015	TV	3	151	200	8.719083999999678e-05	8.655599999999408e-05	7.436734282613789e-06	0.0852926096664978	7.712394999999729e-05	9.96016999999968e-05	0.698086194298075	5.4624538290782105
p01-s02-c0021	sb0015	TV	4	201	250	9.396853999999831e-05	9.363349999999982e-05	7.888438634498721e-06	0.08394765561430308	8.244579999999287e-05	0.00010638960000000167	0.7540590410949559	5.1989173880161275
p01-s02-c0021	sb0016	D0	1	51	100	100.0	100.0	0.0	0.0	100.0	100.0	0.0	1.0
p01-s02-c0021	sb0016	D0	2	101	150	100.0	100.0	0.0	0.0	100.0	100.0	0.0	1.0
p01-s02-c0021	sb0016	D0	3	151	200	100.0	100.0	0.0	0.0	100.0	100.0	0.0	1.0
p01-s02-c0021	sb0016	D0	4	201	250	100.0	100.0	0.0	0.0	100.0	100.0	0.0	1.0
p01-s02-c0021	sb0016	D1	1	51	100	34.22694631251005	34.22699110124506	0.0009716430839980762	2.8388249279572387e-05	34.22525770583118	34.228265303665346	0.8641503994489139	6.139947847091979
p01-s02-c0021	sb0016	D1	2	101	150	34.228405533179846	34.22825648896253	0.0007784700811283114	2.274339306789179e-05	34.2271954182681	34.229572460005066	0.7130955994300835	3.5161304404463065
p01-s02-c0021	sb0016	D1	3	151	200	34.22756166843195	34.227430418356896	0.0012887410423939457	3.765214288058826e-05	34.225477193679836	34.2296552683692	0.8805561735947155	9.588782211727093
p01-s02-c0021	sb0016	D1	4	201	250	34.22837791054795	34.22836070477665	0.0008698745488768039	2.541384085305252e-05	34.22720881003572	34.22987591104445	0.8722723812023152	12.455131777786512
p01-s02-c0021	sb0016	D2	1	51	100	22.204916845344542	22.2047779895703	0.0009123941182414944	4.108973362054206e-05	22.203611577056428	22.206424668557826	0.8953842120566946	6.241531221196921
p01-s02-c0021	sb0016	D2	2	101	150	22.20633585056855	22.206268716533074	0.0005088583020161274	2.29150052237501e-05	22.205617597457543	22.207079446248805	0.6217622490564071	2.828443593895588
p01-s02-c0021	sb0016	D2	3	151	200	22.205987355004666	22.205921864274238	0.0008743925550390689	3.93764321784144e-05	22.20449069581657	22.2074018812463	0.8827242592090102	9.247541015658388
p01-s02-c0021	sb0016	D2	4	201	250	22.206404493703225	22.20631102794419	0.0008565504716352589	3.857222684915694e-05	22.205155371984567	22.20771479574382	0.911030224864475	14.408547052829455
p01-s02-c0021	sb0016	evenness	1	51	100	0.7671840767285072	0.7671843609686555	6.164434894290626e-06	8.035144473510898e-06	0.7671733634619433	0.7671924447757851	0.8641504240850938	6.13999525928426
p01-s02-c0021	sb0016	evenness	2	101	150	0.7671933343478181	0.7671923888545411	4.9386741374034015e-06	6.437326702794817e-06	0.767185657218564	0.7672007373355502	0.7130961641099351	3.5161304227996153
p01-s02-c0021	sb0016	evenness	3	151	200	0.767187980652926	0.767187148122584	8.17601113850849e-06	1.0657115784778305e-05	0.7671747560308995	0.7672012626592232	0.8805564384459033	9.5887379090469
p01-s02-c0021	sb0016	evenness	4	201	250	0.767193159094283	0.7671930500083296	5.518538347440092e-06	7.193153747558247e-06	0.7671857421803202	0.7672026623721515	0.8722729867561633	12.455121964191473
p01-s02-c0021	sb0016	TV	1	51	100	8.849343999999928e-05	8.981000000000188e-05	9.661796581910507e-06	0.10918093569320603	7.313714999999214e-05	0.00010374625000000272	0.7493526208059935	4.522111600946766
p01-s02-c0021	sb0016	TV	2	101	150	9.096599999999772e-05	9.151499999999475e-05	1.3112483911395492e-05	0.144147086948924	6.774729999999671e-05	0.00011475224999999561	0.9063398446790819	10.522223148875865
p01-s02-c0021	sb0016	TV	3	151	200	8.302096000000066e-05	8.300199999999373e-05	6.478737313862586e-06	0.07803736928436547	7.462435000000526e-05	9.278824999999635e-05	0.5372788731926724	2.6446023347551826
p01-s02-c0021	sb0016	TV	4	201	250	8.959183999999506e-05	8.987199999999592e-05	9.651108233625024e-06	0.10772307203005939	7.225390000000146e-05	0.00010460579999999369	0.8169833818927319	4.680895770845492
p01-s02-c0021	sb0017	D0	1	51	100	100.0	100.0	0.0	0.0	100.0	100.0	0.0	1.0
p01-s02-c0021	sb0017	D0	2	101	150	100.0	100.0	0.0	0.0	100.0	100.0	0.0	1.0
p01-s02-c0021	sb0017	D0	3	151	200	100.0	100.0	0.0	0.0	100.0	100.0	0.0	1.0
p01-s02-c0021	sb0017	D0	4	201	250	100.0	100.0	0.0	0.0	100.0	100.0	0.0	1.0
p01-s02-c0021	sb0017	D1	1	51	100	34.227919687492275	34.227935325420184	0.0005672153812131305	1.6571716493199702e-05	34.22706831020471	34.22896013465321	0.6815921532043219	5.484830610841295
p01-s02-c0021	sb0017	D1	2	101	150	34.227327010801716	34.22726309600693	0.0008261739830829986	2.413784701394498e-05	34.22619090538607	34.22889910975736	0.8085289442335444	5.512386141086548
p01-s02-c0021	sb0017	D1	3	151	200	34.22781133382618	34.22778615729811	0.0008239649367336566	2.407296594858112e-05	34.226665116371166	34.22935297225969	0.7626914924303343	5.936873725792799
p01-s02-c0021	sb0017	D1	4	201	250	34.228605203982774	34.22835159126971	0.001128954827003035	3.2982787942281446e-05	34.22683598059896	34.23063587131443	0.9027859876317263	10.673613750532422
p01-s02-c0021	sb0017	D2	1	51	100	22.206111857820552	22.206035559151925	0.0006333995159843367	2.8523656912106656e-05	22.20528403031993	22.207212673571394	0.8736475218293466	11.914543794651506
p01-s02-c0021	sb0017	D2	2	101	150	22.205604537133766	22.205501296590775	0.0006413692753661813	2.888321614003522e-05	22.20470488996221	22.206648158964175	0.8413889747716868	7.820235367178495
p01-s02-c0021	sb0017	D2	3	151	200	22.205480604998037	22.20550414926031	0.0006450633012283849	2.904973383387132e-05	22.204533634099437	22.20640912155919	0.8034439140517095	6.921446064300749
p01-s02-c0021	sb0017	D2	4	201	250	22.20648106087066	22.20642117446724	0.0007635547671629357	3.438432073366056e-05	22.2052656549141	22.2078394606377	0.8786014197819865	9.07769463825219
p01-s02-c0021	sb0017	evenness	1	51	100	0.7671902521149769	0.7671903513535894	3.5984990346359024e-06	4.6904910805574265e-06	0.7671848508069375	0.767196852802321	0.6815902955410575	5.484783551824588
p01-s02-c0021	sb0017	evenness	2	101	150	0.7671864920166332	0.7671860865858369	5.241425264468297e-06	6.832009321085203e-06	0.7671792842049042	0.7671964656561737	0.8085271122982917	5.512389833450206
p01-s02-c0021	sb0017	evenness	3	151	200	0.7671895646689545	0.767189405006231	5.2273572889291284e-06	6.813644931660084e-06	0.767182292803854	0.7671993449350509	0.7626915596537422	5.936919575426634
p01-s02-c0021	sb0017	evenness	4	201	250	0.7671946010080304	0.7671929921915656	7.1620729659254255e-06	9.335405849461209e-06	0.7671833768304045	0.7672074833517916	0.9027859078179	10.673673982702526
p01-s02-c0021	sb0017	TV	1	51	100	8.95321600000026e-05	8.980349999999779e-05	9.38433004874239e-06	0.1048151865066376	7.276549999999171e-05	0.00010171535000000208	0.7497028862878892	4.433538613578659
p01-s02-c0021	sb0017	TV	2	101	150	9.249188000000224e-05	9.321250000000853e-05	1.103849090477038e-05	0.11934551340907021	7.381915000000019e-05	0.0001089136000000072	0.8160858701687748	7.907836040935069
p01-s02-c0021	sb0017	TV	3	151	200	8.805711999999911e-05	8.847700000000215e-05	9.138647842731495e-06	0.10378090769640873	7.387030000000784e-05	0.00010293174999999716	0.7888425637269268	6.267043115624755
p01-s02-c0021	sb0017	TV	4	201	250	9.173811999999985e-05	9.259100000001215e-05	8.75231973597701e-06	0.0954054839577814	7.852035000000244e-05	0.00010649435000000759	0.7545454922164339	5.001821151998775
p01-s02-c0021	sb0018	D0	1	51	100	100.0	100.0	0.0	0.0	100.0	100.0	0.0	1.0
p01-s02-c0021	sb0018	D0	2	101	150	100.0	100.0	0.0	0.0	100.0	100.0	0.0	1.0
p01-s02-c0021	sb0018	D0	3	151	200	100.0	100.0	0.0	0.0	100.0	100.0	0.0	1.0
p01-s02-c0021	sb0018	D0	4	201	250	100.0	100.0	0.0	0.0	100.0	100.0	0.0	1.0
p01-s02-c0021	sb0018	D1	1	51	100	34.22814941233771	34.22822983988072	0.0008672559723445161	2.5337506912714053e-05	34.2267554964375	34.2294379564202	0.8042707212634347	5.389742906804629
p01-s02-c0021	sb0018	D1	2	101	150	34.227620813866864	34.22746570167409	0.0006202495761553626	1.8121317269708584e-05	34.226617471209046	34.22854003268991	0.7292692705784016	3.485870168198396
p01-s02-c0021	sb0018	D1	3	151	200	34.227511059254496	34.22742384818697	0.0006431340641717444	1.8789974621828442e-05	34.22661613547873	34.228558814611716	0.6906101927068308	3.8368401549676237
p01-s02-c0021	sb0018	D1	4	201	250	34.227160197512056	34.227204020031536	0.0010024202884744763	2.9287276031370588e-05	34.225697408369555	34.22879406042156	0.7854382027355803	5.213157178032418
p01-s02-c0021	sb0018	D2	1	51	100	22.206211735567244	22.206213564861702	0.0005539334253956309	2.494497629725861e-05	22.20543423448125	22.207009896987966	0.7628197585832851	4.383599351121914
p01-s02-c0021	sb0018	D2	2	101	150	22.205313446186455	22.205190396866858	0.0006066236512037251	2.7318851079218014e-05	22.204507263075925	22.2063447399541	0.8562333836604623	4.9203298115696334
p01-s02-c0021	sb0018	D2	3	151	200	22.20542829469322	22.205378825067985	0.0007011381087355247	3.157507702308479e-05	22.20446305978838	22.206602195240045	0.8493138741213101	9.36468478041778
p01-s02-c0021	sb0018	D2	4	201	250	22.20559499327999	22.205581286435972	0.0007039561162293685	3.170174527826904e-05	22.2045712008738	22.206895352047624	0.7487700097948589	5.6658808965725935
p01-s02-c0021	sb0018	evenness	1	51	100	0.7671917094811121	0.767192219790221	5.501985603435935e-06	7.171591579316188e-06	0.7671828662096319	0.7671998840642759	0.804271273914319	5.3897828349762165
p01-s02-c0021	sb0018	evenness	2	101	150	0.7671883560002587	0.7671873719685229	3.934996285709032e-06	5.1291136719333955e-06	0.7671819905240415	0.7671941876747093	0.7292666329840478	3.4858530190287946
p01-s02-c0021	sb0018	evenness	3	151	200	0.7671876596901214	0.7671871064398132	4.080176811464327e-06	5.318355632978209e-06	0.7671819820501562	0.7671943068276518	0.6906094443255292	3.836847888936126
p01-s02-c0021	sb0018	evenness	4	201	250	0.7671854336770271	0.767185711790892	6.3596218433884e-06	8.289549780562831e-06	0.7671761532024101	0.7671957992304669	0.7854392534126973	5.213177374941067
p01-s02-c0021	sb0018	TV	1	51	100	9.081822000000148e-05	8.977950000000343e-05	9.512145012905087e-06	0.10473828944131401	7.465559999999978e-05	0.00010750965000000552	0.7097857483506212	4.580373461976507
p01-s02-c0021	sb0018	TV	2	101	150	9.054318000000235e-05	9.087700000000877e-05	7.794995709417546e-06	0.08609147270305001	8.014069999999634e-05	0.00010256865000000946	0.6513596565519388	2.8044976227867675
p01-s02-c0021	sb0018	TV	3	151	200	9.213202000000121e-05	8.967449999998988e-05	1.1032034521950234e-05	0.11974158953586482	7.724664999999274e-05	0.00011107304999999831	0.7879549103792773	5.9162447979874955
p01-s02-c0021	sb0018	TV	4	201	250	9.016154000000228e-05	8.796400000000221e-05	8.182428977251005e-06	0.09075298599880612	7.9961350000003e-05	0.00010608420000000482	0.7365942300389197	5.936359190139491
p01-s02-c0021	sb0019	D0	1	51	100	100.0	100.0	0.0	0.0	100.0	100.0	0.0	1.0
p01-s02-c0021	sb0019	D0	2	101	150	100.0	100.0	0.0	0.0	100.0	100.0	0.0	1.0
p01-s02-c0021	sb0019	D0	3	151	200	100.0	100.0	0.0	0.0	100.0	100.0	0.0	1.0
p01-s02-c0021	sb0019	D0	4	201	250	100.0	100.0	0.0	0.0	100.0	100.0	0.0	1.0
p01-s02-c0021	sb0019	D1	1	51	100	34.22835613299602	34.228151368304026	0.001254003245865112	3.663638536985587e-05	34.22659949907337	34.23033299193489	0.8401197352181493	7.779685940593101
p01-s02-c0021	sb0019	D1	2	101	150	34.2291483323318	34.229114389970405	0.0009411850793762868	2.7496596474977797e-05	34.22779858401439	34.23093264283176	0.7844045505198226	4.798736412142105
p01-s02-c0021	sb0019	D1	3	151	200	34.22854391290224	34.228622283298066	0.001490278296105936	4.353905032881591e-05	34.226292227851985	34.23075687193505	0.9299385335579141	9.222134544866238
p01-s02-c0021	sb0019	D1	4	201	250	34.227901151817335	34.227944127565024	0.0008818241143406283	2.5763312521831558e-05	34.22656402065082	34.22938725254052	0.746544889053852	4.816671704021102
p01-s02-c0021	sb0019	D2	1	51	100	22.206197025117408	22.20594571856569	0.0008072725323450746	3.635347968100839e-05	22.204963971538444	22.20752177399584	0.8149853094917636	5.827596952587059
p01-s02-c0021	sb0019	D2	2	101	150	22.206865269029503	22.206874720221823	0.0007478406976621923	3.367610370046951e-05	22.20573629191777	22.208044316630396	0.81784220363499	9.269068699474888
p01-s02-c0021	sb0019	D2	3	151	200	22.206434372886765	22.20640839222093	0.0010004648999005195	4.5052928493646424e-05	22.204917811522066	22.207878702338327	0.9152409311828221	9.736740512130634
p01-s02-c0021	sb0019	D2	4	201	250	22.205928961462646	22.205999513888948	0.0008737727529502957	3.9348624165495964e-05	22.20447393268225	22.2071039174573	0.8559008535408744	5.628984772145911
p01-s02-c0021	sb0019	evenness	1	51	100	0.7671930208618218	0.7671917219582358	7.955446465743749e-06	1.03695500994092e-05	0.7671818765020728	0.767205561981647	0.8401158141826365	7.779612969819561
p01-s02-c0021	sb0019	evenness	2	101	150	0.7671980466376283	0.7671978313900505	5.97077039526604e-06	7.782567254223241e-06	0.7671894838415697	0.767209365959726	0.7844028762588032	4.798739544056839
p01-s02-c0021	sb0019	evenness	3	151	200	0.7671942120893795	0.7671947094753544	9.454403108242061e-06	1.2323350410183499e-05	0.7671799270418892	0.7672082509362249	0.9299383901530622	9.22218358277093
p01-s02-c0021	sb0019	evenness	4	201	250	0.7671901344803396	0.7671904071957563	5.594406660962147e-06	7.2920732547630435e-06	0.7671816514124599	0.7671995624050397	0.7465418133295427	4.816714520337593
p01-s02-c0021	sb0019	TV	1	51	100	8.73798800000008e-05	8.648400000000817e-05	7.225142762910546e-06	0.08268657227396604	7.747260000000514e-05	0.00010136254999999243	0.6119383764981791	2.6689326093509464
p01-s02-c0021	sb0019	TV	2	101	150	8.986480000000421e-05	8.937550000000808e-05	6.347411649883513e-06	0.07063290242545708	8.13642500000011e-05	0.00010237985000001027	0.5871932801617796	3.059099447373165
p01-s02-c0021	sb0019	TV	3	151	200	8.857832000000114e-05	8.866550000000165e-05	6.99110554289079e-06	0.07892569584623754	7.944254999999329e-05	0.00010000395000000082	0.6375195694457749	3.24762078963464
p01-s02-c0021	sb0019	TV	4	201	250	8.684411999999593e-05	8.766949999999894e-05	1.0299925772744742e-05	0.11860245429103577	7.081200000000534e-05	0.00010412999999998788	0.7830819010010736	5.055001617627074
p01-s02-c0021	sb0020	D0	1	51	100	100.0	100.0	0.0	0.0	100.0	100.0	0.0	1.0
p01-s02-c0021	sb0020	D0	2	101	150	100.0	100.0	0.0	0.0	100.0	100.0	0.0	1.0
p01-s02-c0021	sb0020	D0	3	151	200	100.0	100.0	0.0	0.0	100.0	100.0	0.0	1.0
p01-s02-c0021	sb0020	D0	4	201	250	100.0	100.0	0.0	0.0	100.0	100.0	0.0	1.0
p01-s02-c0021	sb0020	D1	1	51	100	34.22817976413469	34.2284129295459	0.001487175071603715	4.344885067952172e-05	34.22571224732972	34.23003295062231	0.9254487133572317	11.22550115919221
p01-s02-c0021	sb0020	D1	2	101	150	34.22768742887965	34.22768364279375	0.0007960095232849416	2.3256304561590326e-05	34.226395195558524	34.22896898557962	0.7442667655014554	4.126836657115559
p01-s02-c0021	sb0020	D1	3	151	200	34.227727914128145	34.22785370509838	0.0011019718783924666	3.219529736701006e-05	34.225930557790036	34.229280243599554	0.8583827998552394	8.711186424348467
p01-s02-c0021	sb0020	D1	4	201	250	34.228344746527625	34.228138860921725	0.0012199617089145899	3.564185525034341e-05	34.226422835314246	34.23038461686553	0.8906564368838447	7.668003471529582
p01-s02-c0021	sb0020	D2	1	51	100	22.205992503048748	22.20602617056019	0.0010803450062525936	4.865105696600901e-05	22.204381960518884	22.207380303433464	0.9195373414617594	13.56839485582935
p01-s02-c0021	sb0020	D2	2	101	150	22.205823077681654	22.205716369903875	0.0005942819039248169	2.676243532364762e-05	22.20494046750544	22.20678841697485	0.7072141308913522	2.822464427123686
p01-s02-c0021	sb0020	D2	3	151	200	22.206057809961678	22.206198574684116	0.001003845938451763	4.5205949972868935e-05	22.204541945132775	22.207456369828755	0.910517732128254	12.150639755548495
p01-s02-c0021	sb0020	D2	4	201	250	22.206551882176587	22.206274588569713	0.0008317472624739849	3.745503880508173e-05	22.205603582158524	22.20812379000986	0.8770112822479362	7.495940846529897
p01-s02-c0021	sb0020	evenness	1	51	100	0.7671919019036912	0.7671933813257052	9.434879822025293e-06	1.2297939796566951e-05	0.767176247348802	0.7672036585999418	0.9254502533554988	11.225504591327017
p01-s02-c0021	sb0020	evenness	2	101	150	0.767188778596922	0.7671887546347704	5.050045416886695e-06	6.582532953782903e-06	0.7671805803110249	0.7671969089519657	0.7442654634060416	4.126831918327104
p01-s02-c0021	sb0020	evenness	3	151	200	0.767189035390478	0.7671898335409183	6.991146514791555e-06	9.112677830742529e-06	0.7671776324285371	0.7671988835515904	0.8583859274534376	8.711313268125497
p01-s02-c0021	sb0020	evenness	4	201	250	0.7671929486328543	0.7671916426100366	7.739499329670652e-06	1.0088074119375733e-05	0.7671807556733434	0.7672058894760794	0.8906548590015306	7.667952870741005
p01-s02-c0021	sb0020	TV	1	51	100	9.287762000000077e-05	9.226050000000252e-05	8.732758135237945e-06	0.09402435307060918	7.9858299999992e-05	0.00010799839999999772	0.7106403866045804	3.324970117263719
p01-s02-c0021	sb0020	TV	2	101	150	9.574890000000042e-05	9.69944999999949e-05	9.471975735649245e-06	0.0989251650478408	8.074764999999928e-05	0.0001091503499999997	0.859038363516476	6.183196569277798
p01-s02-c0021	sb0020	TV	3	151	200	8.688918000000098e-05	8.4850499999995e-05	9.00303167689137e-06	0.10361510693151056	7.34283999999989e-05	0.00010184034999999875	0.7542848456200817	4.72600687015634
p01-s02-c0021	sb0020	TV	4	201	250	8.841050000000111e-05	8.767300000000026e-05	9.619200465841083e-06	0.10880156164529058	7.610805000000438e-05	0.0001038412500000059	0.7534311204102933	3.9711447154425445
p01-s02-c0022	sb0001	D0	1	171	190	100.0	100.0	0.0	0.0	100.0	100.0	0.0	1.0
p01-s02-c0022	sb0001	D0	2	191	210	100.0	100.0	0.0	0.0	100.0	100.0	0.0	1.0
p01-s02-c0022	sb0001	D0	3	211	230	100.0	100.0	0.0	0.0	100.0	100.0	0.0	1.0
p01-s02-c0022	sb0001	D0	4	231	250	100.0	100.0	0.0	0.0	100.0	100.0	0.0	1.0
p01-s02-c0022	sb0001	D1	1	171	190	29.270165179675274	28.99454445426348	1.9994035612845569	0.06830858483412011	26.21673361705062	32.78567355100775	0.8707032213294263	4.611994548415937
p01-s02-c0022	sb0001	D1	2	191	210	31.067674407744015	30.898809696566662	0.7457410329313322	0.02400376105220952	30.04578275321517	32.40170617781649	0.350224781418274	1.2494156987005267
p01-s02-c0022	sb0001	D1	3	211	230	29.08679423567231	29.29461769199959	1.6529350306110266	0.05682767984736702	26.651143166952885	31.75437054828444	0.8176099590403896	4.715917866747857
p01-s02-c0022	sb0001	D1	4	231	250	29.996693755629963	30.677475414795126	1.6608391389724455	0.05536740657162355	27.18211712248197	31.61869206905148	0.888109344951541	4.976420261121426
p01-s02-c0022	sb0001	D2	1	171	190	19.23828554376931	19.04187007918877	1.8715333652319475	0.09728171260240388	16.501882821409467	22.447986229687437	0.8534661248560944	4.186553870891165
p01-s02-c0022	sb0001	D2	2	191	210	22.13048561765425	22.35723834029192	0.8885177439342641	0.040149039622766475	20.689325957304682	23.382026456643036	0.501717405043867	1.6268817187842257
p01-s02-c0022	sb0001	D2	3	211	230	19.900361364988708	20.131950116506104	1.6279800587766038	0.0818065576256699	18.097178284461666	22.559096567144945	0.8379011563692739	4.67124024066449
p01-s02-c0022	sb0001	D2	4	231	250	20.135996537540436	20.60239483424479	1.276022810422273	0.06337023390142757	18.071742448277465	21.48334935009643	0.866145386035582	4.502446689018274
p01-s02-c0022	sb0001	evenness	1	171	190	0.7327374000082555	0.731158006786969	0.014698162052587685	0.020059249128571963	0.7092892202236944	0.7578383337306039	0.8747038141465753	4.6405842151528365
p01-s02-c0022	sb0001	evenness	2	191	210	0.7460953616074886	0.7449707696948968	0.00518488040442851	0.006949353489153858	0.738891612626164	0.7552839273349614	0.3450799311939858	1.2353474425858708
p01-s02-c0022	sb0001	evenness	3	211	230	0.7315170867166769	0.7333937501517542	0.0122792074124903	0.016785947499331818	0.7128579179975799	0.7508989461600643	0.8163696649605339	4.744270294923591
p01-s02-c0022	sb0001	evenness	4	231	250	0.7382124747129025	0.7434097020177846	0.012250789679028751	0.01659520815303642	0.7171414977849395	0.7499718030777759	0.8927855479156956	5.000823818930202
p01-s02-c0022	sb0001	TV	1	171	190	0.1675170547	0.16671611050000001	0.018387263200324168	0.10976352964928393	0.13753917400000001	0.1943812609	0.7488086337878009	4.902548717044178
p01-s02-c0022	sb0001	TV	2	191	210	0.164258396	0.164656408	0.010050495085931312	0.061187101120428036	0.15033577925000005	0.17795980565	0.1867498790384723	1.8182151990631428
p01-s02-c0022	sb0001	TV	3	211	230	0.164278807	0.16115321900000001	0.01795067214177684	0.10926955503016796	0.14242038099999998	0.19806142295	0.6928216831646535	4.095427712877024
p01-s02-c0022	sb0001	TV	4	231	250	0.17475815880000004	0.17464404700000002	0.018207245512622698	0.10418538188800541	0.15130513425000003	0.19886945285000002	0.8182373575604002	5.505043611852127
p01-s02-c0022	sb0002	D0	1	171	190	100.0	100.0	0.0	0.0	100.0	100.0	0.0	1.0
p01-s02-c0022	sb0002	D0	2	191	210	100.0	100.0	0.0	0.0	100.0	100.0	0.0	1.0
p01-s02-c0022	sb0002	D0	3	211	230	100.0	100.0	0.0	0.0	100.0	100.0	0.0	1.0
p01-s02-c0022	sb0002	D0	4	231	250	100.0	100.0	0.0	0.0	100.0	100.0	0.0	1.0
p01-s02-c0022	sb0002	D1	1	171	190	30.59953819566534	30.69947788624613	3.007751761935875	0.09829402465825274	27.3044686384878	34.576207802944154	0.922404298297209	5.365036507991688
p01-s02-c0022	sb0002	D1	2	191	210	28.938566990741812	28.94284986244548	1.131322950175965	0.039093952044615896	27.502136950782592	30.85788200921366	0.5506487777382656	2.1710927929705446
p01-s02-c0022	sb0002	D1	3	211	230	29.469566711465916	29.244708517919896	1.6929588498063703	0.057447700754544175	26.69912847156687	31.593647238906048	0.8679328237394992	5.220005532780344
p01-s02-c0022	sb0002	D1	4	231	250	28.19996372234536	28.3151863655918	0.8143361091604274	0.028877204140342776	27.01521033776925	29.465115296910607	0.5416613858200956	2.951230340840949
p01-s02-c0022	sb0002	D2	1	171	190	20.897862936891148	20.530197116274547	2.2065459482834693	0.10558715764128387	18.336832916362592	24.038556515564004	0.8935780100228459	4.93753814756985
p01-s02-c0022	sb0002	D2	2	191	210	19.33667147804367	19.339151017313796	0.8181491511967001	0.042310754057423426	18.28944914445625	20.506027483663804	0.4616827764408537	1.8104840698138818
p01-s02-c0022	sb0002	D2	3	211	230	20.504845776774943	20.243553395299656	1.4303204721625402	0.06975524165037172	18.53229767545694	22.619430044489498	0.871921250432397	5.5171080777867445
p01-s02-c0022	sb0002	D2	4	231	250	18.96673035159873	19.16839814674102	0.8101316705290282	0.0427133014236553	17.740424813616546	19.829083760870102	0.5189929006227725	3.0220492401501784
p01-s02-c0022	sb0002	evenness	1	171	190	0.7418672805088888	0.743551741712918	0.02124020492890509	0.028630734212102237	0.7181161969967937	0.7693841737134981	0.9246706198314256	5.392245252696602
p01-s02-c0022	sb0002	evenness	2	191	210	0.7305818406567278	0.7307705926253458	0.008450376556077057	0.01156663919880752	0.7196825745508209	0.7446829879506482	0.548274706824518	2.1728273984385362
p01-s02-c0022	sb0002	evenness	3	211	230	0.734343583139975	0.7330178795775354	0.01255486310776351	0.01709671521071955	0.7132483296951004	0.749799535051487	0.8693958635384977	5.213079063951775
p01-s02-c0022	sb0002	evenness	4	231	250	0.725037914662835	0.7260093514784054	0.0062898495542439035	0.008675200878520785	0.7158036384017517	0.7346540085470092	0.5409480809494519	2.9806465736938295
p01-s02-c0022	sb0002	TV	1	171	190	0.17529280525000002	0.1776323065	0.013231735686844139	0.07548362106461376	0.15579420724999998	0.20131780485	0.5258380516119223	1.7648836114193354
p01-s02-c0022	sb0002	TV	2	191	210	0.17545839840000002	0.17588643399999998	0.014101422502677617	0.08036903694133808	0.16039544310000003	0.19587918475000002	0.5187430799829472	2.6641289604901806
p01-s02-c0022	sb0002	TV	3	211	230	0.1898378128	0.1832504005	0.0270028098918653	0.14224147177840482	0.15466662844999998	0.22869174075000004	0.8854518868264989	5.477564058654666
p01-s02-c0022	sb0002	TV	4	231	250	0.1813478071	0.18105506650000003	0.012028104396665228	0.06632616401053369	0.16494551265000001	0.19854798280000002	0.40669253756606494	2.4218412274515657
p01-s02-c0022	sb0003	D0	1	171	190	100.0	100.0	0.0	0.0	100.0	100.0	0.0	1.0
p01-s02-c0022	sb0003	D0	2	191	210	100.0	100.0	0.0	0.0	100.0	100.0	0.0	1.0
p01-s02-c0022	sb0003	D0	3	211	230	100.0	100.0	0.0	0.0	100.0	100.0	0.0	1.0
p01-s02-c0022	sb0003	D0	4	231	250	100.0	100.0	0.0	0.0	100.0	100.0	0.0	1.0
p01-s02-c0022	sb0003	D1	1	171	190	27.661807677054533	27.307369812045405	1.419564794880842	0.05131858378360323	25.985266299007947	30.094755577645792	0.7938432956185413	3.8491930754047616
p01-s02-c0022	sb0003	D1	2	191	210	31.266378045644295	31.51456980871667	1.7052418679209511	0.05453915594033788	28.579700857407513	33.583624591645574	0.6981902983431313	2.8290876585955855
p01-s02-c0022	sb0003	D1	3	211	230	32.17889187288848	31.821811053655985	1.2516710727478222	0.03889727084736521	30.753980358323084	33.87843442109291	0.5014063908100136	3.634998005937695
p01-s02-c0022	sb0003	D1	4	231	250	32.86478964748433	33.24971482460078	1.6579032552110868	0.05044618489861513	30.250252672542477	35.06541161709252	0.7462300278502889	4.288733266343365
p01-s02-c0022	sb0003	D2	1	171	190	18.359069557223574	17.861703347687673	1.550556601501836	0.08445725403833185	16.677976105726245	21.038213758983357	0.8501220192812373	4.193567212849457
p01-s02-c0022	sb0003	D2	2	191	210	21.440029902184843	21.942005527612253	1.638153783180032	0.0764063198910509	18.85105220146611	23.884808065700852	0.758409925216176	3.0802669626117263
p01-s02-c0022	sb0003	D2	3	211	230	22.677437447551878	22.560509301983423	1.0127246266620036	0.04465780708266627	21.122254389299663	24.208489121534743	0.3775953234310058	2.4803537497890806
p01-s02-c0022	sb0003	D2	4	231	250	22.8053586631998	22.861945164833152	1.4638121062610612	0.06418719950338526	20.694288288966366	25.065029520062506	0.6672322502763814	3.677944528241752
p01-s02-c0022	sb0003	evenness	1	171	190	0.7206721280744584	0.7181372783366924	0.011036313715004513	0.015313917779076733	0.7073635800410114	0.7392453495668849	0.7867050979078111	3.8352600363683766
p01-s02-c0022	sb0003	evenness	2	191	210	0.74722708737719	0.7492553085316807	0.011987648316786734	0.016042844965463002	0.7280215807235626	0.7630592671635167	0.7129087992148685	2.8543056878836577
p01-s02-c0022	sb0003	evenness	3	211	230	0.7536304726280448	0.7513577792020332	0.008406756508237426	0.011155011392946407	0.7439472790738043	0.7649588997273715	0.4996927657943013	3.630403115399615
p01-s02-c0022	sb0003	evenness	4	231	250	0.7580997586212843	0.7608935286429092	0.011054803111842199	0.014582253834174781	0.7403644834578377	0.772437554539396	0.7572164886627764	4.300027701758383
p01-s02-c0022	sb0003	TV	1	171	190	0.1852225792	0.176672573	0.023681892255247423	0.1278564004320237	0.1592271481	0.2204120895	0.9225577443626093	6.2252763982451285
p01-s02-c0022	sb0003	TV	2	191	210	0.1760500095	0.17443124399999999	0.019735614086211575	0.11210231764407587	0.14925582604999998	0.20200495794999998	0.4638337711406272	1.99596747328487
p01-s02-c0022	sb0003	TV	3	211	230	0.18431423535000002	0.1811744985	0.013795683251520986	0.07484871271784263	0.16624418365000002	0.2120597116	0.3007868467794072	1.4663531939575738
p01-s02-c0022	sb0003	TV	4	231	250	0.17959509294999998	0.176838897	0.013357047477381223	0.07437312043430876	0.16085657774999998	0.19666074745	0.7078086564231119	4.170443870495388
p01-s02-c0022	sb0004	D0	1	171	190	100.0	100.0	0.0	0.0	100.0	100.0	0.0	1.0
p01-s02-c0022	sb0004	D0	2	191	210	100.0	100.0	0.0	0.0	100.0	100.0	0.0	1.0
p01-s02-c0022	sb0004	D0	3	211	230	100.0	100.0	0.0	0.0	100.0	100.0	0.0	1.0
p01-s02-c0022	sb0004	D0	4	231	250	100.0	100.0	0.0	0.0	100.0	100.0	0.0	1.0
p01-s02-c0022	sb0004	D1	1	171	190	30.142626343872177	29.908633378204666	1.2954459618043201	0.042977209318977506	28.49805962563572	32.643350233477484	0.7997528594351807	4.953952925491487
p01-s02-c0022	sb0004	D1	2	191	210	29.441465915966717	29.292158361111703	1.1860042513661473	0.040283464646471714	27.569523816443656	31.259682486841303	0.7857575586714067	3.9884208522143454
p01-s02-c0022	sb0004	D1	3	211	230	28.93300922121149	28.78405980061308	2.2186052134241403	0.07668076267012099	25.985085185668854	32.59908073633154	0.8803291550545493	4.148468754228001
p01-s02-c0022	sb0004	D1	4	231	250	30.616136013493502	30.17430689724823	1.9190915855222317	0.06268235758674534	28.487699838453654	33.69608272032476	0.8496305887562845	6.795010575736603
p01-s02-c0022	sb0004	D2	1	171	190	21.07425269092761	20.808212898665474	1.0280316076031513	0.04878140272303535	19.85945101066036	23.211301255000528	0.5963011464384861	4.027967434584369
p01-s02-c0022	sb0004	D2	2	191	210	19.524003456137454	19.590303140311832	0.6100062973116105	0.03124391463472377	18.432425786312816	20.27773116605977	0.4486047697793641	2.766947777594435
p01-s02-c0022	sb0004	D2	3	211	230	18.957290095472352	18.72525020366534	2.0899734837205335	0.11024642621361216	16.15165541701021	21.94698024100463	0.8928787199249226	4.366488302381061
p01-s02-c0022	sb0004	D2	4	231	250	21.320011198454413	20.828616517419842	1.221993862772307	0.057316755202309416	19.85167391525134	23.23013180306132	0.7555787093904867	5.820621129301275
p01-s02-c0022	sb0004	evenness	1	171	190	0.7394038152667108	0.7378982818731019	0.009194037776643143	0.012434393205459394	0.7274075183958945	0.7568965468511006	0.799005920739695	4.9917496508818875
p01-s02-c0022	sb0004	evenness	2	191	210	0.7343116067365836	0.7333714421674646	0.008776739259757124	0.011952336282361892	0.7202142946077337	0.7474921928851019	0.7865665131496573	4.016239042357348
p01-s02-c0022	sb0004	evenness	3	211	230	0.7300980349933734	0.729559328744896	0.016496905782874622	0.0225954666252791	0.7073598159755649	0.7565995223735102	0.8723426017171705	4.167151632849037
p01-s02-c0022	sb0004	evenness	4	231	250	0.7425726833705181	0.7398122531470236	0.013542349377011664	0.018237069151996396	0.7273248435573688	0.7637892518845324	0.8504624634616357	6.8138519095978385
p01-s02-c0022	sb0004	TV	1	171	190	0.17867045134999998	0.181223197	0.017342928401072707	0.09706657295614823	0.15575038755	0.20526334670000002	0.5918342657911143	3.660061415730178
p01-s02-c0022	sb0004	TV	2	191	210	0.17346518525000001	0.173214486	0.015433547082616622	0.08897201510708687	0.15452619085	0.19686456674999997	0.5662733079451627	3.763103243290732
p01-s02-c0022	sb0004	TV	3	211	230	0.1885154906	0.1908947635	0.02363233768407894	0.1253601898117912	0.1436250231	0.2163655225	0.8904674311963156	4.099294210429369
p01-s02-c0022	sb0004	TV	4	231	250	0.16651809245000002	0.1670931395	0.016516956532957892	0.09919016180129135	0.14243167595	0.18806892925	0.8115326560142606	5.860895461118931
p01-s02-c0022	sb0005	D0	1	171	190	100.0	100.0	0.0	0.0	100.0	100.0	0.0	1.0
p01-s02-c0022	sb0005	D0	2	191	210	100.0	100.0	0.0	0.0	100.0	100.0	0.0	1.0
p01-s02-c0022	sb0005	D0	3	211	230	100.0	100.0	0.0	0.0	100.0	100.0	0.0	1.0
p01-s02-c0022	sb0005	D0	4	231	250	100.0	100.0	0.0	0.0	100.0	100.0	0.0	1.0
p01-s02-c0022	sb0005	D1	1	171	190	28.074308465776888	28.305869362918834	1.0005361903287817	0.03563885434786236	26.672193468569514	29.533984323071245	0.6735728434279632	2.917638346411848
p01-s02-c0022	sb0005	D1	2	191	210	31.44109914200273	32.08677842776243	1.717475569936093	0.054625175862305864	28.93214250987211	33.51795749139647	0.8554350880842229	5.986819145053913
p01-s02-c0022	sb0005	D1	3	211	230	31.112491248381065	31.253408089210083	1.0778334848493287	0.034643110905026406	29.530180278922852	32.65402931153477	0.5691553643827708	2.7628983775483733
p01-s02-c0022	sb0005	D1	4	231	250	32.02666141907114	31.80320735623217	1.4017090930715823	0.04376694388247714	30.178145678549903	33.766245785752645	0.7558812688953936	4.604195686989872
p01-s02-c0022	sb0005	D2	1	171	190	18.637402562713852	18.546569811365252	1.0982191645235682	0.05892554828003098	17.19860006640649	20.64299653855088	0.7017033456907976	2.7808609777843527
p01-s02-c0022	sb0005	D2	2	191	210	21.821982812015627	21.943393479229673	0.9513607143863042	0.04359643771062205	20.551716298526518	23.064226655205932	0.48751127329523686	3.5543370879355427
p01-s02-c0022	sb0005	D2	3	211	230	21.982749409765916	22.090936275119383	0.7626924571220499	0.03469504395947948	20.869636597955008	23.07714791500387	0.4270348745028416	2.7342158073560014
p01-s02-c0022	sb0005	D2	4	231	250	22.424854062405853	22.284113240971116	1.3127207399508267	0.058538652528024135	20.578618746170893	24.167356824768184	0.6484527328258337	4.48329203279787
p01-s02-c0022	sb0005	evenness	1	171	190	0.7240231212531072	0.7259382126814291	0.007757065711993064	0.01071383700919313	0.7130291426618096	0.7351606935856435	0.6741679965354986	2.9329854253665193
p01-s02-c0022	sb0005	evenness	2	191	210	0.7484365470134646	0.7531627754266489	0.01199269311143719	0.01602366046833552	0.7306897318135589	0.7626387352498286	0.862002149526591	5.990525115456719
p01-s02-c0022	sb0005	evenness	3	211	230	0.7463422358153167	0.7474483549458757	0.007585604169509567	0.01016370748631548	0.7351288468495213	0.7569682012146023	0.5672557110527632	2.755963918430324
p01-s02-c0022	sb0005	evenness	4	231	250	0.7525583204213185	0.7512342287153373	0.00950167485934393	0.01262583191429527	0.7398452552572249	0.7642406024587216	0.7472015021859849	4.58515074109365
p01-s02-c0022	sb0005	TV	1	171	190	0.1811219126	0.1839517455	0.013411745555913469	0.07404816658232147	0.15526843950000002	0.20162463284999996	0.5704842109081248	2.260764142724347
p01-s02-c0022	sb0005	TV	2	191	210	0.1661121866	0.16787808999999998	0.015579466204571733	0.09378882141914888	0.14074681939999997	0.18715504705	0.6614986987828043	2.830474194535543
p01-s02-c0022	sb0005	TV	3	211	230	0.16863066275	0.17202952	0.00982996556872707	0.058292871583504886	0.15482255520000002	0.1820167558	0.3508690783765976	1.2878247666241565
p01-s02-c0022	sb0005	TV	4	231	250	0.18235516335	0.182311999	0.010412951131023324	0.05710258453739212	0.16808991685000002	0.19892114565	0.5724062368422268	2.29125326663012
p01-s02-c0022	sb0006	D0	1	171	190	100.0	100.0	0.0	0.0	100.0	100.0	0.0	1.0
p01-s02-c0022	sb0006	D0	2	191	210	100.0	100.0	0.0	0.0	100.0	100.0	0.0	1.0
p01-s02-c0022	sb0006	D0	3	211	230	100.0	100.0	0.0	0.0	100.0	100.0	0.0	1.0
p01-s02-c0022	sb0006	D0	4	231	250	100.0	100.0	0.0	0.0	100.0	100.0	0.0	1.0
p01-s02-c0022	sb0006	D1	1	171	190	30.612165897825804	30.919415497058843	2.0403550621912765	0.0666517707045417	27.902460406146115	33.04903758236249	0.9314667644264315	6.7287106481037995
p01-s02-c0022	sb0006	D1	2	191	210	31.82529289244433	32.087048362871535	1.1604701791350613	0.03646377059456912	30.04635446819024	33.25834500267227	0.7654590730398598	3.5681556804591334
p01-s02-c0022	sb0006	D1	3	211	230	30.210184554489736	30.543246665661115	1.3562884957719203	0.04489507481576617	28.011323610192818	31.87746054838827	0.8251845836561822	5.24334562859998
p01-s02-c0022	sb0006	D1	4	231	250	29.268507086878913	29.435724484885814	0.9203843545324184	0.031446235088124025	28.036223173807482	30.536886125947554	0.37611826577429835	2.209717071165526
p01-s02-c0022	sb0006	D2	1	171	190	21.428495956640578	21.840210007707725	1.7260379638204466	0.08054872200610778	19.187535351311553	23.574351608301594	0.8960404787432551	6.420130320957821
p01-s02-c0022	sb0006	D2	2	191	210	22.31679964634341	22.56601278818956	1.125350151630296	0.05042614395719073	20.591947909323814	23.841812438970003	0.7244295157356723	3.4937576035469347
p01-s02-c0022	sb0006	D2	3	211	230	20.87887577774118	20.866647175527415	1.3856854925149966	0.06636782110616636	18.8910035254486	22.94130293107742	0.8701217763008594	5.950418350357174
p01-s02-c0022	sb0006	D2	4	231	250	19.770643514947285	19.824086936841024	0.6695173380185278	0.03386421577589772	18.96106827515033	20.783273028461565	0.29028413309452883	1.477422569064227
p01-s02-c0022	sb0006	evenness	1	171	190	0.7424874297893082	0.7451153331620021	0.014506049930578135	0.019537098338074817	0.7228212474145899	0.7595747409438754	0.9326416633132287	6.681967889285108
p01-s02-c0022	sb0006	evenness	2	191	210	0.7512482401869124	0.7531646903219968	0.007954227148733834	0.01058801435162737	0.7388953435245997	0.7609466529220346	0.7705150930778992	3.5455499610730765
p01-s02-c0022	sb0006	evenness	3	211	230	0.7398658601386927	0.7424527475900414	0.00985223150282712	0.01331624019113445	0.7236661704828874	0.7517418572695143	0.8244607653058504	5.2154973745014885
p01-s02-c0022	sb0006	evenness	4	231	250	0.7330974528742764	0.7344355170046223	0.006870747074234774	0.009372215177254315	0.7238561494387822	0.7424119956467099	0.3759474921701889	2.19512606305711
p01-s02-c0022	sb0006	TV	1	171	190	0.194294872	0.2008085865	0.01578538116636918	0.08124445593380962	0.16656458700000004	0.20963287995000002	0.5264911876732248	2.39769033502649
p01-s02-c0022	sb0006	TV	2	191	210	0.19079829845000001	0.191060607	0.015817019252012805	0.08289916304551197	0.16728974295000004	0.21540691655000005	0.5063319036824234	2.045241151665156
p01-s02-c0022	sb0006	TV	3	211	230	0.16828399005	0.1689503315	0.014194974847469425	0.0843513090178802	0.15512628035	0.18573407975000003	0.2417194752934996	1.7841833554587456
p01-s02-c0022	sb0006	TV	4	231	250	0.1650681115	0.1646307455	0.017719659118020325	0.10734756069478825	0.13929583429999998	0.19194745629999999	0.7338010312153918	5.309792334368205
p01-s02-c0022	sb0007	D0	1	171	190	100.0	100.0	0.0	0.0	100.0	100.0	0.0	1.0
p01-s02-c0022	sb0007	D0	2	191	210	100.0	100.0	0.0	0.0	100.0	100.0	0.0	1.0
p01-s02-c0022	sb0007	D0	3	211	230	100.0	100.0	0.0	0.0	100.0	100.0	0.0	1.0
p01-s02-c0022	sb0007	D0	4	231	250	100.0	100.0	0.0	0.0	100.0	100.0	0.0	1.0
p01-s02-c0022	sb0007	D1	1	171	190	27.163355253289478	27.010516344881424	0.6730619201781413	0.024778305695377364	26.206090654395997	28.20489173474604	0.30300883805550927	1.0
p01-s02-c0022	sb0007	D1	2	191	210	28.91871285217934	28.79558784957765	1.4197572549771662	0.04909475958471547	27.17325517415143	31.37028906227468	0.5467793998195475	2.840137864896491
p01-s02-c0022	sb0007	D1	3	211	230	29.148162462189372	28.939407525052445	1.5527363679859185	0.053270471852217394	27.237216883367545	31.86846953230876	0.8777895460855734	6.169994000321114
p01-s02-c0022	sb0007	D1	4	231	250	29.611019252152364	29.899543706619966	1.2899393421187475	0.043562814610813655	27.523397963080516	31.227780009252495	0.6993215031424778	2.888516511226287
p01-s02-c0022	sb0007	D2	1	171	190	17.803786811006653	18.10128090064861	0.8640187208018849	0.04853005318327736	16.477381700795426	18.71502420097555	0.7079560978031082	4.6353138223534796
p01-s02-c0022	sb0007	D2	2	191	210	20.14279067057141	20.17182377315518	1.7157527163878448	0.08517949396627335	17.64756993303046	22.79812539586198	0.7835420491372661	5.00730663954189
p01-s02-c0022	sb0007	D2	3	211	230	20.08363059012873	19.835351572689923	1.7284347389289456	0.0860618667114145	17.721533064506207	22.56961418954579	0.9063203614953522	6.636296930478048
p01-s02-c0022	sb0007	D2	4	231	250	18.838325370971152	18.902228196873814	0.7860071179981762	0.04172383173768572	17.433630736013875	19.893908909891987	0.5657955766354286	2.4168780242851993
p01-s02-c0022	sb0007	evenness	1	171	190	0.7169284170256538	0.7157664369596355	0.005378316271630138	0.0075018874184724724	0.7092002699072634	0.7251622185063117	0.30728495130740247	1.0
p01-s02-c0022	sb0007	evenness	2	191	210	0.7303454973573363	0.729661693460822	0.010514055088596855	0.014396001791810378	0.717069034827779	0.7482529430097894	0.5445799133826269	2.857603617948875
p01-s02-c0022	sb0007	evenness	3	211	230	0.7320156838814613	0.7307448163452726	0.011485524372229198	0.015690270885082704	0.7175807064151275	0.7516806007620377	0.8739038248630666	6.1661807871914425
p01-s02-c0022	sb0007	evenness	4	231	250	0.7355276906485348	0.7378312438013197	0.009577473412014488	0.013021227526552765	0.7198507224498849	0.7472694397470331	0.7005039028400428	2.884266534104536
p01-s02-c0022	sb0007	TV	1	171	190	0.19113718080000003	0.19192917049999997	0.009704084677684466	0.05077026163652856	0.17584833255000004	0.20244509735000002	0.20610350076591466	1.0
p01-s02-c0022	sb0007	TV	2	191	210	0.17350792475000001	0.1722190995	0.009728007880352066	0.05606664879640931	0.15712479045	0.18697478015000002	0.3872354703976296	3.055443238974131
p01-s02-c0022	sb0007	TV	3	211	230	0.16850619139999998	0.16766747650000002	0.018907359476617192	0.11220572561476334	0.14200536450000004	0.19369322315	0.7356665129737833	4.307645900620897
p01-s02-c0022	sb0007	TV	4	231	250	0.19838161589999997	0.19425553299999998	0.016848383093888957	0.08492915544342514	0.17929514539999997	0.22137324415	0.68852795252763	3.7337271718994725
p01-s02-c0022	sb0008	D0	1	171	190	100.0	100.0	0.0	0.0	100.0	100.0	0.0	1.0
p01-s02-c0022	sb0008	D0	2	191	210	100.0	100.0	0.0	0.0	100.0	100.0	0.0	1.0
p01-s02-c0022	sb0008	D0	3	211	230	100.0	100.0	0.0	0.0	100.0	100.0	0.0	1.0
p01-s02-c0022	sb0008	D0	4	231	250	100.0	100.0	0.0	0.0	100.0	100.0	0.0	1.0
p01-s02-c0022	sb0008	D1	1	171	190	31.469779331157632	31.482142797793514	1.4109596250596996	0.04483538350276054	29.331229788508463	33.379320624909866	0.763792947675275	3.8629021111943
p01-s02-c0022	sb0008	D1	2	191	210	30.261180791306295	30.112238632227488	1.354139677735371	0.04474840843369868	28.282948252064052	32.69665704974626	0.6851177953047645	2.959727404416105
p01-s02-c0022	sb0008	D1	3	211	230	29.399734754085955	29.34767657601347	1.4887758966928295	0.05063909280630229	27.33056308824363	31.571747754460322	0.7918858991915461	6.234476208593077
p01-s02-c0022	sb0008	D1	4	231	250	28.63166016246701	28.578097215134804	1.1586517924529585	0.04046750296274559	27.001924650513644	29.97008990950831	0.611782344358985	2.911576771626597
p01-s02-c0022	sb0008	D2	1	171	190	22.303211392076406	22.09875524151706	1.1324208772832276	0.050773893381360284	20.805408558366704	23.920669789364307	0.6246171721352644	2.768593314780688
p01-s02-c0022	sb0008	D2	2	191	210	21.939406251851427	21.647119678800674	1.2424972425120075	0.05663312982351815	20.442286533798537	24.172296299465533	0.6306057596951886	2.971889262325532
p01-s02-c0022	sb0008	D2	3	211	230	19.883262330594142	19.934324655283444	1.5697147802875828	0.07894654077325536	17.45659138771413	21.833061694270725	0.8761701437417231	6.384777826023359
p01-s02-c0022	sb0008	D2	4	231	250	18.616246749806706	18.721331465049808	0.9462407342799235	0.05082875979228995	17.499617955082943	20.054824066996407	0.5462930830417724	2.7415115118886506
p01-s02-c0022	sb0008	evenness	1	171	190	0.7487392235944704	0.7490321415179978	0.009747047914457388	0.01301794751404202	0.7336644589816447	0.7617343367289238	0.7720256815406042	3.945852167455065
p01-s02-c0022	sb0008	evenness	2	191	210	0.740238068409927	0.7393667777445747	0.009659087054491696	0.013048622418514571	0.7257619071197646	0.7572516748322847	0.6864839963359748	2.998803146940385
p01-s02-c0022	sb0008	evenness	3	211	230	0.7339050211299176	0.7337856335809307	0.011065546054034352	0.015077626852856078	0.7183194528232334	0.7496493119202942	0.796509873596053	6.2022695983588365
p01-s02-c0022	sb0008	evenness	4	231	250	0.7282549108969191	0.7280117152196688	0.00876731067893593	0.012038793762664925	0.7156936773714027	0.7383324258552789	0.6123625135352464	2.8990166681932665
p01-s02-c0022	sb0008	TV	1	171	190	0.18224112325000003	0.17831007	0.022935916460314745	0.12585477992720143	0.14893551825	0.21817536340000002	0.7680459758321547	5.093537620405309
p01-s02-c0022	sb0008	TV	2	191	210	0.18108826650000004	0.176053753	0.021481626985262084	0.1186251732398249	0.15330269745	0.22123668130000002	0.7838380862801442	3.7753664468774066
p01-s02-c0022	sb0008	TV	3	211	230	0.18101264255000002	0.18400301000000002	0.02410019373379371	0.1331409419490501	0.14540664124999997	0.22018016765000004	0.7557386974841075	3.4872153399485715
p01-s02-c0022	sb0008	TV	4	231	250	0.18481902735	0.1864895975	0.01978266933687876	0.10703805566196083	0.15727196510000002	0.21796902400000004	0.5809381059022712	2.1343619534829013
p01-s02-c0022	sb0009	D0	1	171	190	100.0	100.0	0.0	0.0	100.0	100.0	0.0	1.0
p01-s02-c0022	sb0009	D0	2	191	210	100.0	100.0	0.0	0.0	100.0	100.0	0.0	1.0
p01-s02-c0022	sb0009	D0	3	211	230	100.0	100.0	0.0	0.0	100.0	100.0	0.0	1.0
p01-s02-c0022	sb0009	D0	4	231	250	100.0	100.0	0.0	0.0	100.0	100.0	0.0	1.0
p01-s02-c0022	sb0009	D1	1	171	190	32.00736093837527	31.8317545907398	0.7086640013178971	0.02214065704080724	30.98821410562257	32.97903979943107	0.2027443746997083	1.525842343309559
p01-s02-c0022	sb0009	D1	2	191	210	29.509298801536175	28.72961410676265	2.1011987750382803	0.07120463245059884	27.26466751895195	33.40354296061755	0.8495326344064502	5.427087014680403
p01-s02-c0022	sb0009	D1	3	211	230	28.386712070751535	28.108831390890636	1.2939934343238138	0.04558447738148194	26.840553694215284	30.631327583437248	0.8884016256763524	5.229810402521403
p01-s02-c0022	sb0009	D1	4	231	250	31.971909761491226	32.089075870069564	1.2095137866904169	0.03783051421430019	30.205601111200867	33.36077854965752	0.5986575255604509	2.83125704610636
p01-s02-c0022	sb0009	D2	1	171	190	22.98609638721361	23.004751274398316	0.5837404666363845	0.02539537191539402	22.23316223596809	23.7767779362146	0.11460538939256616	2.140228545017302
p01-s02-c0022	sb0009	D2	2	191	210	20.241521166720695	19.63966409230661	1.731642166941945	0.08554901346984518	18.570735798045447	23.476178886841954	0.8777315928676387	4.618569139059642
p01-s02-c0022	sb0009	D2	3	211	230	19.467175949806286	18.907183289460406	1.4356373626572125	0.07374656531377877	17.972818403203465	22.169264035660504	0.9345176852859358	6.199427528861715
p01-s02-c0022	sb0009	D2	4	231	250	23.558947087011575	23.521423885420568	0.9681485782154948	0.041094730364637164	22.26377008068233	24.98354342662446	0.5274976827151289	2.7817323611210822
p01-s02-c0022	sb0009	evenness	1	171	190	0.7525743697189405	0.7514302879279561	0.004807957323665747	0.006388680663495551	0.7455980622560308	0.7591185046438136	0.20297668552594383	1.527255460253139
p01-s02-c0022	sb0009	evenness	2	191	210	0.7344731647559932	0.7291646032960117	0.01509104063004995	0.02054675562593699	0.7178001014232916	0.7618961504966818	0.8481548899367914	5.457775732323448
p01-s02-c0022	sb0009	evenness	3	211	230	0.7263464265425175	0.7244199653480579	0.009787673866124448	0.013475214454781264	0.7143954169767696	0.7430820763279847	0.8859487176494154	5.232191490243267
p01-s02-c0022	sb0009	evenness	4	231	250	0.7522374848725722	0.7531785616657236	0.008182394784110415	0.010877408994709296	0.7400428722031035	0.7616049273663482	0.6077725683058315	2.8623553438642837
p01-s02-c0022	sb0009	TV	1	171	190	0.18756722325	0.187219798	0.017226441406928396	0.0918414268145775	0.16002543649999998	0.21493572780000003	0.6261787904591914	4.233267877984112
p01-s02-c0022	sb0009	TV	2	191	210	0.19016575070000002	0.189499546	0.02150729276851505	0.1130976145249432	0.1598926645	0.2211146191	0.8744822138699156	5.45165353260717
p01-s02-c0022	sb0009	TV	3	211	230	0.17396467465	0.17071650050000003	0.020616000241141238	0.11850681917244764	0.1404858511	0.20086753225000004	0.8648062961710853	5.736275647599303
p01-s02-c0022	sb0009	TV	4	231	250	0.1872411105	0.184348841	0.02042782521228343	0.1090990389756497	0.15866355324999998	0.2169736084	0.7659056970470195	3.603021944799906
p01-s02-c0022	sb0010	D0	1	171	190	100.0	100.0	0.0	0.0	100.0	100.0	0.0	1.0
p01-s02-c0022	sb0010	D0	2	191	210	100.0	100.0	0.0	0.0	100.0	100.0	0.0	1.0
p01-s02-c0022	sb0010	D0	3	211	230	100.0	100.0	0.0	0.0	100.0	100.0	0.0	1.0
p01-s02-c0022	sb0010	D0	4	231	250	100.0	100.0	0.0	0.0	100.0	100.0	0.0	1.0
p01-s02-c0022	sb0010	D1	1	171	190	29.505256918987236	29.28599451929324	0.7162538247133212	0.024275464764802548	28.725020211986266	30.601606131380986	0.6377582938255574	3.9281900386405217
p01-s02-c0022	sb0010	D1	2	191	210	27.297925818842003	27.408236826452764	0.8939398794207823	0.032747538598839374	25.85609668149474	28.60716791189173	0.5972627761420677	2.138887049312092
p01-s02-c0022	sb0010	D1	3	211	230	29.058056857699295	28.983876294808567	0.745795468455984	0.025665703391945016	28.2302437303213	30.062423839685167	0.2583244694756479	2.001085955862176
p01-s02-c0022	sb0010	D1	4	231	250	29.364388712001368	29.658516760684947	0.7738970286285898	0.026354951101443987	27.80752040435373	30.318727180117374	0.4717832552482802	3.4304287349305436
p01-s02-c0022	sb0010	D2	1	171	190	20.487459263816035	20.43531663764983	0.6440478175427463	0.03143619759040754	19.518475102189257	21.324643811181662	0.5661689426022534	3.293351752842962
p01-s02-c0022	sb0010	D2	2	191	210	18.252358354934465	18.59830328803693	1.0029390649469196	0.05494846449120797	16.500675340952707	19.631296412151592	0.7521930618841144	3.495109888723631
p01-s02-c0022	sb0010	D2	3	211	230	20.147105200605687	20.170123393193133	0.5927723221865632	0.029422208117955453	19.07027512804491	20.780468383340203	0.16879605876245812	1.0
p01-s02-c0022	sb0010	D2	4	231	250	20.359491290086858	20.40041740595109	0.827711615273868	0.04065482793653519	19.085619361793167	21.65267736396894	0.6583178260416269	5.125208997847225
p01-s02-c0022	sb0010	evenness	1	171	190	0.7348893049478186	0.7333285986525095	0.00524610981224724	0.007138639488867979	0.7291300547302902	0.742871953655399	0.6394966066871622	3.957423871488062
p01-s02-c0022	sb0010	evenness	2	191	210	0.717952581198168	0.7189404655067712	0.007190348785460257	0.01001507477479991	0.7062766304233332	0.7282374324770785	0.5931194277248365	2.1285769052960273
p01-s02-c0022	sb0010	evenness	3	211	230	0.7315652744593736	0.7310762123072023	0.00557744409491521	0.007623986935461007	0.7253544418567796	0.7390113714677113	0.26219464624448663	1.9967458409281122
p01-s02-c0022	sb0010	evenness	4	231	250	0.7338377494386655	0.7360744851352037	0.005788405926066482	0.007887855224801678	0.7220807853382477	0.7408548935534122	0.4694825206835021	3.4353885824043484
p01-s02-c0022	sb0010	TV	1	171	190	0.1544406982	0.153495995	0.019575901181876354	0.12675351387317382	0.12629286315000002	0.18308004865000002	0.8188066912477447	4.019120930253024
p01-s02-c0022	sb0010	TV	2	191	210	0.1763491123	0.1790978875	0.015156438393523843	0.0859456460871782	0.14831622110000003	0.19269749745	0.6659479562816955	3.055250322940024
p01-s02-c0022	sb0010	TV	3	211	230	0.17114203649999998	0.17221344849999998	0.014338887390198153	0.0837835501051675	0.14927652400000002	0.192536376	0.5720542079758921	3.226630079166859
p01-s02-c0022	sb0010	TV	4	231	250	0.15510082220000002	0.155051664	0.013703088501871631	0.0883495542286792	0.13819437375000002	0.18049158730000003	0.5613448211735655	2.2285399046827816
p01-s02-c0022	sb0011	D0	1	171	190	100.0	100.0	0.0	0.0	100.0	100.0	0.0	1.0
p01-s02-c0022	sb0011	D0	2	191	210	100.0	100.0	0.0	0.0	100.0	100.0	0.0	1.0
p01-s02-c0022	sb0011	D0	3	211	230	100.0	100.0	0.0	0.0	100.0	100.0	0.0	1.0
p01-s02-c0022	sb0011	D0	4	231	250	100.0	100.0	0.0	0.0	100.0	100.0	0.0	1.0
p01-s02-c0022	sb0011	D1	1	171	190	28.15517684833843	27.99002728736918	1.0208804604934028	0.036259067595011386	26.840195846871694	29.748816260648507	0.6747225886026874	2.6998239801651214
p01-s02-c0022	sb0011	D1	2	191	210	27.814240840059426	27.689608147397845	0.9850998817357571	0.03541710476300213	26.407580924962772	29.454359429325734	0.61382624661359	3.753213077394872
p01-s02-c0022	sb0011	D1	3	211	230	28.543551808346205	28.626061861804608	0.8309273133103507	0.029110859044086643	27.07696431902509	29.67426137697994	0.4447333965504327	2.0542251396942426
p01-s02-c0022	sb0011	D1	4	231	250	28.243514544208995	28.18871220303397	0.7404691187846252	0.02621731504503747	27.067393899801925	29.752658431861306	0.5142914239325483	2.499951419613147
p01-s02-c0022	sb0011	D2	1	171	190	19.550513814388346	19.5053538214458	1.008760697522814	0.051597656568003296	18.224854269998975	20.783949539284965	0.7854221472605085	3.440094982594995
p01-s02-c0022	sb0011	D2	2	191	210	19.473673557794392	19.461691103555196	0.6710173696936329	0.03445766756345037	18.520482105242795	20.69020773633297	0.3387292787563273	1.6487962656049318
p01-s02-c0022	sb0011	D2	3	211	230	19.65375762188011	19.70940661439165	0.763777765463433	0.03886166605683258	18.467056497936248	20.873431522649135	0.5794856798604964	2.4076907068320312
p01-s02-c0022	sb0011	D2	4	231	250	19.346927768351005	19.430297921165298	0.81950287193112	0.04235829490570164	18.038635460025024	20.75787942066082	0.6897666893255565	3.578502635057621
p01-s02-c0022	sb0011	evenness	1	171	190	0.7246438732377682	0.7235015931940071	0.007858469348496117	0.010844595033121348	0.7143923038056011	0.7367348308762321	0.6785051320545596	2.7198405955725304
p01-s02-c0022	sb0011	evenness	2	191	210	0.7220058331426535	0.721157905514787	0.0076195210477387944	0.010553267990333997	0.710864307225011	0.7345722569750447	0.6178914199756094	3.7845973028825863
p01-s02-c0022	sb0011	evenness	3	211	230	0.7276656233614551	0.7283787102745771	0.006374469154307022	0.008760162565960074	0.7162989916578048	0.7361897935342654	0.45123853463960156	2.0704434795615674
p01-s02-c0022	sb0011	evenness	4	231	250	0.7253889512993921	0.725037559857483	0.005664670558892502	0.007809149214011814	0.7162229144049859	0.7367628100015147	0.5029676676258185	2.480131403595953
p01-s02-c0022	sb0011	TV	1	171	190	0.17523800940000003	0.17268294000000003	0.017469347563728015	0.09968926047232314	0.15357570945	0.20400018044999998	0.522268236340763	4.3532505858478165
p01-s02-c0022	sb0011	TV	2	191	210	0.16100553185000002	0.15993580250000003	0.016220708567467833	0.10074628108169459	0.13508371760000001	0.18781167875000002	0.5728191133656118	2.7367899533352
p01-s02-c0022	sb0011	TV	3	211	230	0.16264385874999998	0.165179491	0.011179400297251094	0.06873545907709286	0.14223171704999996	0.17539953705000003	0.38844275731757977	1.7357487390739756
p01-s02-c0022	sb0011	TV	4	231	250	0.17034479790000004	0.16944311550000002	0.023848577377358782	0.1400017944273177	0.13769426245	0.2101623974	0.8101635312742325	4.92039330501131
p01-s02-c0022	sb0012	D0	1	171	190	100.0	100.0	0.0	0.0	100.0	100.0	0.0	1.0
p01-s02-c0022	sb0012	D0	2	191	210	100.0	100.0	0.0	0.0	100.0	100.0	0.0	1.0
p01-s02-c0022	sb0012	D0	3	211	230	100.0	100.0	0.0	0.0	100.0	100.0	0.0	1.0
p01-s02-c0022	sb0012	D0	4	231	250	100.0	100.0	0.0	0.0	100.0	100.0	0.0	1.0
p01-s02-c0022	sb0012	D1	1	171	190	27.40084991324249	27.307155096812856	0.6524125751921794	0.02380993937260598	26.63001541075409	28.360532071923803	0.2793767469594104	1.3919740709955097
p01-s02-c0022	sb0012	D1	2	191	210	27.119257199550372	27.171719625653758	0.8633967873770394	0.03183703672353365	25.80525117710541	28.357020270590176	0.5070351058062252	2.4125528035091897
p01-s02-c0022	sb0012	D1	3	211	230	29.784303686029922	29.740140377985526	1.1572342903969788	0.03885383061480702	28.025725078691114	31.248611229134838	0.758556910269763	3.113579003567362
p01-s02-c0022	sb0012	D1	4	231	250	29.84648120211017	29.76514581858489	0.8974974821669783	0.030070462112080556	28.67106157235082	31.174851512778986	0.6551842435934554	3.159476419249814
p01-s02-c0022	sb0012	D2	1	171	190	17.596856886820344	17.50776492246284	0.620474165808456	0.03526051099916471	16.74444257287122	18.488418897652412	0.2885201226517134	1.2557119791943006
p01-s02-c0022	sb0012	D2	2	191	210	17.82480430502196	17.424408873708856	0.8911863122763839	0.04999697595699837	16.76263114261275	18.970045695667206	0.7071103693197698	3.6340316252656626
p01-s02-c0022	sb0012	D2	3	211	230	20.627477045007446	20.512437866420264	1.0292790029344403	0.04989844374513853	19.130586121066813	22.1938085392915	0.7698736555100352	3.160323744424941
p01-s02-c0022	sb0012	D2	4	231	250	20.6625365725927	20.554502275632828	0.8816687172320493	0.04266991683884139	19.47948036460017	21.959492782020398	0.6470646961489285	2.7893189180980196
p01-s02-c0022	sb0012	evenness	1	171	190	0.7188237501147595	0.7181374772038075	0.005156563429890904	0.0071736130436253175	0.7126851688459225	0.7263568198178578	0.2769667260405011	1.397808572893811
p01-s02-c0022	sb0012	evenness	2	191	210	0.7165340044688243	0.717058028431255	0.006930536073720613	0.009672305892667727	0.7058539955718107	0.7263302960046509	0.5025279587922173	2.3977815542914644
p01-s02-c0022	sb0012	evenness	3	211	230	0.7368371320150916	0.7366673681477869	0.008473052327517811	0.011499220057417343	0.7237784102324122	0.7474153398372714	0.7528325739853523	3.1023329591661573
p01-s02-c0022	sb0012	evenness	4	231	250	0.7373536787631318	0.7368540071943611	0.006510268773991367	0.008829234818373683	0.728721428374935	0.7469004957942378	0.6575829054562867	3.193556805879087
p01-s02-c0022	sb0012	TV	1	171	190	0.19636371054999996	0.1975769115	0.007979570190386547	0.0406366846910581	0.1851876369	0.2076101144	0.183216116018873	1.0
p01-s02-c0022	sb0012	TV	2	191	210	0.18916715060000003	0.18908825750000002	0.014951007768425685	0.07903596222179224	0.16746572545	0.21204037605000003	0.5438249604873777	2.6206299542092317
p01-s02-c0022	sb0012	TV	3	211	230	0.18472730980000002	0.18519622549999998	0.01998951999134664	0.10821096248837722	0.1555277404	0.21053465240000002	0.7847512639846033	3.6750307973399274
p01-s02-c0022	sb0012	TV	4	231	250	0.15468931439999997	0.16110731050000002	0.013955451636749045	0.09021600290154914	0.13174113865000003	0.169931479	0.7368243360608067	4.114861553366374
p01-s02-c0022	sb0013	D0	1	171	190	100.0	100.0	0.0	0.0	100.0	100.0	0.0	1.0
p01-s02-c0022	sb0013	D0	2	191	210	100.0	100.0	0.0	0.0	100.0	100.0	0.0	1.0
p01-s02-c0022	sb0013	D0	3	211	230	100.0	100.0	0.0	0.0	100.0	100.0	0.0	1.0
p01-s02-c0022	sb0013	D0	4	231	250	100.0	100.0	0.0	0.0	100.0	100.0	0.0	1.0
p01-s02-c0022	sb0013	D1	1	171	190	29.510299056031215	29.745540997704623	1.4294011253787537	0.048437364957391635	27.145422789523806	31.79083369731675	0.7550308741065993	3.8549019508391265
p01-s02-c0022	sb0013	D1	2	191	210	28.8701745853332	28.92423576751507	0.9299988960088637	0.03221313723822534	27.704943461271004	30.375179141467356	0.7332479717706019	4.593222629102276
p01-s02-c0022	sb0013	D1	3	211	230	30.862879123708336	30.744757313005415	1.8041012466082462	0.05845537739291363	28.498631806085733	33.125627788127886	0.8712704660906564	6.2220796185118905
p01-s02-c0022	sb0013	D1	4	231	250	29.655981617957547	29.85987085193031	1.7857584312940997	0.06021579235848905	26.89296051477573	31.961383106898467	0.9246432407425927	6.354735922236518
p01-s02-c0022	sb0013	D2	1	171	190	19.754535001143093	19.83709509685341	0.9460553632141379	0.04789054073707098	18.113706965764308	21.042529513370333	0.5658088539672113	2.2070529817750177
p01-s02-c0022	sb0013	D2	2	191	210	18.698116014510685	18.697336063268907	0.8637372269627254	0.046193810450872244	17.657946620137416	20.10333217436767	0.7722939099956764	5.243828380823006
p01-s02-c0022	sb0013	D2	3	211	230	21.229338516152694	21.264438998466698	1.860105047206034	0.08761954809805979	18.72092151033417	23.337525372777037	0.8870189037143024	6.414493019554644
p01-s02-c0022	sb0013	D2	4	231	250	20.000112675142322	20.040561170064507	1.528939760452823	0.07644655734130472	17.70436568627026	22.349963044285417	0.8833703149545583	4.887460642941289
p01-s02-c0022	sb0013	evenness	1	171	190	0.7347433291128368	0.7367090386508525	0.010567332941678997	0.014382346219377706	0.7168482911195939	0.7511509166250164	0.7574390636825548	3.8488556423733358
p01-s02-c0022	sb0013	evenness	2	191	210	0.7301180267419418	0.7306293308495347	0.006977999022687049	0.009557357532761485	0.721277368594738	0.7412591279206898	0.7263838081646754	4.585199801599167
p01-s02-c0022	sb0013	evenness	3	211	230	0.7443656889382468	0.7438840719629618	0.012696545698545498	0.017056865848633727	0.7274114353737994	0.7600746386326862	0.8772491068440409	6.2256540806758425
p01-s02-c0022	sb0013	evenness	4	231	250	0.7356779165205498	0.7375437228487391	0.013188590680045006	0.017927125966240156	0.7148152194075628	0.7523122791463849	0.9285613936997794	6.324064520361132
p01-s02-c0022	sb0013	TV	1	171	190	0.1867805008	0.1872780705	0.01255256742213609	0.06720491361984875	0.16833067855000003	0.2085319636	0.28170629690778715	1.050241559929539
p01-s02-c0022	sb0013	TV	2	191	210	0.21612775655000002	0.2156391325	0.011123053618018077	0.05146517872379255	0.1997184778	0.2324759636	0.4591295230733269	2.698940167873994
p01-s02-c0022	sb0013	TV	3	211	230	0.18447175710000002	0.1898543635	0.017085319466738313	0.09261753525487675	0.15336282655	0.20378735134999998	0.6009696283653978	3.240842354038455
p01-s02-c0022	sb0013	TV	4	231	250	0.20629370754999998	0.2037779125	0.019453379580354827	0.09429943264575753	0.18007229525	0.23646514140000002	0.7568908634203015	3.5544948450376004
p01-s02-c0022	sb0014	D0	1	171	190	100.0	100.0	0.0	0.0	100.0	100.0	0.0	1.0
p01-s02-c0022	sb0014	D0	2	191	210	100.0	100.0	0.0	0.0	100.0	100.0	0.0	1.0
p01-s02-c0022	sb0014	D0	3	211	230	100.0	100.0	0.0	0.0	100.0	100.0	0.0	1.0
p01-s02-c0022	sb0014	D0	4	231	250	100.0	100.0	0.0	0.0	100.0	100.0	0.0	1.0
p01-s02-c0022	sb0014	D1	1	171	190	27.60780120157662	27.755366110136265	0.7567618680445442	0.0274111604368307	25.809398443960298	28.470729876121897	0.6343801099607149	2.9594752867885923
p01-s02-c0022	sb0014	D1	2	191	210	26.469353412582024	26.348756473653232	0.9821740435349312	0.03710608371219456	25.28851385160565	28.037203981503374	0.4879641666053301	3.2046086289286064
p01-s02-c0022	sb0014	D1	3	211	230	29.29830530268881	29.200058154645966	1.9426587893218392	0.06630618287480111	26.98828676657519	31.890563943196497	0.8820489778694462	5.827750796340131
p01-s02-c0022	sb0014	D1	4	231	250	31.643993615400582	31.949927371568073	0.9338529860288293	0.02951122406921291	30.099118849602068	32.84651051579221	0.6864141969129749	3.86528387429036
p01-s02-c0022	sb0014	D2	1	171	190	18.438807574773737	18.70418615609735	1.037068643048366	0.056243802037783994	16.466902095441597	19.589821043392547	0.6872229391645938	3.057950216950919
p01-s02-c0022	sb0014	D2	2	191	210	17.323034756896686	17.28996188364941	0.6671317556903354	0.03851125192857651	16.381774870116313	18.330873405937616	0.273418349787454	2.4087679053283995
p01-s02-c0022	sb0014	D2	3	211	230	19.5147769544548	19.575893799342676	1.1566630187594418	0.059271137018832326	17.787757656658318	21.135505415693867	0.722321647848796	3.7136939201254195
p01-s02-c0022	sb0014	D2	4	231	250	22.487414845643503	22.73021816507351	0.8648983657442751	0.038461440395930274	21.147490858742977	23.522074314592984	0.5509038774615042	2.5696178839608903
p01-s02-c0022	sb0014	evenness	1	171	190	0.7204365484584919	0.7216734182576865	0.006059552938812728	0.008410946046224709	0.7058888968321465	0.7271991140364458	0.6463043328924191	2.9573637584857746
p01-s02-c0022	sb0014	evenness	2	191	210	0.7112303629029041	0.7103759627641948	0.008027379356432334	0.011286609480040179	0.7014602274538287	0.7238673499450886	0.4905504143903436	3.2285948992206164
p01-s02-c0022	sb0014	evenness	3	211	230	0.7329680127709352	0.7326845362528493	0.01439303792010008	0.019636652172157133	0.715583109785076	0.7518309717799591	0.8793628798951607	5.814222526076562
p01-s02-c0022	sb0014	evenness	4	231	250	0.7500552213189553	0.7522349351409099	0.006440196811168655	0.008586296886039554	0.7392764396393616	0.7582440723901237	0.6880680550479183	3.866676842812716
p01-s02-c0022	sb0014	TV	1	171	190	0.18132782225	0.178858762	0.014260731534572102	0.07864613029384189	0.16499121475000003	0.20615050434999999	0.5070920010664922	2.6690824627118435
p01-s02-c0022	sb0014	TV	2	191	210	0.17427992485000002	0.1702249355	0.012659799514048746	0.07264060691410577	0.1562520378	0.19696073990000004	0.5757632123681211	2.4674129881394586
p01-s02-c0022	sb0014	TV	3	211	230	0.19855141974999996	0.20193519350000003	0.014308710567524575	0.07206551625539095	0.1738246175	0.21431058775000003	0.629711939007827	2.189788839354755
p01-s02-c0022	sb0014	TV	4	231	250	0.17834600395	0.17324299199999998	0.01677483675837524	0.0940578223612912	0.16063569459999996	0.2133945386	0.8156666645129027	4.893990103530104
p01-s02-c0022	sb0015	D0	1	171	190	100.0	100.0	0.0	0.0	100.0	100.0	0.0	1.0
p01-s02-c0022	sb0015	D0	2	191	210	100.0	100.0	0.0	0.0	100.0	100.0	0.0	1.0
p01-s02-c0022	sb0015	D0	3	211	230	100.0	100.0	0.0	0.0	100.0	100.0	0.0	1.0
p01-s02-c0022	sb0015	D0	4	231	250	100.0	100.0	0.0	0.0	100.0	100.0	0.0	1.0
p01-s02-c0022	sb0015	D1	1	171	190	30.84499292479574	30.35915213999312	1.2349673412049145	0.040037854578729576	29.459988999413277	33.51838047223027	0.6869191034266519	2.9734333497941794
p01-s02-c0022	sb0015	D1	2	191	210	29.48811152786306	29.680783594540532	0.9873975186758635	0.0334845965887941	27.98286308163257	30.61800294471781	0.5670822912696872	3.384239871788691
p01-s02-c0022	sb0015	D1	3	211	230	30.964099186308225	30.69497919438016	0.8836989176770874	0.028539467993560858	29.791646508036294	32.462024046545935	0.5190668988231629	1.9899296943355185
p01-s02-c0022	sb0015	D1	4	231	250	31.055119672553808	30.880636354496996	0.8657270843142653	0.02787711312796472	29.913074543641155	32.61210560187597	0.5083538514833841	2.443195651210019
p01-s02-c0022	sb0015	D2	1	171	190	21.349652843485945	21.271677692380564	0.9161463146345263	0.042911532161707	20.279060898266028	22.978418315127794	0.6024840096152424	2.421265528866539
p01-s02-c0022	sb0015	D2	2	191	210	20.10893227189668	20.52785510206712	1.5607555334605072	0.07761503755431845	18.078380462735943	22.025685403563337	0.860594253568762	5.435632125812015
p01-s02-c0022	sb0015	D2	3	211	230	21.69949561701809	21.892195766693312	0.9857038854123756	0.04542519802346583	20.092911667050323	23.19402039878431	0.5487016223884504	2.0305994652447668
p01-s02-c0022	sb0015	D2	4	231	250	21.117317673573147	21.057020784096608	1.0627248365930235	0.05032480227936097	19.67828775179366	22.665607806219324	0.598566715040059	4.031297095303372
p01-s02-c0022	sb0015	evenness	1	171	190	0.7444319088145666	0.7411440642306536	0.00849997811479171	0.011418073317581288	0.7346162886874846	0.7626414228929799	0.6857118898288836	2.9690356087985696
p01-s02-c0022	sb0015	evenness	2	191	210	0.7347068130189118	0.7362369075937304	0.007319383424745853	0.009962318703253195	0.7234447393156394	0.7429874029741643	0.5612801310188488	3.3778661125638703
p01-s02-c0022	sb0015	evenness	3	211	230	0.7453456260197446	0.7435336403998047	0.006174758106044612	0.008284422542356262	0.7370458368600203	0.7556874845028652	0.5153769570903804	1.9698786964511656
p01-s02-c0022	sb0015	evenness	4	231	250	0.7459872422357383	0.7448429255017128	0.00600851173089643	0.008054443012844031	0.7379305263482036	0.7566889850792297	0.5110745723041225	2.4674259078371357
p01-s02-c0022	sb0015	TV	1	171	190	0.1778341993	0.17640641550000002	0.016678943201933458	0.09378928950441456	0.15102266885	0.20243059295000007	0.6706480076879797	3.157595397880681
p01-s02-c0022	sb0015	TV	2	191	210	0.16279195079999997	0.159038383	0.01331018863280707	0.08176195793095116	0.14773407	0.18330091899999998	0.7102965117833555	5.591461258328158
p01-s02-c0022	sb0015	TV	3	211	230	0.1692458288	0.16835826399999998	0.019618871890061847	0.11591938205606073	0.1425057514	0.19791709915	0.7263849155621592	3.283713582354601
p01-s02-c0022	sb0015	TV	4	231	250	0.19760199515000004	0.19808243000000003	0.016871230229280342	0.08537985771081592	0.17042917519999998	0.21844429625	0.8646931183090597	3.4599288367580137
p01-s02-c0022	sb0016	D0	1	171	190	100.0	100.0	0.0	0.0	100.0	100.0	0.0	1.0
p01-s02-c0022	sb0016	D0	2	191	210	100.0	100.0	0.0	0.0	100.0	100.0	0.0	1.0
p01-s02-c0022	sb0016	D0	3	211	230	100.0	100.0	0.0	0.0	100.0	100.0	0.0	1.0
p01-s02-c0022	sb0016	D0	4	231	250	100.0	100.0	0.0	0.0	100.0	100.0	0.0	1.0
p01-s02-c0022	sb0016	D1	1	171	190	27.55323318682246	27.93329356620496	2.514723803273127	0.09126783003004571	23.411448572809597	30.76873027073315	0.9172277273085679	6.540099160479207
p01-s02-c0022	sb0016	D1	2	191	210	29.285655232164846	29.21377704119351	0.7111672233063879	0.024283807812000156	28.365184023738703	30.311339338119904	0.39694432197356383	1.8476881390090119
p01-s02-c0022	sb0016	D1	3	211	230	28.85696650400365	28.673953768310113	0.7743679414798907	0.026834696619010664	28.131798845672204	30.257496573864994	0.7077527272206848	2.951130674642238
p01-s02-c0022	sb0016	D1	4	231	250	28.08739178189493	27.742589882270217	1.4532925047261973	0.05174181056081492	26.51095812758109	30.493756811338905	0.8937188487472034	6.170618426064818
p01-s02-c0022	sb0016	D2	1	171	190	18.08593403148557	18.925542810357044	2.642320739850217	0.1460981078030161	14.14526568871057	21.191811596230064	0.9479060218928375	7.063688428259111
p01-s02-c0022	sb0016	D2	2	191	210	20.039992373393837	19.97635212489626	0.6136507432749843	0.030621306228125103	19.10012818811012	20.75617830206027	0.5268997907944305	3.1667165045021717
p01-s02-c0022	sb0016	D2	3	211	230	19.70349445353186	19.47238931668834	0.7994665660182921	0.04057486188065424	18.74351845897906	21.028447275104465	0.7259113434776785	3.1678655130417583
p01-s02-c0022	sb0016	D2	4	231	250	19.68602080069512	19.36995412496262	1.2536326648734994	0.06368136443446373	18.230969469282222	21.67169051341706	0.8982755470091065	5.872383553043415
p01-s02-c0022	sb0016	evenness	1	171	190	0.7192099377419063	0.7230610100391675	0.02011671515591857	0.02797057451552845	0.6847141179798896	0.7440547462808216	0.920225438386098	6.521364897539348
p01-s02-c0022	sb0016	evenness	2	191	210	0.7332669014650331	0.7327938520260446	0.005256851811700644	0.007169083728172782	0.7263924797804228	0.7408008377304792	0.3989671454422451	1.847007251107042
p01-s02-c0022	sb0016	evenness	3	211	230	0.7300515545593357	0.7287437903263954	0.005798664056454013	0.007942814476922973	0.7245924800897762	0.7404162438469345	0.7007039735506597	2.926402975413241
p01-s02-c0022	sb0016	evenness	4	231	250	0.7239843721615556	0.7215727343686144	0.01108865139172871	0.015316147444760451	0.7117127118734825	0.7421051300106204	0.8912771805099063	6.186141626991548
p01-s02-c0022	sb0016	TV	1	171	190	0.19128789215	0.187639699	0.0286742839745025	0.14990119684113265	0.15124777420000002	0.23122564634999998	0.8652900807456807	5.629854987665767
p01-s02-c0022	sb0016	TV	2	191	210	0.1739222464	0.17932735649999998	0.02034119808733412	0.11695570008078116	0.1346209086	0.19816295734999997	0.7945621509055194	5.232211284759271
p01-s02-c0022	sb0016	TV	3	211	230	0.17065917340000003	0.16867893100000003	0.017658032946038894	0.10346957971401313	0.14681778529999998	0.19608401509999998	0.6204688593905133	2.6279319469067435
p01-s02-c0022	sb0016	TV	4	231	250	0.1736257712	0.17556233999999998	0.01188841621227327	0.0684714955050018	0.1573237457	0.1884903551	0.4529728908630844	1.6489664072976775
p01-s02-c0022	sb0017	D0	1	171	190	100.0	100.0	0.0	0.0	100.0	100.0	0.0	1.0
p01-s02-c0022	sb0017	D0	2	191	210	100.0	100.0	0.0	0.0	100.0	100.0	0.0	1.0
p01-s02-c0022	sb0017	D0	3	211	230	100.0	100.0	0.0	0.0	100.0	100.0	0.0	1.0
p01-s02-c0022	sb0017	D0	4	231	250	100.0	100.0	0.0	0.0	100.0	100.0	0.0	1.0
p01-s02-c0022	sb0017	D1	1	171	190	28.038373762219955	28.040956666495575	1.2339792086405732	0.04401037018428248	26.213648244587176	30.008849943054535	0.7210251681992098	4.227925465728243
p01-s02-c0022	sb0017	D1	2	191	210	28.91405445746174	28.820328505805865	0.8710400432126713	0.03012514362156101	27.258754633728824	30.16417487090188	0.4314812665140687	1.618879690481363
p01-s02-c0022	sb0017	D1	3	211	230	29.435345956250057	29.337705577608027	0.6933068322636967	0.023553547945186822	28.707183854870674	30.481650113678096	0.3474494572236079	2.787800554137645
p01-s02-c0022	sb0017	D1	4	231	250	28.66854479884039	28.851162866567066	1.0294611610186353	0.03590908322142238	27.297577470745487	30.127671229242242	0.6591156397722606	2.5386411102832263
p01-s02-c0022	sb0017	D2	1	171	190	18.7851996403716	18.9105222320143	0.814280757672717	0.04334693126831253	17.45708276762803	19.837740932077427	0.4472263629713689	2.5994618115665773
p01-s02-c0022	sb0017	D2	2	191	210	19.22212953058819	19.173107755467125	0.742496851059342	0.03862719007682298	17.878855024735504	20.25028815298149	0.3358113324568202	1.8257822428109138
p01-s02-c0022	sb0017	D2	3	211	230	20.40129113387869	20.509107812062368	0.6039323160621773	0.029602651719394284	19.50479047879828	21.305621288357717	0.5249190351909212	4.171053066934476
p01-s02-c0022	sb0017	D2	4	231	250	19.114768741319512	19.166239153892086	0.8804637130541065	0.04606195999383706	17.628910062864385	20.114589857268374	0.6872101512876674	2.629770537105918
p01-s02-c0022	sb0017	evenness	1	171	190	0.723676571086649	0.7238929332003865	0.009559474876180503	0.01320959563721444	0.709263733079969	0.7386244680400709	0.7195924987772729	4.211865752314298
p01-s02-c0022	sb0017	evenness	2	191	210	0.7304607632724123	0.7298485161297006	0.0065489988177675085	0.008965572344267281	0.7177529962554309	0.7397437322604249	0.43653668629748094	1.6254095601575245
p01-s02-c0022	sb0017	evenness	3	211	230	0.7343781602036149	0.7337130727995587	0.005060679378723157	0.0068911082232075435	0.7289931796586163	0.7420143709110246	0.3375842600813014	2.7878221662956717
p01-s02-c0022	sb0017	evenness	4	231	250	0.7285689431139223	0.7300788709552881	0.007836610309088566	0.010756168490513326	0.718058401897198	0.7394827578879859	0.656570593976925	2.5277079555419064
p01-s02-c0022	sb0017	TV	1	171	190	0.1703037381	0.1695489665	0.011574799246608529	0.06796562057734733	0.15693548280000003	0.18793810215	0.3263570513544944	1.3424181168083487
p01-s02-c0022	sb0017	TV	2	191	210	0.16591094609999998	0.16044891849999998	0.014891393770904142	0.08975534237462915	0.15041930480000001	0.19449962095	0.5776415488186026	2.0156431630578684
p01-s02-c0022	sb0017	TV	3	211	230	0.1779370342	0.1794703585	0.008671473704783205	0.048733383377833124	0.16279413945000004	0.19055682749999997	0.024916289090488087	1.0
p01-s02-c0022	sb0017	TV	4	231	250	0.17095831225	0.170195252	0.009080971587293374	0.05311804654466793	0.16066188875	0.18525502054999998	0.40920586849342894	1.84121290123938
p01-s02-c0022	sb0018	D0	1	171	190	100.0	100.0	0.0	0.0	100.0	100.0	0.0	1.0
p01-s02-c0022	sb0018	D0	2	191	210	100.0	100.0	0.0	0.0	100.0	100.0	0.0	1.0
p01-s02-c0022	sb0018	D0	3	211	230	100.0	100.0	0.0	0.0	100.0	100.0	0.0	1.0
p01-s02-c0022	sb0018	D0	4	231	250	100.0	100.0	0.0	0.0	100.0	100.0	0.0	1.0
p01-s02-c0022	sb0018	D1	1	171	190	31.433763836942262	31.586714348410858	1.5497679193128	0.0493026519939508	29.74087328396305	34.111960554034056	0.6988125655164584	4.726787704513351
p01-s02-c0022	sb0018	D1	2	191	210	31.670667776317476	31.586800328026175	0.9639060375659738	0.030435292503897197	30.305891225094655	33.37323953683979	0.7858946765380795	4.006837060586921
p01-s02-c0022	sb0018	D1	3	211	230	31.73897980352087	31.647747792221914	1.0752791593610016	0.03387881923166663	30.359701782254238	33.25273104908455	0.7645788200633771	4.497162109474845
p01-s02-c0022	sb0018	D1	4	231	250	30.578417836057657	30.372257913809133	0.8886381702472663	0.02906095975964447	29.57312854689066	31.583851973967853	0.332012978644237	2.0906835616078605
p01-s02-c0022	sb0018	D2	1	171	190	22.117737906497915	22.334396416126033	1.0363807001938194	0.046857445574908625	20.645067012128575	23.504310492018966	0.49604884400997795	4.165903543101252
p01-s02-c0022	sb0018	D2	2	191	210	22.28579134984723	22.49060247917231	1.0217010767458106	0.04584540260235427	20.37854502499152	23.352564269751447	0.7973151304107802	3.215695992686128
p01-s02-c0022	sb0018	D2	3	211	230	21.776282571026094	21.51578165979401	1.0138913282355786	0.04655943111174481	20.251839919342554	23.12198503014425	0.6772943168985295	4.213361400742426
p01-s02-c0022	sb0018	D2	4	231	250	20.877975828206694	20.658792378703644	0.9556029210870147	0.04577086059252785	19.842696921247438	22.45800697936356	0.5238964573465446	2.6197939362075724
p01-s02-c0022	sb0018	evenness	1	171	190	0.7484478021782243	0.7497521184402017	0.010696793464278667	0.014291969905112356	0.7366668368934848	0.7664532502119796	0.7043708769743768	4.71370046171613
p01-s02-c0022	sb0018	evenness	2	191	210	0.7502335360902911	0.749751403646669	0.006584877325633	0.008777103406959011	0.7407633497493075	0.7616990440390444	0.7830149596170609	3.961652823758128
p01-s02-c0022	sb0018	evenness	3	211	230	0.7506783025717279	0.7501703128041715	0.00734733775957376	0.00978759840853628	0.7411479835877747	0.7609123332038298	0.7578827120218848	4.454892752508222
p01-s02-c0022	sb0018	evenness	4	231	250	0.742622086481571	0.7412374492418239	0.006219021905236438	0.0083744101050121	0.7354484212689328	0.749719227053929	0.3288072131953457	2.081470993744434
p01-s02-c0022	sb0018	TV	1	171	190	0.17602529385	0.174749744	0.016107608898601102	0.09150735412109129	0.15404746575000003	0.2032683358	0.7712916179767275	3.2054736338881
p01-s02-c0022	sb0018	TV	2	191	210	0.17599991425	0.17968312549999998	0.01930375684558617	0.10968049006072836	0.1482328539	0.2043254782	0.7406824743567527	5.793456002594962
p01-s02-c0022	sb0018	TV	3	211	230	0.19457739375000002	0.20416994200000002	0.022728843045339644	0.11681132431315465	0.1598984717	0.22374696714999998	0.6756840526170717	4.146069146886449
p01-s02-c0022	sb0018	TV	4	231	250	0.17263642350000002	0.1734499755	0.012922802028731945	0.07485559400929052	0.15196673164999996	0.18964783005000002	0.6292741425838143	2.6114610409041026
p01-s02-c0022	sb0019	D0	1	171	190	100.0	100.0	0.0	0.0	100.0	100.0	0.0	1.0
p01-s02-c0022	sb0019	D0	2	191	210	100.0	100.0	0.0	0.0	100.0	100.0	0.0	1.0
p01-s02-c0022	sb0019	D0	3	211	230	100.0	100.0	0.0	0.0	100.0	100.0	0.0	1.0
p01-s02-c0022	sb0019	D0	4	231	250	100.0	100.0	0.0	0.0	100.0	100.0	0.0	1.0
p01-s02-c0022	sb0019	D1	1	171	190	29.525035572170918	29.15940066602544	1.4937246851596995	0.050591799678223685	27.81225209210038	31.6236288366407	0.8586796699478608	4.625092404928536
p01-s02-c0022	sb0019	D1	2	191	210	29.61592726298963	29.336898038775402	1.497678384032291	0.05057003181878781	26.96516858881073	31.77138730829993	0.7581003845658731	3.2693245507492716
p01-s02-c0022	sb0019	D1	3	211	230	29.874592488455182	29.7812422539248	0.7679227812361111	0.025704878870996123	28.78863087099452	31.028902282644495	0.6577337350401594	2.8412477668595013
p01-s02-c0022	sb0019	D1	4	231	250	30.50713557430251	30.35609478215495	0.9097934766635687	0.02982231728861255	29.452722614767907	31.978217465469378	0.36272451040008347	1.8139027777827288
p01-s02-c0022	sb0019	D2	1	171	190	19.218197617508643	19.13573052192938	1.5175481895237874	0.0789641265912071	16.98840874938196	21.181946589616963	0.8617925993210708	4.891044590355474
p01-s02-c0022	sb0019	D2	2	191	210	19.963733454229608	20.066378641974794	1.2236195700900345	0.061292121180409415	18.243159637444098	21.333480199028507	0.6966065617398653	2.9706204517818366
p01-s02-c0022	sb0019	D2	3	211	230	19.98675468097531	20.011461966866378	0.8747638954841072	0.043767180287491304	18.729876059909856	21.18430517050707	0.7319260886368787	3.2287128833104526
p01-s02-c0022	sb0019	D2	4	231	250	20.56616394825807	20.527500723665625	0.9031694401233724	0.04391530877589206	19.385272036720682	21.827690320394588	0.6049901498193088	3.5033964935393325
p01-s02-c0022	sb0019	evenness	1	171	190	0.7348328049267041	0.7323892836408779	0.01093634982906765	0.014882773000531046	0.7221158797574923	0.7500051279939597	0.8563935366324669	4.615057512215469
p01-s02-c0022	sb0019	evenness	2	191	210	0.7354963692626807	0.7337062211354715	0.011061427828965575	0.015039405075587823	0.7154011383873999	0.7510178283423001	0.7573775800410397	3.252140707429002
p01-s02-c0022	sb0019	evenness	3	211	230	0.7375830906998745	0.7369699958187894	0.005566620629729499	0.007547109878085016	0.7296104860110592	0.7458829698295051	0.6517566430023053	2.8163899041687337
p01-s02-c0022	sb0019	evenness	4	231	250	0.742108919248712	0.7411207739383646	0.006479721897057902	0.008731497127965759	0.7345571039877067	0.7524269683235869	0.366305560436759	1.8199508074824131
p01-s02-c0022	sb0019	TV	1	171	190	0.17194628969999998	0.17600910250000001	0.019615292314605137	0.11407802022845939	0.14256092885000002	0.19919623100000003	0.7823425778642427	5.300627429787539
p01-s02-c0022	sb0019	TV	2	191	210	0.17564561009999996	0.17104162650000002	0.017402434859005975	0.09907697009391969	0.15142046670000003	0.20646115025	0.6706025162539961	4.5103528221005575
p01-s02-c0022	sb0019	TV	3	211	230	0.18787777134999997	0.1841642225	0.02135052072871817	0.1136404832530401	0.15713154525000003	0.2205786645	0.7599501628429615	3.24130823186791
p01-s02-c0022	sb0019	TV	4	231	250	0.16272987635000002	0.161598032	0.01082525999165522	0.06652287972229642	0.14734934225	0.18005454095	0.7269128424662908	3.249917274097792
p01-s02-c0022	sb0020	D0	1	171	190	100.0	100.0	0.0	0.0	100.0	100.0	0.0	1.0
p01-s02-c0022	sb0020	D0	2	191	210	100.0	100.0	0.0	0.0	100.0	100.0	0.0	1.0
p01-s02-c0022	sb0020	D0	3	211	230	100.0	100.0	0.0	0.0	100.0	100.0	0.0	1.0
p01-s02-c0022	sb0020	D0	4	231	250	100.0	100.0	0.0	0.0	100.0	100.0	0.0	1.0
p01-s02-c0022	sb0020	D1	1	171	190	27.333555472185907	27.280723794450367	1.0882251110957066	0.03981279026078635	25.681478238063924	28.8186568962646	0.7747719313295239	3.6847172200123857
p01-s02-c0022	sb0020	D1	2	191	210	30.267967506076	29.976297368805643	1.2756252212243555	0.04214439641407326	28.319231678440108	32.03289792336034	0.8634381192907556	6.098033755764222
p01-s02-c0022	sb0020	D1	3	211	230	28.60614024035694	28.460341309873776	1.6419216715962732	0.057397525768956584	26.577974868332284	31.27131585630575	0.8843776844935168	6.305403767587642
p01-s02-c0022	sb0020	D1	4	231	250	31.24365978974651	31.24028571014565	1.0245436728793313	0.03279205060399372	29.212263224771927	32.32461729288186	0.7070512377661423	3.9829792854093125
p01-s02-c0022	sb0020	D2	1	171	190	18.102109547931686	18.07155875919424	0.9049964344888306	0.049993976232026165	16.920779103588185	19.20245557653612	0.7444460942249412	3.8307499159902925
p01-s02-c0022	sb0020	D2	2	191	210	20.32333308952497	20.208636428218405	1.2462044393166842	0.06131890048876883	18.48426783943967	22.013103137868764	0.9034021330272887	6.50107393172307
p01-s02-c0022	sb0020	D2	3	211	230	20.473127907378096	20.485507477995448	1.197913642627554	0.05851151070061212	18.811433441405338	22.076656071702626	0.8448414275504083	5.783449175139496
p01-s02-c0022	sb0020	D2	4	231	250	22.56366320738909	22.559035080900166	1.0167905484131343	0.04506318584298663	21.047881131251422	23.889539054239872	0.747190049406321	4.310465507942933
p01-s02-c0022	sb0020	evenness	1	171	190	0.7181841833590714	0.717927013028634	0.00866177363310788	0.012060657744640475	0.7048077031486037	0.7298347620154345	0.7707615821016689	3.688108459357877
p01-s02-c0022	sb0020	evenness	2	191	210	0.7403089097153498	0.738388958115143	0.009133993146461326	0.012338083503511208	0.7260406952004	0.7527963530357206	0.8631674003384107	6.11392193231665
p01-s02-c0022	sb0020	evenness	3	211	230	0.7278918707455746	0.7271171613101837	0.012407731208281229	0.01704611867085708	0.7122609260336004	0.7475730478289538	0.8795141591739893	6.286146323401374
p01-s02-c0022	sb0020	evenness	4	231	250	0.7472690300711041	0.7473572628285783	0.007170212764526382	0.009595222705595229	0.7327824350923893	0.7547598955226811	0.7102044715936632	3.9752532164836483
p01-s02-c0022	sb0020	TV	1	171	190	0.17437652055000005	0.17139098400000002	0.02245026653984936	0.12874592559272943	0.14455280375	0.205219243	0.6213520309786486	2.895112547074232
p01-s02-c0022	sb0020	TV	2	191	210	0.1667459522	0.1670999115	0.016472576103069857	0.09878846164320779	0.1403795451	0.1871484381	0.5398849126654156	3.081345126962805
p01-s02-c0022	sb0020	TV	3	211	230	0.18794705015000002	0.19493660149999997	0.017944365523524332	0.09547564332189828	0.15715920265000002	0.20909424485	0.8721557294030327	4.964270481424519
p01-s02-c0022	sb0020	TV	4	231	250	0.1751765834	0.1782595225	0.013564264430128009	0.07743194990368792	0.15756480989999996	0.19221380694999998	0.5177383991484562	2.2430686474287933
p01-s02-c0023	sb0001	D0	1	171	190	139.2	139.5	4.348018302387278	0.031235763666575274	132.0	147.1	0.2348565014914143	1.7420935412026737
p01-s02-c0023	sb0001	D0	2	191	210	136.8	137.0	7.295276049031931	0.053328041294093055	125.9	147.0	0.655602368869134	3.903085443037977
p01-s02-c0023	sb0001	D0	3	211	230	134.05	133.5	6.508900788434573	0.04855576865672938	124.9	145.05	0.6425863902660794	3.215851916268087
p01-s02-c0023	sb0001	D0	4	231	250	134.45	134.5	3.7623480910057667	0.027983250955788522	128.95	140.05	-0.07745286971476108	1.0
p01-s02-c0023	sb0001	D1	1	171	190	31.05467828839638	31.132254248041658	0.8463830678598898	0.027254607502282254	29.804377641681736	32.054608831497205	0.2830726756070957	1.4412532964056002
p01-s02-c0023	sb0001	D1	2	191	210	30.16002744750706	30.17092589687232	1.224112418869771	0.04058724485580508	28.549925597123494	32.21178448189672	0.39275041046525766	1.9300358293011923
p01-s02-c0023	sb0001	D1	3	211	230	25.39701381201318	25.315135261766656	0.6483055393929948	0.02552684123384365	24.683447846430063	26.23867260709239	0.5138680471040274	3.369838631932995
p01-s02-c0023	sb0001	D1	4	231	250	30.180450968943312	30.134984476023586	2.058578295359079	0.06820899719084465	27.6540285616255	33.22717293335011	0.8268668143285804	3.6069975174436704
p01-s02-c0023	sb0001	D2	1	171	190	20.945070377611437	21.150490994268146	0.871420685043663	0.04160504927093204	19.514056688518703	21.921980183022026	0.2696661432578673	1.8188770332861317
p01-s02-c0023	sb0001	D2	2	191	210	20.592773689003458	20.810853978938283	1.0782857295999475	0.05236233573410036	19.056200025643978	21.739126532999997	0.5214478381145974	2.808772069718962
p01-s02-c0023	sb0001	D2	3	211	230	17.935318441419167	17.887807973198207	0.471576569897212	0.026293180767182272	17.307658058624252	18.825246923064114	0.31919592828807347	1.8994762142082198
p01-s02-c0023	sb0001	D2	4	231	250	20.009109100794678	19.844950890362433	1.4272914336859217	0.07133208312754093	18.372817123213604	22.481247844630463	0.7102929763595084	2.3888980955993655
p01-s02-c0023	sb0001	evenness	1	171	190	0.696082259863051	0.6956268986534202	0.006057154761273573	0.008701780106370292	0.6888271976233686	0.7049525517654589	0.37461589424146363	1.6907292098561395
p01-s02-c0023	sb0001	evenness	2	191	210	0.6927267822386373	0.6909457593457886	0.013106801760036856	0.018920593365367673	0.6728399923879135	0.7102042284029921	0.7252372247267808	3.926741376362501
p01-s02-c0023	sb0001	evenness	3	211	230	0.6605165129281648	0.6586284466925137	0.008319612901575292	0.012595616822194573	0.6495266666329447	0.6744321339871099	0.8127477814714923	3.746606125612488
p01-s02-c0023	sb0001	evenness	4	231	250	0.6947907155349204	0.6923328245798313	0.014021373083488779	0.02018071452306858	0.67818616062738	0.7161595882387962	0.6796966490062842	3.1155739918981573
p01-s02-c0023	sb0001	TV	1	171	190	0.15737095954999997	0.1607323735	0.011678850800901528	0.07421223607136308	0.1372565533	0.17366131319999997	0.5226857373409788	1.7699809562530382
p01-s02-c0023	sb0001	TV	2	191	210	0.16044250675	0.1561757775	0.012417109183784148	0.07739288942382565	0.14751569475	0.18304643260000003	0.7288691392735308	4.21422381101458
p01-s02-c0023	sb0001	TV	3	211	230	0.16764060600000003	0.169171972	0.011973729152465515	0.07142499325292055	0.14473189135000003	0.18456054460000004	0.24997618985410514	1.2576473500824994
p01-s02-c0023	sb0001	TV	4	231	250	0.18642307784999998	0.187656098	0.019506259064517854	0.10463435798551192	0.15417717189999997	0.2166831012	0.6727909606687308	2.3319922504480304
p01-s02-c0023	sb0002	D0	1	171	190	135.35	135.0	4.760307376187957	0.0351703537213739	128.75	142.1	0.5051636856747007	2.7153640692137957
p01-s02-c0023	sb0002	D0	2	191	210	135.45	137.0	6.099827435005198	0.04503379427836987	126.0	143.05	0.7675116062195083	3.1212037626423372
p01-s02-c0023	sb0002	D0	3	211	230	135.55	135.0	6.878456069114408	0.05074478841102477	127.85	146.25	0.6636489578732194	2.798709605651039
p01-s02-c0023	sb0002	D0	4	231	250	135.0	133.5	4.723959088908816	0.03499228954747271	128.95	142.2	0.24367575555824847	1.1933962264150944
p01-s02-c0023	sb0002	D1	1	171	190	30.02168318217149	29.878149951288556	1.2862883233889304	0.04284531002421604	28.492619172636726	31.82880714313033	0.8256282241690336	4.0864634707290115
p01-s02-c0023	sb0002	D1	2	191	210	30.93343211780722	31.078398618959383	1.3712090836743283	0.044327738301142935	29.089145968620496	33.23379759753834	0.7600525600487538	4.694961975114214
p01-s02-c0023	sb0002	D1	3	211	230	31.618041959157914	31.81541841749313	1.6327118876980216	0.05163861474429853	28.90855341755914	33.5192314925657	0.7789888731848784	3.1788562720138698
p01-s02-c0023	sb0002	D1	4	231	250	29.359862153610198	29.458829569137357	1.4491584583693569	0.049358489858957424	27.60645735863139	31.104363684818566	0.7565976788229142	2.6774707178063037
p01-s02-c0023	sb0002	D2	1	171	190	21.32953916041601	21.279310517029252	1.3706304377758478	0.06425973048304318	19.079422056792794	22.94022585804133	0.880232110869051	4.881730443125818
p01-s02-c0023	sb0002	D2	2	191	210	21.278214618296794	21.367451817114954	1.4090293867117039	0.0662193427403492	19.223063598436884	23.499057555343853	0.7171394147395651	5.059891448697655
p01-s02-c0023	sb0002	D2	3	211	230	22.95877986671467	22.925761081175423	1.2392616230323878	0.05397767783073928	20.821955865045304	24.68603328381639	0.7130087097354945	2.8339455336649575
p01-s02-c0023	sb0002	D2	4	231	250	20.031520762752628	20.305318897408227	1.360112758932023	0.06789862712076601	18.075680270245503	21.748725895735234	0.751985025694045	2.683566875857567
p01-s02-c0023	sb0002	evenness	1	171	190	0.693126752237647	0.6899875503951864	0.011927983747222549	0.017208950179335877	0.6795799270572476	0.7132864636078464	0.8333306347890337	4.221085578423123
p01-s02-c0023	sb0002	evenness	2	191	210	0.6991963595567631	0.6976546856543446	0.013613002528965	0.019469498579189688	0.6816087555645155	0.7172693429921962	0.8420065060473169	5.642850226815635
p01-s02-c0023	sb0002	evenness	3	211	230	0.7035495556122472	0.7074246579298142	0.016165583168681805	0.02297717771225666	0.674814112025558	0.7203202591579941	0.81707420255097	3.5824208143428975
p01-s02-c0023	sb0002	evenness	4	231	250	0.6888521824644747	0.6914934576146828	0.011357367372413416	0.016487379530076667	0.6691766991846803	0.701138404032169	0.5778808150825637	2.051425698421818
p01-s02-c0023	sb0002	TV	1	171	190	0.16300055469999997	0.16299161699999998	0.018753483940676326	0.11505165718725208	0.13449174335	0.19008065709999997	0.6690919902071472	2.7615479004097265
p01-s02-c0023	sb0002	TV	2	191	210	0.16576009745	0.1664025255	0.013564369303706438	0.08183133041290594	0.14505174665	0.1891920139000001	0.5416239131838751	2.2190425591895724
p01-s02-c0023	sb0002	TV	3	211	230	0.20290207659999998	0.200692327	0.014314117241796369	0.07054692333196343	0.18197435309999999	0.2247699346	0.6843973954446964	3.6616749412865426
p01-s02-c0023	sb0002	TV	4	231	250	0.18090843555000002	0.18101744050000002	0.013205845640583415	0.0729974011462475	0.16174129845000002	0.20137334229999998	0.47578443562476347	1.7884723616315488
p01-s02-c0023	sb0003	D0	1	171	190	135.8	136.5	5.47338055837908	0.040304716924735494	126.75	143.15	0.5917194025664896	4.147575544624036
p01-s02-c0023	sb0003	D0	2	191	210	136.75	136.0	5.34961877638319	0.03911969854759188	128.8	144.15	0.478434741013021	3.027126436781609
p01-s02-c0023	sb0003	D0	3	211	230	136.65	136.0	4.738143096192854	0.0346735682121687	130.95	147.05	0.07582606344917955	1.0296917125776586
p01-s02-c0023	sb0003	D0	4	231	250	134.5	133.5	5.433812270356208	0.04040009122941419	128.0	142.35	0.4663281653380986	1.624777183600713
p01-s02-c0023	sb0003	D1	1	171	190	29.724660259529685	29.734757558433987	1.0264116842726272	0.03453064476804444	28.241372948568042	31.232361351257826	0.6869681648037199	2.9452170625381715
p01-s02-c0023	sb0003	D1	2	191	210	31.018348050849937	30.847810993246753	0.8064953041796491	0.026000588518044893	29.86756660638217	32.40722530064544	0.3556571829793043	1.2484032321288288
p01-s02-c0023	sb0003	D1	3	211	230	29.669752446107122	29.9016113454719	1.263287507013302	0.04257829617243922	27.477030388626986	31.089936025524647	0.713932677992714	2.899927677875693
p01-s02-c0023	sb0003	D1	4	231	250	31.153028633633493	31.023425411338987	1.220121487807579	0.039165421190872886	29.115812224656224	32.72369530228545	0.5019662499048614	2.529223286511362
p01-s02-c0023	sb0003	D2	1	171	190	20.940746828750946	20.777940774201713	1.0453842587895767	0.04992105904046837	19.488004778289795	22.57554711228866	0.7160989422208781	3.264619817443302
p01-s02-c0023	sb0003	D2	2	191	210	22.148176430707515	22.108815242406354	0.6449546448703728	0.029119988586336628	21.230991993703036	23.263639510231688	0.4011785772977878	1.7827704712014105
p01-s02-c0023	sb0003	D2	3	211	230	21.12832251849913	21.289147286846042	0.9955264550110275	0.04711810197612156	19.716707110465837	22.4410797274371	0.6613403528621883	2.633796263534153
p01-s02-c0023	sb0003	D2	4	231	250	21.07672835374285	21.163158242526904	1.1016604791047002	0.052269045774794784	19.06148862523033	22.55742791557242	0.6168952611312615	3.8010809939141805
p01-s02-c0023	sb0003	evenness	1	171	190	0.690703744132896	0.6910467158319574	0.008930343048352841	0.01292933927781718	0.6768367590867598	0.7057693189292561	0.5995595702312388	2.587990108960974
p01-s02-c0023	sb0003	evenness	2	191	210	0.6984312925153693	0.6979863640965278	0.007973700026409554	0.011416584726169165	0.6877381334993649	0.7099240929754362	0.5514905392530826	2.6352775321779043
p01-s02-c0023	sb0003	evenness	3	211	230	0.6893303282775327	0.6904719241917163	0.008934237908323553	0.012960749791247428	0.6752510647836719	0.6991849831840048	0.46620589532587814	2.5777579294969826
p01-s02-c0023	sb0003	evenness	4	231	250	0.701618646501977	0.7030340566787576	0.011360697300433114	0.016192125675498423	0.6853743012093765	0.7164903433464272	0.5398186878148832	2.345118929003177
p01-s02-c0023	sb0003	TV	1	171	190	0.17931705439999998	0.1816471515	0.009913056570737929	0.05528228535711398	0.16190016135000002	0.19418577605	0.5015407705136556	2.469483128511521
p01-s02-c0023	sb0003	TV	2	191	210	0.18195107635	0.18083965999999999	0.008326703743176116	0.04576342119108391	0.1710285371	0.19369409575	0.19485186393463433	1.0
p01-s02-c0023	sb0003	TV	3	211	230	0.18980340175	0.188240038	0.016532215706093596	0.0871017882380688	0.1662767763	0.2205143695	0.7781047068870325	3.383235782977461
p01-s02-c0023	sb0003	TV	4	231	250	0.17990567664999996	0.18018785999999998	0.024898716504106317	0.13839872630893063	0.14476005025	0.21217640899999998	0.876586007245754	6.573753319047166
p01-s02-c0023	sb0004	D0	1	171	190	134.35	135.0	4.356181331105684	0.03242412602237204	127.9	141.1	0.3203412514214598	1.4614200526972678
p01-s02-c0023	sb0004	D0	2	191	210	137.0	136.0	4.565315461516093	0.03332347052201528	130.95	145.0	0.44682985350228493	1.7323232323232323
p01-s02-c0023	sb0004	D0	3	211	230	139.4	141.5	6.218816946214634	0.044611312383175276	128.95	149.1	0.4802265848982784	2.924877517691889
p01-s02-c0023	sb0004	D0	4	231	250	137.6	135.5	6.969104752594237	0.05064756360896975	128.0	148.05	0.6537421438031411	2.920936280884266
p01-s02-c0023	sb0004	D1	1	171	190	32.61090161640036	32.93185204464271	2.096540337225063	0.06428955451420856	29.38586407724315	35.01761895356454	0.9021942266374747	6.665403684236196
p01-s02-c0023	sb0004	D1	2	191	210	27.543643349746844	27.382513442504212	0.9006460408128125	0.0326988710017947	26.3550204902461	29.0739227127856	0.7833409477637282	3.281665260748108
p01-s02-c0023	sb0004	D1	3	211	230	31.2129555303487	31.117137638572313	1.2820286356056376	0.04107360593773656	29.616731861429617	33.091776441872014	0.7612536227031595	3.8477092454256514
p01-s02-c0023	sb0004	D1	4	231	250	31.310225857167005	31.33547172364886	0.6028734544182057	0.019254842081575282	30.368037007184213	32.10323639287766	0.39553274300588626	1.5467861776857421
p01-s02-c0023	sb0004	D2	1	171	190	21.875452487894982	21.68381886386269	1.3023152845111372	0.0595331815527833	20.16716894508228	23.651672848038295	0.7081446344195813	5.625005229346751
p01-s02-c0023	sb0004	D2	2	191	210	18.28516340295681	18.33176400757037	0.9353407137438365	0.05115298633823457	17.1379313496431	19.967801139830186	0.8451664445511092	4.151489984731301
p01-s02-c0023	sb0004	D2	3	211	230	21.589049391352614	21.43066508371229	0.9078606063731348	0.04205190279182806	20.64032914208644	22.867668330568492	0.4402219379379403	2.5736134610326973
p01-s02-c0023	sb0004	D2	4	231	250	21.265318259792288	21.368221207646492	0.9645522922436921	0.045357999370619975	19.69800947364002	22.474954297316124	0.6991438854732683	5.258067415852675
p01-s02-c0023	sb0004	evenness	1	171	190	0.7107820301712031	0.7120707720761482	0.014025074310326966	0.019731892078009912	0.6929392692099615	0.7291299171440353	0.8301234293446826	5.816626884285869
p01-s02-c0023	sb0004	evenness	2	191	210	0.6739326705148747	0.6727797627099501	0.007548432397220132	0.011200573480809647	0.6666105541318551	0.6871413333700085	0.689059014364339	3.0919193355841306
p01-s02-c0023	sb0004	evenness	3	211	230	0.6969163449191187	0.6992247670626295	0.009890658684838552	0.014192031449608808	0.6757797888208437	0.7069105936525308	0.6791506067451881	3.7764581336284766
p01-s02-c0023	sb0004	evenness	4	231	250	0.6995816066688121	0.6992326310248042	0.008665637086940159	0.012386885253034597	0.6861712548252009	0.7104747621696788	0.5825375267130484	2.389198461618183
p01-s02-c0023	sb0004	TV	1	171	190	0.1701857547	0.1673575885	0.01937023075438914	0.11381816761652343	0.1419594082	0.193375246	0.6817894978475822	3.447368008170637
p01-s02-c0023	sb0004	TV	2	191	210	0.18157909284999998	0.1796818945	0.015889425683749247	0.08750691191565367	0.15671351619999999	0.2036275188	0.5915274357370698	4.287835538355589
p01-s02-c0023	sb0004	TV	3	211	230	0.18429825589999999	0.184552519	0.009448941088581889	0.05126983455398988	0.17210409920000003	0.20067747335000002	0.33000043874524987	1.8897292176663054
p01-s02-c0023	sb0004	TV	4	231	250	0.1862627643	0.1840421345	0.01730843480901753	0.0929248251740755	0.16398187784999999	0.22118348855	0.704970200056946	3.169898137368065
p01-s02-c0023	sb0005	D0	1	171	190	137.95	138.0	3.899730085126675	0.02826915610820352	132.9	142.3	0.23610702610845313	1.7267174251600623
p01-s02-c0023	sb0005	D0	2	191	210	135.75	136.0	6.060006948059244	0.04464093516065742	125.95	146.1	0.40427140452489246	1.4258330347545682
p01-s02-c0023	sb0005	D0	3	211	230	136.45	135.0	5.817170590949738	0.04263225057493396	129.8	147.05	0.3198560432228378	1.324263161987713
p01-s02-c0023	sb0005	D0	4	231	250	137.5	139.5	5.889330227310724	0.042831492562259814	130.5	143.15	0.6509361430056227	4.786798179059181
p01-s02-c0023	sb0005	D1	1	171	190	27.44154031084729	27.31248938331605	1.045346584729544	0.03809358268115627	25.932652976886992	29.6241331623039	0.6175209286202782	2.4481761491097163
p01-s02-c0023	sb0005	D1	2	191	210	31.804640899862505	31.7712412320347	0.8512406743866578	0.026764668623890604	30.482547656759255	32.95445110491854	0.5138964555385185	2.106354161873968
p01-s02-c0023	sb0005	D1	3	211	230	28.10495237172514	26.84211390293509	2.301420020809325	0.08188663657457959	25.99332896585143	32.20951091226978	0.9354548993400571	6.229480744854123
p01-s02-c0023	sb0005	D1	4	231	250	27.008027368238903	26.860608516797598	1.0232343240995114	0.037886303584793536	25.403720501735208	28.479681559195356	0.7417709153401612	3.021671119074396
p01-s02-c0023	sb0005	D2	1	171	190	18.983254178883982	18.698372950935116	1.0192536366245175	0.053692250391836616	17.804092846818612	21.231722572565104	0.6883508273873358	2.499732613224665
p01-s02-c0023	sb0005	D2	2	191	210	22.277135060352975	22.030282949522412	1.2145673885772987	0.05452080733392359	20.763361003755815	23.96325207969889	0.8133661746767243	5.528881672555236
p01-s02-c0023	sb0005	D2	3	211	230	18.160368467237173	17.632814732396724	1.4560553940276124	0.0801776349777516	16.540310286075197	20.726431741509806	0.8703521136656988	5.310987498950718
p01-s02-c0023	sb0005	D2	4	231	250	18.041101651258252	18.18367687649901	0.7723892317756186	0.042812753162540344	16.85435013140464	19.09023612909975	0.5793412713650132	2.3503411282997746
p01-s02-c0023	sb0005	evenness	1	171	190	0.6721616514853793	0.6724639647175261	0.00729689267914174	0.01085585984118057	0.6640461358407247	0.6830551752373025	0.4747557940426752	2.1862880165687724
p01-s02-c0023	sb0005	evenness	2	191	210	0.7046123038338463	0.7044345728783188	0.008601994812874882	0.012208124618418964	0.6935366784161956	0.7187767058584829	0.44419935637497776	1.5185237309037505
p01-s02-c0023	sb0005	evenness	3	211	230	0.6781314553410602	0.6729892347311028	0.01721114935696362	0.025380255142872593	0.6601808140057108	0.7094647857168854	0.8062963905857176	4.973790593527893
p01-s02-c0023	sb0005	evenness	4	231	250	0.6694516583018606	0.6715768835710543	0.006698019366660875	0.010005232317522603	0.6611428433806925	0.6764490970107023	0.45128995902892166	1.5048826602588563
p01-s02-c0023	sb0005	TV	1	171	190	0.17229054855	0.174787344	0.014833676914379038	0.08609686973092545	0.15116466675	0.19551329664999997	0.5857693430242598	2.644287834622436
p01-s02-c0023	sb0005	TV	2	191	210	0.1571667304	0.15654019000000002	0.012047899742739593	0.07665680715045016	0.1411784914	0.17326384144999996	0.16811051379814654	1.0
p01-s02-c0023	sb0005	TV	3	211	230	0.174451794	0.17829914049999998	0.019260707655853727	0.11040704835545416	0.14501675309999998	0.20018125109999996	0.7686217695238722	3.4518540722630457
p01-s02-c0023	sb0005	TV	4	231	250	0.1763210635	0.17626184150000002	0.01055313872787555	0.059851832324477494	0.1613208363	0.19307877565	0.4020690381273156	3.230969541968532
p01-s02-c0023	sb0006	D0	1	171	190	133.8	133.0	5.386142062347545	0.040255172364331425	126.0	142.2	0.4091056121222685	1.656313497822933
p01-s02-c0023	sb0006	D0	2	191	210	134.95	135.5	2.211810403980842	0.01638985108544529	130.95	138.0	-0.15361668773120468	1.4233458848843412
p01-s02-c0023	sb0006	D0	3	211	230	135.95	136.5	3.720144309594794	0.027364062593562298	130.0	141.0	0.10546621500718957	1.0
p01-s02-c0023	sb0006	D0	4	231	250	134.8	135.0	3.764096312879305	0.027923563151923625	128.0	139.25	0.19667641239087563	1.2338781575037163
p01-s02-c0023	sb0006	D1	1	171	190	28.889189774490383	28.52764322015448	1.1956435941663395	0.04138723181576078	28.033139847323156	31.152376060258707	0.6759625299517329	1.9236082790970066
p01-s02-c0023	sb0006	D1	2	191	210	31.352867342566736	31.230862289549215	0.7801259090076508	0.02488212323561552	30.281415467490145	32.33772562849753	0.33640367186216763	1.8209364828266672
p01-s02-c0023	sb0006	D1	3	211	230	29.155984604036593	29.389854110355763	1.131959020366565	0.038824242629413634	26.733766389331386	30.383437764794873	0.6179520128417194	3.7075296117539884
p01-s02-c0023	sb0006	D1	4	231	250	28.525229309332616	28.798852770349384	1.9501060961768881	0.06836425660349979	26.161799573899252	31.179478676062605	0.9332045517725411	6.731979081262746
p01-s02-c0023	sb0006	D2	1	171	190	20.130140949786504	19.865424066254754	0.9779960937843769	0.048583668451399956	19.276488495625156	21.704302217762766	0.5995185097823742	2.7166563739920737
p01-s02-c0023	sb0006	D2	2	191	210	21.963039301428097	22.04206751509406	0.9578932012086743	0.043613872746036085	20.669507100493888	23.428406410360857	0.7124188004924865	3.2284996533122605
p01-s02-c0023	sb0006	D2	3	211	230	20.112786269084232	20.49518800857433	1.303535370963401	0.06481127743932184	17.949089160942513	21.496759396299076	0.7230641598485363	4.676983931982037
p01-s02-c0023	sb0006	D2	4	231	250	18.97288284137064	19.388118525098587	1.8422848200345736	0.09710094324819449	16.747039113432987	21.43379504448647	0.9072460281917587	6.294872356572693
p01-s02-c0023	sb0006	evenness	1	171	190	0.6868906923500138	0.6858844410177037	0.0065128957665261476	0.009481706243891597	0.6791974684635647	0.698131724653785	0.11457492674250877	1.0
p01-s02-c0023	sb0006	evenness	2	191	210	0.7023799235260706	0.7005776993606958	0.0045351743841997895	0.006456867903388265	0.6974303545946751	0.7084597437919021	0.2785954115948588	1.1847876489380817
p01-s02-c0023	sb0006	evenness	3	211	230	0.6864908175867044	0.6877179939157374	0.008403835782796918	0.012241730795962913	0.6708270417251254	0.6979282225699887	0.323048371249129	3.142991483846171
p01-s02-c0023	sb0006	evenness	4	231	250	0.6829016754055381	0.6871358339142404	0.013154351893622145	0.019262439041184794	0.6655463758334079	0.7012014472139225	0.8566155925755489	6.26574034484172
p01-s02-c0023	sb0006	TV	1	171	190	0.16948368689999999	0.167092041	0.014710612001832974	0.08679662491949823	0.1494098841	0.18995623229999997	0.6867824962374137	4.121256542685774
p01-s02-c0023	sb0006	TV	2	191	210	0.16787776629999998	0.16226838449999997	0.016506457976719072	0.09832426497277665	0.14898025310000002	0.1936682889	0.6525324049399495	4.407377408220438
p01-s02-c0023	sb0006	TV	3	211	230	0.17244911725	0.1695440275	0.015566658796404528	0.09026812688079751	0.15462478805	0.19574099820000002	0.6813618208690247	2.5554924106181467
p01-s02-c0023	sb0006	TV	4	231	250	0.1812496866	0.17916325249999998	0.012870828330720735	0.0710115894386365	0.16296282595	0.20271133409999997	0.6803778746883031	3.582058310234296
p01-s02-c0023	sb0007	D0	1	171	190	134.45	135.0	5.510516261992537	0.04098561741905941	124.85	141.05	0.671118720408116	2.787997226796082
p01-s02-c0023	sb0007	D0	2	191	210	134.4	135.0	4.535242116208526	0.033744360983694384	126.85	141.1	0.14838667825653729	1.0
p01-s02-c0023	sb0007	D0	3	211	230	133.8	133.0	3.8607334999834864	0.028854510463254754	130.75	142.0	0.2987280280624594	1.751977401129944
p01-s02-c0023	sb0007	D0	4	231	250	135.6	136.0	4.772729551150061	0.035197120583702515	128.9	143.1	0.28844173338395984	1.9053604436229203
p01-s02-c0023	sb0007	D1	1	171	190	33.086396409060725	33.27393443815042	1.3423343099293743	0.040570580529035054	30.67276890823842	34.63230344389438	0.8979976704197744	4.51064175954331
p01-s02-c0023	sb0007	D1	2	191	210	29.67964166136923	29.32133436196201	0.9010095610267668	0.030357831516527812	28.750056335614456	31.42921421633	0.5917583745662708	2.295943573172007
p01-s02-c0023	sb0007	D1	3	211	230	29.97372432948681	30.28950408826945	1.0423411408736432	0.0347751627197103	28.52626339861909	31.16828211208009	0.6031856890240435	3.6747408201359892
p01-s02-c0023	sb0007	D1	4	231	250	26.81080804267442	26.741561521659442	0.7845689012977329	0.029263157606027563	25.759786138797583	27.901886387139577	0.7200014446646259	5.869725671301697
p01-s02-c0023	sb0007	D2	1	171	190	23.060141236898936	23.383982509917374	1.4569589017222906	0.06318083166771699	20.631998773343167	24.821866095700308	0.8820814162333351	5.041321100315641
p01-s02-c0023	sb0007	D2	2	191	210	20.44554015606158	20.25613864095789	1.0467234283424403	0.0511956847484958	19.095421047838265	22.025762534476304	0.6207775982275066	2.4735277615459985
p01-s02-c0023	sb0007	D2	3	211	230	19.73067523409403	19.986479527531536	0.8918119755236242	0.04519926282008835	18.15981037273351	20.851559418594253	0.6750263398685877	3.9442139399705316
p01-s02-c0023	sb0007	D2	4	231	250	17.371014097802664	17.31328223572015	1.1036535147297497	0.06353420177520641	15.605093786978896	19.009020646948702	0.8408068068979409	5.491168776165894
p01-s02-c0023	sb0007	evenness	1	171	190	0.7139593479749256	0.7112946956344535	0.011848065023352835	0.016594873443367172	0.7010363067387184	0.7343124414225117	0.8336407831361429	4.541713094263424
p01-s02-c0023	sb0007	evenness	2	191	210	0.6918381598176782	0.6925649378162193	0.00800880336011034	0.011576122603906265	0.6803843794006297	0.7029706509389365	0.419194693379194	1.4989016973954121
p01-s02-c0023	sb0007	evenness	3	211	230	0.6944133516407608	0.6933667456113504	0.0075386165588265715	0.0108560939115216	0.6839306251039221	0.7041375741716748	0.4706137260516066	2.520505604178241
p01-s02-c0023	sb0007	evenness	4	231	250	0.6698868564329337	0.6719941957628646	0.007659539637781065	0.011434079597511713	0.6561185021850319	0.6805077001965048	0.728163827977507	4.279677639646346
p01-s02-c0023	sb0007	TV	1	171	190	0.17998125050000002	0.179742141	0.013420068369943403	0.07456370223376907	0.15894050634999998	0.19891313025	0.5729992386594728	2.2553877805240035
p01-s02-c0023	sb0007	TV	2	191	210	0.19282768900000005	0.19754350049999997	0.02253525340145598	0.11686731049012351	0.1518078979	0.22175368255000003	0.8000408683376979	5.204601306430011
p01-s02-c0023	sb0007	TV	3	211	230	0.18942335959999998	0.19060180599999998	0.021560699869164045	0.11382281422256037	0.1595540808	0.2163087788	0.7199906697414117	4.309076400314825
p01-s02-c0023	sb0007	TV	4	231	250	0.1966477816	0.19553365299999997	0.02092323653989817	0.1063995554369283	0.1674060535	0.2270671657	0.8646045448049884	5.841535259805787
p01-s02-c0023	sb0008	D0	1	171	190	134.4	133.0	4.569924564619836	0.03400241491532616	128.0	140.4	0.20049161837233495	1.199193548387097
p01-s02-c0023	sb0008	D0	2	191	210	134.3	135.5	5.554514522345528	0.04135900612319827	123.0	141.2	0.404503737971941	1.7592289321050836
p01-s02-c0023	sb0008	D0	3	211	230	135.65	136.0	5.714938872445573	0.04213003223328841	127.75	142.3	0.3772148053363383	1.8865764241398753
p01-s02-c0023	sb0008	D0	4	231	250	132.35	132.0	5.234249556627256	0.03954854217323201	125.95	141.25	0.5167435671099199	1.9823552012294694
p01-s02-c0023	sb0008	D1	1	171	190	29.75321296575759	29.22641834888596	1.4197382916051215	0.0477171421197123	27.745860289730008	32.08299543851937	0.8352064903730575	5.907125072752995
p01-s02-c0023	sb0008	D1	2	191	210	27.894348312843185	27.685101553056885	1.075017114042452	0.0385388861566445	26.680235092187438	29.85798142018284	0.6396550657458829	3.3352677830375064
p01-s02-c0023	sb0008	D1	3	211	230	27.783866537881778	27.33474382602538	1.5212140718134461	0.05475170526533282	25.66908222676345	29.968524993772153	0.8905114085873428	5.766655981010106
p01-s02-c0023	sb0008	D1	4	231	250	30.62920429540261	30.767910719015298	1.0700211483240123	0.034934670127379726	28.99939482901994	31.96752349126784	0.6431566358960099	3.532763349205898
p01-s02-c0023	sb0008	D2	1	171	190	20.917590529651143	20.698796696489868	0.8711020345663234	0.04164447302529979	19.90485129634581	22.5733059772136	0.5554277187353586	1.8965200895850534
p01-s02-c0023	sb0008	D2	2	191	210	19.38639295243295	19.18179119865771	1.0447394565871437	0.05389034768616053	18.293478642177128	21.27797606177794	0.7146549949783392	3.4816002623952986
p01-s02-c0023	sb0008	D2	3	211	230	18.650398311404786	18.42189861321853	0.8490591063624982	0.045524985160413194	17.635197699979003	19.923158689855338	0.7176822926899874	4.079817874601849
p01-s02-c0023	sb0008	D2	4	231	250	21.29077581320946	21.31331013597084	1.0055042311112268	0.04722722365463924	19.79978527603168	22.792569824561962	0.5448263243743329	2.417617615327644
p01-s02-c0023	sb0008	evenness	1	171	190	0.6921950562172345	0.6921255608206073	0.009949017344979846	0.014373141292499355	0.6768587318200309	0.7054957868530132	0.693251416378349	5.061082037252841
p01-s02-c0023	sb0008	evenness	2	191	210	0.6793081562336492	0.6755535017226302	0.011625630695111952	0.017113927734312816	0.6680904127472008	0.7034058576380287	0.7415861461160849	3.105553444541107
p01-s02-c0023	sb0008	evenness	3	211	230	0.6769394474573707	0.674880551531926	0.012306598132388246	0.018179762131772116	0.6642888104565121	0.6958430220407043	0.8158940386188067	4.037325865177186
p01-s02-c0023	sb0008	evenness	4	231	250	0.7004475866333446	0.699881093841977	0.007395162456121872	0.01055776705815525	0.6902641921548148	0.7156891342189913	0.5994814331190632	2.270959952296542
p01-s02-c0023	sb0008	TV	1	171	190	0.16958045635000002	0.1664919305	0.018261667378965733	0.10768733480275088	0.1488125167	0.20722140669999997	0.7915330917356543	3.270841709081527
p01-s02-c0023	sb0008	TV	2	191	210	0.1879542039	0.18700725949999997	0.017691062939754924	0.09412432695130009	0.16361615085	0.21210875995	0.6619365612078643	2.3671502834754
p01-s02-c0023	sb0008	TV	3	211	230	0.18197993345000002	0.182779192	0.021701089123515357	0.1192499014155198	0.1517090921	0.21223518835	0.8077778868556145	5.612581491767621
p01-s02-c0023	sb0008	TV	4	231	250	0.17285899195	0.170906003	0.025357151091713118	0.14669269330835707	0.13895393239999998	0.20563958175	0.8632611509383349	6.677519075391465
p01-s02-c0023	sb0009	D0	1	171	190	137.05	138.0	3.734265234568276	0.02724746614059304	130.9	141.1	-0.09913924005911086	1.0
p01-s02-c0023	sb0009	D0	2	191	210	136.95	136.0	3.7763112048385885	0.027574379005758223	132.0	142.15	0.2296296296296296	1.4155194685366308
p01-s02-c0023	sb0009	D0	3	211	230	133.8	133.5	3.968295404963274	0.02965841109838022	128.0	141.05	0.2568925089319624	1.0
p01-s02-c0023	sb0009	D0	4	231	250	133.85	133.0	3.1668513334889994	0.023659703649525583	129.8	139.0	0.42387893447375646	1.9329047494096034
p01-s02-c0023	sb0009	D1	1	171	190	29.654232839496665	29.6793037101489	1.0219543724845734	0.03446234397685803	28.198474462546237	30.957230142095273	0.7630352718528763	4.661026274579361
p01-s02-c0023	sb0009	D1	2	191	210	30.343825122784853	30.34590783268885	0.7649181944688013	0.025208364185253376	29.284141775420718	31.41899707665108	0.7195534908093457	3.1386384859849965
p01-s02-c0023	sb0009	D1	3	211	230	29.08014578379229	29.10892022848897	0.7151934662397776	0.02459387485733954	28.148558477539133	30.08341116699678	0.31517456797234067	1.958024779368172
p01-s02-c0023	sb0009	D1	4	231	250	29.95586981243095	30.4986446086939	1.9836157079933767	0.06621793058969114	26.65061191531183	32.26831749052264	0.8961438213840763	6.040737559358594
p01-s02-c0023	sb0009	D2	1	171	190	20.42885315738433	20.475282891085882	1.1413272396180736	0.05586839509909164	18.83526739696831	22.031964960964455	0.8610902767121611	4.985772519354747
p01-s02-c0023	sb0009	D2	2	191	210	21.699444176261846	21.733107215645926	0.6705281096180966	0.030900704376180397	20.827264500273447	22.465165436662964	0.7733456570052366	3.7590864896184515
p01-s02-c0023	sb0009	D2	3	211	230	20.003075348644224	19.90876151235696	0.7320119500744334	0.036594970389093096	18.906760499116455	21.031987155748713	0.3644623759599627	2.7806069689575414
p01-s02-c0023	sb0009	D2	4	231	250	21.067109193303207	20.990914566393773	1.2276594758437724	0.05827375102009818	19.544569673867706	22.77317388514302	0.8536005503414064	6.165364020471975
p01-s02-c0023	sb0009	evenness	1	171	190	0.688848737196528	0.6875795646665996	0.007726102348841759	0.011215963580459476	0.679224801453696	0.7017483284779529	0.5566859466590717	2.8805058912117945
p01-s02-c0023	sb0009	evenness	2	191	210	0.6936906194175566	0.6922223278438434	0.007481351856932151	0.0107848537193911	0.6839220765388399	0.7044261442341179	0.546543289818238	2.8830141905799542
p01-s02-c0023	sb0009	evenness	3	211	230	0.688293419843521	0.6888755129203381	0.005403294498375067	0.007850277719643856	0.6807500738528062	0.6955939199054626	0.33576030279925384	1.1079223772232114
p01-s02-c0023	sb0009	evenness	4	231	250	0.6938732669677836	0.6946553816637253	0.012822166963480229	0.018479119421206294	0.6733114527425651	0.7111234164399838	0.864628678040939	5.387374063059908
p01-s02-c0023	sb0009	TV	1	171	190	0.16672098209999997	0.165073902	0.01218010703791803	0.0730568335460761	0.14729599869999999	0.18394570294999998	0.5672396811229579	2.2404832895576683
p01-s02-c0023	sb0009	TV	2	191	210	0.17214441640000003	0.172487968	0.010129770825321729	0.058844608713789964	0.15959203749999998	0.19104222855	-0.15970073905611448	1.0
p01-s02-c0023	sb0009	TV	3	211	230	0.1519535671	0.151746086	0.014458665371946558	0.09515186545394734	0.12226605835	0.172037088	0.5117715450939091	2.2009861351519846
p01-s02-c0023	sb0009	TV	4	231	250	0.17258087775000003	0.17150964000000002	0.008737552348155061	0.05062873976578242	0.16080393305	0.18511880779999998	0.3156598477652468	1.6536504609728158
p01-s02-c0023	sb0010	D0	1	171	190	132.75	133.0	5.523871639958412	0.04161108580006337	124.9	141.05	0.6924927432541435	5.616429495472186
p01-s02-c0023	sb0010	D0	2	191	210	134.1	133.5	5.066920584588465	0.037784642688952014	127.95	142.3	0.27368434991690976	1.6944239442394426
p01-s02-c0023	sb0010	D0	3	211	230	134.15	133.5	4.283075628809893	0.03192751120991348	129.0	140.3	0.4943503754430943	1.9575814086931578
p01-s02-c0023	sb0010	D0	4	231	250	139.3	139.0	5.048188836237784	0.036239690138103256	133.8	146.3	0.3244707103666069	1.7518793886823625
p01-s02-c0023	sb0010	D1	1	171	190	33.06945388307359	32.58217747626787	2.166023747595112	0.06549922944762565	30.721504432671868	36.810011161118375	0.8429476139876512	4.091528051648355
p01-s02-c0023	sb0010	D1	2	191	210	32.01977374420726	31.302049131285116	2.490826780562712	0.07779026799067658	28.594258108183137	34.84318140750378	0.9556651242103517	7.055899048328395
p01-s02-c0023	sb0010	D1	3	211	230	30.7746520586558	30.84336512433056	0.8976438723183584	0.02916828663432065	29.49548010414705	31.895736081495997	0.6130063319915277	2.7366684453938936
p01-s02-c0023	sb0010	D1	4	231	250	30.668099142160976	30.603494261865823	1.1091964487165424	0.03616775997673995	29.13030219859308	32.43378385832405	0.5687448926106837	2.9001219715711644
p01-s02-c0023	sb0010	D2	1	171	190	22.356337213312617	22.241653915443024	1.7772412508729547	0.07949608354514592	20.359955031231674	25.507213576781368	0.7742227597538974	3.2395375458020874
p01-s02-c0023	sb0010	D2	2	191	210	21.584382465793443	20.9597132863246	2.252206702470283	0.10434427327441688	18.91507934870087	24.363327637895615	0.9462976147806061	7.145482018510571
p01-s02-c0023	sb0010	D2	3	211	230	20.70023930984693	20.590099315718426	0.8569616404260847	0.04139863446015502	19.51661631705478	21.871140969935517	0.6509084097721669	2.8457505010804285
p01-s02-c0023	sb0010	D2	4	231	250	21.41350127025576	21.409004977569403	1.0181402712316294	0.047546650983502095	20.116484300199183	22.789365307083617	0.6663185382765638	3.091591207344467
p01-s02-c0023	sb0010	evenness	1	171	190	0.7155136884699543	0.7105840872170859	0.01744298470795369	0.02437826835326317	0.6940815822846186	0.7465496577312918	0.8853330918495141	5.516844713288554
p01-s02-c0023	sb0010	evenness	2	191	210	0.7072108371291421	0.7041697771029174	0.018671423287468538	0.026401494868579047	0.6836015386170968	0.7299322410930994	0.929507715841899	6.804310174215163
p01-s02-c0023	sb0010	evenness	3	211	230	0.6994729182317536	0.6988123862130451	0.006113475378673891	0.008740117335962872	0.6914347747527374	0.7104202531540066	0.4431051725800977	1.8163638588862505
p01-s02-c0023	sb0010	evenness	4	231	250	0.6934105601769635	0.6927014599809608	0.007317665020570646	0.010553149087754194	0.6824148899597686	0.7032309493498436	0.34716142931819327	1.8779357069546774
p01-s02-c0023	sb0010	TV	1	171	190	0.1818397937	0.18442357300000004	0.015413878603330022	0.08476625654756241	0.15881588335	0.20610459470000003	0.6207306453096098	3.695248777987182
p01-s02-c0023	sb0010	TV	2	191	210	0.1803500221	0.1757195215	0.018937411935646953	0.10500365741650193	0.1537351656	0.2070832468	0.6889722338609117	4.009811188897281
p01-s02-c0023	sb0010	TV	3	211	230	0.16546639594999998	0.1673887135	0.01179804974142053	0.07130178713136183	0.1493158752	0.18241589070000003	0.3788398588088972	1.7089683101777782
p01-s02-c0023	sb0010	TV	4	231	250	0.17378755964999998	0.1757872165	0.017870833268800082	0.10283148750572886	0.14383346535	0.19535089545	0.7215489193799283	3.077133875987933
p01-s02-c0023	sb0011	D0	1	171	190	133.5	133.0	6.013143498773508	0.04504227339905249	126.0	143.2	0.3605883152039709	1.4956331877729259
p01-s02-c0023	sb0011	D0	2	191	210	135.95	135.5	5.529585498884495	0.04067367045887823	129.6	144.15	0.36500246673761955	1.3843446079697044
p01-s02-c0023	sb0011	D0	3	211	230	139.05	138.5	4.37065573786673	0.0314322598911667	134.0	148.0	0.10419295894582152	2.208692657390828
p01-s02-c0023	sb0011	D0	4	231	250	137.45	136.5	4.186129980127983	0.030455656457824547	132.75	144.1	-0.05634618315743883	1.0
p01-s02-c0023	sb0011	D1	1	171	190	30.106130853094896	30.140502841423057	0.755623233590969	0.02509864974938456	28.922519224990523	31.346619177357386	0.40466363807408073	1.5984802124135327
p01-s02-c0023	sb0011	D1	2	191	210	30.204712967067433	30.03265257989294	1.2557094277734069	0.04157329451011576	28.926981140760162	32.072570889819	0.7524480604990536	3.2816819226847067
p01-s02-c0023	sb0011	D1	3	211	230	29.927901046961544	29.961215289043313	0.7278999681715066	0.024321784779671587	28.96034655726296	30.942253654155895	0.04661904428578475	1.0
p01-s02-c0023	sb0011	D1	4	231	250	31.231662787713294	30.98428657300869	1.5620372322845768	0.050014539504412515	29.315605005581208	34.05476326362215	0.7450734853594725	5.047539521153375
p01-s02-c0023	sb0011	D2	1	171	190	21.17769994869584	21.191134088368806	0.646832600665295	0.030543099686570454	20.036617853667508	22.018054421988307	0.4733245637093519	1.8498962224017639
p01-s02-c0023	sb0011	D2	2	191	210	20.656101709927032	20.658197002151113	0.9486499924051366	0.04592589665402493	18.736255365227617	21.736675286709076	0.7583099711683072	2.6302852049466625
p01-s02-c0023	sb0011	D2	3	211	230	19.83688374780034	20.052516416558547	0.6794250603592169	0.034250594448059744	18.788146325136136	20.568991676862662	0.5019434573394209	1.7493200094402843
p01-s02-c0023	sb0011	D2	4	231	250	20.73123055686743	20.492269905661864	1.1540648952388985	0.055667939829871935	19.265793223769474	22.686297562850193	0.603556309748876	3.0517335450826786
p01-s02-c0023	sb0011	evenness	1	171	190	0.695795924172202	0.6962493256061051	0.0068854123053079305	0.009895735324261348	0.6841617379388271	0.7062445504870161	0.3855386846954626	1.3361526374907422
p01-s02-c0023	sb0011	evenness	2	191	210	0.6937611616475505	0.6900225060035649	0.010151606915819839	0.014632711482020277	0.679210022671533	0.7106783497022998	0.6186830616468235	2.6604517110996886
p01-s02-c0023	sb0011	evenness	3	211	230	0.6887669154648941	0.6902453277193485	0.006413524369953723	0.009311603426283642	0.6813581845762648	0.6962864587379578	0.3904426980107217	2.609999985237298
p01-s02-c0023	sb0011	evenness	4	231	250	0.6988649369606207	0.6973587718703331	0.010841121979265641	0.015512470873719784	0.6821533231651106	0.7183117324637758	0.6735363517413898	4.6776945119391495
p01-s02-c0023	sb0011	TV	1	171	190	0.16899986515000004	0.16926918749999997	0.00883744062988945	0.05229258983162832	0.15459245495	0.18398528604999997	0.2675455475192894	1.4451273714565587
p01-s02-c0023	sb0011	TV	2	191	210	0.16161054854999998	0.1577186915	0.023231672827166802	0.14375096821095967	0.12573979940000002	0.2007094549	0.7682042584086407	4.706105217045663
p01-s02-c0023	sb0011	TV	3	211	230	0.18340320384999997	0.18017028349999997	0.015914234024469717	0.08677184307797314	0.163135623	0.20650103615	0.6626715261757732	3.990263765013562
p01-s02-c0023	sb0011	TV	4	231	250	0.19488105900000002	0.19129072549999998	0.01533092287633811	0.0786681012254665	0.1758952356	0.22151572804999997	0.662566262201321	2.8982003042940914
p01-s02-c0023	sb0012	D0	1	171	190	131.0	130.5	6.488856845230502	0.04953325836053818	122.8	140.05	0.73133937358981	3.69
p01-s02-c0023	sb0012	D0	2	191	210	135.0	134.5	4.553772293962793	0.033731646621946616	129.95	142.2	0.45956995340379486	1.9543147208121827
p01-s02-c0023	sb0012	D0	3	211	230	135.8	136.0	3.4274434234648763	0.02523890591653075	130.9	140.15	0.1474358974358975	1.3494623655913975
p01-s02-c0023	sb0012	D0	4	231	250	135.0	135.0	4.645314560761311	0.034409737487120826	127.9	141.25	0.27959900536264876	3.15609756097561
p01-s02-c0023	sb0012	D1	1	171	190	30.63094814398292	30.626301477684446	0.8735708811050442	0.02851922431518486	29.365700154486692	32.16717437984172	0.790440061268261	3.0009269550924618
p01-s02-c0023	sb0012	D1	2	191	210	30.060643105964818	30.24324941850947	1.0940008747254184	0.03639312941073906	27.90918342709839	31.558240753007624	0.6246194038580201	2.5664448927130676
p01-s02-c0023	sb0012	D1	3	211	230	31.599697895256686	31.40637936606774	0.9950359447179438	0.031488780304678325	30.332015086811598	32.97511349575735	0.7428632996260135	4.316379301979707
p01-s02-c0023	sb0012	D1	4	231	250	30.672475578803784	30.715333068042426	1.3835118043795556	0.045105971339842926	29.0672601359043	33.2585128322102	0.7498067583035751	3.246876410146497
p01-s02-c0023	sb0012	D2	1	171	190	21.44106996803073	21.65028686143454	1.0198743010601132	0.04756639023056106	19.98603952233221	22.933641238866578	0.7673504469810033	3.026342220546355
p01-s02-c0023	sb0012	D2	2	191	210	20.690939746390903	20.76126048244518	0.6917623093615023	0.033433102499956076	19.69645214910712	21.602451267633086	0.5115634007380081	2.0215724113680578
p01-s02-c0023	sb0012	D2	3	211	230	22.523257388503538	22.40766652979999	0.925195769374951	0.0410773518863748	21.52736923658802	23.828913828529988	0.6704916156251359	3.570215632552966
p01-s02-c0023	sb0012	D2	4	231	250	21.274897743841617	21.1942460430054	1.1614845724334228	0.05459413184581037	19.699508562057485	23.277331802689	0.5841431426907933	2.2831929288971495
p01-s02-c0023	sb0012	evenness	1	171	190	0.7020945563449639	0.7013921389863713	0.010244283610807007	0.014591031248180807	0.685426771896667	0.7154474766516195	0.8035265457868711	4.420347316454068
p01-s02-c0023	sb0012	evenness	2	191	210	0.6937607708495162	0.6925373292553778	0.00872345220437867	0.012574150299240364	0.6827210919309917	0.7080755506901659	0.6183438354354595	2.462819118215725
p01-s02-c0023	sb0012	evenness	3	211	230	0.703091849047916	0.7013611556625465	0.0079361267475426	0.011287468000502664	0.6935906623337562	0.7147184468778647	0.7233881909224095	4.924797033792938
p01-s02-c0023	sb0012	evenness	4	231	250	0.6977993467930207	0.6962849054441511	0.009413624896857464	0.013490446702366586	0.6861615914167228	0.712653724756916	0.5305285195736671	2.350935821042453
p01-s02-c0023	sb0012	TV	1	171	190	0.18413979745000003	0.18215503600000005	0.016962434184813555	0.09211715457338553	0.15686382829999998	0.20837223075	0.6923759929216636	2.9373895909319665
p01-s02-c0023	sb0012	TV	2	191	210	0.17100472570000003	0.171562939	0.017134521295319487	0.10019910985021091	0.1498576105	0.19892414940000003	0.7537166114273718	5.442724984864485
p01-s02-c0023	sb0012	TV	3	211	230	0.17259801084999998	0.1716257095	0.013948927415627877	0.08081742858410167	0.15315507665000003	0.1908987458	0.6999316917601989	3.6390169096396727
p01-s02-c0023	sb0012	TV	4	231	250	0.20814422255	0.212248604	0.014717724174709415	0.07070926108061419	0.19257330155	0.22404378535	0.295511595857406	2.0226611854389276
p01-s02-c0023	sb0013	D0	1	171	190	134.55	134.5	4.148239956516752	0.030830471620340038	127.95	141.0	0.4340980817604872	2.522205230157518
p01-s02-c0023	sb0013	D0	2	191	210	137.45	137.0	5.286278165411395	0.0384596447101593	130.9	147.05	0.3332248491970722	1.6207458329409536
p01-s02-c0023	sb0013	D0	3	211	230	134.75	134.5	4.458876422078596	0.033089992000583275	127.9	141.2	0.027747981893868446	1.0
p01-s02-c0023	sb0013	D0	4	231	250	137.65	138.0	4.682273401941232	0.03401578933484367	130.8	145.05	0.17515917417429985	1.447845396711081
p01-s02-c0023	sb0013	D1	1	171	190	29.576572585077383	29.608933221382888	2.272280388053528	0.07682703536785017	26.62048063176246	32.4175362381483	0.898608041168468	5.849630811734496
p01-s02-c0023	sb0013	D1	2	191	210	30.276564388970478	30.184455913378663	0.8912135043915346	0.02943575410148573	29.042628426796647	31.39430778401265	0.4197209637973067	1.8816899890486816
p01-s02-c0023	sb0013	D1	3	211	230	31.3619260740588	31.413109732694963	0.9010163608808828	0.028729624537510906	29.7757405051835	32.83300901072826	0.4459621004853414	1.8597093962417681
p01-s02-c0023	sb0013	D1	4	231	250	28.387119253526247	28.130588334427834	1.3980848811597095	0.04925067840358755	26.54086164658872	30.26953083227314	0.7758301020774058	3.545334968902435
p01-s02-c0023	sb0013	D2	1	171	190	20.04847252267295	19.74152965523185	1.7854716355778084	0.08905773911496782	18.028602396864493	22.246125371030686	0.8879187886788275	5.511030374729067
p01-s02-c0023	sb0013	D2	2	191	210	20.244603834842145	20.11728209752262	0.7198752833019648	0.035558872338268106	19.101528705193818	21.19456477147218	0.4707862545669663	1.9656474798249337
p01-s02-c0023	sb0013	D2	3	211	230	21.15978594200418	21.2966468680687	0.8380602054461279	0.039606270486059074	19.966098824093525	22.507268008567067	0.6308218806967988	2.4403022518807975
p01-s02-c0023	sb0013	D2	4	231	250	19.630148416500543	19.52392466874455	1.1533788291307554	0.058755481856737166	18.337490871545874	21.051401098120692	0.7157340739348305	3.4467621994790023
p01-s02-c0023	sb0013	evenness	1	171	190	0.6905088498390011	0.686125939634403	0.01846449679137038	0.026740420192551562	0.6687578038863199	0.7154067365558704	0.8602607426007721	5.547274814310611
p01-s02-c0023	sb0013	evenness	2	191	210	0.6927381627850769	0.6918108504892768	0.005616998106573552	0.008108399981879205	0.6847094843393076	0.7040503034821861	-0.01628374957717371	1.0
p01-s02-c0023	sb0013	evenness	3	211	230	0.7027275239800735	0.7037036019368355	0.008528324139865246	0.0121360325998944	0.689124202169665	0.7130209022049931	0.14246958765006956	1.0
p01-s02-c0023	sb0013	evenness	4	231	250	0.6792643239093292	0.6774260575046742	0.008912710029249617	0.013121121948455694	0.6654670739354436	0.6901476314834254	0.5723995536026673	3.387157468220705
p01-s02-c0023	sb0013	TV	1	171	190	0.18820045745	0.18703966749999998	0.020832178226991148	0.11069143247181383	0.15612505599999998	0.215020879	0.7596419335623373	3.2501180584463496
p01-s02-c0023	sb0013	TV	2	191	210	0.19558959925	0.19672354449999999	0.01734542443449856	0.08868275460970639	0.16134465574999998	0.21967055340000002	0.5855311956915067	1.874981824391796
p01-s02-c0023	sb0013	TV	3	211	230	0.1810062651	0.171846691	0.02353815592253801	0.13004055914602708	0.1565623934	0.21682863570000002	0.8369661886855987	4.970610528931388
p01-s02-c0023	sb0013	TV	4	231	250	0.17998407300000002	0.1820162365	0.009757500706740902	0.05421313421849777	0.16158065310000003	0.19110547135000003	0.22005203291281125	1.9114839233890066
p01-s02-c0023	sb0014	D0	1	171	190	133.15	132.5	4.648429276308515	0.03491122250325584	127.0	140.3	-0.11336956751907898	1.0
p01-s02-c0023	sb0014	D0	2	191	210	135.5	135.0	4.382981441415133	0.03234672650490873	129.95	142.1	0.05690551091646043	1.152054794520548
p01-s02-c0023	sb0014	D0	3	211	230	136.15	136.0	4.944694126030447	0.03631798843944507	129.8	144.2	0.3973658166693432	1.5421698417823708
p01-s02-c0023	sb0014	D0	4	231	250	136.25	136.0	3.306691779757495	0.024269297466110056	130.95	140.15	0.38833427569937295	2.0186522262334536
p01-s02-c0023	sb0014	D1	1	171	190	27.96646028543151	27.96224374673632	1.111745862364909	0.03975282717291354	25.995917540706543	29.347582338911366	0.7139009751019675	3.1899144183212966
p01-s02-c0023	sb0014	D1	2	191	210	28.750608640958085	28.60710232269784	0.9522267972598685	0.03312023091933182	27.28355679699659	30.05758554205411	0.6770736498837208	4.311629722992361
p01-s02-c0023	sb0014	D1	3	211	230	28.28535083046824	28.191510940750952	1.055275464431309	0.037308197828488446	26.713580956543257	30.089654093391488	0.6971272489349363	4.148727733017315
p01-s02-c0023	sb0014	D1	4	231	250	28.02719349175478	27.856611551763994	1.0335774108718945	0.03687766351546968	26.585553272889047	29.886330168573874	0.7644077089578599	3.4207565744440602
p01-s02-c0023	sb0014	D2	1	171	190	19.48847611893122	19.413369685106506	1.1901875855566584	0.06107135202841761	17.414484502699743	20.972405553125775	0.7487077424881821	3.9841750519723744
p01-s02-c0023	sb0014	D2	2	191	210	20.140553950562392	19.882361407324385	0.9143368181006454	0.04539779890587935	18.890658323379224	21.424636645141113	0.6866897495159195	5.018593434371322
p01-s02-c0023	sb0014	D2	3	211	230	18.951036967696986	18.66287960429799	1.0103230898197593	0.053312285314091615	17.62139681669114	20.409218481207322	0.6535952247216898	3.026264459188649
p01-s02-c0023	sb0014	D2	4	231	250	19.575559323089625	19.423458462697553	0.7934250852728058	0.040531413288250245	18.642691856685946	20.73327560185436	0.773227119403088	3.7042477316710745
p01-s02-c0023	sb0014	evenness	1	171	190	0.6809564764682478	0.6790407524489859	0.010829478652139355	0.01590333453953767	0.6629785124237911	0.6962158407723582	0.5847531831086873	2.6527936919858277
p01-s02-c0023	sb0014	evenness	2	191	210	0.6841789328313262	0.6829289939624781	0.008165049134551803	0.011934084407952341	0.6737385045737057	0.6965297464233982	0.5256712755944561	3.167284492770481
p01-s02-c0023	sb0014	evenness	3	211	230	0.6802013508184268	0.6817332267078459	0.010100452700439366	0.014849209999783702	0.6674603202162285	0.6976081108487416	0.6945740047247635	3.618542004645363
p01-s02-c0023	sb0014	evenness	4	231	250	0.6781440481491032	0.677285653856592	0.006855462060423319	0.010109153179378803	0.6702219199171249	0.6880834015078954	0.6280206718213345	3.1173744150783076
p01-s02-c0023	sb0014	TV	1	171	190	0.15923459445	0.1590782165	0.021912669468905147	0.13761249271612125	0.12480432799999998	0.1901231868	0.8117728222190514	5.6547262788907675
p01-s02-c0023	sb0014	TV	2	191	210	0.1725029279	0.172539493	0.017406991881736007	0.10090838511347962	0.14302090804999998	0.20024834459999996	0.6557934066190595	3.3741695182318523
p01-s02-c0023	sb0014	TV	3	211	230	0.17483193459999996	0.177192783	0.01168219454779298	0.06681956917379431	0.15830544505	0.19030768309999999	0.6634680420374085	5.416969722349119
p01-s02-c0023	sb0014	TV	4	231	250	0.16876788115	0.16883895799999998	0.012862414025943797	0.07621363696870587	0.14296597915	0.1833997554	0.528695661913181	2.368474950818869
p01-s02-c0023	sb0015	D0	1	171	190	141.7	140.5	8.609052762858651	0.06075548879928477	129.95	155.15	0.8361205846274895	3.385499218860957
p01-s02-c0023	sb0015	D0	2	191	210	138.95	139.0	5.906953975032978	0.04251136362024453	129.85	147.3	0.17126768013160867	1.2466023078663553
p01-s02-c0023	sb0015	D0	3	211	230	139.6	141.5	5.195139428755549	0.037214465822031154	130.0	145.1	0.24990913216813662	1.1767550702028085
p01-s02-c0023	sb0015	D0	4	231	250	136.55	135.0	5.670561097272009	0.041527360653767914	130.75	146.1	0.34047831459640376	1.7100171863491274
p01-s02-c0023	sb0015	D1	1	171	190	30.32115828863805	30.550132914712254	0.943328239435709	0.03111122043741954	28.98952628887922	31.795031586395826	0.6105422599741581	2.0463616247477985
p01-s02-c0023	sb0015	D1	2	191	210	28.616519956003792	28.925981793846493	0.8332711394832859	0.02911853505473031	27.253182420356282	29.48236112988385	0.5067212793250448	2.1655118506420035
p01-s02-c0023	sb0015	D1	3	211	230	29.38753757113297	29.813178896088374	1.7491667363125039	0.059520697577284926	26.141178659641984	31.33840577100741	0.8179286029805677	4.765397930442141
p01-s02-c0023	sb0015	D1	4	231	250	28.154159428583547	28.149566498985166	1.154652070539914	0.041011775665646476	26.409766586642537	30.026847790457303	0.6789864358944003	3.8420415099711747
p01-s02-c0023	sb0015	D2	1	171	190	20.762735544779535	20.828509512786916	0.8736264052581404	0.042076652345446844	19.44452522171399	21.97384850013021	0.5920689538384728	1.7768160460134417
p01-s02-c0023	sb0015	D2	2	191	210	19.303952897354	19.341267018927233	0.6202182947522482	0.032129082476017735	18.440021459491263	20.00917744584477	0.36680628738759147	1.437446848939022
p01-s02-c0023	sb0015	D2	3	211	230	20.436177861542312	20.84795731590264	1.5090654243067871	0.07384284060017955	17.908702297944455	21.926301602756002	0.7956178253525776	5.009858018605561
p01-s02-c0023	sb0015	D2	4	231	250	19.399954795576043	19.57810559375417	0.7924746487820368	0.040849303884087	18.150889742523677	20.691473876756607	0.5044032025235091	2.6637613662882966
p01-s02-c0023	sb0015	evenness	1	171	190	0.6889820418125794	0.6860994949796164	0.009785530858674132	0.014202882317411758	0.6759551911156987	0.7029600187700714	0.740357888711587	3.11712832710012
p01-s02-c0023	sb0015	evenness	2	191	210	0.6798513019230693	0.6795822883440007	0.00948607940615791	0.013953167963825328	0.6658027502490702	0.6952255032217275	0.3892846197132749	1.9783826851163298
p01-s02-c0023	sb0015	evenness	3	211	230	0.684233199789458	0.6863302080796809	0.011040304687988415	0.016135295234702984	0.6680922407958558	0.6973757101501841	0.7879956821772631	4.2633037195737815
p01-s02-c0023	sb0015	evenness	4	231	250	0.6788256696727726	0.6788070993488389	0.00862257132309456	0.012702188070246466	0.6668919786044112	0.6933914660981126	0.46942882896672744	2.578494691010866
p01-s02-c0023	sb0015	TV	1	171	190	0.18082521294999998	0.18100500049999999	0.01712439273150288	0.09470135525977758	0.15745168629999998	0.20072910415000003	0.7046854006068546	2.923957675965216
p01-s02-c0023	sb0015	TV	2	191	210	0.16316682759999995	0.1639975715	0.015765097038752434	0.09661949840319405	0.13750572890000004	0.18722669560000002	0.48702877455544336	2.720434027756433
p01-s02-c0023	sb0015	TV	3	211	230	0.17858590919999998	0.1813970265	0.01535874109116795	0.08600197607957724	0.1550566387	0.19831567585	0.5417207196152102	2.3993121454544655
p01-s02-c0023	sb0015	TV	4	231	250	0.16285248265000002	0.16375723350000002	0.014107588446980793	0.08662802198294145	0.14006282575	0.1813376602	0.31280277308447185	1.4157184996307093
p01-s02-c0023	sb0016	D0	1	171	190	134.95	135.0	5.853249210121629	0.04337346580305024	127.0	142.1	0.5387480997779203	2.975551117597357
p01-s02-c0023	sb0016	D0	2	191	210	137.1	137.5	7.628892449104261	0.05564472975276631	123.75	147.05	0.7064894348565641	4.0606619641888235
p01-s02-c0023	sb0016	D0	3	211	230	135.55	135.0	5.835237784358063	0.04304860040101854	124.9	144.1	0.42381982377589816	3.3563644794806424
p01-s02-c0023	sb0016	D0	4	231	250	135.15	135.0	4.475371198953339	0.03311410432077942	128.0	142.15	0.2663973679035708	1.1693995532781503
p01-s02-c0023	sb0016	D1	1	171	190	27.87968789476246	27.660210980919512	1.2124069362655505	0.04348710576825776	26.43630249618829	29.5749289446168	0.6390144805015748	4.415345350853339
p01-s02-c0023	sb0016	D1	2	191	210	28.895653347044043	28.910536790330465	1.244224581269734	0.04305922992383265	26.80171961957307	30.64881041462815	0.6473031142043948	2.610583296283783
p01-s02-c0023	sb0016	D1	3	211	230	31.47085310866901	31.485010712841735	0.8076993695495799	0.02566499760145014	30.02031989521535	32.61552735789135	-0.1284160313490832	1.0
p01-s02-c0023	sb0016	D1	4	231	250	29.472082819464653	29.408780370681335	1.0343204467614826	0.0350949219672514	27.964540441511033	30.81758964089909	0.6042119027901872	3.4882929593098946
p01-s02-c0023	sb0016	D2	1	171	190	19.23818918951719	18.994568541011784	0.931669719066833	0.04842813998182823	18.041216247769025	20.562406601140584	0.4558784547588603	2.9018507283271653
p01-s02-c0023	sb0016	D2	2	191	210	19.11484831710505	19.18280237546439	0.779113798699241	0.04075961188779331	18.08584744693801	19.958525576835964	0.04776672752677444	1.0
p01-s02-c0023	sb0016	D2	3	211	230	21.34918784840693	21.39393698705088	0.7497188877607662	0.03511697461675152	20.50955731543999	22.311795326138537	-0.011077611742076852	1.0225132460499813
p01-s02-c0023	sb0016	D2	4	231	250	20.131732178996835	20.115205835879415	0.941691320820915	0.046776467739987566	18.764156303909402	21.701410695711164	0.6333629770626168	4.169422289165592
p01-s02-c0023	sb0016	evenness	1	171	190	0.6784649321519618	0.6788371569835802	0.009648488971640033	0.014221057735492473	0.6660825881264204	0.6942424970747118	0.6287656741150013	2.7655927076542985
p01-s02-c0023	sb0016	evenness	2	191	210	0.6836565999925118	0.6846128547055644	0.009134835836851348	0.013361731367694545	0.6696429232316248	0.6959168307217284	0.43932970124684195	2.449089911199243
p01-s02-c0023	sb0016	evenness	3	211	230	0.7026687878342254	0.7018252321277512	0.008320944091898864	0.01184191504726684	0.6911233215722522	0.7180822195752485	0.25053367159795575	2.3392359547087826
p01-s02-c0023	sb0016	evenness	4	231	250	0.6895845802798843	0.6898842538189736	0.008737805271877279	0.012671114641703316	0.6750647401009078	0.7018653308501043	0.3892587137756633	2.48516568534339
p01-s02-c0023	sb0016	TV	1	171	190	0.17355270315000002	0.176862427	0.016757722581891083	0.09655696671810139	0.14799050649999998	0.19595724465000003	0.5246580536342446	2.362954947191845
p01-s02-c0023	sb0016	TV	2	191	210	0.18211684749999998	0.18721877399999998	0.02849810157441984	0.15648251090234713	0.13158635430000004	0.21799849475000002	0.8749095533394774	4.859045867794674
p01-s02-c0023	sb0016	TV	3	211	230	0.1840308337	0.1769915245	0.02081397917905419	0.11310049930537369	0.15780886969999997	0.21717113654999998	0.7357530224688261	5.069124911792928
p01-s02-c0023	sb0016	TV	4	231	250	0.1628833013	0.15947336549999996	0.015779362558231102	0.09687526242587952	0.14714366820000002	0.19142722645000002	0.8380491607437605	3.559680350782062
p01-s02-c0023	sb0017	D0	1	171	190	135.15	135.5	4.556949579892695	0.03371771794223229	127.95	143.05	0.46070765468735897	2.4587884932201245
p01-s02-c0023	sb0017	D0	2	191	210	135.75	135.5	6.163346664375059	0.04540218537292861	125.95	145.05	0.3757254161531313	2.5271908555594043
p01-s02-c0023	sb0017	D0	3	211	230	138.2	137.5	7.134792439720635	0.0516265733699033	129.0	150.15	0.4183292098244072	1.6850289495450776
p01-s02-c0023	sb0017	D0	4	231	250	136.0	136.5	6.061092484467067	0.04456685650343432	124.95	142.25	0.28741068971666744	1.4297994269340975
p01-s02-c0023	sb0017	D1	1	171	190	30.80020454835675	31.077223767784275	1.2619351361702182	0.04097164790542097	28.87536739750813	32.336581155353976	0.7608982003404534	3.3701939145821385
p01-s02-c0023	sb0017	D1	2	191	210	27.402323972322847	27.68836350287699	1.4300467548621767	0.05218706107943859	25.2138592195458	29.09450979417683	0.749610536573879	4.315957762915344
p01-s02-c0023	sb0017	D1	3	211	230	28.194122012538674	27.786418928038024	1.207178351835513	0.04281666764791075	26.716994955562207	30.460222069298588	0.7281881701775968	2.9306397716961543
p01-s02-c0023	sb0017	D1	4	231	250	28.102692942262156	27.753142480311432	1.159890582099941	0.04127328952008164	26.522871107278938	29.859232417253956	0.6300003557117639	3.7982044870743863
p01-s02-c0023	sb0017	D2	1	171	190	20.098601268639058	20.378630175208407	1.2023571820266947	0.059822928270277104	18.37768720813161	21.640822228565316	0.6670632197682929	2.512609312691734
p01-s02-c0023	sb0017	D2	2	191	210	18.02631630495558	18.114483296396315	1.1837647823866304	0.06566870137861744	16.2361306193893	19.972033143281948	0.7193603136950139	3.368761862395759
p01-s02-c0023	sb0017	D2	3	211	230	19.43426014894827	19.37713251043008	0.6929735583150577	0.03565731615219526	18.431114867268633	20.408845182446406	0.4348788771173244	2.2251465209386105
p01-s02-c0023	sb0017	D2	4	231	250	18.465273397334947	18.211232481722554	1.1540461995341054	0.062498191860006054	16.98500783957584	20.197493651296575	0.6963396773546567	4.5765200005486495
p01-s02-c0023	sb0017	evenness	1	171	190	0.6985429857740351	0.7005829823587155	0.010709775152970615	0.015331590712493414	0.6825433668872356	0.7139847151737713	0.7066718662843219	3.4780223628902247
p01-s02-c0023	sb0017	evenness	2	191	210	0.6740812331032304	0.6735223968391295	0.01288622623383414	0.019116725998305183	0.6544938336893054	0.6905689545966665	0.6932054238763586	4.326927092201868
p01-s02-c0023	sb0017	evenness	3	211	230	0.6775386767505034	0.6784449895926215	0.01014494290246659	0.014973230681268341	0.6595747782331169	0.6912449055895944	0.6157405065211019	2.4028221340868585
p01-s02-c0023	sb0017	evenness	4	231	250	0.6790531415884691	0.6793593684807541	0.010011401171351514	0.01474317775473718	0.6616985416661192	0.6909917582319935	0.3640237732570413	2.170721895181623
p01-s02-c0023	sb0017	TV	1	171	190	0.17755725019999996	0.17419648499999998	0.013937680310919	0.07849682451839977	0.16049283060000002	0.19932017195	0.6498428290973662	3.5027153538563605
p01-s02-c0023	sb0017	TV	2	191	210	0.18201226004999999	0.17873101149999998	0.014546466113042153	0.07992025432268211	0.16245790870000001	0.20363262915	0.5971824016347713	2.8445530435884248
p01-s02-c0023	sb0017	TV	3	211	230	0.17097959225	0.17147225500000002	0.014414532670845802	0.08430557402294776	0.14678954190000001	0.1901768998	0.667563876215637	4.156201464360201
p01-s02-c0023	sb0017	TV	4	231	250	0.18405517980000002	0.17685945250000001	0.020709926459306735	0.11252020443983578	0.15485661625	0.2155095997	0.6830721300133971	2.754292909997351
p01-s02-c0023	sb0018	D0	1	171	190	135.0	135.0	5.964809080634606	0.04418377096766375	125.0	143.05	0.5386624223653587	2.43491124260355
p01-s02-c0023	sb0018	D0	2	191	210	136.7	137.5	5.554514522345528	0.04063287872966736	127.95	143.1	0.26053113553113555	1.3794950528829741
p01-s02-c0023	sb0018	D0	3	211	230	138.65	140.0	4.533791256541785	0.03269954025634176	130.95	144.05	0.6562272182949507	2.8347202662911295
p01-s02-c0023	sb0018	D0	4	231	250	138.75	139.0	4.929769931644617	0.03552987338122247	130.85	144.15	0.40132962457712595	2.6226312939902545
p01-s02-c0023	sb0018	D1	1	171	190	31.619985651533312	31.44549153862954	1.253937927110481	0.03965649892854	30.380683731033926	34.20042073370403	0.7906418780446065	3.4052682230048283
p01-s02-c0023	sb0018	D1	2	191	210	31.02173581827959	30.982339426156994	1.9991432290183255	0.0644433064844917	28.34612641640109	34.84830280701235	0.9273652611882796	4.67766135367236
p01-s02-c0023	sb0018	D1	3	211	230	32.02664640504153	32.203071147698594	1.5194621504213595	0.047443685835997194	29.96498771573784	33.89068205991025	0.8544284095163807	6.195192095205567
p01-s02-c0023	sb0018	D1	4	231	250	30.010448340890456	30.199284843384213	1.2262727308995809	0.04086152652470488	28.129551395733653	31.702449308197732	0.8508800837964611	4.681118235251706
p01-s02-c0023	sb0018	D2	1	171	190	21.712392605759618	21.466685684969026	1.2707315733335336	0.058525635401252295	20.133726332412106	24.37464907505294	0.7972194196142698	3.408750938295298
p01-s02-c0023	sb0018	D2	2	191	210	21.02327337154797	20.773386834796973	1.7227926024607334	0.08194692482057955	18.64352339974514	24.388202987967748	0.8548190295660494	3.572965382667024
p01-s02-c0023	sb0018	D2	3	211	230	21.760535680044608	21.8534687003244	1.3395929330883112	0.06156065975511707	19.92810198876472	23.569866770259644	0.8551333117433969	6.155708047582175
p01-s02-c0023	sb0018	D2	4	231	250	20.65443780273563	20.422817795800704	1.0835865168161136	0.052462648810155235	19.249258730673297	22.433103363365785	0.8707122861255414	5.331559940271268
p01-s02-c0023	sb0018	evenness	1	171	190	0.7041255741931379	0.7049825410847483	0.009187186178884858	0.013047653026113297	0.6907698333452665	0.7200865530597914	0.5651364103120687	2.5628315278964307
p01-s02-c0023	sb0018	evenness	2	191	210	0.6981700726789825	0.6994940506135302	0.01326512522157522	0.018999847946324828	0.6768330424069698	0.7225169109379848	0.7876017107502491	3.5800225671590695
p01-s02-c0023	sb0018	evenness	3	211	230	0.7027937086034796	0.7044415113153305	0.012565644212007818	0.017879562748188218	0.6854240668376425	0.7212286549808118	0.8171578969866683	5.250797885041911
p01-s02-c0023	sb0018	evenness	4	231	250	0.6895464147483521	0.694493392655237	0.009212463625420353	0.013360179138604345	0.6730436645711482	0.6989218623457717	0.7314939670228513	4.1692668078894535
p01-s02-c0023	sb0018	TV	1	171	190	0.16623864314999998	0.16833548249999997	0.01256706033784716	0.07559650451735031	0.14852908555000002	0.18091038625000005	0.5112391178623825	2.2029850203439083
p01-s02-c0023	sb0018	TV	2	191	210	0.18156000060000002	0.177027129	0.023772361982412175	0.1309339166328036	0.15185507615	0.21653176415	0.8844256127768757	6.485269617228631
p01-s02-c0023	sb0018	TV	3	211	230	0.20088684240000002	0.1981262325	0.013592027206921164	0.06766011673306666	0.18326604284999998	0.22789135135	0.4592355825348493	1.7314557444530876
p01-s02-c0023	sb0018	TV	4	231	250	0.17838497714999998	0.183028421	0.018622840701576444	0.10439691166323332	0.14376374414999996	0.2014899154	0.6287521592778149	3.05841237772425
p01-s02-c0023	sb0019	D0	1	171	190	132.9	133.0	5.139117270095077	0.038669053951054	124.9	140.05	0.24504910707666516	2.847309685133519
p01-s02-c0023	sb0019	D0	2	191	210	139.45	141.5	6.0652157509245415	0.04349383829992501	129.0	148.05	0.6946663600429792	4.688032048072108
p01-s02-c0023	sb0019	D0	3	211	230	137.25	136.0	7.765476906085509	0.05657906671100553	126.9	148.35	0.5807277591233286	2.43672267073969
p01-s02-c0023	sb0019	D0	4	231	250	132.15	131.0	5.029125695700784	0.038056191416578004	125.8	138.3	0.33597420287585644	1.909301841639788
p01-s02-c0023	sb0019	D1	1	171	190	26.81747842002511	26.96131389057432	0.8225493264810447	0.03067213529914997	25.544434786030838	27.925154038178796	0.7623366311434113	4.4053402156942045
p01-s02-c0023	sb0019	D1	2	191	210	28.817905366782743	29.29595307800499	1.7098275293883358	0.05933212381768684	26.311237100647794	30.794995538197696	0.8684450227191639	5.862700962174924
p01-s02-c0023	sb0019	D1	3	211	230	28.52711052601549	28.332633469300845	0.9144973721038859	0.03205713285507496	27.395782299344795	29.9390274187838	0.5323079290125944	2.0666719266449878
p01-s02-c0023	sb0019	D1	4	231	250	28.112014877330417	27.866140453254374	1.5773720813675718	0.05611024639288903	26.082693119593436	30.907042781816212	0.7955702451060387	4.851024699943976
p01-s02-c0023	sb0019	D2	1	171	190	17.955224869249907	18.04460581744769	1.2019058313220277	0.0669390575765169	16.268855617946155	19.56017821944768	0.8865041869176128	4.635232456977535
p01-s02-c0023	sb0019	D2	2	191	210	19.942705995799333	20.10486404006832	1.3573316359606011	0.06806155775683125	17.573380154040507	21.7187968667117	0.8385033562902138	6.558347386963518
p01-s02-c0023	sb0019	D2	3	211	230	18.541729245800333	18.507834919117826	0.9649574528930509	0.052042473498614586	16.835767040726214	20.147339768425475	0.6652398293904078	2.3319852805166073
p01-s02-c0023	sb0019	D2	4	231	250	18.993472840026822	18.932197017422723	1.6397703609768035	0.08633336171788202	16.81248263283147	21.551031733267184	0.8795404728727293	4.9587447382436896
p01-s02-c0023	sb0019	evenness	1	171	190	0.672731144834344	0.6735665888156431	0.009890399542636864	0.014701860644600176	0.658317773070088	0.6889607327232595	0.6669623009746996	4.345871426940726
p01-s02-c0023	sb0019	evenness	2	191	210	0.6805691865728988	0.6844090975146668	0.01644836615658404	0.024168543744115253	0.6595151010341925	0.7041793229872373	0.8947479903305036	6.538671921044049
p01-s02-c0023	sb0019	evenness	3	211	230	0.6809657444322011	0.6803710024918099	0.006083902531213224	0.0089342269871241	0.6719277339598796	0.6888994843248997	0.2758870961034927	1.071519166206411
p01-s02-c0023	sb0019	evenness	4	231	250	0.682957963338509	0.6835823826821767	0.01380378143687357	0.020211758523755154	0.6665405154558437	0.7005778973208856	0.6409391027587857	4.65367625534085
p01-s02-c0023	sb0019	TV	1	171	190	0.18314237940000003	0.17413003	0.02357905986337987	0.1287471525740146	0.1526987623000001	0.21470824824999998	0.8366477800293902	4.768692099141807
p01-s02-c0023	sb0019	TV	2	191	210	0.18779207074999998	0.18436991999999996	0.012616650861632116	0.06718415112653055	0.1700492048	0.20381802215	0.5846113302349103	4.40166358884174
p01-s02-c0023	sb0019	TV	3	211	230	0.19116521960000002	0.19098395499999998	0.01501513329796845	0.07854531974690049	0.16737307129999998	0.2168633248	0.7188282049316872	3.0467842155802103
p01-s02-c0023	sb0019	TV	4	231	250	0.19861138115000002	0.1995516545	0.012580303532413689	0.06334130229381212	0.17975727980000003	0.2138147912	0.183327413649779	1.2554306932279995
p01-s02-c0023	sb0020	D0	1	171	190	134.3	135.5	6.610199455546351	0.04921965342923567	124.9	144.0	0.6554010160163102	2.729053240183089
p01-s02-c0023	sb0020	D0	2	191	210	135.3	135.0	4.953467684891379	0.036610995453742634	129.95	142.3	0.2881715362865223	2.2655512655512653
p01-s02-c0023	sb0020	D0	3	211	230	135.25	135.0	5.108043193157033	0.0377674173246361	127.8	144.0	0.5517925803018048	2.1238023197175995
p01-s02-c0023	sb0020	D0	4	231	250	134.2	134.0	4.175114243630756	0.031111134453284325	128.95	143.1	0.5393384714193965	2.0717391304347816
p01-s02-c0023	sb0020	D1	1	171	190	28.84721257956942	29.009692377463477	1.3048898319370732	0.04523452060880367	26.445453231152044	30.703388992296514	0.8165076037638803	3.498761031701214
p01-s02-c0023	sb0020	D1	2	191	210	28.778046505053965	29.113161391961206	1.8499823535573674	0.06428450079933243	25.955210833845786	31.149813734938974	0.7776817900867032	4.838982047388089
p01-s02-c0023	sb0020	D1	3	211	230	30.56709158269168	30.435101777602412	0.7363551677604226	0.024089801470591223	29.748812660236762	31.731440054437957	0.050580979462935355	1.256182639853252
p01-s02-c0023	sb0020	D1	4	231	250	30.181363216166677	30.429865192503108	1.4442409844353377	0.047852079248088056	27.578107411961998	32.21836444220882	0.8445274838159955	3.722409442358681
p01-s02-c0023	sb0020	D2	1	171	190	19.69883809371088	19.808818192594963	1.2988438209161501	0.06593504727219539	17.4914812490759	21.4017535765721	0.8302879612073805	3.621340046616427
p01-s02-c0023	sb0020	D2	2	191	210	19.374693161563634	19.74708840082481	1.4438094902988539	0.07452037966532273	17.109838456753458	21.086891003053235	0.7632117337831046	5.186915356292035
p01-s02-c0023	sb0020	D2	3	211	230	21.48933974469218	21.223151315648117	0.7997384118752723	0.037215587885747206	20.713537870946134	22.752188546164227	0.24179427797961017	2.6544401427361377
p01-s02-c0023	sb0020	D2	4	231	250	21.26117249346799	21.635702937890933	1.398281637256613	0.06576691091171963	18.380154244027473	22.82549623276206	0.8428964306880844	3.684510747811645
p01-s02-c0023	sb0020	evenness	1	171	190	0.6861046468320323	0.686775521705313	0.009013999423849508	0.01313793670611337	0.6744429566661297	0.7009699127979391	0.5169136124252055	1.7185113534741736
p01-s02-c0023	sb0020	evenness	2	191	210	0.6843196168262201	0.6844637827931506	0.01471078608390712	0.021496952187537333	0.6653496752919039	0.7038953989347775	0.78304839808093	5.428102408056917
p01-s02-c0023	sb0020	evenness	3	211	230	0.6970047224393252	0.6964095092587408	0.006540424408330185	0.009383615630953683	0.6901975444384283	0.7072145213178758	0.36545956625309395	2.1641058516930096
p01-s02-c0023	sb0020	evenness	4	231	250	0.695321423756835	0.6945669105520038	0.011542611115989695	0.016600396193209098	0.677139078281541	0.7145178603604799	0.8213362823688062	3.296072529274112
p01-s02-c0023	sb0020	TV	1	171	190	0.1768326687	0.177742413	0.015636528350874954	0.08842556336353563	0.1561631615	0.20574326494999998	0.5944496481478632	2.7634372629859385
p01-s02-c0023	sb0020	TV	2	191	210	0.1884697963	0.188902521	0.012906928043960864	0.06848273992622161	0.16871561769999996	0.20466645075	0.6084718659894153	2.2989378104916214
p01-s02-c0023	sb0020	TV	3	211	230	0.17826159819999998	0.18005508999999997	0.015865276014263543	0.08899996507640166	0.1571304833	0.20149729265	0.5680010266178346	2.5708787700425604
p01-s02-c0023	sb0020	TV	4	231	250	0.184015564	0.1775829075	0.02316156334530222	0.12586741491769807	0.1579219352	0.22737658805	0.8024143904135557	3.6908781978391727
p01-s02-c0024	sb0001	D0	1	171	190	100.0	100.0	0.0	0.0	100.0	100.0	0.0	1.0
p01-s02-c0024	sb0001	D0	2	191	210	100.0	100.0	0.0	0.0	100.0	100.0	0.0	1.0
p01-s02-c0024	sb0001	D0	3	211	230	100.0	100.0	0.0	0.0	100.0	100.0	0.0	1.0
p01-s02-c0024	sb0001	D0	4	231	250	100.0	100.0	0.0	0.0	100.0	100.0	0.0	1.0
p01-s02-c0024	sb0001	D1	1	171	190	34.11555529270905	34.137184565931165	0.23880090169434567	0.006999765932151796	33.76866456683146	34.4241413530885	0.8426914270933434	5.854495385110878
p01-s02-c0024	sb0001	D1	2	191	210	33.82267853620845	33.763672434736215	0.15573922217074493	0.00460457979411714	33.64238840427941	34.09330597660902	0.6606721144889083	4.300281684560277
p01-s02-c0024	sb0001	D1	3	211	230	33.971615428805535	33.90380972380943	0.2095692675232716	0.0061689520759607925	33.73081426979634	34.33908432124205	0.8340743905573592	4.196543375539406
p01-s02-c0024	sb0001	D1	4	231	250	33.905475294719714	33.84553229145669	0.13528973287268337	0.003990203107217694	33.78042464196148	34.16962615805549	0.41001152980528566	1.4001331726029498
p01-s02-c0024	sb0001	D2	1	171	190	22.179066491869	22.17921946191455	0.1748107676251044	0.00788179104333319	21.938911031805734	22.47395090181548	0.8328320755041584	5.996532033821158
p01-s02-c0024	sb0001	D2	2	191	210	21.87509626958538	21.846813527113827	0.10601727952033897	0.004846482877780195	21.705881361290007	22.064823569366776	0.5091688658316156	1.7959481357118983
p01-s02-c0024	sb0001	D2	3	211	230	22.001184316184837	21.947398533182835	0.1001947539475539	0.004554061840836775	21.8843909265739	22.166052010855406	0.7787248861882178	5.254368016827544
p01-s02-c0024	sb0001	D2	4	231	250	22.091949918535548	22.06272225802425	0.11182362921985228	0.005061736498235958	21.968731180813744	22.31297545703105	0.576146041020957	2.1834420255303044
p01-s02-c0024	sb0001	evenness	1	171	190	0.7664711622442575	0.766613848859242	0.001521400738301419	0.0019849419172493043	0.7642569429928061	0.7684315406600304	0.8437581208311359	5.854981155958825
p01-s02-c0024	sb0001	evenness	2	191	210	0.7646018164179857	0.7642248309937265	0.0009983795370537858	0.0013057509354751525	0.7634434102323847	0.7663345552343274	0.6611918904906292	4.305056355789862
p01-s02-c0024	sb0001	evenness	3	211	230	0.7655541844587683	0.7651242289136779	0.0013369589291556117	0.001746393601258695	0.7640134070450967	0.7678943504767333	0.8337459348365892	4.195455268165386
p01-s02-c0024	sb0001	evenness	4	231	250	0.7651332817843184	0.7647506726485426	0.0008642331132815669	0.0011295196978834121	0.7643325497805984	0.7668200597374032	0.4097024116673176	1.400700941797275
p01-s02-c0024	sb0001	TV	1	171	190	0.01904389539999999	0.019333281999999993	0.0008160975596295485	0.04285349937542447	0.017854879499999986	0.019950476400000004	0.42124236447074964	1.4535315375104363
p01-s02-c0024	sb0001	TV	2	191	210	0.0196711104	0.019784075999999998	0.0020653027281166154	0.10499166982035825	0.016282232299999994	0.02233733274999999	0.6702767743574296	2.603706294036596
p01-s02-c0024	sb0001	TV	3	211	230	0.0205403744	0.020062430000000003	0.002477645292590363	0.12062318068507862	0.017145421100000006	0.02364697379999999	0.776369856932086	3.7632408236564188
p01-s02-c0024	sb0001	TV	4	231	250	0.018662196300000006	0.018456512500000008	0.0017071234325417004	0.09147494780888678	0.01579951075	0.0214585233	0.5426304653980755	2.5318358050611476
p01-s02-c0024	sb0002	D0	1	171	190	100.0	100.0	0.0	0.0	100.0	100.0	0.0	1.0
p01-s02-c0024	sb0002	D0	2	191	210	100.0	100.0	0.0	0.0	100.0	100.0	0.0	1.0
p01-s02-c0024	sb0002	D0	3	211	230	100.0	100.0	0.0	0.0	100.0	100.0	0.0	1.0
p01-s02-c0024	sb0002	D0	4	231	250	100.0	100.0	0.0	0.0	100.0	100.0	0.0	1.0
p01-s02-c0024	sb0002	D1	1	171	190	34.028486136497904	34.028124515431614	0.1314815177591517	0.0038638662099672043	33.868249071081976	34.25215282456919	0.45935651060284144	2.3679821138485617
p01-s02-c0024	sb0002	D1	2	191	210	34.24694633378502	34.17031064573453	0.2247904902377474	0.006563811209526407	34.02229523998808	34.68734539700019	0.8865385696100089	6.157667826101364
p01-s02-c0024	sb0002	D1	3	211	230	34.22950562092568	34.27250852005122	0.15990442898248483	0.004671537788285488	33.960182211975706	34.43180945733214	0.7186353374149984	5.104986508334732
p01-s02-c0024	sb0002	D1	4	231	250	34.153439178367876	34.172493836407035	0.10266060752303632	0.0030058644163736097	34.00763874638444	34.27269804201832	0.45771445219470547	1.5727677904898771
p01-s02-c0024	sb0002	D2	1	171	190	22.157468408387125	22.153634311498056	0.0830756538049479	0.00374932967402999	22.051038327994515	22.260699810150005	0.375130727937105	3.202299470101069
p01-s02-c0024	sb0002	D2	2	191	210	22.175561685870026	22.162849335567156	0.16168365047362881	0.00729107351434762	21.99915663954985	22.442600416254553	0.8872171437383128	6.66637324540566
p01-s02-c0024	sb0002	D2	3	211	230	22.258991526211283	22.31538860303371	0.1712147453982788	0.007691936321403568	21.972507069027465	22.436059403388658	0.8639086615926699	5.935319559054602
p01-s02-c0024	sb0002	D2	4	231	250	22.238035207761126	22.261539645119193	0.13505648546653534	0.006073220237523516	21.95573132154071	22.396622439359263	0.8921336947843944	4.554057515547013
p01-s02-c0024	sb0002	evenness	1	171	190	0.7659197765384446	0.7659190066492277	0.0008381504897032672	0.0010943058468750703	0.7648963717623684	0.7673439348642783	0.4600485600132245	2.3688479669859865
p01-s02-c0024	sb0002	evenness	2	191	210	0.7673064965755262	0.7668244203976735	0.0014219887185828869	0.0018532212680710963	0.7658817706855169	0.770085526455931	0.8866142352438724	6.167906701157451
p01-s02-c0024	sb0002	evenness	3	211	230	0.7671980585902064	0.7674729465144636	0.0010156861040956184	0.001323890347118488	0.7654849959957751	0.7684799227398241	0.7192363489978192	5.104248163329416
p01-s02-c0024	sb0002	evenness	4	231	250	0.7667162882736448	0.7668383347991039	0.0006533263626037829	0.0008521096689817649	0.7657881753079199	0.7674741134937142	0.45810801768675863	1.573111238285792
p01-s02-c0024	sb0002	TV	1	171	190	0.018446461499999997	0.018096320000000003	0.0014682108852843683	0.07959309080955003	0.016820184450000004	0.020994072099999986	0.5937238553413233	2.768990678118711
p01-s02-c0024	sb0002	TV	2	191	210	0.019980591250000002	0.020119212499999994	0.0015203192248298926	0.07608980163837206	0.017315484499999995	0.022090295200000002	0.6824210552841521	2.9100304445958676
p01-s02-c0024	sb0002	TV	3	211	230	0.0215378746	0.022282256999999993	0.0030190566909480978	0.140174309072637	0.015608894199999997	0.025088368249999993	0.9067412958322504	4.884616324513134
p01-s02-c0024	sb0002	TV	4	231	250	0.019509097549999996	0.019843846000000005	0.0011890492447720613	0.060948449395193144	0.01787359869999999	0.020970484600000006	0.6546175576328885	4.794369034233463
p01-s02-c0024	sb0003	D0	1	171	190	100.0	100.0	0.0	0.0	100.0	100.0	0.0	1.0
p01-s02-c0024	sb0003	D0	2	191	210	100.0	100.0	0.0	0.0	100.0	100.0	0.0	1.0
p01-s02-c0024	sb0003	D0	3	211	230	100.0	100.0	0.0	0.0	100.0	100.0	0.0	1.0
p01-s02-c0024	sb0003	D0	4	231	250	100.0	100.0	0.0	0.0	100.0	100.0	0.0	1.0
p01-s02-c0024	sb0003	D1	1	171	190	34.026273570795176	34.02568294548345	0.11559454172641004	0.0033972142581497693	33.84531351642861	34.18688715846563	0.6722640341922226	2.158820715183591
p01-s02-c0024	sb0003	D1	2	191	210	34.07121260071359	34.11150318298797	0.12278235125934267	0.003603697722715367	33.86878614618008	34.2420477572581	0.6428224211519061	2.7882866401205453
p01-s02-c0024	sb0003	D1	3	211	230	34.31224024922487	34.34917263430674	0.2179531916998046	0.006352053672879265	33.9900115296581	34.60261406062968	0.6803303413606873	4.817213801985885
p01-s02-c0024	sb0003	D1	4	231	250	33.863618933026686	33.88380216268144	0.14072532855037678	0.004155649425086385	33.67835036317614	34.04732513785791	0.6253862770259202	2.8264181765320924
p01-s02-c0024	sb0003	D2	1	171	190	22.26051430844364	22.268793975204392	0.10832669678387685	0.004866315992653747	22.09314927060886	22.387778774138365	0.7658592948152906	2.8795178869495506
p01-s02-c0024	sb0003	D2	2	191	210	22.2349456774217	22.25627233046101	0.08888467627739081	0.003997521629551273	22.07650658006845	22.358594717876063	0.7048563439259251	3.113672115964934
p01-s02-c0024	sb0003	D2	3	211	230	22.350351588915302	22.367188427535066	0.13370353255798967	0.005982166858811303	22.138336042983763	22.50214637502445	0.657659466087966	3.4294305052931993
p01-s02-c0024	sb0003	D2	4	231	250	22.059135746390517	22.03533274223674	0.09951708948830736	0.00451137753683714	21.914377268998106	22.198192642332558	0.5035297720951694	1.7128107435021105
p01-s02-c0024	sb0003	evenness	1	171	190	0.7659060039160804	0.7659034233361172	0.000737874597952021	0.0009634009841668107	0.7647492705424327	0.7669297733803009	0.6726196958660027	2.1603327218010424
p01-s02-c0024	sb0003	evenness	2	191	210	0.7661924545098812	0.7664504286752853	0.0007830661573443959	0.0010220227995397168	0.764899814799316	0.7672798575809059	0.6431649624298111	2.790109261863122
p01-s02-c0024	sb0003	evenness	3	211	230	0.767720372564512	0.767958098061726	0.0013800127915321227	0.0017975461389962782	0.7656756509608992	0.7695544169769929	0.6814716622585298	4.822516082541158
p01-s02-c0024	sb0003	evenness	4	231	250	0.764864902819148	0.764996068676482	0.0009024337746877382	0.0011798603535886367	0.7636753608371876	0.766041461104644	0.6254298657088622	2.831848120247859
p01-s02-c0024	sb0003	TV	1	171	190	0.022425630500000005	0.022686188500000003	0.0018090554092397894	0.08066909910246621	0.019752407750000003	0.02468917310000001	0.5569127442172362	2.8450633946884647
p01-s02-c0024	sb0003	TV	2	191	210	0.019249515350000003	0.019018619000000007	0.001477424605317938	0.07675126248401562	0.017143026999999995	0.021385345799999997	0.5480618654452748	3.102152963943961
p01-s02-c0024	sb0003	TV	3	211	230	0.0198073572	0.0200980205	0.0019607291148700597	0.09898994071102325	0.01614447134999999	0.022765346600000003	0.6626372646257345	2.68494037825675
p01-s02-c0024	sb0003	TV	4	231	250	0.018305355450000005	0.018531083000000018	0.0009888386118214669	0.05401908826749751	0.01641859045	0.019445765249999997	0.4737557773799239	4.032012769426046
p01-s02-c0024	sb0004	D0	1	171	190	100.0	100.0	0.0	0.0	100.0	100.0	0.0	1.0
p01-s02-c0024	sb0004	D0	2	191	210	100.0	100.0	0.0	0.0	100.0	100.0	0.0	1.0
p01-s02-c0024	sb0004	D0	3	211	230	100.0	100.0	0.0	0.0	100.0	100.0	0.0	1.0
p01-s02-c0024	sb0004	D0	4	231	250	100.0	100.0	0.0	0.0	100.0	100.0	0.0	1.0
p01-s02-c0024	sb0004	D1	1	171	190	34.44871788106636	34.465333377228085	0.09273345202123492	0.0026919275295352258	34.30187292897805	34.56939699044734	0.2713250778846543	2.3158399008291872
p01-s02-c0024	sb0004	D1	2	191	210	34.112659361109586	34.096787733601914	0.18191842755461396	0.005332871460675726	33.860542791628774	34.37225952992669	0.7385364233683871	4.5513196787706125
p01-s02-c0024	sb0004	D1	3	211	230	33.99445376122689	33.85334955164764	0.32521098610991267	0.009566589549994155	33.66267641292423	34.51248265931192	0.9273063811637898	6.415610754973379
p01-s02-c0024	sb0004	D1	4	231	250	33.855011931862144	33.83509976984807	0.1533714169717926	0.004530242590978069	33.66289921021932	34.109187453452826	0.6890654015250962	3.0228617163622467
p01-s02-c0024	sb0004	D2	1	171	190	22.456907930724203	22.458018684467813	0.10711410178963615	0.004769761808707824	22.306306321713894	22.593346622404948	0.46510649359864137	2.886022545476698
p01-s02-c0024	sb0004	D2	2	191	210	22.04833236839836	22.056295463454205	0.11991091493600334	0.005438548046738917	21.86379940229265	22.21243387333941	0.7040430280124056	3.5623976559563024
p01-s02-c0024	sb0004	D2	3	211	230	22.06734900807754	22.01948462859413	0.1856088118025742	0.008411015375459638	21.85152880591985	22.36914439366039	0.8769691922993793	5.646747000420181
p01-s02-c0024	sb0004	D2	4	231	250	21.99608832670997	21.951804254914897	0.11344234345213074	0.005157387157532782	21.87158577475083	22.198277623829263	0.7736537535742484	3.920963270645879
p01-s02-c0024	sb0004	evenness	1	171	190	0.7685857832056529	0.7686912409151866	0.0005850153892179079	0.0007611582233253118	0.7676588934715121	0.7693458982240959	0.27087196411106035	2.3153909392893866
p01-s02-c0024	sb0004	evenness	2	191	210	0.7664548544167047	0.7663567329492007	0.0011583031157944136	0.001511247673779713	0.7648469556336742	0.7681040411058291	0.7391189912034486	4.554819398499655
p01-s02-c0024	sb0004	evenness	3	211	230	0.765694634760256	0.7648008043508532	0.0020705903517973107	0.0027041985901411283	0.7635743201575338	0.7689879979237206	0.9280277375086975	6.429125236037726
p01-s02-c0024	sb0004	evenness	4	231	250	0.7648093710525697	0.7646836831695116	0.000982925640509034	0.0012851903725450977	0.7635757583738034	0.7664356784807353	0.6889871099472359	3.026923467086605
p01-s02-c0024	sb0004	TV	1	171	190	0.0198166552	0.019531738	0.0015765346665261102	0.07955604266284605	0.017797828900000003	0.022669523150000002	0.6275519025757362	3.6007031224234898
p01-s02-c0024	sb0004	TV	2	191	210	0.019145078800000003	0.01889224250000001	0.0015837842627421995	0.0827253979619138	0.01712044465	0.021567867450000004	0.6484182930302318	2.817349975670033
p01-s02-c0024	sb0004	TV	3	211	230	0.019100784899999997	0.019271388000000004	0.002462340820803136	0.12891306999657046	0.015643132099999995	0.022700817099999996	0.7773740691123433	4.866263485151203
p01-s02-c0024	sb0004	TV	4	231	250	0.019402818199999994	0.019825645999999992	0.0024629549740037117	0.1269380019240562	0.015678529150000002	0.022049102899999992	0.7749302945307531	5.455412285626018
p01-s02-c0024	sb0005	D0	1	171	190	100.0	100.0	0.0	0.0	100.0	100.0	0.0	1.0
p01-s02-c0024	sb0005	D0	2	191	210	100.0	100.0	0.0	0.0	100.0	100.0	0.0	1.0
p01-s02-c0024	sb0005	D0	3	211	230	100.0	100.0	0.0	0.0	100.0	100.0	0.0	1.0
p01-s02-c0024	sb0005	D0	4	231	250	100.0	100.0	0.0	0.0	100.0	100.0	0.0	1.0
p01-s02-c0024	sb0005	D1	1	171	190	33.744425201071664	33.7567967839709	0.13776563078235438	0.004082618979622719	33.53955871482517	33.90282057908423	0.7125994752311452	3.001911047743603
p01-s02-c0024	sb0005	D1	2	191	210	33.69163257663371	33.68257996295931	0.17120292755361977	0.005081467250487435	33.46191817138035	33.92450736256662	0.8613351597487251	6.47553754160346
p01-s02-c0024	sb0005	D1	3	211	230	34.242871464115645	34.212518738567	0.14844896592425008	0.00433517866864101	34.03928224708249	34.518310365000154	0.414260367842564	2.34550384284603
p01-s02-c0024	sb0005	D1	4	231	250	34.312745160381695	34.2427376181612	0.19487248726823792	0.0056793033130220745	34.10492281614095	34.64829109463931	0.8177957159330338	5.243250886306684
p01-s02-c0024	sb0005	D2	1	171	190	21.886504926144028	21.884784928559355	0.1035266940286677	0.004730161091413103	21.74955451698554	22.05643878852556	0.722621355371733	2.185515339115759
p01-s02-c0024	sb0005	D2	2	191	210	21.837554594026365	21.85742747102462	0.11443502631109596	0.0052402857571973525	21.654040373116334	21.984314526908065	0.8488804434201049	6.345467901166945
p01-s02-c0024	sb0005	D2	3	211	230	22.264935315310858	22.24339549151277	0.1362677287327683	0.006120284061147103	22.05655646296953	22.52883549268023	0.5441502184394696	2.684015109562792
p01-s02-c0024	sb0005	D2	4	231	250	22.34038287361873	22.318176255860166	0.14361875712960495	0.006428661403972678	22.166574893455227	22.583938319832033	0.781804696905043	5.580908605511695
p01-s02-c0024	sb0005	evenness	1	171	190	0.7640993018817726	0.764180608252359	0.000885111823188227	0.0011583727677913498	0.7627786692666059	0.7651176501884942	0.7128874220477829	3.0076566788627495
p01-s02-c0024	sb0005	evenness	2	191	210	0.7637583652066228	0.7637026193157872	0.0011032358290986274	0.0014444828094290847	0.7622754150525978	0.7652567495733056	0.8609616894483572	6.477340931443139
p01-s02-c0024	sb0005	evenness	3	211	230	0.7672831515740839	0.7670925198281161	0.0009405605566256752	0.001225832412318858	0.7659901894103857	0.7690247640833521	0.41394513278663203	2.3453490069714524
p01-s02-c0024	sb0005	evenness	4	231	250	0.767724413688621	0.7672842369084378	0.0012309702012575	0.00160340114148925	0.7664085298323675	0.7698408956537756	0.8184402100857585	5.245797094829351
p01-s02-c0024	sb0005	TV	1	171	190	0.019898027399999997	0.020273521999999995	0.0013158273911829002	0.0661285344889464	0.017860842450000015	0.021636022050000002	0.4815691122685716	2.4141385978648993
p01-s02-c0024	sb0005	TV	2	191	210	0.0205527571	0.020527176000000008	0.0007814870221465346	0.03802346411939713	0.01960186290000001	0.02177704595	0.34091418121671835	1.2423783941743727
p01-s02-c0024	sb0005	TV	3	211	230	0.02105330615	0.02049424000000001	0.0019873897176950297	0.0943979868784186	0.018468543250000004	0.02468729380000001	0.8146315026995966	4.973650475411647
p01-s02-c0024	sb0005	TV	4	231	250	0.019417931399999994	0.019753272	0.001793521076932642	0.09236416794286556	0.01591868065	0.021521978800000004	0.61932677862787	2.4971492465161598
p01-s02-c0024	sb0006	D0	1	171	190	100.0	100.0	0.0	0.0	100.0	100.0	0.0	1.0
p01-s02-c0024	sb0006	D0	2	191	210	100.0	100.0	0.0	0.0	100.0	100.0	0.0	1.0
p01-s02-c0024	sb0006	D0	3	211	230	100.0	100.0	0.0	0.0	100.0	100.0	0.0	1.0
p01-s02-c0024	sb0006	D0	4	231	250	100.0	100.0	0.0	0.0	100.0	100.0	0.0	1.0
p01-s02-c0024	sb0006	D1	1	171	190	34.19911025228648	34.15971780743877	0.1496847742300003	0.004376861653001416	33.97704018260657	34.42440677488103	0.6158603820296209	3.7289323817915774
p01-s02-c0024	sb0006	D1	2	191	210	34.182880112973066	34.193770283997054	0.10732676590907375	0.0031397812458857487	33.95068975438055	34.31830450025104	0.5460422168396136	2.088320307968437
p01-s02-c0024	sb0006	D1	3	211	230	34.37183232912414	34.36910755360037	0.1817196855593581	0.005286878040696781	34.13614091004616	34.677446814779834	0.7506896993750035	5.524778188865063
p01-s02-c0024	sb0006	D1	4	231	250	34.016783843116215	33.91137894318318	0.29196094852556764	0.008582849862352585	33.695008300652596	34.51576889354565	0.9452772169936163	6.141900204728037
p01-s02-c0024	sb0006	D2	1	171	190	22.320116404252655	22.309493218036835	0.09969372903049942	0.004466541626615565	22.155834166832367	22.489197351375978	0.4472505710493646	3.0107572402656784
p01-s02-c0024	sb0006	D2	2	191	210	22.26314989356313	22.243887198618392	0.1219672824737969	0.005478437824697075	22.06251284035706	22.43279922416039	0.7968653175687059	4.305205121180972
p01-s02-c0024	sb0006	D2	3	211	230	22.425189031475007	22.391040357692034	0.1022715631424632	0.004560566379124802	22.29291886924523	22.556560461062055	0.6180424375367517	4.964148517438753
p01-s02-c0024	sb0006	D2	4	231	250	22.13707975222268	22.062504113245133	0.23807901484592564	0.010754761581505404	21.917183477098998	22.55102800890757	0.9406867676874829	5.627847485919032
p01-s02-c0024	sb0006	evenness	1	171	190	0.7670054300881654	0.7667571302498983	0.0009495664602640899	0.0012380179109748148	0.7655927712948528	0.7684331809752319	0.61460672549871	3.7240578956274075
p01-s02-c0024	sb0006	evenness	2	191	210	0.7669033069287537	0.766973494084163	0.000682885275532129	0.0008904450787504165	0.7654242953863116	0.7677629115817334	0.5459757840960336	2.0880826711452896
p01-s02-c0024	sb0006	evenness	3	211	230	0.7680984613251641	0.7680839040276777	0.0011474191279735883	0.0014938438048606427	0.7666072038536215	0.7700235562735782	0.7511545453781752	5.532890690466626
p01-s02-c0024	sb0006	evenness	4	231	250	0.7658390543420064	0.7651726731077861	0.0018587063778366956	0.0024270195771533996	0.7637827513514447	0.7690087257579938	0.9450000150607042	6.147474386755194
p01-s02-c0024	sb0006	TV	1	171	190	0.020152709599999995	0.02002843399999999	0.001211771049400458	0.06012943536885275	0.018764614550000006	0.02180756144999999	0.4375475927001059	1.8546812687293182
p01-s02-c0024	sb0006	TV	2	191	210	0.01902854519999999	0.018918812499999986	0.0013429932624013186	0.07057782128301218	0.016613202649999992	0.020653011050000003	0.65930423887598	2.8086843734737394
p01-s02-c0024	sb0006	TV	3	211	230	0.0220712418	0.022016128500000003	0.001199222112033095	0.054334147706772674	0.020396430349999998	0.023865299749999996	0.3458102776291782	2.1643178844943303
p01-s02-c0024	sb0006	TV	4	231	250	0.0199833755	0.019687089000000005	0.0022547153028644237	0.11282955188748886	0.01595496034999999	0.022653522249999995	0.733946146605964	2.8884615335743
p01-s02-c0024	sb0007	D0	1	171	190	100.0	100.0	0.0	0.0	100.0	100.0	0.0	1.0
p01-s02-c0024	sb0007	D0	2	191	210	100.0	100.0	0.0	0.0	100.0	100.0	0.0	1.0
p01-s02-c0024	sb0007	D0	3	211	230	100.0	100.0	0.0	0.0	100.0	100.0	0.0	1.0
p01-s02-c0024	sb0007	D0	4	231	250	100.0	100.0	0.0	0.0	100.0	100.0	0.0	1.0
p01-s02-c0024	sb0007	D1	1	171	190	34.36580062066436	34.385880280011946	0.1431980058294081	0.004166875301700444	34.13005181696532	34.56498565536143	0.37058042262223645	1.7131411692761114
p01-s02-c0024	sb0007	D1	2	191	210	34.40192128785444	34.38508774499229	0.11997025319120105	0.0034873125889499784	34.240076461010354	34.57422782661796	0.5369736330759891	4.0831072309742416
p01-s02-c0024	sb0007	D1	3	211	230	34.306153194021945	34.34894399164307	0.19724655497049828	0.005749596984976727	33.99009302127392	34.54054285156854	0.756453585979551	3.535493113212313
p01-s02-c0024	sb0007	D1	4	231	250	34.22418553453823	34.20971063865602	0.16380570133306344	0.00478625564858964	33.960183690609995	34.4633232220599	0.634673533138085	2.8655623486213444
p01-s02-c0024	sb0007	D2	1	171	190	22.19324427847888	22.17486983012096	0.07948322016051897	0.0035814150992604103	22.066367047586475	22.306479978963086	0.1064076981990987	1.0
p01-s02-c0024	sb0007	D2	2	191	210	22.192922069452525	22.179701884061416	0.17623138123068352	0.007940882263235513	21.97903609671669	22.419577547707092	0.8909906064243679	5.685822404929024
p01-s02-c0024	sb0007	D2	3	211	230	22.254479613273794	22.309479467147966	0.14260472175272876	0.006407910866973113	22.02372369056968	22.41658486480237	0.7667491128581002	3.04116516187828
p01-s02-c0024	sb0007	D2	4	231	250	22.28247256869175	22.253041563259103	0.1878790246008918	0.008431695541044821	22.038571840785455	22.562359364671867	0.8594254267853051	5.820869805560397
p01-s02-c0024	sb0007	evenness	1	171	190	0.7680614419555771	0.7681900722444946	0.0009049090641692772	0.0011781727538167643	0.7665684734530911	0.7693181795248621	0.3703863197834423	1.7080694203913982
p01-s02-c0024	sb0007	evenness	2	191	210	0.7682900950681679	0.7681850683234619	0.0007570217759681458	0.0009853332495468104	0.7672673575787692	0.7693762421304025	0.536792212499163	4.08495810242155
p01-s02-c0024	sb0007	evenness	3	211	230	0.7676825912635744	0.7679566934130603	0.0012513389323663999	0.0016300212439450356	0.7656760117649727	0.769164579394848	0.7575797164672718	3.534371563929836
p01-s02-c0024	sb0007	evenness	4	231	250	0.7671641980161567	0.7670746968401834	0.0010392974408767821	0.001354726202766431	0.7654849993566064	0.7686785674097512	0.6333467737627647	2.861558021018042
p01-s02-c0024	sb0007	TV	1	171	190	0.019384239549999998	0.019351958500000002	0.0017801557599658579	0.09183521258979994	0.016486720500000003	0.022320689850000002	0.7303702366855852	5.292500336244953
p01-s02-c0024	sb0007	TV	2	191	210	0.020896005500000002	0.020651235499999997	0.002284374218808947	0.10932109578593607	0.017882971550000005	0.024809670949999998	0.6992566867988026	3.6975644751810752
p01-s02-c0024	sb0007	TV	3	211	230	0.020020022849999996	0.020450737499999993	0.0009760101808916942	0.04875170164412147	0.018196481499999997	0.021063080199999994	0.5333487787813137	2.6564465825572583
p01-s02-c0024	sb0007	TV	4	231	250	0.019292313599999993	0.018703248999999995	0.001875243957192981	0.09720161075927056	0.016789870899999993	0.0224063171	0.6459763756175816	3.060248078857206
p01-s02-c0024	sb0008	D0	1	171	190	100.0	100.0	0.0	0.0	100.0	100.0	0.0	1.0
p01-s02-c0024	sb0008	D0	2	191	210	100.0	100.0	0.0	0.0	100.0	100.0	0.0	1.0
p01-s02-c0024	sb0008	D0	3	211	230	100.0	100.0	0.0	0.0	100.0	100.0	0.0	1.0
p01-s02-c0024	sb0008	D0	4	231	250	100.0	100.0	0.0	0.0	100.0	100.0	0.0	1.0
p01-s02-c0024	sb0008	D1	1	171	190	33.68957165125829	33.672259535266484	0.19945471749308682	0.005920369649034623	33.430717292484324	34.031958878504476	0.7751025119015362	4.503145730891461
p01-s02-c0024	sb0008	D1	2	191	210	33.93482147060987	33.90999213460567	0.2437199106656792	0.007182000673755102	33.596368430442745	34.27287140214419	0.819806084397039	5.16454510327049
p01-s02-c0024	sb0008	D1	3	211	230	34.467535110814445	34.41071085390159	0.20822418751940247	0.0060411685039256134	34.19894928558566	34.74683654004774	0.8097126585606012	3.9099009833100133
p01-s02-c0024	sb0008	D1	4	231	250	34.172029794548905	34.16898939652067	0.17736393518417523	0.005190324843169491	33.91768914817212	34.415427679962505	0.7973741745336501	3.7028394135405382
p01-s02-c0024	sb0008	D2	1	171	190	21.887518459105706	21.85797687323574	0.14172539136754053	0.006475169473064661	21.699271062069837	22.12022046220994	0.7551521089662894	2.792980709323226
p01-s02-c0024	sb0008	D2	2	191	210	22.13369312150198	22.12986234183351	0.14778393454611866	0.006676876458658072	21.92573390798351	22.328032737403397	0.7734929666257684	4.7295384586196345
p01-s02-c0024	sb0008	D2	3	211	230	22.360273935913455	22.345328262544502	0.157534748723302	0.007045296009110205	22.114528356581108	22.57706136749311	0.8277360455018781	4.3135768035258675
p01-s02-c0024	sb0008	D2	4	231	250	22.199490470553226	22.19318480743403	0.11676827399806257	0.005259952887339969	22.03626049606035	22.361874645113083	0.7608319806436075	3.4095297380128344
p01-s02-c0024	sb0008	evenness	1	171	190	0.7637441327645342	0.7636361300275696	0.0012846606172211032	0.001682056283131107	0.7620728020032494	0.7659434649511169	0.7744907579991609	4.504352226789986
p01-s02-c0024	sb0008	evenness	2	191	210	0.7653174681869286	0.7651636483110871	0.001558641062431567	0.002036594128870543	0.7631461567246062	0.7674752043327935	0.818530928851247	5.158232022167407
p01-s02-c0024	sb0008	evenness	3	211	230	0.7687013480507513	0.7683468182947284	0.0013120701783942855	0.0017068659782129845	0.7670062252042996	0.7704575954758994	0.8094825251775855	3.905460558981786
p01-s02-c0024	sb0008	evenness	4	231	250	0.7668326078023755	0.7668160656251399	0.0011275836635690178	0.001470443030325092	0.7652131202078676	0.7683765824370437	0.7977525104698735	3.7061614602661495
p01-s02-c0024	sb0008	TV	1	171	190	0.01980336245	0.020220132000000005	0.001652691845644634	0.08345511272731534	0.016409312949999998	0.0215627515	0.773531384938776	4.31056701126103
p01-s02-c0024	sb0008	TV	2	191	210	0.02076071694999999	0.020892790499999987	0.0020230352889569424	0.09744534804983906	0.017437423949999996	0.023471366649999995	0.7259821878865947	3.5276931530443854
p01-s02-c0024	sb0008	TV	3	211	230	0.020504540799999995	0.020867458000000002	0.0019583746747845873	0.09550931639418074	0.01709426875	0.0225184387	0.691209018207604	4.017024966418576
p01-s02-c0024	sb0008	TV	4	231	250	0.019956427900000004	0.020017540500000004	0.00197274825287153	0.09885277379082104	0.017228846200000005	0.02327581145000001	0.6894586631941536	5.288398253388665
p01-s02-c0024	sb0009	D0	1	171	190	100.0	100.0	0.0	0.0	100.0	100.0	0.0	1.0
p01-s02-c0024	sb0009	D0	2	191	210	100.0	100.0	0.0	0.0	100.0	100.0	0.0	1.0
p01-s02-c0024	sb0009	D0	3	211	230	100.0	100.0	0.0	0.0	100.0	100.0	0.0	1.0
p01-s02-c0024	sb0009	D0	4	231	250	100.0	100.0	0.0	0.0	100.0	100.0	0.0	1.0
p01-s02-c0024	sb0009	D1	1	171	190	34.362381976018604	34.3568061978803	0.18883414930673326	0.0054953742566077055	34.09522604958454	34.62883288396463	0.8444079304919555	5.642501053955213
p01-s02-c0024	sb0009	D1	2	191	210	34.42016315055538	34.41424832911228	0.14573785799900607	0.004234083881634784	34.22930541674481	34.64466994214144	0.7552933809733953	3.1145074821814185
p01-s02-c0024	sb0009	D1	3	211	230	34.16608350255008	34.20131152572335	0.16541853049554275	0.004841600603217992	33.868918283959445	34.399291009951945	0.7744476774365956	3.284529105865128
p01-s02-c0024	sb0009	D1	4	231	250	33.90238150403934	33.90305585980256	0.18371551395323418	0.0054189560084841	33.64782045911743	34.14403247870434	0.8040633412549716	4.722708000342571
p01-s02-c0024	sb0009	D2	1	171	190	22.31036536808271	22.288108547160668	0.08547450168351757	0.0038311565173109042	22.207713105046388	22.44625338330773	0.44547799051259457	2.0114374290336574
p01-s02-c0024	sb0009	D2	2	191	210	22.324384070818542	22.32086168616906	0.07351903771179108	0.003293216846591165	22.21693755344856	22.42388768718037	0.5226628281788368	2.59496827445367
p01-s02-c0024	sb0009	D2	3	211	230	22.086658563758665	22.11235430665409	0.11055546543492416	0.005005531511965839	21.871814671003968	22.210469958780042	0.8082250966144428	2.8926358134283108
p01-s02-c0024	sb0009	D2	4	231	250	21.965384359318588	22.004310828472462	0.15905985984458226	0.00724138750511337	21.713187353921366	22.151792297833325	0.8332608116792258	4.84961985167224
p01-s02-c0024	sb0009	evenness	1	171	190	0.7680385161015142	0.7680063731061957	0.0011931922197442484	0.0015535577900451809	0.7663467861026677	0.7697189219986454	0.8442922119404795	5.64633925915022
p01-s02-c0024	sb0009	evenness	2	191	210	0.76840461387982	0.768369142658188	0.0009191460334487694	0.0011961745372764325	0.7671990034841886	0.7698181855906534	0.7557229339139308	3.1198511902550172
p01-s02-c0024	sb0009	evenness	3	211	230	0.7667951748303465	0.7670213785723887	0.0010534059328727837	0.0013737774668520178	0.7649005774022124	0.7682747452293892	0.775037561594636	3.281087145750944
p01-s02-c0024	sb0009	evenness	4	231	250	0.7651120756808826	0.7651194090884854	0.001176364483189129	0.001537506099537467	0.7634784689779464	0.7666573311110034	0.8041104075939047	4.723728502758592
p01-s02-c0024	sb0009	TV	1	171	190	0.01981332155	0.019816400499999987	0.0015611683838800627	0.07879387511782762	0.01773904995	0.02205611425	0.7103500302847943	4.7474412686780525
p01-s02-c0024	sb0009	TV	2	191	210	0.02044175820000001	0.021000970000000008	0.0014386561426644906	0.0703782976292367	0.01860115315	0.021972371400000003	0.6668640502178951	3.8487687003850204
p01-s02-c0024	sb0009	TV	3	211	230	0.020923145700000007	0.020857734000000006	0.001450035181697151	0.06930292425852344	0.01822668985	0.02289610780000002	0.503414869700647	2.7616365045678415
p01-s02-c0024	sb0009	TV	4	231	250	0.020251868400000005	0.020058641500000005	0.0022137448960252715	0.10931064987689092	0.016859578750000003	0.023517342800000018	0.6928917605308218	4.642836502346959
p01-s02-c0024	sb0010	D0	1	171	190	100.0	100.0	0.0	0.0	100.0	100.0	0.0	1.0
p01-s02-c0024	sb0010	D0	2	191	210	100.0	100.0	0.0	0.0	100.0	100.0	0.0	1.0
p01-s02-c0024	sb0010	D0	3	211	230	100.0	100.0	0.0	0.0	100.0	100.0	0.0	1.0
p01-s02-c0024	sb0010	D0	4	231	250	100.0	100.0	0.0	0.0	100.0	100.0	0.0	1.0
p01-s02-c0024	sb0010	D1	1	171	190	33.9681940420758	33.9420767112044	0.10030609785566105	0.002952941735183615	33.83474790346717	34.11325932206979	0.22399911265392103	1.401275452555373
p01-s02-c0024	sb0010	D1	2	191	210	34.07846868007492	34.14866003895133	0.19162456932482752	0.005623039319160107	33.769736931355865	34.27744351232612	0.7736267067628122	3.328789839307311
p01-s02-c0024	sb0010	D1	3	211	230	34.16562933120093	34.15219802321134	0.10502875693994171	0.003074105731283186	34.02315074548831	34.34108016716531	0.09092000936025489	1.0
p01-s02-c0024	sb0010	D1	4	231	250	34.40233074291457	34.38045805759309	0.29482749104724026	0.008569985948058542	34.010376283078756	34.838898073113086	0.8576401408028994	5.935929469376223
p01-s02-c0024	sb0010	D2	1	171	190	22.010002961030445	22.013801766034636	0.08745962711890932	0.00397363086564595	21.894037315043033	22.124774463619133	0.31073095230217523	1.8387093951814948
p01-s02-c0024	sb0010	D2	2	191	210	22.130062948902474	22.154007366377698	0.12515430460576926	0.005655397587198287	21.92231797564836	22.273351321287624	0.7154734548137919	2.9292458371137315
p01-s02-c0024	sb0010	D2	3	211	230	22.168330151688412	22.175479055863065	0.07764044096619671	0.0035023134550476445	22.069136065011865	22.273245827173824	0.08993288097650935	1.0
p01-s02-c0024	sb0010	D2	4	231	250	22.25618630934783	22.24804746351081	0.225519306896496	0.010132881876612236	21.951548069478957	22.609280585430948	0.8645935153271324	6.353069755026171
p01-s02-c0024	sb0010	evenness	1	171	190	0.7655353299113754	0.7653692052124343	0.000640976740977904	0.000837292174421406	0.7646814676311968	0.7664616052564044	0.22377342833091657	1.402027924975101
p01-s02-c0024	sb0010	evenness	2	191	210	0.7662367664489819	0.7666868053097267	0.0012232701213657378	0.0015964649243272594	0.7642638081208797	0.7675041735891691	0.7745779859339763	3.332367010331436
p01-s02-c0024	sb0010	evenness	3	211	230	0.7667937377980654	0.7667093299725266	0.0006674773860115909	0.0008704784000040578	0.7658872393350359	0.7679069737975682	0.09042536981660436	1.0
p01-s02-c0024	sb0010	evenness	4	231	250	0.7682863664086617	0.7681557851863989	0.0018593958329545482	0.0024201859023559856	0.7658057078686057	0.7710322010238423	0.8566834853589772	5.933383227416772
p01-s02-c0024	sb0010	TV	1	171	190	0.022019552750000008	0.02183870450000001	0.0016815294528834818	0.07636528643314434	0.01996657855000001	0.025082907200000004	0.6122530630491395	3.0639684467908705
p01-s02-c0024	sb0010	TV	2	191	210	0.018548488450000004	0.018486565500000003	0.0023175560034382997	0.12494581484014668	0.0155194828	0.022442991400000008	0.729222982215581	4.300409857215215
p01-s02-c0024	sb0010	TV	3	211	230	0.019466690000000002	0.019547117499999996	0.0024379018403523074	0.1252345334698558	0.015634664999999985	0.02220293390000001	0.7668399509316769	4.656759338381734
p01-s02-c0024	sb0010	TV	4	231	250	0.0193326522	0.0191994675	0.0014960127246247358	0.07738269478746096	0.01721136345	0.021773486150000004	0.7194543104569153	3.7340646122781442
p01-s02-c0024	sb0011	D0	1	171	190	100.0	100.0	0.0	0.0	100.0	100.0	0.0	1.0
p01-s02-c0024	sb0011	D0	2	191	210	100.0	100.0	0.0	0.0	100.0	100.0	0.0	1.0
p01-s02-c0024	sb0011	D0	3	211	230	100.0	100.0	0.0	0.0	100.0	100.0	0.0	1.0
p01-s02-c0024	sb0011	D0	4	231	250	100.0	100.0	0.0	0.0	100.0	100.0	0.0	1.0
p01-s02-c0024	sb0011	D1	1	171	190	34.291731037282716	34.285293652459956	0.17970642649513519	0.00524051778837745	34.027807309824034	34.59317857395684	0.752116904578231	4.513452183077515
p01-s02-c0024	sb0011	D1	2	191	210	33.97766820462032	33.934417078860605	0.1980727332667528	0.00582949754155933	33.74027021754612	34.242846307364225	0.7139299431103816	2.5317349359391876
p01-s02-c0024	sb0011	D1	3	211	230	33.92965219725672	33.93055041516631	0.12998373194029358	0.0038309774348586757	33.758260697808915	34.09779613011673	0.5594375676133542	2.9981684449746986
p01-s02-c0024	sb0011	D1	4	231	250	34.016857718459704	34.03160141810993	0.22158084272973924	0.0065138539415854225	33.668930348450324	34.2973305868612	0.770083972526063	3.939044190092371
p01-s02-c0024	sb0011	D2	1	171	190	22.25133219958272	22.230124994067353	0.16871007077578035	0.007582021124063042	22.049454359320077	22.529820664292924	0.8373387786609789	5.833097448988909
p01-s02-c0024	sb0011	D2	2	191	210	22.042562680328793	22.021072801742427	0.17937647231184442	0.008137732209872468	21.81885760558223	22.327596494267773	0.7415445819513615	2.5001353346331587
p01-s02-c0024	sb0011	D2	3	211	230	22.00961867015821	22.00526581532243	0.10034466204901675	0.0045591276956137945	21.889195165540247	22.135980162409275	0.5430862701710049	2.454686984219273
p01-s02-c0024	sb0011	D2	4	231	250	22.000050699837022	22.022353905348133	0.15242995575490054	0.0069286183852308005	21.745433860701414	22.203407034792743	0.744247373707695	2.985804502876724
p01-s02-c0024	sb0011	evenness	1	171	190	0.7675918715861709	0.7675538985151619	0.0011379986841324437	0.0014825569762494423	0.7659169625725869	0.769495234290975	0.7514480372149898	4.509514596685576
p01-s02-c0024	sb0011	evenness	2	191	210	0.7655932886599143	0.7653200995971167	0.0012636168048602494	0.0016505066378939524	0.7640742745025757	0.7672846977206608	0.7133537716456643	2.532424400568755
p01-s02-c0024	sb0011	evenness	3	211	230	0.7652881894812629	0.7652954134743354	0.0008321525849248382	0.0010873715240384124	0.7641900162050853	0.7663631492779264	0.5602344351824584	3.0002786452970573
p01-s02-c0024	sb0011	evenness	4	231	250	0.7658427209745159	0.7659411920073012	0.0014143001727032999	0.001846724051778723	0.7636146592452427	0.7676300633815363	0.7696996617064886	3.9283724190924714
p01-s02-c0024	sb0011	TV	1	171	190	0.02043439295	0.020468589000000002	0.0018645244480656681	0.09124442564199922	0.017102285949999994	0.022723592450000003	0.754996225910179	4.738401936735333
p01-s02-c0024	sb0011	TV	2	191	210	0.020254141699999995	0.020353692999999996	0.001897974475788561	0.09370796866640671	0.017755410599999997	0.02249677735	0.7448616123462924	3.0110031069730563
p01-s02-c0024	sb0011	TV	3	211	230	0.020841384800000008	0.020742352499999984	0.001448674437936742	0.06950950965296421	0.01893945349999999	0.02244342345000001	0.5630076417720339	1.5295695294241665
p01-s02-c0024	sb0011	TV	4	231	250	0.0184133935	0.018439075500000013	0.0017953479911272305	0.09750228773024541	0.015984236699999998	0.02099015659999999	0.682672511540749	3.033659850451051
p01-s02-c0024	sb0012	D0	1	171	190	100.0	100.0	0.0	0.0	100.0	100.0	0.0	1.0
p01-s02-c0024	sb0012	D0	2	191	210	100.0	100.0	0.0	0.0	100.0	100.0	0.0	1.0
p01-s02-c0024	sb0012	D0	3	211	230	100.0	100.0	0.0	0.0	100.0	100.0	0.0	1.0
p01-s02-c0024	sb0012	D0	4	231	250	100.0	100.0	0.0	0.0	100.0	100.0	0.0	1.0
p01-s02-c0024	sb0012	D1	1	171	190	34.16137585802706	34.162902015066024	0.20844332998366377	0.00610172525983566	33.857704849539914	34.49224745961678	0.747616329862171	3.6104619066647134
p01-s02-c0024	sb0012	D1	2	191	210	34.15468192673829	34.16041699760452	0.12458833435626979	0.0036477673726697693	33.96717904918627	34.36235111482616	0.6777681243066868	4.669434037115205
p01-s02-c0024	sb0012	D1	3	211	230	34.19769995883778	34.172279884372415	0.14090271952198477	0.004120239656221996	33.995065762459966	34.42072966780848	0.6592942802201416	3.094230944563762
p01-s02-c0024	sb0012	D1	4	231	250	33.93230839630341	33.88213586350409	0.2812759919189559	0.008289326757079638	33.51020874801357	34.308846067970116	0.9449792276713175	6.260999576952664
p01-s02-c0024	sb0012	D2	1	171	190	22.35047427577634	22.349208586390894	0.09547864839679182	0.00427188466869683	22.227064713293796	22.48968058484895	0.5115214265626385	2.1788322657434565
p01-s02-c0024	sb0012	D2	2	191	210	22.2576861103132	22.290130233120472	0.09149155495147016	0.004110560032971133	22.112552268620323	22.36936379449849	0.5518333323184711	4.25910006159322
p01-s02-c0024	sb0012	D2	3	211	230	22.147411065723855	22.116093477823156	0.12026817170637986	0.005430349007812986	21.9941091171815	22.353924740614232	0.781932633599454	4.407664608845307
p01-s02-c0024	sb0012	D2	4	231	250	22.13858112262429	22.127213097571932	0.19565954376680708	0.008837944161058039	21.826471698103113	22.429406971702676	0.9174126917806634	4.950944072532757
p01-s02-c0024	sb0012	evenness	1	171	190	0.7667638375869019	0.7667773773135036	0.0013247324293025398	0.001727692888427853	0.7648287460469836	0.7688607454815893	0.7477462691979724	3.6151797835054134
p01-s02-c0024	sb0012	evenness	2	191	210	0.7667237504323723	0.7667615455579162	0.0007919785386153743	0.0010329385755544424	0.7655297399947839	0.7680414255255184	0.6770605818837039	4.6692542358649884
p01-s02-c0024	sb0012	evenness	3	211	230	0.766996699395586	0.7668369731452583	0.0008940800770766102	0.0011656896017690418	0.765707936245637	0.7684100225161777	0.6590308296742394	3.0933133682451377
p01-s02-c0024	sb0012	evenness	4	231	250	0.765299611782728	0.7649853897562908	0.001800685352776335	0.002352915544516907	0.7625885550516345	0.7677030425004269	0.9450672993616314	6.255851057726435
p01-s02-c0024	sb0012	TV	1	171	190	0.02083890435	0.02097005049999999	0.0018127727450153103	0.0869898299147052	0.017677873099999984	0.02330911254999999	0.5053577777621774	1.9163638064895476
p01-s02-c0024	sb0012	TV	2	191	210	0.020630976350000003	0.020304306000000008	0.0017909652619788501	0.08680952523019347	0.01808632230000001	0.02307576435	0.5883282790878596	3.0116160795364633
p01-s02-c0024	sb0012	TV	3	211	230	0.01821384925	0.018811008499999997	0.0020742178070180927	0.11388135360888049	0.015126813899999996	0.021024118100000006	0.6748896587856831	4.105630575936502
p01-s02-c0024	sb0012	TV	4	231	250	0.019825839600000006	0.020533101000000005	0.002950331157646663	0.1488124194067757	0.015148853250000004	0.023006579750000016	0.9021623030348189	5.453706701206044
p01-s02-c0024	sb0013	D0	1	171	190	100.0	100.0	0.0	0.0	100.0	100.0	0.0	1.0
p01-s02-c0024	sb0013	D0	2	191	210	100.0	100.0	0.0	0.0	100.0	100.0	0.0	1.0
p01-s02-c0024	sb0013	D0	3	211	230	100.0	100.0	0.0	0.0	100.0	100.0	0.0	1.0
p01-s02-c0024	sb0013	D0	4	231	250	100.0	100.0	0.0	0.0	100.0	100.0	0.0	1.0
p01-s02-c0024	sb0013	D1	1	171	190	34.153555054018796	34.140597642530565	0.12890417145850766	0.0037742534050884905	34.020684662430895	34.355078569351974	0.4817386484762562	1.6185188779660271
p01-s02-c0024	sb0013	D1	2	191	210	34.22257497106948	34.172560118915285	0.22136831096098852	0.006468487866506984	33.97340928757993	34.60664937129683	0.8333320140528491	5.804978323444859
p01-s02-c0024	sb0013	D1	3	211	230	34.19446984750715	34.22338436988113	0.1594211225628499	0.00466219021010709	33.955700216892744	34.42877185847567	0.7939362760945203	4.9396215927890825
p01-s02-c0024	sb0013	D1	4	231	250	34.26286497665031	34.23962335742168	0.15774190288129894	0.004603873697917496	34.077186139565626	34.512246597671314	0.6578368573011162	4.364182239477426
p01-s02-c0024	sb0013	D2	1	171	190	22.23747895740604	22.227438983402358	0.08880506908717314	0.003993486368543464	22.12663596901506	22.3796878207626	0.3636451503953872	1.471670579352931
p01-s02-c0024	sb0013	D2	2	191	210	22.248897444947048	22.301941088877605	0.18496043923947444	0.008313240676179253	21.98092827019839	22.500746601365346	0.8654601310484558	6.505972435107502
p01-s02-c0024	sb0013	D2	3	211	230	22.259029368834923	22.251064330121146	0.2140474054276058	0.009616205715029767	21.9719433527719	22.514223794139472	0.9298412435570417	7.117456921339075
p01-s02-c0024	sb0013	D2	4	231	250	22.31147517718062	22.27909945017145	0.13610488745313656	0.006100219119188488	22.16934193359751	22.505838319425173	0.6674301231976807	3.685764574588979
p01-s02-c0024	sb0013	evenness	1	171	190	0.766716492796324	0.7666355587540032	0.0008179012751944274	0.001066758420979605	0.7658715228488426	0.7679953700667999	0.4820322643959446	1.6186822020224776
p01-s02-c0024	sb0013	evenness	2	191	210	0.7671520361853004	0.7668387556069691	0.0014021449072403637	0.001827727544350394	0.7655695437614635	0.7695797555335014	0.8332119828988401	5.812173698579869
p01-s02-c0024	sb0013	evenness	3	211	230	0.7669756940136637	0.7671614741781989	0.001012865936685657	0.0013205971774479892	0.7654563226726212	0.7684607643289814	0.7941490999716645	4.937104297170203
p01-s02-c0024	sb0013	evenness	4	231	250	0.7674096543536716	0.7672644837454579	0.000998627367985705	0.0013012963315229202	0.7662318521437745	0.7689865609317328	0.6576433012227497	4.36886559154617
p01-s02-c0024	sb0013	TV	1	171	190	0.01994523754999999	0.019593375999999985	0.002028522792060021	0.10170461930948634	0.017487949699999988	0.023058938899999982	0.7767637422010214	4.104650656041935
p01-s02-c0024	sb0013	TV	2	191	210	0.019983949099999995	0.019994963499999997	0.0017105498133823845	0.08559618545977907	0.017244623949999992	0.022535715449999997	0.6124325896187067	3.504109380879509
p01-s02-c0024	sb0013	TV	3	211	230	0.019160474349999995	0.019176232499999998	0.0024678531390110833	0.12879916717777312	0.01523502740000001	0.02313816389999999	0.8395921328434617	4.463014999168474
p01-s02-c0024	sb0013	TV	4	231	250	0.022751313250000002	0.022856249500000012	0.00208568552666735	0.09167319282843374	0.019119192049999997	0.025479607349999992	0.7329173704025237	4.240907609652082
p01-s02-c0024	sb0014	D0	1	171	190	100.0	100.0	0.0	0.0	100.0	100.0	0.0	1.0
p01-s02-c0024	sb0014	D0	2	191	210	100.0	100.0	0.0	0.0	100.0	100.0	0.0	1.0
p01-s02-c0024	sb0014	D0	3	211	230	100.0	100.0	0.0	0.0	100.0	100.0	0.0	1.0
p01-s02-c0024	sb0014	D0	4	231	250	100.0	100.0	0.0	0.0	100.0	100.0	0.0	1.0
p01-s02-c0024	sb0014	D1	1	171	190	33.79954302745098	33.717853994910854	0.2844146631749003	0.008414748771718812	33.44171685960778	34.184496329077426	0.8708092527358011	6.750866881046734
p01-s02-c0024	sb0014	D1	2	191	210	33.84109615200627	33.84481949994793	0.16796024652115316	0.004963203489825362	33.643548929855555	34.05990232427991	0.7960174074043349	5.437799368410762
p01-s02-c0024	sb0014	D1	3	211	230	34.01092703402003	34.00515238277265	0.11170084260206804	0.0032842633924778735	33.860572530826175	34.177755780094984	0.40611867873078333	2.3891335852424227
p01-s02-c0024	sb0014	D1	4	231	250	34.10229006583192	34.05952120034192	0.20898820048480202	0.006128274672503398	33.80279724344075	34.403493220498376	0.750636733733669	4.451879433603061
p01-s02-c0024	sb0014	D2	1	171	190	21.97761082625059	21.97421909741618	0.19893218742258978	0.009051583859378399	21.686512285136406	22.23993029793398	0.8681899351578933	6.655100183683371
p01-s02-c0024	sb0014	D2	2	191	210	21.98966867631955	21.984519379471305	0.08802650160074944	0.004003084489196705	21.859162383968794	22.114377573813538	0.5612417596521888	3.9384338085876562
p01-s02-c0024	sb0014	D2	3	211	230	22.088691199338623	22.08253391000101	0.09259995008727351	0.00419218817681901	21.971809565793503	22.25914354653904	0.6070127185443736	3.2636451158306343
p01-s02-c0024	sb0014	D2	4	231	250	22.168735926862386	22.150598082790935	0.16109315995532228	0.0072666822540892765	21.93645923663356	22.417713819980637	0.7527892402757562	4.373305744587271
p01-s02-c0024	sb0014	evenness	1	171	190	0.7644481206955043	0.7639298857049694	0.0018253885935401945	0.00238785150244	0.762144262613427	0.7669145465465442	0.8703340758032724	6.752915744258057
p01-s02-c0024	sb0014	evenness	2	191	210	0.764719669294083	0.7647460783917085	0.0010780149365518625	0.0014096864247613561	0.7634508031275764	0.7661216949832914	0.795947097767404	5.434028678453222
p01-s02-c0024	sb0014	evenness	3	211	230	0.7658081220760182	0.7657723549633635	0.0007132559760229185	0.000931376875566902	0.7648471255070977	0.7668717647943739	0.4052002504838006	2.3870015753050096
p01-s02-c0024	sb0014	evenness	4	231	250	0.7663879043466272	0.7661192593066644	0.0013291962486355626	0.0017343648576614078	0.7644763194626839	0.7683011933272413	0.7505953285934363	4.457404158415908
p01-s02-c0024	sb0014	TV	1	171	190	0.01944775285	0.019722702	0.002222888426201995	0.11430052836166081	0.01604151229999999	0.022095017399999996	0.7300118985649191	3.4344055338179498
p01-s02-c0024	sb0014	TV	2	191	210	0.021499496450000002	0.0215367005	0.0012894608468513391	0.05997632781075386	0.019634117849999997	0.023417350200000006	0.5626315346570594	2.195544622698046
p01-s02-c0024	sb0014	TV	3	211	230	0.02057584225	0.020755895999999996	0.0016142211227959176	0.07845225012822586	0.0179007114	0.0229687164	0.5254120567321867	3.3124095503958664
p01-s02-c0024	sb0014	TV	4	231	250	0.021041735099999993	0.02070837199999999	0.0013971096464783024	0.06639707418796954	0.01944174685	0.0235100602	0.58665689139704	2.3557056342938276
p01-s02-c0024	sb0015	D0	1	171	190	100.0	100.0	0.0	0.0	100.0	100.0	0.0	1.0
p01-s02-c0024	sb0015	D0	2	191	210	100.0	100.0	0.0	0.0	100.0	100.0	0.0	1.0
p01-s02-c0024	sb0015	D0	3	211	230	100.0	100.0	0.0	0.0	100.0	100.0	0.0	1.0
p01-s02-c0024	sb0015	D0	4	231	250	100.0	100.0	0.0	0.0	100.0	100.0	0.0	1.0
p01-s02-c0024	sb0015	D1	1	171	190	34.31289820824632	34.28436639103461	0.17200773685865237	0.005012917760975209	34.12182901283803	34.581755720646086	0.7341627980728388	5.150913323389791
p01-s02-c0024	sb0015	D1	2	191	210	34.30651050072855	34.31495442973181	0.1066945111242552	0.003110036828781796	34.15651799829246	34.462300013732595	0.5635101754400209	2.572183091558742
p01-s02-c0024	sb0015	D1	3	211	230	34.142852676575885	34.169514131860645	0.17479135610369634	0.0051194127731340406	33.91669288846166	34.39406628709908	0.60618839005145	2.513735503474339
p01-s02-c0024	sb0015	D1	4	231	250	33.83472466104509	33.85358927445992	0.13286508234433753	0.003926885283547438	33.61739451057763	33.997635778156315	0.7987247319667193	5.207233180007069
p01-s02-c0024	sb0015	D2	1	171	190	22.28541158364267	22.274163839428667	0.12807305886314485	0.0057469460854449525	22.105662048044152	22.477891869831765	0.6501612021276255	3.9271885351412563
p01-s02-c0024	sb0015	D2	2	191	210	22.299458337693856	22.277633481709486	0.12896872770165044	0.0057834914978023635	22.13632412829896	22.496734934367446	0.8341307120710519	4.456212950155849
p01-s02-c0024	sb0015	D2	3	211	230	22.1862164828745	22.187293815871918	0.1518336800484643	0.006843604008176177	21.979101472040135	22.410231334702377	0.721988736560294	2.9275869114833775
p01-s02-c0024	sb0015	D2	4	231	250	21.89528787436374	21.914150724020622	0.0803823451964764	0.0036712166406632483	21.75583425107493	21.98684855793665	0.6600528879253504	4.791489907301333
p01-s02-c0024	sb0015	evenness	1	171	190	0.7677261108617206	0.7675480464217177	0.0010879512186424826	0.0014171085277031037	0.7665160922569725	0.7694235027444579	0.733394216530786	5.14987680490073
p01-s02-c0024	sb0015	evenness	2	191	210	0.7676872754576178	0.7677417127957309	0.0006752501925949176	0.0008795901849387844	0.7667367944680421	0.7686721284621015	0.563235641563971	2.5728904343375545
p01-s02-c0024	sb0015	evenness	3	211	230	0.7666472012071945	0.7668193964194098	0.001110925757818826	0.0014490703886605417	0.7652067176534363	0.7682416747422746	0.605988199895707	2.5133512674387894
p01-s02-c0024	sb0015	evenness	4	231	250	0.7646797308702015	0.7648023599807079	0.0008534824959743973	0.0011161306642757992	0.763282019226509	0.7657243582132375	0.7986917895324434	5.207069961747745
p01-s02-c0024	sb0015	TV	1	171	190	0.022284876799999995	0.021868711499999995	0.0019067548863906966	0.08556272953641354	0.020042868900000003	0.024702244449999987	0.7097736490923274	3.7773962653852875
p01-s02-c0024	sb0015	TV	2	191	210	0.017798410749999997	0.017709716499999993	0.0015345634508655223	0.08621912778732352	0.01583246354999998	0.01999993079999999	0.47373422268238113	1.856236498024181
p01-s02-c0024	sb0015	TV	3	211	230	0.01853297454999999	0.01845442199999999	0.001705648498794251	0.09203317547286288	0.016241237900000004	0.02128185009999998	0.7650606296161929	3.379601550960645
p01-s02-c0024	sb0015	TV	4	231	250	0.0195123937	0.01917127450000001	0.0013432404539071333	0.06884037266566292	0.01804721025	0.021692627199999998	0.4342291088585423	1.9947539013974525
p01-s02-c0024	sb0016	D0	1	171	190	100.0	100.0	0.0	0.0	100.0	100.0	0.0	1.0
p01-s02-c0024	sb0016	D0	2	191	210	100.0	100.0	0.0	0.0	100.0	100.0	0.0	1.0
p01-s02-c0024	sb0016	D0	3	211	230	100.0	100.0	0.0	0.0	100.0	100.0	0.0	1.0
p01-s02-c0024	sb0016	D0	4	231	250	100.0	100.0	0.0	0.0	100.0	100.0	0.0	1.0
p01-s02-c0024	sb0016	D1	1	171	190	34.33880985167324	34.318664975643124	0.20868590771033807	0.006077260936292158	33.93865239362234	34.62268507653197	0.7726364622054298	3.0564646510030817
p01-s02-c0024	sb0016	D1	2	191	210	34.376758537992416	34.40234074183506	0.1610605675192826	0.0046851586469760405	34.10541636038363	34.576963591424104	0.6447580524631051	2.981308231953928
p01-s02-c0024	sb0016	D1	3	211	230	34.086175455993946	34.03572120085373	0.18027936545674308	0.005288929105275774	33.82387242624018	34.336157246467074	0.6055480647039242	2.696746205448417
p01-s02-c0024	sb0016	D1	4	231	250	34.103849258573874	34.109257101019274	0.21327713162195835	0.0062537554047022844	33.80874909802817	34.38958895422405	0.8557477028164897	6.422327657361226
p01-s02-c0024	sb0016	D2	1	171	190	22.296337565104828	22.308578524347148	0.13398849252218759	0.006009439538262464	22.050840441142288	22.471890972505147	0.7051569278317856	2.614326740737388
p01-s02-c0024	sb0016	D2	2	191	210	22.482924450011872	22.514871418198354	0.12920688346876646	0.005746889545265462	22.298138077945804	22.657739757140888	0.6900568599483954	3.280152502195465
p01-s02-c0024	sb0016	D2	3	211	230	22.12628954883991	22.103983264247958	0.12500490804598263	0.005649610060921248	21.96090875532295	22.33474826580648	0.4755722374662823	1.8509902829737264
p01-s02-c0024	sb0016	D2	4	231	250	22.119864714089807	22.121969315590498	0.1861564191574819	0.008415802789196304	21.82144473580301	22.37306881192416	0.8751029316433082	6.866999056336032
p01-s02-c0024	sb0016	evenness	1	171	190	0.7678888078194746	0.7677651549638588	0.0013202259696014993	0.0017192931530679056	0.7653472966521154	0.7696803010689884	0.772930862820479	3.0532125547991473
p01-s02-c0024	sb0016	evenness	2	191	210	0.7681301951871174	0.7682939964982906	0.0010182278503543688	0.0013255927923863575	0.7664116769333701	0.7693934252885768	0.6458087913130072	2.984219490351733
p01-s02-c0024	sb0016	evenness	3	211	230	0.7662862554012426	0.7659674770824574	0.0011475615727961704	0.0014975625162365524	0.7646116634139702	0.767875770669624	0.6063111074407732	2.6945235917315693
p01-s02-c0024	sb0016	evenness	4	231	250	0.7663976633649582	0.7664360776824197	0.0013586704491428579	0.0017728008762154324	0.7645145010121794	0.7682134917181503	0.8553123662377246	6.417413095504393
p01-s02-c0024	sb0016	TV	1	171	190	0.01992610980000001	0.01937641300000001	0.0016331708645857756	0.0819613502574283	0.01802015210000001	0.02239553800000001	0.5009093270946267	2.3827385717868452
p01-s02-c0024	sb0016	TV	2	191	210	0.020770623449999998	0.020676286000000002	0.0024589447865305857	0.11838569951691007	0.017476823750000006	0.025426420999999998	0.8084046461193648	3.483537823160045
p01-s02-c0024	sb0016	TV	3	211	230	0.018272381099999995	0.018078648500000002	0.0017367200231745061	0.09504618000631054	0.015759360950000002	0.021138950500000003	0.597498318960756	3.571388663018232
p01-s02-c0024	sb0016	TV	4	231	250	0.01887174835	0.018662083999999992	0.0015246743127243253	0.0807913651903018	0.01703871665	0.021131605249999998	0.7616139518448146	3.0772708391624404
p01-s02-c0024	sb0017	D0	1	171	190	100.0	100.0	0.0	0.0	100.0	100.0	0.0	1.0
p01-s02-c0024	sb0017	D0	2	191	210	100.0	100.0	0.0	0.0	100.0	100.0	0.0	1.0
p01-s02-c0024	sb0017	D0	3	211	230	100.0	100.0	0.0	0.0	100.0	100.0	0.0	1.0
p01-s02-c0024	sb0017	D0	4	231	250	100.0	100.0	0.0	0.0	100.0	100.0	0.0	1.0
p01-s02-c0024	sb0017	D1	1	171	190	33.98342550981948	33.98870727998754	0.2166874917891344	0.006376269859155979	33.648949870421944	34.247645315816676	0.8432460901957234	3.9959317161804444
p01-s02-c0024	sb0017	D1	2	191	210	34.160183945692054	34.12696079133804	0.34236289963462924	0.010022279159237509	33.607545584464056	34.61935905673212	0.9543635572260171	5.142938146747178
p01-s02-c0024	sb0017	D1	3	211	230	34.42828401379869	34.410829147425076	0.18540306986731941	0.0053851963633450555	34.1858875552751	34.70176147421841	0.6891500455272279	2.9994369899598725
p01-s02-c0024	sb0017	D1	4	231	250	34.62963035864595	34.63004442263256	0.1462720722286353	0.004223899323029179	34.4174743762307	34.8575002359845	0.3360736764889065	1.7205083489404545
p01-s02-c0024	sb0017	D2	1	171	190	22.048062178777805	22.0814525000227	0.14461110727052992	0.006558903276757095	21.79209925824286	22.22871911439462	0.8779679637751496	3.685575567483394
p01-s02-c0024	sb0017	D2	2	191	210	22.172120558653646	22.149873040320696	0.24513657465948888	0.011056072603024592	21.793561504822453	22.528927550542157	0.9501656330022978	5.30564667659397
p01-s02-c0024	sb0017	D2	3	211	230	22.367252344075958	22.379035821410866	0.08551111073270153	0.00382304940353344	22.236574138817197	22.472535803055756	0.43291757552275467	2.3204085199247366
p01-s02-c0024	sb0017	D2	4	231	250	22.536377730316477	22.520472639703243	0.08543256771321944	0.0037908739698790856	22.43076562816912	22.661928629506747	0.043827842706040954	1.0
p01-s02-c0024	sb0017	evenness	1	171	190	0.7656293753914708	0.7656672880237083	0.0013865096469157783	0.0018109410264030789	0.7634857187601777	0.7673153585488771	0.8433880579175622	3.989889373323438
p01-s02-c0024	sb0017	evenness	2	191	210	0.7667497215074464	0.7665488042242357	0.0021792075778102682	0.0028421367712086016	0.7632182672254549	0.7696594931598485	0.9543739160419612	5.130885226026467
p01-s02-c0024	sb0017	evenness	3	211	230	0.768454699252912	0.7683475669592104	0.0011687970274735916	0.0015209706292510028	0.7669234139645429	0.7701757289024542	0.6893980569784345	2.9989057898531453
p01-s02-c0024	sb0017	evenness	4	231	250	0.7697220883009693	0.7697265107716762	0.0009169791916394047	0.0011913120405099462	0.768389478680999	0.7711481049716004	0.3352878706971377	1.7175094600059542
p01-s02-c0024	sb0017	TV	1	171	190	0.0179902078	0.017821380500000004	0.0018757015087550464	0.10426235925718691	0.015311742850000002	0.021210390749999995	0.6568764431286598	2.531329091798221
p01-s02-c0024	sb0017	TV	2	191	210	0.021347057149999994	0.02169192149999999	0.0023408666498686294	0.1096575810623447	0.0171151365	0.024601702199999985	0.8023772202088143	4.921618242335939
p01-s02-c0024	sb0017	TV	3	211	230	0.019058347099999998	0.01883991949999999	0.001381372438415958	0.07248122993918807	0.017570524999999997	0.021185274599999984	0.2919228198537203	1.6210512360477172
p01-s02-c0024	sb0017	TV	4	231	250	0.020549680049999998	0.0208825335	0.0016893030701617595	0.08220580885208281	0.01728355105	0.02263380845000001	0.5053832921295895	2.1625368550204613
p01-s02-c0024	sb0018	D0	1	171	190	100.0	100.0	0.0	0.0	100.0	100.0	0.0	1.0
p01-s02-c0024	sb0018	D0	2	191	210	100.0	100.0	0.0	0.0	100.0	100.0	0.0	1.0
p01-s02-c0024	sb0018	D0	3	211	230	100.0	100.0	0.0	0.0	100.0	100.0	0.0	1.0
p01-s02-c0024	sb0018	D0	4	231	250	100.0	100.0	0.0	0.0	100.0	100.0	0.0	1.0
p01-s02-c0024	sb0018	D1	1	171	190	34.13514446431857	34.072938330268485	0.20257429502947263	0.005934478913403262	33.87704028370794	34.41717213315197	0.8858462545657318	4.784790359200052
p01-s02-c0024	sb0018	D1	2	191	210	34.206315152546	34.23014388066922	0.1271786309950165	0.0037179868813069306	34.01540476599398	34.35310271332607	0.4735746177330921	1.73816710411896
p01-s02-c0024	sb0018	D1	3	211	230	34.46675295163486	34.47141467989299	0.2016977639134208	0.005851951421024524	34.1784101264707	34.70924446296866	0.8323301013184288	4.755801930274727
p01-s02-c0024	sb0018	D1	4	231	250	34.40115312042817	34.40212482762014	0.20380588632973826	0.005924391127712338	34.11687151961332	34.7387204914752	0.865861525047643	5.905226398770084
p01-s02-c0024	sb0018	D2	1	171	190	22.128273100218003	22.099863643040592	0.11479590057835096	0.005187747821912954	21.980824991220175	22.307169282530822	0.8266550249658412	4.00143881884005
p01-s02-c0024	sb0018	D2	2	191	210	22.13900131912031	22.10442536080014	0.10942631979177317	0.0049426944880872885	22.00213816237815	22.299534864517323	0.6785819678758626	4.287597056526517
p01-s02-c0024	sb0018	D2	3	211	230	22.25156298021343	22.300168840178372	0.18590585983106903	0.00835473265389854	21.98147537597494	22.454029326032888	0.907701298405655	6.300418504947456
p01-s02-c0024	sb0018	D2	4	231	250	22.230255546911785	22.244140687914282	0.17593864042475527	0.007914377774626913	21.90076405502054	22.478422827731087	0.8551150625946333	3.877293055454918
p01-s02-c0024	sb0018	evenness	1	171	190	0.7665972424936468	0.7662047931509022	0.0012879995653555076	0.0016801515762903125	0.7649527275326128	0.7683875895690505	0.8861327086939418	4.787738807471058
p01-s02-c0024	sb0018	evenness	2	191	210	0.767051718530933	0.7672043620932067	0.0008081984918130325	0.0010536427626560883	0.7658377698144055	0.7679829694091211	0.4738111330756246	1.7403442610575213
p01-s02-c0024	sb0018	evenness	3	211	230	0.7686966509625136	0.7687295262998148	0.0012713922726550208	0.00165395838665755	0.7668759162496351	0.77022257899517	0.8316944825519963	4.751844390480217
p01-s02-c0024	sb0018	evenness	4	231	250	0.7682828819838786	0.768292633434124	0.0012859168061402431	0.0016737543374905318	0.766484591428031	0.7704069087534395	0.8650714210773979	5.905538846750872
p01-s02-c0024	sb0018	TV	1	171	190	0.017827831799999996	0.0176492895	0.00126142977582118	0.07075620804438935	0.01569247855	0.019894704200000012	0.3481749925643571	2.1326129212918605
p01-s02-c0024	sb0018	TV	2	191	210	0.0189038532	0.018580547	0.0014551896920949258	0.0769784697701168	0.01680056560000001	0.021165422250000003	0.29458054015399504	1.3067874183997912
p01-s02-c0024	sb0018	TV	3	211	230	0.020179987500000003	0.019999640499999995	0.0016499643109329904	0.08176240500312451	0.018181940250000004	0.022807718799999988	0.6454280301490046	2.480468816681162
p01-s02-c0024	sb0018	TV	4	231	250	0.01875925825	0.018971640500000008	0.0013064379480906662	0.06964230305271618	0.01709856745	0.02073333344999998	0.6059237222837066	3.371177971258239
p01-s02-c0024	sb0019	D0	1	171	190	100.0	100.0	0.0	0.0	100.0	100.0	0.0	1.0
p01-s02-c0024	sb0019	D0	2	191	210	100.0	100.0	0.0	0.0	100.0	100.0	0.0	1.0
p01-s02-c0024	sb0019	D0	3	211	230	100.0	100.0	0.0	0.0	100.0	100.0	0.0	1.0
p01-s02-c0024	sb0019	D0	4	231	250	100.0	100.0	0.0	0.0	100.0	100.0	0.0	1.0
p01-s02-c0024	sb0019	D1	1	171	190	33.811871734983065	33.77921915804963	0.12874415334358646	0.0038076612366414134	33.66672290444401	34.02735697636565	0.6899078288771492	2.7736298733799147
p01-s02-c0024	sb0019	D1	2	191	210	34.01875845228585	33.9933616185881	0.1310039823997801	0.003850933671889411	33.84893190502803	34.215828123112416	0.7108871909113684	2.9560841892691774
p01-s02-c0024	sb0019	D1	3	211	230	33.856827224304	33.82393538590236	0.17927945780733384	0.00529522322394813	33.5586020742459	34.095986103504565	0.811948807311634	6.206528329033396
p01-s02-c0024	sb0019	D1	4	231	250	33.73055256530354	33.77209864429563	0.14718565197354075	0.0043635707327528694	33.51460709884029	33.97212731865063	0.5537185939337709	2.0774351005507277
p01-s02-c0024	sb0019	D2	1	171	190	21.905805210536226	21.897113304098536	0.08726167624545812	0.00398349548929099	21.766207866713742	22.028705931533143	0.6137287138460897	2.566753268149439
p01-s02-c0024	sb0019	D2	2	191	210	22.049066697437095	22.022554226578976	0.09745448679918069	0.00441989169593779	21.92911983460019	22.188813315037322	0.6768449520825695	2.798203284577052
p01-s02-c0024	sb0019	D2	3	211	230	22.046039011554797	22.06149394934102	0.11393685296315238	0.005168132602116673	21.893615085369515	22.16764345011616	0.7271644102185701	5.382489274682604
p01-s02-c0024	sb0019	D2	4	231	250	21.92499293066394	21.901231027654013	0.08919830173949102	0.0040683389053567135	21.809402120076122	22.05780757359653	0.5183221515655911	1.9607224343332326
p01-s02-c0024	sb0019	evenness	1	171	190	0.7645331124642514	0.7643248018811539	0.0008262093485949018	0.0010806717657157515	0.7636003827820267	0.7659141068636804	0.6889103939710153	2.771225559320168
p01-s02-c0024	sb0019	evenness	2	191	210	0.7658577028740285	0.7656970563983687	0.0008351138319837333	0.0010904294999577698	0.7647724841409136	0.7671134499397569	0.7108903660444683	2.9553133708306785
p01-s02-c0024	sb0019	evenness	3	211	230	0.7648202330285743	0.7646120402962775	0.0011508840786767427	0.0015047772391159331	0.7629019023291876	0.7663516276282978	0.8109852212449374	6.196142789804928
p01-s02-c0024	sb0019	evenness	4	231	250	0.7640097633480114	0.7642790104521301	0.0009477445389110304	0.001240487470680825	0.7626170378437275	0.7655613689739166	0.5543220405017408	2.0790561208860447
p01-s02-c0024	sb0019	TV	1	171	190	0.021676506449999997	0.021844231500000005	0.001873499667163917	0.08642996377139534	0.01891355209999999	0.023763308199999996	0.682374879928315	4.4688037820444935
p01-s02-c0024	sb0019	TV	2	191	210	0.021121282849999992	0.020856572999999996	0.0021002668047274916	0.0994384109925166	0.017936908850000002	0.02411853304999999	0.7617089092351882	4.304165089750209
p01-s02-c0024	sb0019	TV	3	211	230	0.020980304349999996	0.020851626999999998	0.0011613635535475365	0.05535494310155404	0.01890361854999999	0.0227508364	0.5754701614597177	3.5159592824809693
p01-s02-c0024	sb0019	TV	4	231	250	0.020189447699999995	0.019713432999999995	0.001948704481977413	0.09652094058904907	0.01777816389999999	0.0236382313	0.675090202194851	2.9449614466146663
p01-s02-c0024	sb0020	D0	1	171	190	100.0	100.0	0.0	0.0	100.0	100.0	0.0	1.0
p01-s02-c0024	sb0020	D0	2	191	210	100.0	100.0	0.0	0.0	100.0	100.0	0.0	1.0
p01-s02-c0024	sb0020	D0	3	211	230	100.0	100.0	0.0	0.0	100.0	100.0	0.0	1.0
p01-s02-c0024	sb0020	D0	4	231	250	100.0	100.0	0.0	0.0	100.0	100.0	0.0	1.0
p01-s02-c0024	sb0020	D1	1	171	190	34.21212446452633	34.17065229808575	0.12409971627414809	0.0036273607154336143	34.06800710010714	34.46994882546784	0.8297305128817459	2.86866017876164
p01-s02-c0024	sb0020	D1	2	191	210	34.38908164654531	34.36895105012848	0.15887230031864435	0.0046198471349584444	34.19884303241093	34.7111967057559	0.7029274392930435	2.4999098079211417
p01-s02-c0024	sb0020	D1	3	211	230	34.16980541728525	34.189460959529576	0.13337030569742891	0.0039031625749311933	33.98196822738001	34.36658377561717	0.5130011449399444	2.3576579348467193
p01-s02-c0024	sb0020	D1	4	231	250	34.68424986261836	34.74309060679226	0.25013670139585054	0.007211823879329169	34.26167655404715	35.01655689261056	0.8013583451522444	5.354288848285908
p01-s02-c0024	sb0020	D2	1	171	190	22.179760768588245	22.152211979014055	0.13353541585730053	0.00602059766336245	22.03559071417658	22.492799540999098	0.8316398538638726	3.0475030528863853
p01-s02-c0024	sb0020	D2	2	191	210	22.31795439025196	22.32666230611373	0.1347133837564362	0.00603609907076772	22.150767801689177	22.539813635089896	0.7747752124073922	2.866286639322626
p01-s02-c0024	sb0020	D2	3	211	230	22.15758080355092	22.17055955149716	0.08212570454201146	0.0037064382285294517	22.007684087777466	22.24680919920466	0.27270668795353853	1.1893482943288622
p01-s02-c0024	sb0020	D2	4	231	250	22.58497120931476	22.652813013640362	0.16739136321269293	0.007411626150032701	22.297566972620785	22.745989353675284	0.7667714574907905	5.083212688447154
p01-s02-c0024	sb0020	evenness	1	171	190	0.7670886682002453	0.7668266341802858	0.0007860661595238194	0.001024739631949067	0.7661733643709432	0.7687203005312251	0.8292051788781695	2.87056930656171
p01-s02-c0024	sb0020	evenness	2	191	210	0.7682080935153481	0.7680831127621295	0.0010011984237543311	0.00130329064768481	0.7670057069267577	0.7702347793484016	0.7025072833000208	2.5008216475030514
p01-s02-c0024	sb0020	evenness	3	211	230	0.7668196789106431	0.7669461114750376	0.0008485934780237473	0.0011066401937275183	0.7656241786605212	0.7680681795033992	0.5131562294032503	2.356752325138642
p01-s02-c0024	sb0020	evenness	4	231	250	0.7700607769134736	0.7704341763112841	0.001568562934842877	0.0020369339432270883	0.7674042744914856	0.7721367193897337	0.8026726483475366	5.358508702097606
p01-s02-c0024	sb0020	TV	1	171	190	0.018847816950000002	0.01867573	0.001852791555528248	0.09830271380730106	0.0166401837	0.021898492449999998	0.8036635769101371	3.7145259135734343
p01-s02-c0024	sb0020	TV	2	191	210	0.019365479	0.019406948000000004	0.0013506207114312868	0.06974372859206254	0.017419584050000003	0.021109832350000003	0.5284728769315022	2.2759136855161604
p01-s02-c0024	sb0020	TV	3	211	230	0.020456450450000004	0.02016159300000001	0.0012523373689256132	0.061219680901464166	0.018765656549999992	0.022305693150000007	0.7493919840047222	3.142916507275579
p01-s02-c0024	sb0020	TV	4	231	250	0.02060551865	0.0206137675	0.0006741877237439761	0.03271879418303194	0.019555921699999996	0.02162636414999999	0.046113732157621275	1.6374611155742747
p01-s02-c0025	sb0001	D0	1	39	91	100.0	100.0	0.0	0.0	100.0	100.0	0.0	1.0
p01-s02-c0025	sb0001	D0	2	92	144	100.0	100.0	0.0	0.0	100.0	100.0	0.0	1.0
p01-s02-c0025	sb0001	D0	3	145	197	100.0	100.0	0.0	0.0	100.0	100.0	0.0	1.0
p01-s02-c0025	sb0001	D0	4	198	250	100.0	100.0	0.0	0.0	100.0	100.0	0.0	1.0
p01-s02-c0025	sb0001	D1	1	39	91	33.83163659050759	33.93412794317904	0.38259233620850785	0.011308715000676461	33.031715302030285	34.370336322872895	0.8683862686910765	8.802209568248681
p01-s02-c0025	sb0001	D1	2	92	144	33.94246374522235	34.00027930907184	0.5210227908532253	0.015350175955526008	33.1190285422956	34.69472679733464	0.892039191555239	12.454095059429825
p01-s02-c0025	sb0001	D1	3	145	197	33.88401734454989	33.903715411601375	0.4372564616781451	0.012904504717722795	33.111510656435044	34.519382525682786	0.9137749028405638	12.556731850842617
p01-s02-c0025	sb0001	D1	4	198	250	33.81958085873028	33.90708933226316	0.5064110410670318	0.01497390056909311	33.12787637395885	34.567790288127796	0.9212169717178278	11.648549852491817
p01-s02-c0025	sb0001	D2	1	39	91	22.11418937385488	22.174979301017416	0.35010928964485954	0.015831884394495874	21.439438744542144	22.59516789211097	0.9034879956863269	11.740123725706686
p01-s02-c0025	sb0001	D2	2	92	144	22.10294970892398	22.189161190787654	0.3419649035700557	0.01547146005729673	21.569359873310827	22.586620457167946	0.8601892742759324	10.026296054256424
p01-s02-c0025	sb0001	D2	3	145	197	22.011397414503833	22.037548392108903	0.2813442461973552	0.012781753057258	21.547144146538194	22.42869238175665	0.8865328559539053	11.81634627917387
p01-s02-c0025	sb0001	D2	4	198	250	21.97083438976497	21.9733187437354	0.37949486814954375	0.01727266527148054	21.45832122509191	22.54358683093305	0.9021896208648906	8.571198794668211
p01-s02-c0025	sb0001	evenness	1	39	91	0.7646478079077462	0.7653183464730163	0.0024654706345420612	0.0032243218499352806	0.7594655385347809	0.7680918908821109	0.8699508389413265	8.798221058677566
p01-s02-c0025	sb0001	evenness	2	92	144	0.7653465560793942	0.7657412423724569	0.003335781536845035	0.004358524266357309	0.7600385028109721	0.7701316959719964	0.8922061442266337	12.437245686360193
p01-s02-c0025	sb0001	evenness	3	145	197	0.76497963881464	0.7651236469531528	0.0028104542657183514	0.0036738942098815054	0.7599894861684904	0.7690314841535278	0.9144249381738152	12.533587064309673
p01-s02-c0025	sb0001	evenness	4	198	250	0.7645602642388936	0.7651452552371503	0.00324763720645342	0.004247719059381652	0.7600966610884434	0.769335796237297	0.9219932284337552	11.680022524583341
p01-s02-c0025	sb0001	TV	1	39	91	0.03467998126415094	0.034791902000000006	0.0034582060589974724	0.09971764496228999	0.0289797836	0.04039766299999999	0.6997858500169204	3.7431876458106212
p01-s02-c0025	sb0001	TV	2	92	144	0.03228913960377359	0.03257587900000001	0.002207105476657783	0.06835442206703586	0.0290924772	0.0355111802	0.5475405279698827	6.533796869966878
p01-s02-c0025	sb0001	TV	3	145	197	0.03483479618867925	0.035087814	0.0028702879173509513	0.08239714972937746	0.030340465400000006	0.0391705988	0.6203359375656721	4.154323707856518
p01-s02-c0025	sb0001	TV	4	198	250	0.035046905735849065	0.03516532299999999	0.0030194862171813593	0.08615557219057894	0.03078186260000001	0.039073923200000006	0.5900184869496066	4.729341261557056
p01-s02-c0025	sb0002	D0	1	39	91	100.0	100.0	0.0	0.0	100.0	100.0	0.0	1.0
p01-s02-c0025	sb0002	D0	2	92	144	100.0	100.0	0.0	0.0	100.0	100.0	0.0	1.0
p01-s02-c0025	sb0002	D0	3	145	197	100.0	100.0	0.0	0.0	100.0	100.0	0.0	1.0
p01-s02-c0025	sb0002	D0	4	198	250	100.0	100.0	0.0	0.0	100.0	100.0	0.0	1.0
p01-s02-c0025	sb0002	D1	1	39	91	34.00630698207797	34.02398665535599	0.3466980528251101	0.010195110366080833	33.51543237726459	34.51528572030559	0.8003438982389024	6.065999198548182
p01-s02-c0025	sb0002	D1	2	92	144	33.84406698753871	33.86673235501414	0.26575963661004115	0.007852473424895805	33.44305205269947	34.19111783935989	0.7123454733447075	8.353618657387916
p01-s02-c0025	sb0002	D1	3	145	197	34.12284046112814	34.06990138278717	0.29907931765919127	0.008764783752392908	33.70759674325224	34.669220130449055	0.7384943778790809	4.749181270422662
p01-s02-c0025	sb0002	D1	4	198	250	34.00088460859507	34.000614004721456	0.29965246748709634	0.008813078569471904	33.52209789207459	34.40795330994073	0.8145615436671394	8.644033679685979
p01-s02-c0025	sb0002	D2	1	39	91	22.028062877469825	21.993517855815192	0.30505776811145807	0.013848597119425756	21.598479590576613	22.49037898804669	0.8731169326412596	8.7368869736977
p01-s02-c0025	sb0002	D2	2	92	144	22.014939618546617	22.01774568061189	0.15161434763373505	0.0068868845547959915	21.791676407557834	22.23956790896504	0.47752050852873246	3.1487968611949615
p01-s02-c0025	sb0002	D2	3	145	197	22.273492518684407	22.284440573841483	0.2817934023790435	0.012651513997755739	21.869572578965506	22.74350903563512	0.8149417592921226	5.695368119044034
p01-s02-c0025	sb0002	D2	4	198	250	22.196988575352833	22.190199962471716	0.24817194732713568	0.011180433169330982	21.84730212847063	22.60596948127316	0.8292134805978114	6.731987041476825
p01-s02-c0025	sb0002	evenness	1	39	91	0.7657686696262836	0.7658925996850667	0.0022128931547508108	0.0028897671614467645	0.7626224131991578	0.7690057358126048	0.8008109281750025	6.082412282429798
p01-s02-c0025	sb0002	evenness	2	92	144	0.7647347064652917	0.7648866477960948	0.00170477628565518	0.0022292388082331043	0.762152950795117	0.766956626582052	0.710921110815629	8.341326187291994
p01-s02-c0025	sb0002	evenness	3	145	197	0.7665144255550066	0.7661854382401562	0.0018995702642573675	0.002478192452649478	0.7638638897394382	0.769972036102787	0.7371890129544406	4.7606075864194795
p01-s02-c0025	sb0002	evenness	4	198	250	0.7657368210063097	0.765743379939578	0.0019160520773707163	0.0025022331756917406	0.7626655943066709	0.7683294182713444	0.8148874330530815	8.668847515038287
p01-s02-c0025	sb0002	TV	1	39	91	0.035435633830188676	0.035125946	0.0027609077268156246	0.07791331573314557	0.031096243200000005	0.0403173568	0.5253847720568089	2.7192197681240136
p01-s02-c0025	sb0002	TV	2	92	144	0.03268984950943396	0.032616634000000005	0.0036825045709928676	0.11264978659293412	0.026171685399999995	0.0398290038	0.722682271450145	3.136570159018423
p01-s02-c0025	sb0002	TV	3	145	197	0.03449889039622641	0.03422467500000001	0.0028812131723743237	0.08351611136714934	0.029736996000000012	0.039005558800000006	0.6491087231210233	4.529215266073326
p01-s02-c0025	sb0002	TV	4	198	250	0.03824365201886793	0.03800876300000002	0.0032493744941976045	0.0849650679959772	0.03322616020000001	0.0436699216	0.743014701668781	5.3166217925228265
p01-s02-c0025	sb0003	D0	1	39	91	100.0	100.0	0.0	0.0	100.0	100.0	0.0	1.0
p01-s02-c0025	sb0003	D0	2	92	144	100.0	100.0	0.0	0.0	100.0	100.0	0.0	1.0
p01-s02-c0025	sb0003	D0	3	145	197	100.0	100.0	0.0	0.0	100.0	100.0	0.0	1.0
p01-s02-c0025	sb0003	D0	4	198	250	100.0	100.0	0.0	0.0	100.0	100.0	0.0	1.0
p01-s02-c0025	sb0003	D1	1	39	91	34.03568650985289	33.99497212479778	0.2189437081510519	0.00643276897287412	33.7233974108114	34.42618974573524	0.6052289533213668	5.114863024828305
p01-s02-c0025	sb0003	D1	2	92	144	33.74643219001415	33.73687059127808	0.22115403600478928	0.006553404957287029	33.407447450697504	34.147947351459024	0.6521891127755185	6.097784655141397
p01-s02-c0025	sb0003	D1	3	145	197	34.29327019445606	34.36002712803709	0.3409975943834127	0.0099435717984848	33.678329170733605	34.690508397920006	0.829395678466074	7.575154056601268
p01-s02-c0025	sb0003	D1	4	198	250	34.03288339574286	33.935640261455326	0.4330310828604008	0.012723902286650454	33.54811405094894	34.85025882772132	0.7994191403119316	4.707794436261831
p01-s02-c0025	sb0003	D2	1	39	91	22.166855498693373	22.122926600794948	0.19805470570094597	0.008934722640864435	21.902716059386076	22.518476279911205	0.673681866927417	5.797535561411879
p01-s02-c0025	sb0003	D2	2	92	144	21.998514476147797	21.956947389581547	0.2054117332996317	0.009337527473609743	21.754349042866973	22.345054422588685	0.7463015296328473	6.790511114673146
p01-s02-c0025	sb0003	D2	3	145	197	22.297732470824545	22.318409287148437	0.2409708980780106	0.010806968753137065	21.924649735932384	22.58567892450498	0.7849949129707757	7.4527861869930545
p01-s02-c0025	sb0003	D2	4	198	250	22.190708802288754	22.10244973669224	0.33134786988292936	0.014931829029668222	21.791466200890262	22.7694659199352	0.8004375109846935	4.505922290692574
p01-s02-c0025	sb0003	evenness	1	39	91	0.7659628528010676	0.7657073446987115	0.0013960498836920595	0.001822607817842356	0.7639655831349251	0.7684444718815568	0.604344531005206	5.106818284498903
p01-s02-c0025	sb0003	evenness	2	92	144	0.7641093617641087	0.7640523976331997	0.0014219855396981958	0.0018609712311536666	0.7619216359595893	0.7666822844783674	0.6516353778080818	6.0833260332488495
p01-s02-c0025	sb0003	evenness	3	145	197	0.7675938732262743	0.7680267490224452	0.002166126709352718	0.00282196977452187	0.7636752385341461	0.7701053092218412	0.8299957955596907	7.5901408434135735
p01-s02-c0025	sb0003	evenness	4	198	250	0.7659322457707807	0.7653280237048642	0.002748667268642887	0.0035886558945913295	0.762834050986775	0.7711029997734064	0.7988070029053539	4.713051019300562
p01-s02-c0025	sb0003	TV	1	39	91	0.03515149971698113	0.03428548100000001	0.003144370454708934	0.08945195738519056	0.0315491048	0.041118217799999995	0.6628152849490956	3.0059815888820407
p01-s02-c0025	sb0003	TV	2	92	144	0.03548396224528301	0.035024639999999996	0.0027152070282007884	0.0765192739590892	0.0312559916	0.03957437379999999	0.7217397771343569	3.7245242154319023
p01-s02-c0025	sb0003	TV	3	145	197	0.035785344679245275	0.035823951999999985	0.003387232007099748	0.09465416743810963	0.030729193999999994	0.040564949799999986	0.7776461766452799	7.628786178956917
p01-s02-c0025	sb0003	TV	4	198	250	0.03305588735849057	0.03294014500000001	0.002502467894275733	0.07570415118906078	0.029007560600000006	0.0367719266	0.40187109431738727	2.101593354433451
p01-s02-c0025	sb0004	D0	1	39	91	100.0	100.0	0.0	0.0	100.0	100.0	0.0	1.0
p01-s02-c0025	sb0004	D0	2	92	144	100.0	100.0	0.0	0.0	100.0	100.0	0.0	1.0
p01-s02-c0025	sb0004	D0	3	145	197	100.0	100.0	0.0	0.0	100.0	100.0	0.0	1.0
p01-s02-c0025	sb0004	D0	4	198	250	100.0	100.0	0.0	0.0	100.0	100.0	0.0	1.0
p01-s02-c0025	sb0004	D1	1	39	91	34.07771558363204	34.10583874177456	0.4686382057617476	0.013752042874224834	33.33322814177041	34.65008071561631	0.8878396185511805	15.436704722292113
p01-s02-c0025	sb0004	D1	2	92	144	34.571082265359344	34.59421888603408	0.525437670449297	0.015198762550045826	33.53284072438222	35.298717800017876	0.9126581395251103	14.07032289226501
p01-s02-c0025	sb0004	D1	3	145	197	34.0452155759306	33.98369677025097	0.32886564804956525	0.00965967295216858	33.61219270783419	34.60996560807889	0.7563214719175447	5.710999746016548
p01-s02-c0025	sb0004	D1	4	198	250	33.997536657142135	33.97030466012659	0.44400405684044164	0.013059889053672545	33.30367418046526	34.73215556297429	0.8963748132429906	9.725289879101975
p01-s02-c0025	sb0004	D2	1	39	91	22.18629397638811	22.222243374628466	0.28710459694623797	0.01294062889691224	21.6285709132417	22.589093946608216	0.8335758986016778	10.336040290051706
p01-s02-c0025	sb0004	D2	2	92	144	22.559383126533703	22.539126184720093	0.4042485504652335	0.017919308706175033	21.832814473376644	23.085967551403602	0.9098047663080989	13.421556224668088
p01-s02-c0025	sb0004	D2	3	145	197	22.27518989086389	22.199656994067695	0.35457802341280875	0.015918069616916622	21.78130264868307	22.833930489270145	0.8944927868962713	10.888163185207773
p01-s02-c0025	sb0004	D2	4	198	250	22.081396406954514	22.130259628638164	0.3280396803167388	0.014855930044959612	21.50441423075439	22.52293441796682	0.8891046008315412	7.597884077370077
p01-s02-c0025	sb0004	evenness	1	39	91	0.7662150368423498	0.7664143671541579	0.0029922602110089387	0.0039052486144625243	0.7614386596070398	0.7698521050731297	0.8888246691613867	15.4392737699497
p01-s02-c0025	sb0004	evenness	2	92	144	0.7693317540510377	0.7695017644878956	0.0033131058271608405	0.004306472220488963	0.762735098455589	0.7738794409659219	0.9131303580935365	14.046872116140982
p01-s02-c0025	sb0004	evenness	3	145	197	0.7660181323153337	0.7656353099797961	0.0020931691555717393	0.002732532125897615	0.7632484176751908	0.7696005243067843	0.7555946824959315	5.704637297474804
p01-s02-c0025	sb0004	evenness	4	198	250	0.765705571819503	0.7655497209124722	0.0028341376797882253	0.0037013413302630456	0.7612460734369823	0.7703658655445531	0.8966674227066425	9.676499118357725
p01-s02-c0025	sb0004	TV	1	39	91	0.03276561594339623	0.03236011400000001	0.003438236488852894	0.10493428522120782	0.027826584000000005	0.0390935334	0.7547243478936826	6.729146712028275
p01-s02-c0025	sb0004	TV	2	92	144	0.03677226426415096	0.036617085000000014	0.002759916583456995	0.0750543008075687	0.032616451600000006	0.040851767000000004	0.6591810643893976	5.891973322796865
p01-s02-c0025	sb0004	TV	3	145	197	0.03835679743396227	0.03788230800000001	0.0042633186030842565	0.11114897197620012	0.0328483512	0.045069332399999995	0.7371885195776452	8.256652874219341
p01-s02-c0025	sb0004	TV	4	198	250	0.03369146964150943	0.03374621300000001	0.0028139771272497225	0.08352194656960805	0.029637315999999997	0.03811601139999999	0.591716337100547	2.8201690156783448
p01-s02-c0025	sb0005	D0	1	39	91	100.0	100.0	0.0	0.0	100.0	100.0	0.0	1.0
p01-s02-c0025	sb0005	D0	2	92	144	100.0	100.0	0.0	0.0	100.0	100.0	0.0	1.0
p01-s02-c0025	sb0005	D0	3	145	197	100.0	100.0	0.0	0.0	100.0	100.0	0.0	1.0
p01-s02-c0025	sb0005	D0	4	198	250	100.0	100.0	0.0	0.0	100.0	100.0	0.0	1.0
p01-s02-c0025	sb0005	D1	1	39	91	34.055476087754926	34.01714162227589	0.3709101389198244	0.010891350864220916	33.52594833444845	34.68206223215477	0.8236913577886883	5.283508602006884
p01-s02-c0025	sb0005	D1	2	92	144	33.923789723036414	33.89887705483282	0.31960233263123944	0.009421185994859799	33.395464985651635	34.33271036836927	0.7667101220074795	4.932684372741971
p01-s02-c0025	sb0005	D1	3	145	197	33.54740762416996	33.523841918907586	0.4152311921775709	0.012377444982616436	32.92107550522403	34.30018740730475	0.8781427735517007	4.930840503008989
p01-s02-c0025	sb0005	D1	4	198	250	33.914204416299995	33.89763260383917	0.406104300914437	0.011974460492408112	33.22833962270865	34.437061152306796	0.8846088668760227	9.749662980092946
p01-s02-c0025	sb0005	D2	1	39	91	22.070450315114297	22.061224869045127	0.23236988853030105	0.010528552214051082	21.696264354297078	22.41040559205928	0.7531107427344407	3.4102781617759512
p01-s02-c0025	sb0005	D2	2	92	144	22.04670934925361	22.08724881926139	0.22699784995617783	0.01029622363864759	21.702267785021366	22.395978858039268	0.7093945330651321	4.075404482189443
p01-s02-c0025	sb0005	D2	3	145	197	21.912554337611486	21.87339998342629	0.3411471753075906	0.015568571790009596	21.449462223424444	22.50014183548686	0.8792689761882724	5.187511566480087
p01-s02-c0025	sb0005	D2	4	198	250	22.041645327953113	22.093409326162234	0.3147170984422402	0.014278294281557895	21.501280769373277	22.557779220493135	0.8646912789140688	6.377250759042333
p01-s02-c0025	sb0005	evenness	1	39	91	0.766080860167476	0.7658489090499991	0.0023624630317873635	0.0030838298600370934	0.7626904737245064	0.7700523476432733	0.8238027624892522	5.277380677611153
p01-s02-c0025	sb0005	evenness	2	92	144	0.7652427361281224	0.7650926559309339	0.0020442231725493927	0.0026713395319405346	0.7618436458560817	0.7678540100500185	0.7684215726758005	4.939498252234322
p01-s02-c0025	sb0005	evenness	3	145	197	0.7628131978800432	0.7626768920401165	0.0026834645039345083	0.0035178527474251944	0.7587369914032674	0.7676476784987821	0.8770539071673983	4.915348304227626
p01-s02-c0025	sb0005	evenness	4	198	250	0.7651754957159285	0.7650846841606713	0.002606196351377239	0.0034060112562004858	0.7607543203310568	0.7685129708756818	0.88552597013326	9.738148592934301
p01-s02-c0025	sb0005	TV	1	39	91	0.034289835698113204	0.03454436900000001	0.0039996488471460735	0.11664240337454151	0.027374079399999987	0.0401588566	0.7728885919473539	11.198020926603315
p01-s02-c0025	sb0005	TV	2	92	144	0.03557794366037736	0.036566693	0.00480237425736075	0.13498178262362825	0.02784715420000001	0.0429002156	0.8468534619087033	14.926872278644819
p01-s02-c0025	sb0005	TV	3	145	197	0.03617244756603774	0.03602361299999999	0.004400711424553712	0.12165921082668274	0.0281890724	0.042827437	0.8170543541985317	4.6881275363099615
p01-s02-c0025	sb0005	TV	4	198	250	0.03479918103773584	0.035614205999999995	0.003508553352088601	0.100822871328034	0.027920713799999997	0.039971169	0.7327803695494525	3.5069783787019664
p01-s02-c0025	sb0006	D0	1	39	91	100.0	100.0	0.0	0.0	100.0	100.0	0.0	1.0
p01-s02-c0025	sb0006	D0	2	92	144	100.0	100.0	0.0	0.0	100.0	100.0	0.0	1.0
p01-s02-c0025	sb0006	D0	3	145	197	100.0	100.0	0.0	0.0	100.0	100.0	0.0	1.0
p01-s02-c0025	sb0006	D0	4	198	250	100.0	100.0	0.0	0.0	100.0	100.0	0.0	1.0
p01-s02-c0025	sb0006	D1	1	39	91	34.22148030803459	34.228472810313285	0.3584012595248144	0.010472991124252103	33.52893339595676	34.72841246254507	0.8352279937911268	6.679937378920744
p01-s02-c0025	sb0006	D1	2	92	144	33.65042325751604	33.62331498642174	0.31939135051964607	0.009491451209259543	33.16902049570525	34.191219427970886	0.8315749518092127	6.552961112579625
p01-s02-c0025	sb0006	D1	3	145	197	33.822278439653765	33.79824776012113	0.25544932652609786	0.007552694209583619	33.464697144710286	34.269767687782725	0.6501211043566855	4.680118004895794
p01-s02-c0025	sb0006	D1	4	198	250	34.31419207863101	34.33362101300057	0.35914299663842836	0.010466310726927558	33.76315041973081	34.89068981105253	0.8229127749693746	8.45425225441824
p01-s02-c0025	sb0006	D2	1	39	91	22.30097402125884	22.291023221520664	0.2054140887867436	0.009210991797529948	22.005510433338703	22.57033444577379	0.697104143092209	3.5590910836742427
p01-s02-c0025	sb0006	D2	2	92	144	22.070928697870592	22.081250213338123	0.18183531449342757	0.008238679802856284	21.782738213969505	22.351688138086104	0.7515538077730567	5.5637427476396555
p01-s02-c0025	sb0006	D2	3	145	197	22.034320951027013	22.04816148711464	0.19791540190832976	0.008982142102232788	21.724347152559606	22.323378413375718	0.6729046100718147	3.999043946926777
p01-s02-c0025	sb0006	D2	4	198	250	22.405007246721524	22.320133475238073	0.27085413767223715	0.012089000226137871	22.034077921967246	22.89357154288646	0.7984035439052501	9.235412460883705
p01-s02-c0025	sb0006	evenness	1	39	91	0.7671376764074826	0.7671937612129667	0.002279373362166074	0.0029712702586065305	0.7627098573554121	0.7703424612353205	0.8363099616805391	6.689414410358904
p01-s02-c0025	sb0006	evenness	2	92	144	0.7634856809475097	0.7633202645656731	0.002059131780211427	0.0026970142749186596	0.7603661589381553	0.7669571925299772	0.8310053610474766	6.569162253007045
p01-s02-c0025	sb0006	evenness	3	145	197	0.7645953591611265	0.7644470926264545	0.0016389552286225598	0.002143558954400056	0.762293170551053	0.7674555264312913	0.6492057175406452	4.6688621112205535
p01-s02-c0025	sb0006	evenness	4	198	250	0.7677252197417986	0.767859804466084	0.0022727672877579114	0.0029603915949541018	0.7642214690294323	0.7713546612816836	0.8238912604933795	8.443845580494001
p01-s02-c0025	sb0006	TV	1	39	91	0.034421429094339616	0.03467198799999999	0.0022177568884181953	0.06442954132845377	0.030753637	0.0372324444	0.4667183018275542	2.2805269178366414
p01-s02-c0025	sb0006	TV	2	92	144	0.03472124320754717	0.03454441500000001	0.0029870917038648482	0.08603066675952317	0.030439283399999996	0.0395357352	0.728956291960981	5.6969549255206875
p01-s02-c0025	sb0006	TV	3	145	197	0.03846727537735849	0.03812000899999999	0.00604972135189192	0.1572692968905392	0.02877907680000001	0.04753385819999999	0.9254098820710654	16.143961141477877
p01-s02-c0025	sb0006	TV	4	198	250	0.034139824566037744	0.034447501000000005	0.0035457676103997434	0.10386015908022764	0.028484769	0.040414207199999996	0.7742831055390648	6.347881118401482
p01-s02-c0025	sb0007	D0	1	39	91	100.0	100.0	0.0	0.0	100.0	100.0	0.0	1.0
p01-s02-c0025	sb0007	D0	2	92	144	100.0	100.0	0.0	0.0	100.0	100.0	0.0	1.0
p01-s02-c0025	sb0007	D0	3	145	197	100.0	100.0	0.0	0.0	100.0	100.0	0.0	1.0
p01-s02-c0025	sb0007	D0	4	198	250	100.0	100.0	0.0	0.0	100.0	100.0	0.0	1.0
p01-s02-c0025	sb0007	D1	1	39	91	34.49310472222513	34.582085378114634	0.3842337843151224	0.011139437502346578	33.77003269204655	34.99279474458633	0.8808634867030253	5.7266754686678665
p01-s02-c0025	sb0007	D1	2	92	144	33.879140556614985	33.91565836225008	0.37942122047393506	0.01119925754432552	33.2209628580431	34.37714747698234	0.8377116322115041	7.381134631108471
p01-s02-c0025	sb0007	D1	3	145	197	33.948859698038056	33.968313763146995	0.43558218041346375	0.012830539355012167	33.21910582557132	34.63697415995617	0.9039828077189408	11.056461677502714
p01-s02-c0025	sb0007	D1	4	198	250	34.21126414915347	34.19263264396726	0.3679125984101108	0.010754136322063226	33.683099100424606	34.86112964844559	0.8048706398260052	5.897086464942633
p01-s02-c0025	sb0007	D2	1	39	91	22.550008631813625	22.632451813650253	0.25234830773929084	0.011190608032995474	22.137763601488587	22.87439500372998	0.798074055493285	5.630296867865955
p01-s02-c0025	sb0007	D2	2	92	144	22.208549277222744	22.264406719696737	0.31338337682343104	0.014110934168259221	21.600465059537306	22.608274683383467	0.8405281888526092	7.950339214491885
p01-s02-c0025	sb0007	D2	3	145	197	22.002597911285456	21.984514367750624	0.2692743874195024	0.01223829970011803	21.566775874853555	22.416714406119006	0.8584640572124426	10.235297326118392
p01-s02-c0025	sb0007	D2	4	198	250	22.153698333334894	22.142110713104586	0.25152181527753903	0.011353491028586933	21.81540257140532	22.555443840151597	0.7994516756742467	5.012833153308006
p01-s02-c0025	sb0007	evenness	1	39	91	0.7688528379504206	0.7694255893344868	0.002430873310514119	0.0031616886750320786	0.7642656849049798	0.7719893114419276	0.8809510057155837	5.708926436677869
p01-s02-c0025	sb0007	evenness	2	92	144	0.7649528060202615	0.7652001259491884	0.0024353959862661173	0.0031837205734775885	0.760706091847796	0.7681345475376944	0.8386462436903585	7.4011668346169825
p01-s02-c0025	sb0007	evenness	3	145	197	0.76539504691259	0.7655369941954356	0.0027876246008794675	0.00364207295582071	0.7606937963175061	0.7697697324024493	0.9032384829608775	11.037804068130946
p01-s02-c0025	sb0007	evenness	4	198	250	0.7670722556573532	0.7669662701808525	0.0023332159672709153	0.0030417160183579236	0.763705820791128	0.7711706980256885	0.8050770510486899	5.884701133255179
p01-s02-c0025	sb0007	TV	1	39	91	0.03731121415094339	0.037589471000000006	0.0035507493837981428	0.09516574211263945	0.031345065799999995	0.04195339020000001	0.6189809136361212	3.031320042087333
p01-s02-c0025	sb0007	TV	2	92	144	0.037026897867924534	0.03715892600000002	0.0032914964880011595	0.08889474078390185	0.03105919920000001	0.0420896548	0.6587913898292403	4.946637239960263
p01-s02-c0025	sb0007	TV	3	145	197	0.03457504258490566	0.03436416999999999	0.0032381642480204262	0.09365611741673179	0.030241600000000004	0.040457934799999984	0.7892311036895846	5.489961624057938
p01-s02-c0025	sb0007	TV	4	198	250	0.033301643	0.03349359899999999	0.0021971867389472084	0.06597832842503322	0.02983894259999999	0.0371382966	0.3827794385651871	1.8851591097786002
p01-s02-c0025	sb0008	D0	1	39	91	100.0	100.0	0.0	0.0	100.0	100.0	0.0	1.0
p01-s02-c0025	sb0008	D0	2	92	144	100.0	100.0	0.0	0.0	100.0	100.0	0.0	1.0
p01-s02-c0025	sb0008	D0	3	145	197	100.0	100.0	0.0	0.0	100.0	100.0	0.0	1.0
p01-s02-c0025	sb0008	D0	4	198	250	100.0	100.0	0.0	0.0	100.0	100.0	0.0	1.0
p01-s02-c0025	sb0008	D1	1	39	91	33.932903982120074	34.034674775571084	0.4312389268074613	0.012708577109542105	33.0855281097126	34.41613551737682	0.837884227745121	7.725008347179508
p01-s02-c0025	sb0008	D1	2	92	144	33.89241816501088	33.86545397378919	0.4639552755707272	0.013689057927701814	33.230848382895964	34.58089364789941	0.8899715160384949	8.040405596340655
p01-s02-c0025	sb0008	D1	3	145	197	34.077074645280085	34.1621093398837	0.3749260069846305	0.011002294383756923	33.483463567315845	34.548592370026384	0.8655512619690667	10.06021978595644
p01-s02-c0025	sb0008	D1	4	198	250	34.2436473120453	34.32975546717262	0.4121170222969149	0.01203484601221061	33.655913306957174	34.87214783268134	0.8614406856845704	10.735864109571178
p01-s02-c0025	sb0008	D2	1	39	91	21.80217235704818	21.908034414187053	0.35118336275305867	0.01610772344158304	21.028640469952126	22.147387386827308	0.864399470396638	8.878530681747653
p01-s02-c0025	sb0008	D2	2	92	144	22.064173770167724	22.136292960998265	0.45121153987139656	0.020449963119918205	21.367804512080646	22.72658668167591	0.928775944369938	8.315766895657603
p01-s02-c0025	sb0008	D2	3	145	197	22.299392269978913	22.306917591338753	0.34783825985256633	0.015598553343574831	21.78645512559361	22.80449995341929	0.9182060109685445	13.721642261890183
p01-s02-c0025	sb0008	D2	4	198	250	22.309510427574182	22.203103684671575	0.40303811861145583	0.018065753613011045	21.824447489028596	22.947669162683503	0.9114407939345948	14.72221251523145
p01-s02-c0025	sb0008	evenness	1	39	91	0.7652932117768114	0.7659608024908802	0.0027714021472532613	0.0036213598978864425	0.75981901987698	0.7683810487814207	0.8398916051523713	7.753023769185087
p01-s02-c0025	sb0008	evenness	2	92	144	0.7650313188304023	0.7648784508967782	0.0029722978807429036	0.0038851976482309532	0.7607707118104269	0.7694180573502807	0.8902899988175398	8.043736665537443
p01-s02-c0025	sb0008	evenness	3	145	197	0.7662182289334724	0.7667723391816371	0.002393154999409658	0.0031233334173487097	0.7624151708349434	0.7692150798550477	0.8661513329375007	10.047171781898733
p01-s02-c0025	sb0008	evenness	4	198	250	0.7672745760046839	0.7678353549660675	0.0026137106786950377	0.0034064867525065525	0.7635306890779823	0.7712393465979842	0.8621436227705926	10.734778536859338
p01-s02-c0025	sb0008	TV	1	39	91	0.036790840924528306	0.036831848	0.004180647143750023	0.1136328237869334	0.0299161284	0.04353208139999999	0.7956291681620331	6.21666147378188
p01-s02-c0025	sb0008	TV	2	92	144	0.036651221641509434	0.03703282099999999	0.00310928389075572	0.08483438618139519	0.03186133560000001	0.0418634654	0.7217283989423585	5.891785270148128
p01-s02-c0025	sb0008	TV	3	145	197	0.03758685999999999	0.037120251000000014	0.003377294003655186	0.08985304980663951	0.03227703039999999	0.043002948000000006	0.648551784065756	6.553679650518543
p01-s02-c0025	sb0008	TV	4	198	250	0.03604152413207547	0.035307208	0.0029211901315169845	0.08105068256303972	0.0323869828	0.0410134868	0.6192020323463535	2.7510896008057575
p01-s02-c0025	sb0009	D0	1	39	91	100.0	100.0	0.0	0.0	100.0	100.0	0.0	1.0
p01-s02-c0025	sb0009	D0	2	92	144	100.0	100.0	0.0	0.0	100.0	100.0	0.0	1.0
p01-s02-c0025	sb0009	D0	3	145	197	100.0	100.0	0.0	0.0	100.0	100.0	0.0	1.0
p01-s02-c0025	sb0009	D0	4	198	250	100.0	100.0	0.0	0.0	100.0	100.0	0.0	1.0
p01-s02-c0025	sb0009	D1	1	39	91	34.41188834136035	34.49883554804402	0.3317478837193977	0.009640502155200332	33.72284149117805	34.919060530443176	0.7572182271507513	4.3859641072398325
p01-s02-c0025	sb0009	D1	2	92	144	33.79536318580463	33.8146448799675	0.33949755162502004	0.010045684366772015	33.221416200215664	34.29330482862955	0.8050560679649233	4.997957796889974
p01-s02-c0025	sb0009	D1	3	145	197	34.048380591668284	34.05252110429	0.2982940387043801	0.008760887699233876	33.63091068731049	34.51617100988645	0.7050219200118683	4.8172836507703956
p01-s02-c0025	sb0009	D1	4	198	250	33.85213312691455	33.70767771439348	0.5273569950287221	0.015578250063345064	33.15935157326845	35.041072168101756	0.8964064231799472	10.816472367393452
p01-s02-c0025	sb0009	D2	1	39	91	22.497574031656754	22.50012900180334	0.2676040600245978	0.011894796285503812	21.976752049418184	22.974786986044062	0.8027565596267261	5.09255428482083
p01-s02-c0025	sb0009	D2	2	92	144	21.9913616166436	21.963815733411217	0.22382484583770004	0.010177853001530561	21.595500805463864	22.322217094551515	0.764580210181138	7.984998303062269
p01-s02-c0025	sb0009	D2	3	145	197	22.209997605315493	22.22084241964838	0.22986249880599574	0.010349505789725209	21.887999535059034	22.636831505157588	0.7842072061604236	6.870759492768705
p01-s02-c0025	sb0009	D2	4	198	250	22.077164325188654	21.963260178082642	0.43186285376103595	0.019561518291020177	21.48702804736219	22.954376231131874	0.907906369280429	13.483035913533072
p01-s02-c0025	sb0009	evenness	1	39	91	0.7683443041474483	0.7689022182091932	0.002101042859624219	0.0027345069759520477	0.7639620275461665	0.7715312752986361	0.7580501320006847	4.388357786290114
p01-s02-c0025	sb0009	evenness	2	92	144	0.7644177970831013	0.764552415421116	0.0021832144135585344	0.002856048644980976	0.7607083195513633	0.7676046557079761	0.8054574697208104	4.995268486351982
p01-s02-c0025	sb0009	evenness	3	145	197	0.7660400574645632	0.7660746353806356	0.001901862685648695	0.002482719626886711	0.7633693130750248	0.7690112307908212	0.7049296189829508	4.8184547884936055
p01-s02-c0025	sb0009	evenness	4	198	250	0.7647674179028616	0.7638644164478833	0.003358310044336387	0.004391282847202768	0.7603029628076339	0.7722886803547592	0.894724364781492	10.830115844898936
p01-s02-c0025	sb0009	TV	1	39	91	0.03566839730188679	0.036489137	0.004362962879101132	0.12232012675462543	0.02810834160000001	0.04150511080000001	0.8294667462360332	9.632694196996374
p01-s02-c0025	sb0009	TV	2	92	144	0.03479285450943396	0.035117505	0.0030250295433928006	0.08694398852996021	0.02909948240000001	0.03881373379999999	0.7164181269358741	4.167105982015256
p01-s02-c0025	sb0009	TV	3	145	197	0.035349584433962265	0.03525746899999999	0.003030064270018016	0.08571711148906375	0.029717218600000005	0.04003485179999999	0.687634709275477	3.570408711942236
p01-s02-c0025	sb0009	TV	4	198	250	0.033688637301886794	0.03315440899999999	0.0033295423322811137	0.09883279939300592	0.0284717552	0.0386401538	0.6875358971503658	5.211200169430456
p01-s02-c0025	sb0010	D0	1	39	91	100.0	100.0	0.0	0.0	100.0	100.0	0.0	1.0
p01-s02-c0025	sb0010	D0	2	92	144	100.0	100.0	0.0	0.0	100.0	100.0	0.0	1.0
p01-s02-c0025	sb0010	D0	3	145	197	100.0	100.0	0.0	0.0	100.0	100.0	0.0	1.0
p01-s02-c0025	sb0010	D0	4	198	250	100.0	100.0	0.0	0.0	100.0	100.0	0.0	1.0
p01-s02-c0025	sb0010	D1	1	39	91	33.64252962813844	33.60120904464081	0.3534822781796107	0.010507006520816434	33.10116786272309	34.23537081984628	0.8166862906158096	4.917391971525104
p01-s02-c0025	sb0010	D1	2	92	144	33.67279154387032	33.80311068224877	0.5396921048136929	0.016027542715327286	32.82310695814761	34.341689830076426	0.9494417622728596	18.25300810717056
p01-s02-c0025	sb0010	D1	3	145	197	34.12230827453752	34.01223834405887	0.42516717045171015	0.012460094054333806	33.624350446779765	34.80614392947734	0.8894054632351173	8.900335508328176
p01-s02-c0025	sb0010	D1	4	198	250	33.57290258343566	33.571570181337876	0.5497556509125684	0.016374981267893385	32.6660157725989	34.533250814831334	0.9236543424315578	8.177103865298696
p01-s02-c0025	sb0010	D2	1	39	91	21.819501093818094	21.759730414513232	0.29308215265958937	0.013432119799596402	21.385186409726902	22.427903259417732	0.8429749226142647	4.964890749500896
p01-s02-c0025	sb0010	D2	2	92	144	22.044738948194055	22.21414879003257	0.4284162775243922	0.019433946509014515	21.348163124261518	22.544429516469176	0.9515050048134955	17.654986713952994
p01-s02-c0025	sb0010	D2	3	145	197	22.21627895866347	22.151661779107773	0.28455259780846903	0.012808292438977716	21.807538063345596	22.67180997737536	0.8327819674752766	8.350808885061442
p01-s02-c0025	sb0010	D2	4	198	250	21.973709481596305	22.025561656703953	0.3880277135610062	0.017658725937283917	21.281347677061557	22.515051684696207	0.9289927262804458	8.961489734094869
p01-s02-c0025	sb0010	evenness	1	39	91	0.7634325565682621	0.763177452265889	0.0022823363315107536	0.0029895716548560356	0.7599216314852273	0.7672375181333791	0.8166143001973495	4.922602878003829
p01-s02-c0025	sb0010	evenness	2	92	144	0.7636121296255388	0.7644783337183241	0.0034867170130179546	0.004566083850354467	0.7580898329473471	0.7679108255784409	0.9497612645778316	18.24456628549884
p01-s02-c0025	sb0010	evenness	3	145	197	0.7665027119533485	0.7658176068879388	0.002699634964069825	0.0035220161937719696	0.7633269508732354	0.7708279541725988	0.8896848230260443	8.907638679299264
p01-s02-c0025	sb0010	evenness	4	198	250	0.7629658714589381	0.7629858270902448	0.0035568075958206796	0.004661817427061812	0.7570480276121769	0.7691187310949951	0.9232422795265973	8.186713859753299
p01-s02-c0025	sb0010	TV	1	39	91	0.03485285645283019	0.034850028000000005	0.0024228362634133097	0.06951614616415652	0.03123425119999999	0.038526669000000006	0.4495551134645614	2.0618902161452075
p01-s02-c0025	sb0010	TV	2	92	144	0.03512010309433962	0.035226513	0.0034335222589512676	0.09776515318671304	0.029642317999999994	0.041304294	0.784675792098539	5.1805656456641795
p01-s02-c0025	sb0010	TV	3	145	197	0.03522816979245283	0.035087982999999996	0.004305915863549836	0.12222933774073957	0.029183740800000003	0.04244507959999999	0.8529082299989305	14.52217742969553
p01-s02-c0025	sb0010	TV	4	198	250	0.03351928858490566	0.03351884700000001	0.002434849610218485	0.0726402532097576	0.029647113599999993	0.037471768800000006	0.5331149047412381	4.461551124853944
p01-s02-c0025	sb0011	D0	1	39	91	100.0	100.0	0.0	0.0	100.0	100.0	0.0	1.0
p01-s02-c0025	sb0011	D0	2	92	144	100.0	100.0	0.0	0.0	100.0	100.0	0.0	1.0
p01-s02-c0025	sb0011	D0	3	145	197	100.0	100.0	0.0	0.0	100.0	100.0	0.0	1.0
p01-s02-c0025	sb0011	D0	4	198	250	100.0	100.0	0.0	0.0	100.0	100.0	0.0	1.0
p01-s02-c0025	sb0011	D1	1	39	91	33.810433069568866	33.635136258398965	0.5369031981088895	0.01587980837169844	33.30278755138186	34.95405480917061	0.9219010486062464	9.712183604300039
p01-s02-c0025	sb0011	D1	2	92	144	33.623250578957176	33.59646248624216	0.2896792808752711	0.008615445439905337	33.216419481764206	34.05911118315789	0.8296469622964656	6.926368704822203
p01-s02-c0025	sb0011	D1	3	145	197	33.71904059053016	33.670950631907445	0.6081056034177504	0.018034487125607426	32.8859291842752	34.66336425949297	0.9317914263866007	10.688341741311792
p01-s02-c0025	sb0011	D1	4	198	250	33.44328904841187	33.4019601702993	0.36752073618009123	0.010989371758503633	32.86167972017314	33.980402156711826	0.810587314781202	13.900037422247982
p01-s02-c0025	sb0011	D2	1	39	91	21.94332762850404	21.83947383403531	0.3554102674423217	0.016196735219896608	21.528272587192266	22.627045644595338	0.8993325456218777	9.216336643037497
p01-s02-c0025	sb0011	D2	2	92	144	22.016792586711016	22.01358894396998	0.2039617740543807	0.009263918586283488	21.714623081781365	22.344804860823363	0.754908157049595	9.893576774826409
p01-s02-c0025	sb0011	D2	3	145	197	22.030565047064716	22.028414031916643	0.4302134117052202	0.019528024396384718	21.383169280173092	22.710942649970153	0.9080270975656328	8.297374876612198
p01-s02-c0025	sb0011	D2	4	198	250	21.66197481818454	21.641043721611144	0.3410783559969218	0.01574548760487882	21.165348518321235	22.20355530103849	0.8607437284834224	13.390043078575113
p01-s02-c0025	sb0011	evenness	1	39	91	0.7644988078250001	0.7633965956905598	0.0034190428935222273	0.004472267135706081	0.7612402858979151	0.771748757595895	0.9206546564595632	9.724902142120744
p01-s02-c0025	sb0011	evenness	2	92	144	0.7633119465450624	0.7631467755463385	0.0018699623936338054	0.002449801031017155	0.7606764047773765	0.7661166380457585	0.8298107671528063	6.931429257237398
p01-s02-c0025	sb0011	evenness	3	145	197	0.7639030378203215	0.7636276889983747	0.0039093996303194555	0.005117664725453009	0.7585049492860857	0.7699351657024253	0.9322135119456089	10.70527569933303
p01-s02-c0025	sb0011	evenness	4	198	250	0.7621415937876399	0.7618859769112519	0.0023909027252441532	0.0031370846896860804	0.7583436934392837	0.7656142343666941	0.8106587453369628	13.860155329406979
p01-s02-c0025	sb0011	TV	1	39	91	0.034524183716981134	0.034739274	0.0034132794631196667	0.09886633355623131	0.028766055199999998	0.0392491504	0.7526339931037072	5.413430905059722
p01-s02-c0025	sb0011	TV	2	92	144	0.03505082230188678	0.034395450999999994	0.004152978952257515	0.11848449421496056	0.029661711999999993	0.04234611879999999	0.7438999659432649	5.383684200932727
p01-s02-c0025	sb0011	TV	3	145	197	0.03483001547169811	0.035219873	0.0033473714684761242	0.09610594262285367	0.029089249200000004	0.039632168399999994	0.7106252851761469	7.170810936631213
p01-s02-c0025	sb0011	TV	4	198	250	0.03433728126415095	0.03462374299999999	0.002606514247753848	0.07590916204758236	0.029598741200000007	0.0379085226	0.7237086975435306	3.4795880399077626
p01-s02-c0025	sb0012	D0	1	39	91	100.0	100.0	0.0	0.0	100.0	100.0	0.0	1.0
p01-s02-c0025	sb0012	D0	2	92	144	100.0	100.0	0.0	0.0	100.0	100.0	0.0	1.0
p01-s02-c0025	sb0012	D0	3	145	197	100.0	100.0	0.0	0.0	100.0	100.0	0.0	1.0
p01-s02-c0025	sb0012	D0	4	198	250	100.0	100.0	0.0	0.0	100.0	100.0	0.0	1.0
p01-s02-c0025	sb0012	D1	1	39	91	33.64151263072341	33.67450784133118	0.3312445640383535	0.009846304108687474	33.12052666272538	34.11814518565109	0.8565007078109885	5.091441459805131
p01-s02-c0025	sb0012	D1	2	92	144	34.14043128748678	34.07790042696696	0.3661882590223335	0.010725941214355706	33.68421901130738	34.72878119979275	0.8143286774202021	13.273927884708856
p01-s02-c0025	sb0012	D1	3	145	197	34.07217507468307	33.95835300790324	0.5195571301147522	0.015248722131062396	33.23828512783065	34.896616968051205	0.8898101798520739	11.213457521347072
p01-s02-c0025	sb0012	D1	4	198	250	34.10674969343206	34.1018402791833	0.36436689102465203	0.010683131471036016	33.49953899855028	34.58868239324299	0.8653171736035876	5.994071403781233
p01-s02-c0025	sb0012	D2	1	39	91	21.99434133674036	21.992262766096363	0.26777050000705993	0.012174517795618811	21.6112720899054	22.485061191089084	0.8634721138390135	5.329372073270806
p01-s02-c0025	sb0012	D2	2	92	144	22.282078596823315	22.290699331492167	0.2707126340655428	0.012149343827560928	21.902793556835668	22.679938244507014	0.8224189010734931	13.140186521005733
p01-s02-c0025	sb0012	D2	3	145	197	22.193979266833747	22.230380424068393	0.3525295453951641	0.015884017064122315	21.60816426432508	22.76434841761416	0.8760045782523144	13.052494611304768
p01-s02-c0025	sb0012	D2	4	198	250	22.372176453157515	22.41845564993686	0.2709938254172451	0.012112984446759009	21.88532287564686	22.752549665919762	0.8512324527686944	6.341782780844362
p01-s02-c0025	sb0012	evenness	1	39	91	0.7634274195558074	0.7636506285767837	0.0021397089428433014	0.002802766691414188	0.7600485970207892	0.7664925717461191	0.8561184329421129	5.088519140626166
p01-s02-c0025	sb0012	evenness	2	92	144	0.7666222666055196	0.7662364148039115	0.002326218629933644	0.0030343739430290315	0.763713188288131	0.7703447556114027	0.8136792050760182	13.252765326763782
p01-s02-c0025	sb0012	evenness	3	145	197	0.7661751914485929	0.7654733093235792	0.003308074291249378	0.0043176473581647366	0.7608193022914278	0.7713915914028943	0.8900541375065784	11.231074915002866
p01-s02-c0025	sb0012	evenness	4	198	250	0.7664079788052436	0.7663889079937467	0.002324197148949793	0.003032584750191397	0.7625189889470317	0.7694669722071975	0.866002388221177	5.983609226501973
p01-s02-c0025	sb0012	TV	1	39	91	0.03624916022641509	0.035993807	0.0033494921532338457	0.09240192413597048	0.030569197799999993	0.040847921200000005	0.6647912030769871	5.533302168933615
p01-s02-c0025	sb0012	TV	2	92	144	0.03453901452830189	0.03386943199999999	0.004874846490348553	0.1411402889435081	0.027078177400000007	0.04249525959999999	0.8687133857126939	8.515328120511661
p01-s02-c0025	sb0012	TV	3	145	197	0.03747850752830188	0.03612342799999999	0.004544444225873514	0.12125467436081276	0.031608573400000006	0.0456588128	0.8780948076532354	9.362716914197426
p01-s02-c0025	sb0012	TV	4	198	250	0.0361539041509434	0.03619178899999999	0.002648172191588572	0.0732471984362295	0.03160763499999998	0.0403996158	0.5355869667060906	2.6199318539211256
p01-s02-c0025	sb0013	D0	1	39	91	100.0	100.0	0.0	0.0	100.0	100.0	0.0	1.0
p01-s02-c0025	sb0013	D0	2	92	144	100.0	100.0	0.0	0.0	100.0	100.0	0.0	1.0
p01-s02-c0025	sb0013	D0	3	145	197	100.0	100.0	0.0	0.0	100.0	100.0	0.0	1.0
p01-s02-c0025	sb0013	D0	4	198	250	100.0	100.0	0.0	0.0	100.0	100.0	0.0	1.0
p01-s02-c0025	sb0013	D1	1	39	91	34.027383813618954	34.11983853548544	0.41632694325788666	0.01223505590492261	33.280435227706356	34.592091132934534	0.8765002468963475	10.313736843963033
p01-s02-c0025	sb0013	D1	2	92	144	33.76398136443478	33.746958804418725	0.2912291659362844	0.008625439126768683	33.26486087393853	34.22377548866216	0.7450955353935492	4.268276919762666
p01-s02-c0025	sb0013	D1	3	145	197	34.295070110856976	34.28739364832944	0.3771845614193363	0.010998215201196773	33.742532796917594	34.839350538303776	0.8029610578594092	5.150690613057445
p01-s02-c0025	sb0013	D1	4	198	250	34.114249388756164	34.109262003173484	0.358681237335293	0.01051411781768565	33.582695371881506	34.70338424043178	0.8337006407192973	7.983126432764683
p01-s02-c0025	sb0013	D2	1	39	91	22.096293999872174	22.12423503964745	0.2286092235436866	0.010346043709637874	21.683196704179924	22.404984185918444	0.729221742871718	7.7573632716762795
p01-s02-c0025	sb0013	D2	2	92	144	21.89869756031987	21.884407326274232	0.2411751973386806	0.011013221068255977	21.393105476905927	22.321780935259817	0.8104927725168389	4.53418827043627
p01-s02-c0025	sb0013	D2	3	145	197	22.403324249533128	22.41796520216648	0.2855153520260624	0.012744329763115951	21.8887465920077	22.74921588601429	0.7893802800207899	4.836833334348589
p01-s02-c0025	sb0013	D2	4	198	250	22.184692872047076	22.15790336372804	0.3039515332651443	0.013700957458289906	21.748226869782734	22.717482246283325	0.86786065417797	9.574527922646098
p01-s02-c0025	sb0013	evenness	1	39	91	0.7658982774549683	0.7665034836493603	0.0026638183702655934	0.003478031546326614	0.7610944946423385	0.7694879074933998	0.8764345485566118	10.331876257566474
p01-s02-c0025	sb0013	evenness	2	92	144	0.7642189004103526	0.7641173206728541	0.0018730455412505134	0.0024509280524791636	0.7609926433041911	0.7671639520689336	0.745391489334775	4.270469052027401
p01-s02-c0025	sb0013	evenness	3	145	197	0.7676029627684919	0.76756723676615	0.002388171842541227	0.003111207171384377	0.7640887563513855	0.7710349983628386	0.8033490201067419	5.149043266381611
p01-s02-c0025	sb0013	evenness	4	198	250	0.7664561554816992	0.7664361615005808	0.002280007450445695	0.0029747395648649535	0.7630577701538628	0.770185791944335	0.8323549736587723	7.992895191507703
p01-s02-c0025	sb0013	TV	1	39	91	0.036468949905660374	0.035869617000000006	0.004096394918900515	0.11232555172269193	0.029417462999999998	0.04221259379999999	0.8049251458234583	5.366642668431801
p01-s02-c0025	sb0013	TV	2	92	144	0.035729107905660376	0.035743511999999984	0.003166299458461716	0.08861960580773683	0.030231997999999996	0.040011001599999985	0.6903727562948799	3.4177238300968473
p01-s02-c0025	sb0013	TV	3	145	197	0.03620166607547169	0.035757332999999995	0.003228809250949054	0.08918952084187977	0.031025372000000002	0.0411354444	0.759156792730222	5.80842246298773
p01-s02-c0025	sb0013	TV	4	198	250	0.03730004437735849	0.036979135999999996	0.002645282163102413	0.07091900846928018	0.033501074799999996	0.04190579819999999	0.6291146336779528	7.270753617886811
p01-s02-c0025	sb0014	D0	1	39	91	100.0	100.0	0.0	0.0	100.0	100.0	0.0	1.0
p01-s02-c0025	sb0014	D0	2	92	144	100.0	100.0	0.0	0.0	100.0	100.0	0.0	1.0
p01-s02-c0025	sb0014	D0	3	145	197	100.0	100.0	0.0	0.0	100.0	100.0	0.0	1.0
p01-s02-c0025	sb0014	D0	4	198	250	100.0	100.0	0.0	0.0	100.0	100.0	0.0	1.0
p01-s02-c0025	sb0014	D1	1	39	91	34.04900250672264	33.95144650306091	0.5588572533551889	0.01641332233579671	33.28641076075623	34.98667843815677	0.9192633619112741	7.499153826046267
p01-s02-c0025	sb0014	D1	2	92	144	33.390672203640605	33.41738909989508	0.5292085240132219	0.01584899282008231	32.62507061884435	34.25336832230148	0.9286611296553168	14.471971829460696
p01-s02-c0025	sb0014	D1	3	145	197	33.72486738265663	33.63604828223702	0.38375870277642127	0.011379101907863193	33.15705128814658	34.401247802438476	0.8421988399345528	6.886831822428011
p01-s02-c0025	sb0014	D1	4	198	250	33.96122897400915	33.87770739031475	0.30067217144651137	0.008853394901480703	33.66012271437771	34.53330549122066	0.8306090294892068	5.236397689225857
p01-s02-c0025	sb0014	D2	1	39	91	21.961386228299006	21.898880555694817	0.3324859643199067	0.015139570920685866	21.453623513174602	22.508685477495806	0.8601079273058804	6.197396465280774
p01-s02-c0025	sb0014	D2	2	92	144	21.540005674822243	21.477395993564357	0.45249766712737427	0.021007314202163434	20.899481451038138	22.371895901960677	0.9225477136999658	12.872120690206188
p01-s02-c0025	sb0014	D2	3	145	197	21.87005151030888	21.831223079725365	0.25542093898825813	0.011679027773110659	21.498516330861186	22.283393132897118	0.7872044085634231	5.209325221792073
p01-s02-c0025	sb0014	D2	4	198	250	22.106780982151744	22.05326263353579	0.27284702396795363	0.012342232195100724	21.759956931458007	22.652569159645275	0.8467965277350075	5.618282182177023
p01-s02-c0025	sb0014	evenness	1	39	91	0.7660236537152019	0.7654291410743101	0.0035497649701903998	0.004634014828359541	0.7611331693728343	0.771951316111959	0.9194177536318935	7.506585882038028
p01-s02-c0025	sb0014	evenness	2	92	144	0.7617858825977161	0.761986257730766	0.00343583735490867	0.004510240257002855	0.7567757295785689	0.7673516027484916	0.9286077792529425	14.506915193502723
p01-s02-c0025	sb0014	evenness	3	145	197	0.7639613398231578	0.7634024836041288	0.0024699120259817323	0.0032330327429310347	0.7602876362503997	0.7682870935204732	0.8406724753380442	6.879230438488171
p01-s02-c0025	sb0014	evenness	4	198	250	0.7654833972242819	0.7649570062982739	0.001914207340319801	0.0025006516761315856	0.7635578401163117	0.7691189910531884	0.8293825852048401	5.223052651139744
p01-s02-c0025	sb0014	TV	1	39	91	0.03541124181132076	0.034854348000000014	0.005298668490122326	0.14963238279964455	0.027893659200000004	0.04457464379999999	0.9010998876316115	13.11757412290597
p01-s02-c0025	sb0014	TV	2	92	144	0.037444694905660374	0.037705904000000005	0.003947875937718902	0.1054321833217051	0.030895500399999998	0.0430240258	0.820391291627329	7.205446773453941
p01-s02-c0025	sb0014	TV	3	145	197	0.03455501267924528	0.035449373	0.0034313720124869098	0.09930171475665205	0.028865329800000006	0.039261097800000005	0.7651725708283669	4.94907565120375
p01-s02-c0025	sb0014	TV	4	198	250	0.036418582339622634	0.036937124999999994	0.004899655119222566	0.13453722809775182	0.028114987200000007	0.04326307719999999	0.8947139821753057	10.689638620964665
p01-s02-c0025	sb0015	D0	1	39	91	100.0	100.0	0.0	0.0	100.0	100.0	0.0	1.0
p01-s02-c0025	sb0015	D0	2	92	144	100.0	100.0	0.0	0.0	100.0	100.0	0.0	1.0
p01-s02-c0025	sb0015	D0	3	145	197	100.0	100.0	0.0	0.0	100.0	100.0	0.0	1.0
p01-s02-c0025	sb0015	D0	4	198	250	100.0	100.0	0.0	0.0	100.0	100.0	0.0	1.0
p01-s02-c0025	sb0015	D1	1	39	91	33.69524133197122	33.66067681111656	0.4825656090160541	0.0143214765628694	33.11426673236208	34.526547023303756	0.8875478305162829	6.878637514657123
p01-s02-c0025	sb0015	D1	2	92	144	34.070686307373755	34.086253016310245	0.24620398586454093	0.007226270220780853	33.61169330577664	34.43655457314619	0.6814590586245224	3.2177775293231368
p01-s02-c0025	sb0015	D1	3	145	197	34.50635377966718	34.64516367858323	0.5419420281664639	0.01570557212816274	33.724186265201446	35.260581323800345	0.928038836522613	13.250141584598213
p01-s02-c0025	sb0015	D1	4	198	250	34.536658779273694	34.52398544585577	0.4850385866845655	0.014044166512588335	33.692143454282636	35.245205760410734	0.8282165433387335	7.206034404557337
p01-s02-c0025	sb0015	D2	1	39	91	21.848381718707426	21.819456257037025	0.3863835197036166	0.01768476607000967	21.35277322985477	22.54705288607518	0.8907454663379317	6.757514038632857
p01-s02-c0025	sb0015	D2	2	92	144	22.048199236838318	22.069995721196477	0.25761107333395805	0.011683996074542872	21.579133437933272	22.41597987196741	0.7695260952466254	4.549920356351441
p01-s02-c0025	sb0015	D2	3	145	197	22.522441827916268	22.543019879836287	0.2871909022216701	0.012751321744594353	22.04182040788866	22.91981598769054	0.8442505835603283	9.254623680634117
p01-s02-c0025	sb0015	D2	4	198	250	22.33603477909876	22.252175255996228	0.3239866645740884	0.014505111035968802	21.91759635961023	22.92626939097484	0.7772909275505139	4.698675706403186
p01-s02-c0025	sb0015	evenness	1	39	91	0.763762494730138	0.7635614220168444	0.003103708127009662	0.004063708480613862	0.7600075644704896	0.7690765725107401	0.8868351673464472	6.8628331295672265
p01-s02-c0025	sb0015	evenness	2	92	144	0.7661848676821764	0.7662896316825244	0.001571422250829999	0.002050970094963877	0.7632451960499957	0.7685098462094306	0.6821826519137554	3.213142650355581
p01-s02-c0025	sb0015	evenness	3	145	197	0.7689232289165171	0.7698213087336543	0.003413385651387489	0.004439176140116434	0.7639704862006064	0.7736447297781952	0.9287734239283891	13.256467799149762
p01-s02-c0025	sb0015	evenness	4	198	250	0.7691191537323722	0.7690604624270645	0.0030492345005381696	0.003964580111860277	0.7637643023572757	0.7735500126747032	0.8291800108478342	7.238581460099104
p01-s02-c0025	sb0015	TV	1	39	91	0.037077042924528306	0.036919893999999995	0.0032459492769829966	0.08754606680986525	0.03151096700000001	0.0421897882	0.6594861868999127	3.6446857054609154
p01-s02-c0025	sb0015	TV	2	92	144	0.039058476188679254	0.03925104699999999	0.0031545327510497053	0.08076435792863876	0.034178432400000014	0.0443467314	0.7073547731436627	3.6583490162045935
p01-s02-c0025	sb0015	TV	3	145	197	0.03528336633962264	0.035035509	0.004424471255500334	0.1253982177582564	0.02763004559999999	0.04225028020000001	0.8349254126398066	6.232345772052335
p01-s02-c0025	sb0015	TV	4	198	250	0.03446453241509434	0.034252120999999996	0.003122702080503619	0.09060625117130496	0.029625698	0.0397113586	0.597881414314853	4.880460101065936
p01-s02-c0025	sb0016	D0	1	39	91	100.0	100.0	0.0	0.0	100.0	100.0	0.0	1.0
p01-s02-c0025	sb0016	D0	2	92	144	100.0	100.0	0.0	0.0	100.0	100.0	0.0	1.0
p01-s02-c0025	sb0016	D0	3	145	197	100.0	100.0	0.0	0.0	100.0	100.0	0.0	1.0
p01-s02-c0025	sb0016	D0	4	198	250	100.0	100.0	0.0	0.0	100.0	100.0	0.0	1.0
p01-s02-c0025	sb0016	D1	1	39	91	34.355721913135184	34.318208536805855	0.36172469250590616	0.010528804879154885	33.72551325196684	35.03141707335856	0.8528102771409559	5.803216858994956
p01-s02-c0025	sb0016	D1	2	92	144	34.22887464067563	34.18705601379952	0.34055385196199195	0.009949314885079432	33.74617487331588	34.80935891939943	0.7686655460015089	6.237592682193554
p01-s02-c0025	sb0016	D1	3	145	197	33.6594154271648	33.70824000438584	0.4845381019529674	0.014395321362649732	32.88086920101485	34.355680133902155	0.8750446579308102	9.252294985293881
p01-s02-c0025	sb0016	D1	4	198	250	33.95356337112342	33.97335664723248	0.3817214186601586	0.01124245530543643	33.25315443005061	34.52905891097222	0.8620285746292022	12.987806184749315
p01-s02-c0025	sb0016	D2	1	39	91	22.464307647312726	22.48220803431519	0.3365792390541315	0.014982844979617901	21.86274739637131	23.094331905568616	0.906413363011179	7.103283623871586
p01-s02-c0025	sb0016	D2	2	92	144	22.21406056784179	22.210159273162578	0.2279513811108063	0.01026158096646231	21.887291712350788	22.552489727447036	0.6663209587307173	5.384763706803803
p01-s02-c0025	sb0016	D2	3	145	197	21.923283066880515	21.8993019459191	0.45933823247959316	0.020952073240048386	21.20729893305792	22.55713992599197	0.9312560059087119	12.910373875656083
p01-s02-c0025	sb0016	D2	4	198	250	22.11454205262689	22.12634622017927	0.25638561163975504	0.011593530222313606	21.684512482645523	22.457603535080416	0.8286656755419368	9.531294103660498
p01-s02-c0025	sb0016	evenness	1	39	91	0.7679877678885701	0.7677623044646977	0.002280918349330728	0.0029699930711157806	0.7639791928002476	0.7722287784620853	0.8529200842216237	5.7972129229578115
p01-s02-c0025	sb0016	evenness	2	92	144	0.7671857993549727	0.7669308517728081	0.002155309321428575	0.002809370719896922	0.7641120735344002	0.7708479125789501	0.767083143983936	6.240108412951315
p01-s02-c0025	sb0016	evenness	3	145	197	0.7635311553104701	0.763868038729522	0.003131735873173809	0.004101647786592768	0.7584716426139987	0.767998943564428	0.8757023810984051	9.262943625242762
p01-s02-c0025	sb0016	evenness	4	198	250	0.7654291848441155	0.7655692291511264	0.002445485192134821	0.0031949202363284065	0.7609164154055553	0.7690923406404196	0.8617228569759771	12.962419108937066
p01-s02-c0025	sb0016	TV	1	39	91	0.03739825837735849	0.03603111199999998	0.0051737291010044	0.13834144490901373	0.031191619199999996	0.047473423799999984	0.8470631234735193	6.264172878070451
p01-s02-c0025	sb0016	TV	2	92	144	0.034634431339622636	0.03513021100000001	0.0034427637939498717	0.09940292537765058	0.0289484018	0.03956418619999999	0.7744660410998746	4.798717651264095
p01-s02-c0025	sb0016	TV	3	145	197	0.03691016783018868	0.037412626	0.004533111422749824	0.12281470633255182	0.029100089	0.04316724279999999	0.8177012548929642	4.685898931435879
p01-s02-c0025	sb0016	TV	4	198	250	0.03202115943396226	0.031537463999999994	0.002690347927140505	0.08401781742753106	0.02842782460000001	0.036730921	0.6572153731879493	2.9908309161185476
p01-s02-c0025	sb0017	D0	1	39	91	100.0	100.0	0.0	0.0	100.0	100.0	0.0	1.0
p01-s02-c0025	sb0017	D0	2	92	144	100.0	100.0	0.0	0.0	100.0	100.0	0.0	1.0
p01-s02-c0025	sb0017	D0	3	145	197	100.0	100.0	0.0	0.0	100.0	100.0	0.0	1.0
p01-s02-c0025	sb0017	D0	4	198	250	100.0	100.0	0.0	0.0	100.0	100.0	0.0	1.0
p01-s02-c0025	sb0017	D1	1	39	91	34.14492281431831	34.1610872482808	0.4343097067025234	0.012719598432373675	33.54454078838282	34.96585204405215	0.8637869476406944	6.631704988501864
p01-s02-c0025	sb0017	D1	2	92	144	34.132279306536674	34.148612053419214	0.3505009348983655	0.010268899177537231	33.56500226363459	34.632188601760106	0.8475810744947327	6.874196939412818
p01-s02-c0025	sb0017	D1	3	145	197	33.96110899062584	33.991813667536945	0.3545815749555255	0.010440812608722505	33.44516130130611	34.55424354926159	0.8651490946274144	7.029921669788257
p01-s02-c0025	sb0017	D1	4	198	250	33.59787873594588	33.585468376537385	0.37306415282486816	0.011103800801142014	33.07573517780995	34.215106927704404	0.840843617019058	9.113589257321038
p01-s02-c0025	sb0017	D2	1	39	91	22.2537608133875	22.182112193882414	0.4800459649594688	0.021571453426904856	21.61371777526705	23.181183345709734	0.9225641065318128	10.43326970036559
p01-s02-c0025	sb0017	D2	2	92	144	22.30976872231297	22.289077312879638	0.3100806940007073	0.013898875324986319	21.77239916499168	22.798250769116017	0.8548928739857121	6.416879307434245
p01-s02-c0025	sb0017	D2	3	145	197	21.989466910184877	22.00246197697431	0.2496255178502708	0.011352049545805567	21.586119116304246	22.426718157266727	0.8569037848963207	7.733430291316484
p01-s02-c0025	sb0017	D2	4	198	250	21.864876269853312	21.736930666275434	0.3581711278356417	0.01638111843923298	21.317343038715023	22.37880961250577	0.8811621749935378	14.161988474937205
p01-s02-c0025	sb0017	evenness	1	39	91	0.7666458530212295	0.7667658422850436	0.0027596928931951656	0.0035996971513243756	0.7628109154443024	0.7718215013313589	0.8627127595270578	6.604463428160323
p01-s02-c0025	sb0017	evenness	2	92	144	0.7665713983035494	0.7666865283895841	0.0022319638505031293	0.0029116190030603114	0.7629429119388291	0.7697398728579604	0.8472764354217392	6.861181882133463
p01-s02-c0025	sb0017	evenness	3	145	197	0.7654793175026916	0.7656871687109116	0.0022674905435675283	0.0029621839437347767	0.7621666462482369	0.7692505817567759	0.8648239025223516	7.030086005208254
p01-s02-c0025	sb0017	evenness	4	198	250	0.7631428088110741	0.7630757046324852	0.0024093153167156177	0.003157096272019088	0.7597539244626332	0.7671080951754653	0.8410217849111312	9.13232859550892
p01-s02-c0025	sb0017	TV	1	39	91	0.036550830169811324	0.03669329099999999	0.0041890763945842515	0.1146096100997499	0.029064955800000004	0.043444420000000004	0.6545486592008788	3.322343094040419
p01-s02-c0025	sb0017	TV	2	92	144	0.03538730143396226	0.035191393999999994	0.004248173990045685	0.12004797817017449	0.028987512000000003	0.04257864379999999	0.8700588480855379	11.74297655692464
p01-s02-c0025	sb0017	TV	3	145	197	0.036497623547169816	0.037298254	0.003917958090964341	0.10734830682607982	0.027966374799999996	0.0411155364	0.856278102465906	4.818110139467226
p01-s02-c0025	sb0017	TV	4	198	250	0.03588119535849057	0.036126684	0.002468759213779973	0.06880370592770094	0.0320422334	0.039595445	0.35997596894371664	1.8764190583833777
p01-s02-c0025	sb0018	D0	1	39	91	100.0	100.0	0.0	0.0	100.0	100.0	0.0	1.0
p01-s02-c0025	sb0018	D0	2	92	144	100.0	100.0	0.0	0.0	100.0	100.0	0.0	1.0
p01-s02-c0025	sb0018	D0	3	145	197	100.0	100.0	0.0	0.0	100.0	100.0	0.0	1.0
p01-s02-c0025	sb0018	D0	4	198	250	100.0	100.0	0.0	0.0	100.0	100.0	0.0	1.0
p01-s02-c0025	sb0018	D1	1	39	91	33.96598640134951	33.949675311027434	0.7081152967839309	0.020847776608536726	32.82841286351373	35.018430295472825	0.9604028756794245	16.40294052596131
p01-s02-c0025	sb0018	D1	2	92	144	34.12358189304894	33.94979623146999	0.647142592663825	0.01896467359997895	33.355487091324086	35.22762299865712	0.9450537600338059	15.744459058133769
p01-s02-c0025	sb0018	D1	3	145	197	34.03788473606168	33.986171563416654	0.4275545131107169	0.012561136405099264	33.422117452707404	34.876005979670765	0.8936655566630283	7.834907019067647
p01-s02-c0025	sb0018	D1	4	198	250	33.91701636593748	33.89559004186789	0.26391329491129756	0.007781147140535128	33.52718478723135	34.28841365593774	0.6813130340707059	4.993736249790949
p01-s02-c0025	sb0018	D2	1	39	91	22.25699926927563	22.229491742083464	0.3627470410965693	0.016298110841802403	21.747025054119607	22.769848148194956	0.9196813271532438	16.426470654895958
p01-s02-c0025	sb0018	D2	2	92	144	22.296603898527277	22.225281237600342	0.3732113909745342	0.016738485944901474	21.741551938596704	23.01056105082372	0.9014199525577794	10.230809073775589
p01-s02-c0025	sb0018	D2	3	145	197	22.231962932177726	22.313035421199885	0.42008698741551903	0.018895631874570128	21.496879313218916	22.855387125834806	0.9379282837489508	10.297402830481673
p01-s02-c0025	sb0018	D2	4	198	250	22.05664997104371	22.033247018444115	0.23531210317023632	0.010668533230529452	21.677684792921855	22.45694176907809	0.7599813680729505	5.5274697801924235
p01-s02-c0025	sb0018	evenness	1	39	91	0.765475775175011	0.765417812558578	0.004530154757169406	0.00591809029636983	0.7581249172426779	0.7721479182403228	0.9608841882455875	16.387632449797973
p01-s02-c0025	sb0018	evenness	2	92	144	0.7664892174042286	0.7654185859825791	0.00410007284222548	0.005349159191189505	0.761583642450818	0.7734416692345255	0.9443075564181828	15.772768264452898
p01-s02-c0025	sb0018	evenness	3	145	197	0.7659645472535096	0.7656511227074434	0.002718711774464906	0.0035493963581125117	0.7620169804429439	0.7712633286398375	0.8930772256292613	7.85710628133062
p01-s02-c0025	sb0018	evenness	4	198	250	0.7652023798002773	0.7650715991743154	0.001687891241311425	0.0022058102351327964	0.7626985424198972	0.7675736674872132	0.6812416213873037	5.000246635578552
p01-s02-c0025	sb0018	TV	1	39	91	0.03433684383018869	0.03404825600000001	0.002439530454512418	0.07104702070397051	0.030842849600000014	0.0381751712	0.4884554051245374	2.510457384754101
p01-s02-c0025	sb0018	TV	2	92	144	0.03436467824528302	0.03398479200000001	0.003553962123442742	0.10341904260170304	0.029720519	0.040942709199999996	0.7716990593595435	3.4831723332733544
p01-s02-c0025	sb0018	TV	3	145	197	0.035816438981132084	0.035938056	0.003134611015672854	0.08751877922102057	0.030780222	0.04138118960000001	0.7504369363767812	4.193647707447131
p01-s02-c0025	sb0018	TV	4	198	250	0.03424425707547169	0.03381582799999998	0.003550059762123144	0.1036687627446286	0.02923919139999999	0.040120027999999995	0.8038330478199617	4.463222167685251
p01-s02-c0025	sb0019	D0	1	39	91	100.0	100.0	0.0	0.0	100.0	100.0	0.0	1.0
p01-s02-c0025	sb0019	D0	2	92	144	100.0	100.0	0.0	0.0	100.0	100.0	0.0	1.0
p01-s02-c0025	sb0019	D0	3	145	197	100.0	100.0	0.0	0.0	100.0	100.0	0.0	1.0
p01-s02-c0025	sb0019	D0	4	198	250	100.0	100.0	0.0	0.0	100.0	100.0	0.0	1.0
p01-s02-c0025	sb0019	D1	1	39	91	34.238779963576036	34.2219041536092	0.38565338360617263	0.011263642688683392	33.663457503255756	34.91350331352356	0.7915633437437163	11.35207579318524
p01-s02-c0025	sb0019	D1	2	92	144	34.08784580338439	34.165357324328944	0.33549410130108304	0.00984204467587018	33.561950417661585	34.567340862917554	0.8374943134056764	5.909723374116624
p01-s02-c0025	sb0019	D1	3	145	197	33.96055627439136	33.984118485531155	0.4461701169765666	0.013137891893514423	33.271833773279454	34.71142420693888	0.8673583919679252	10.92338458777531
p01-s02-c0025	sb0019	D1	4	198	250	33.6889213803319	33.69955286123188	0.3560855773740437	0.010569812353266135	33.046624487362095	34.24802244660809	0.8238207633672797	5.442714422736702
p01-s02-c0025	sb0019	D2	1	39	91	22.255899698774208	22.20198084479952	0.2987341521661661	0.01342269493524989	21.85127546548698	22.772605888288656	0.8308163983090208	13.825725414138015
p01-s02-c0025	sb0019	D2	2	92	144	22.25320307246461	22.253934497493496	0.26650104732478536	0.011975851137337845	21.857821252749556	22.66643245144113	0.8336437660091951	5.769917916883787
p01-s02-c0025	sb0019	D2	3	145	197	22.181593929567494	22.20573315160813	0.29726010061824404	0.013401205592444102	21.72581789871094	22.657745111337203	0.8435020304388204	9.693600827254805
p01-s02-c0025	sb0019	D2	4	198	250	21.761985070792875	21.802496994158737	0.33553651343421403	0.01541846997609346	21.069203896585034	22.20461920997301	0.8657032037746528	6.562876737905361
p01-s02-c0025	sb0019	evenness	1	39	91	0.7672456467958801	0.7671520853085322	0.002443020966777218	0.003184144448364873	0.7635793562458391	0.7714966961509129	0.7912512265645749	11.346227103905692
p01-s02-c0025	sb0019	evenness	2	92	144	0.7662894525865411	0.766792983613398	0.002138280870866269	0.0027904349507208983	0.76292359549706	0.7693329133153107	0.8369409318846757	5.909882376774678
p01-s02-c0025	sb0019	evenness	3	145	197	0.7654690513153902	0.7656380046172275	0.002848207679489569	0.0037208658855575915	0.7610383664121321	0.7702361464812597	0.8675700648299766	10.972769248287575
p01-s02-c0025	sb0019	evenness	4	198	250	0.7637316229795053	0.7638120692607742	0.0022994424777549446	0.003010799092990615	0.7595635215141825	0.7673177447996128	0.8249621502284826	5.454807091658695
p01-s02-c0025	sb0019	TV	1	39	91	0.03732696826415094	0.03774875799999999	0.003022885469951097	0.08098395370765474	0.0317675278	0.04139174379999999	0.6609137196756231	5.17301541391083
p01-s02-c0025	sb0019	TV	2	92	144	0.037565945962264154	0.03791715	0.0031528867180694677	0.08392938437479025	0.0316578978	0.041642738799999995	0.680855442551165	4.548413057604668
p01-s02-c0025	sb0019	TV	3	145	197	0.035727616056603774	0.035248995000000005	0.0028592384819069714	0.08002880677448612	0.031226693199999992	0.0400196418	0.64787057671192	3.033747520568732
p01-s02-c0025	sb0019	TV	4	198	250	0.03906396045283018	0.039198563	0.003131280964339983	0.08015779578010304	0.0336509784	0.0445469814	0.6669432364133754	3.8848125319118862
p01-s02-c0025	sb0020	D0	1	39	91	100.0	100.0	0.0	0.0	100.0	100.0	0.0	1.0
p01-s02-c0025	sb0020	D0	2	92	144	100.0	100.0	0.0	0.0	100.0	100.0	0.0	1.0
p01-s02-c0025	sb0020	D0	3	145	197	100.0	100.0	0.0	0.0	100.0	100.0	0.0	1.0
p01-s02-c0025	sb0020	D0	4	198	250	100.0	100.0	0.0	0.0	100.0	100.0	0.0	1.0
p01-s02-c0025	sb0020	D1	1	39	91	34.24611613241951	34.264946119644954	0.31190362188406606	0.009107707883662716	33.75061233481298	34.73371214961514	0.7787588533652677	5.358977131958971
p01-s02-c0025	sb0020	D1	2	92	144	34.08721878087064	34.10129870425379	0.34508205731056746	0.010123502874462247	33.57208847875707	34.60148244508089	0.8201418112111274	6.6464350618633325
p01-s02-c0025	sb0020	D1	3	145	197	34.33890542204376	34.35556139693688	0.36918681127894304	0.010751269055942146	33.79588846592793	34.96014679549061	0.8649846984721304	6.352187068202
p01-s02-c0025	sb0020	D1	4	198	250	34.23446684598929	34.110823724521005	0.36573126777037973	0.010683130232922751	33.71071514230511	34.872463789100244	0.7726695363968705	5.977074137047572
p01-s02-c0025	sb0020	D2	1	39	91	22.328467591116716	22.371430041262446	0.20423147654207272	0.00914668575927375	21.999234759385047	22.6413061717769	0.6758283932361709	4.156727522596174
p01-s02-c0025	sb0020	D2	2	92	144	22.112606300820143	22.070513275946876	0.2972552116059162	0.013442794013607125	21.670142020309893	22.61024340727376	0.8368214736280204	7.71922142804126
p01-s02-c0025	sb0020	D2	3	145	197	22.3741438489504	22.356791098645214	0.2516818342453616	0.011248780554218539	21.981415855579673	22.803904852877892	0.8699886687912644	5.264852567987046
p01-s02-c0025	sb0020	D2	4	198	250	22.26667671906782	22.23789176140115	0.24793714581298382	0.011134896731161754	21.91040670875416	22.613758149796	0.7364244195529134	5.382508177440772
p01-s02-c0025	sb0020	evenness	1	39	91	0.7672968232207643	0.7674250266210043	0.0019782312251853283	0.002578182478172671	0.7641408271629966	0.7703751929627338	0.7802822594740519	5.371473785393462
p01-s02-c0025	sb0020	evenness	2	92	144	0.7662848645968942	0.7663854594280805	0.002198624372630144	0.0028691997900633665	0.7629891458250637	0.7695473380020386	0.8198859008258607	6.660884610849597
p01-s02-c0025	sb0020	evenness	3	145	197	0.7678809189548648	0.7679985248244305	0.002333438477632511	0.0030388025278821496	0.7644319268635035	0.7717854991305337	0.8649229029812713	6.372322631013463
p01-s02-c0025	sb0020	evenness	4	198	250	0.7672196762586698	0.7664461035426698	0.0023127445508633548	0.00301444895436129	0.7638839722311405	0.7712412610415352	0.7724620021341347	5.985768978663577
p01-s02-c0025	sb0020	TV	1	39	91	0.036747051547169805	0.036406009999999996	0.003098408066628245	0.0843171883504999	0.03147797780000001	0.041822786599999995	0.6315331627458516	2.9701998756427135
p01-s02-c0025	sb0020	TV	2	92	144	0.03666790375471698	0.03568678000000001	0.0042699465386003815	0.11644915856557776	0.03149942959999998	0.046129744	0.8428102648786848	7.770253490428686
p01-s02-c0025	sb0020	TV	3	145	197	0.036030647754716975	0.03624037999999999	0.0035972598713393724	0.09983888982035953	0.030008908000000004	0.040518552	0.793169045306198	6.018153802973805
p01-s02-c0025	sb0020	TV	4	198	250	0.03509535703773584	0.03459140900000001	0.0027869467427620435	0.07941069639968085	0.031735908	0.04099520480000001	0.5749208148912109	3.211039400087469
p01-s02-c0026	sb0001	D0	1	171	190	100.0	100.0	0.0	0.0	100.0	100.0	0.0	1.0
p01-s02-c0026	sb0001	D0	2	191	210	100.0	100.0	0.0	0.0	100.0	100.0	0.0	1.0
p01-s02-c0026	sb0001	D0	3	211	230	100.0	100.0	0.0	0.0	100.0	100.0	0.0	1.0
p01-s02-c0026	sb0001	D0	4	231	250	100.0	100.0	0.0	0.0	100.0	100.0	0.0	1.0
p01-s02-c0026	sb0001	D1	1	171	190	22.80872161703964	22.89371688772969	1.0690324714652912	0.046869460262369655	21.414392701831254	24.175286833453434	0.6349296292259288	2.645776332420567
p01-s02-c0026	sb0001	D1	2	191	210	23.77940914287862	24.452690495665966	1.7957582960698384	0.07551736400513662	20.642053183597607	25.76212339085081	0.7363107185251587	4.3833858662140495
p01-s02-c0026	sb0001	D1	3	211	230	23.71019328925641	23.74908717934165	2.2264307652898125	0.09390183952227228	19.997012098497667	26.46118650239275	0.8603488605475081	5.301787081138777
p01-s02-c0026	sb0001	D1	4	231	250	26.035580305355232	26.06788639491925	0.9253859662995253	0.0355431281133835	24.652572555401477	27.338894618959714	0.2775737871558916	1.831046424891328
p01-s02-c0026	sb0001	D2	1	171	190	15.967022034398218	15.586543048484979	1.2740590413022737	0.0797931535735049	14.428098018280268	17.861835671055243	0.6198170826486449	3.110279867788957
p01-s02-c0026	sb0001	D2	2	191	210	16.36277188947347	16.981191142750923	1.8058625393409662	0.11036409671534424	13.719883940682234	18.499304330275518	0.7276008887798022	4.73828017253276
p01-s02-c0026	sb0001	D2	3	211	230	15.981311091492453	16.051901874399064	1.9864277999079598	0.12429692335852356	12.74702969429665	18.45107342662921	0.865713267343776	5.5602762878092
p01-s02-c0026	sb0001	D2	4	231	250	19.47550587513412	19.47510459325536	1.000535179780385	0.051374027775979124	17.713034089521077	20.871125137990166	0.5785596916906713	2.5970037539525865
p01-s02-c0026	sb0001	evenness	1	171	190	0.678823111561187	0.6798464552735064	0.010204068365172885	0.015031999045679402	0.6653502235420012	0.6916845324301697	0.6287241522979479	2.627943522671937
p01-s02-c0026	sb0001	evenness	2	191	210	0.6874847901484575	0.6941594436999403	0.01697202403667781	0.02468712658066634	0.6573738507224967	0.7054899473566354	0.7393833387122399	4.353930731472248
p01-s02-c0026	sb0001	evenness	3	211	230	0.6865369588423268	0.6877781996215657	0.020749656008793395	0.030223654737805392	0.6504806526930402	0.7113040259776305	0.8511081706198788	5.2514097046979575
p01-s02-c0026	sb0001	evenness	4	231	250	0.7076518886158525	0.708050501010099	0.007782720665566391	0.01099795081560395	0.6959266527857592	0.7183900001540084	0.2703588352647993	1.8325773991557663
p01-s02-c0026	sb0001	TV	1	171	190	0.28164468795000003	0.2818077550000001	0.017101057574806778	0.06071855180113571	0.25997647900000004	0.31033262130000006	0.011234283241141405	1.0
p01-s02-c0026	sb0001	TV	2	191	210	0.26819257995	0.265496106	0.030435625853308595	0.11348422040230496	0.2237778593	0.308141839	0.8022413449397968	5.067880502955517
p01-s02-c0026	sb0001	TV	3	211	230	0.3019279556	0.304021742	0.020248241934590485	0.06706315715069375	0.2711867999	0.33003057885	0.6429922441151421	3.9459343915987803
p01-s02-c0026	sb0001	TV	4	231	250	0.33585158204999993	0.3238516509999999	0.027096472900931215	0.08067990251984945	0.30321858465000007	0.37694978539999996	0.4546467720160493	2.4312457074966156
p01-s02-c0026	sb0002	D0	1	171	190	100.0	100.0	0.0	0.0	100.0	100.0	0.0	1.0
p01-s02-c0026	sb0002	D0	2	191	210	100.0	100.0	0.0	0.0	100.0	100.0	0.0	1.0
p01-s02-c0026	sb0002	D0	3	211	230	100.0	100.0	0.0	0.0	100.0	100.0	0.0	1.0
p01-s02-c0026	sb0002	D0	4	231	250	100.0	100.0	0.0	0.0	100.0	100.0	0.0	1.0
p01-s02-c0026	sb0002	D1	1	171	190	25.38389116484352	25.672950067129218	1.326421732568523	0.0522544681567815	23.091141946478384	26.923523811799196	0.5310286938938401	2.188451613036182
p01-s02-c0026	sb0002	D1	2	191	210	25.79133812507512	26.04696415209483	1.7518176024253738	0.0679227108702128	23.06324842149839	28.423413063433234	0.6183858486449666	4.05602860594605
p01-s02-c0026	sb0002	D1	3	211	230	26.786681699506907	26.93401644540252	1.3119087774481935	0.04897615883016758	24.650558616046972	28.80882950776969	0.4802038136301626	1.9199040918948156
p01-s02-c0026	sb0002	D1	4	231	250	23.094166131191805	22.665030484535126	1.2624620396033857	0.0546658421192467	21.737879146457693	25.375709976899458	0.5583536750095932	2.7043861200421295
p01-s02-c0026	sb0002	D2	1	171	190	18.473400268866357	18.826606926750237	1.4890441775377745	0.08060476987808761	16.363018761028545	20.58833054805324	0.5829778237954238	2.549888677106789
p01-s02-c0026	sb0002	D2	2	191	210	17.9198419303778	17.85565835249679	1.6385966031225232	0.09144034916651618	15.368022719949508	19.85972112638799	0.5216093015579276	2.976359677216085
p01-s02-c0026	sb0002	D2	3	211	230	19.184668223445055	19.24674341841437	0.9373599696469721	0.0488598478081289	17.63779539361118	20.212183146330236	0.37059923132094863	1.8214341013720328
p01-s02-c0026	sb0002	D2	4	231	250	16.4827078459103	16.30736727335199	0.9652544257459417	0.05856164137408048	15.260044321892199	18.159559184361584	0.13799356727063383	1.0
p01-s02-c0026	sb0002	evenness	1	171	190	0.701988778443331	0.7047373928974155	0.011610429667610892	0.01653933798394494	0.6817143231322268	0.7150654908643348	0.547521497429705	2.2345186263397583
p01-s02-c0026	sb0002	evenness	2	191	210	0.7052559567948578	0.7078705804692109	0.014870470000714103	0.021085210067980427	0.6814591898833136	0.7268380268906651	0.6244697041260544	4.048953848294819
p01-s02-c0026	sb0002	evenness	3	211	230	0.7137098341786479	0.7151498613518505	0.010707496312540941	0.015002590408276147	0.6959124838713163	0.7297626495884777	0.4864321214343205	1.9392546115987204
p01-s02-c0026	sb0002	evenness	4	231	250	0.6814504061433478	0.6776778320349007	0.011654333384024879	0.017102247322710245	0.6686069670631285	0.7022087669631102	0.559491185239145	2.7479425841947345
p01-s02-c0026	sb0002	TV	1	171	190	0.2841072031	0.2820266535	0.040355891174384324	0.1420445899788745	0.21594707760000004	0.3366400561	0.6886989459628846	3.4450964208251684
p01-s02-c0026	sb0002	TV	2	191	210	0.28446867670000003	0.28266561349999997	0.03078073228050606	0.10820429383501982	0.23951127045	0.3325773875	0.5820933770738042	2.322199690751458
p01-s02-c0026	sb0002	TV	3	211	230	0.29262202695000006	0.30623490350000004	0.030521208503625576	0.10430249842005467	0.2475073912	0.32548648315000006	0.7717022470942398	5.023442887981915
p01-s02-c0026	sb0002	TV	4	231	250	0.28634142360000003	0.28586646699999996	0.023942977346465454	0.08361688310913828	0.2484335313	0.32425667035000005	0.5447423326588138	2.3448589959731825
p01-s02-c0026	sb0003	D0	1	171	190	100.0	100.0	0.0	0.0	100.0	100.0	0.0	1.0
p01-s02-c0026	sb0003	D0	2	191	210	100.0	100.0	0.0	0.0	100.0	100.0	0.0	1.0
p01-s02-c0026	sb0003	D0	3	211	230	100.0	100.0	0.0	0.0	100.0	100.0	0.0	1.0
p01-s02-c0026	sb0003	D0	4	231	250	100.0	100.0	0.0	0.0	100.0	100.0	0.0	1.0
p01-s02-c0026	sb0003	D1	1	171	190	21.649700033569314	21.53285694648076	0.9962513234350608	0.04601686498613405	20.137365443733877	23.17136501779546	0.817039209585589	4.046320514994649
p01-s02-c0026	sb0003	D1	2	191	210	25.11367571436322	25.018888374270635	1.8724599831185733	0.07455937571287745	22.00921216793695	27.510418572072595	0.6866828646486931	2.889553235650247
p01-s02-c0026	sb0003	D1	3	211	230	24.482448159783775	24.50592065937262	1.5058417806714322	0.061506993534454255	22.898416923281154	27.47940664053338	0.7628544223835194	2.870768232162604
p01-s02-c0026	sb0003	D1	4	231	250	24.266274888737534	24.504721564376823	2.107050421605183	0.08683040274068218	21.02869483364312	27.218311052224475	0.767733512573079	4.769461555871395
p01-s02-c0026	sb0003	D2	1	171	190	14.549678721473626	14.469187795213656	1.254910996406124	0.08625008293509753	12.686742735015825	16.281124362588628	0.7939255559099586	4.167797860989475
p01-s02-c0026	sb0003	D2	2	191	210	18.799550533014173	19.118122146031347	2.0986106056309737	0.11163089255488168	15.080112275328553	21.277379521477883	0.7434337376220023	3.4020688325816817
p01-s02-c0026	sb0003	D2	3	211	230	17.86805713023438	17.73307708852051	1.1706239726897771	0.06551489981017437	16.377481044123297	19.797530167661655	0.576982369494666	2.4567149855377726
p01-s02-c0026	sb0003	D2	4	231	250	17.813727240832637	18.19787040139383	2.1571367657255136	0.12109407181114368	14.780997198800563	20.6321990596683	0.8580571546417995	5.893333678655097
p01-s02-c0026	sb0003	evenness	1	171	190	0.667506855028933	0.6665497581136353	0.010016094989370667	0.015005231652544632	0.652000612158882	0.6824758088657052	0.8165772918975123	4.024802770334609
p01-s02-c0026	sb0003	evenness	2	191	210	0.6993750464438601	0.6990968270685081	0.01633527190168371	0.02335695559163043	0.6713016262888579	0.719745465091167	0.6976560127495025	2.9287981487854378
p01-s02-c0026	sb0003	evenness	3	211	230	0.6940474463835479	0.6946354609793215	0.013095667233105113	0.018868547534238923	0.6798968200771134	0.7195032098163039	0.7449782914638475	2.8355933019535025
p01-s02-c0026	sb0003	evenness	4	231	250	0.6917082719748763	0.69461563429207	0.01914600426798898	0.02767930505345234	0.6613974322862984	0.7174293190560984	0.749412140267873	4.671966421993836
p01-s02-c0026	sb0003	TV	1	171	190	0.3053910516000001	0.30485024250000003	0.023136966275534698	0.07576176890028657	0.27715628165	0.338394277	0.6015570771110039	4.031002983897511
p01-s02-c0026	sb0003	TV	2	191	210	0.26966535745000003	0.26955259299999995	0.024704445927470786	0.09161149270740628	0.23155959760000003	0.30643996039999993	0.5973549615076408	3.632695529089674
p01-s02-c0026	sb0003	TV	3	211	230	0.30251532185	0.3018071715	0.04439397396894927	0.14674950576870846	0.23533255390000002	0.36293814944999997	0.8443159367030184	3.9467736876455817
p01-s02-c0026	sb0003	TV	4	231	250	0.25934085025000003	0.2612846790000001	0.019372478433590173	0.07469890846318829	0.23111623850000002	0.2862585564000001	0.6663017366329204	2.7279822361596255
p01-s02-c0026	sb0004	D0	1	171	190	100.0	100.0	0.0	0.0	100.0	100.0	0.0	1.0
p01-s02-c0026	sb0004	D0	2	191	210	100.0	100.0	0.0	0.0	100.0	100.0	0.0	1.0
p01-s02-c0026	sb0004	D0	3	211	230	100.0	100.0	0.0	0.0	100.0	100.0	0.0	1.0
p01-s02-c0026	sb0004	D0	4	231	250	100.0	100.0	0.0	0.0	100.0	100.0	0.0	1.0
p01-s02-c0026	sb0004	D1	1	171	190	28.933333512840072	29.625634010026168	2.854601601176359	0.0986613450506676	24.5592803291072	32.15250345743448	0.9209293381640139	6.650946441933947
p01-s02-c0026	sb0004	D1	2	191	210	21.94883939612039	22.315609250639724	2.2678215919375257	0.103323075585417	18.97370881355384	25.463402226936005	0.8817013436819869	6.274896669645367
p01-s02-c0026	sb0004	D1	3	211	230	21.785594288967012	22.3255272131643	1.5428718582358927	0.07082073767513687	19.239752686700935	23.69924198152788	0.6879665066233633	3.414017747397489
p01-s02-c0026	sb0004	D1	4	231	250	24.72013921004535	24.218628850314133	1.4508842115774692	0.058692396480837114	22.816857360315364	27.116969215083206	0.648171175279963	2.8861763309931563
p01-s02-c0026	sb0004	D2	1	171	190	21.720404603442223	21.906523309196455	1.9469964642666813	0.0896390513811204	18.61315745644463	24.260931969521774	0.8427501603251469	6.473436130954245
p01-s02-c0026	sb0004	D2	2	191	210	14.819221466820732	15.028639929230465	2.3303925942930426	0.15725472485249237	11.395144940947782	18.60221822271942	0.8765591099808832	5.793150251275715
p01-s02-c0026	sb0004	D2	3	211	230	14.31677384473216	14.418511235425385	1.1521909983709606	0.08047839624112718	12.602554025682679	16.142995730571663	0.7237322567501874	3.1067565658238476
p01-s02-c0026	sb0004	D2	4	231	250	17.42743620257299	17.236353675632024	1.335969364602407	0.0766589731887909	15.73609415009275	20.16072063514273	0.5408590096357531	1.8752986950360833
p01-s02-c0026	sb0004	evenness	1	171	190	0.729654408278748	0.7358259295184882	0.02207522106107773	0.03025435166375969	0.6951066169930665	0.7536071864555982	0.9201740021260459	6.571313306091742
p01-s02-c0026	sb0004	evenness	2	191	210	0.6696029396149455	0.674296386108945	0.022464395668451414	0.033548830716557995	0.6390754151697685	0.7029580447844137	0.884915441159449	6.221366308462502
p01-s02-c0026	sb0004	evenness	3	211	230	0.6685514036739079	0.6743988426278922	0.015734983934246872	0.02353593732326042	0.6420955618847533	0.6873672136869677	0.6870753571469205	3.390671819209225
p01-s02-c0026	sb0004	evenness	4	231	250	0.6961725277641778	0.6920729823621236	0.012682037621574625	0.01821680275477712	0.6791248394447523	0.7166205612952857	0.6400521127322224	2.819128338896764
p01-s02-c0026	sb0004	TV	1	171	190	0.30474284879999997	0.30824658650000003	0.025440518838302326	0.08348192234364361	0.2694463195	0.3437449065	0.6690895502651816	3.7306998417090265
p01-s02-c0026	sb0004	TV	2	191	210	0.28700886124999997	0.283357286	0.02513498832105177	0.08757565258292795	0.24931649379999998	0.3228395407500001	0.4167224663187172	1.826279902226637
p01-s02-c0026	sb0004	TV	3	211	230	0.31360591720000003	0.3142762265	0.015442313751420893	0.04924114279888623	0.2923634580500001	0.33246519430000004	0.3792204137703128	3.0230634809596877
p01-s02-c0026	sb0004	TV	4	231	250	0.29659813000000007	0.2909378765	0.03098844793975532	0.10447957962430618	0.24894883285000005	0.34219673134999995	0.7603579693870818	3.3382018083728884
p01-s02-c0026	sb0005	D0	1	171	190	100.0	100.0	0.0	0.0	100.0	100.0	0.0	1.0
p01-s02-c0026	sb0005	D0	2	191	210	100.0	100.0	0.0	0.0	100.0	100.0	0.0	1.0
p01-s02-c0026	sb0005	D0	3	211	230	100.0	100.0	0.0	0.0	100.0	100.0	0.0	1.0
p01-s02-c0026	sb0005	D0	4	231	250	100.0	100.0	0.0	0.0	100.0	100.0	0.0	1.0
p01-s02-c0026	sb0005	D1	1	171	190	24.328349806174653	24.168696499556972	1.7521782984037664	0.07202207763220565	21.91681167488717	26.986977349778595	0.5787099576733397	2.9490967034125193
p01-s02-c0026	sb0005	D1	2	191	210	24.868948250150872	25.232536010785573	2.019161524162594	0.0811920755092787	22.21301889789202	27.90665790761515	0.826943904765268	5.105311388200466
p01-s02-c0026	sb0005	D1	3	211	230	25.139391106045537	24.438631056029422	1.806994248825692	0.07187899823043625	23.25006929311977	27.978152428974013	0.8837917227060689	5.885363943692887
p01-s02-c0026	sb0005	D1	4	231	250	24.832167671408932	25.20493588491876	1.4362745384307192	0.057839273535689184	22.319755881556357	26.616103515119253	0.4327758937451068	2.2141315524585123
p01-s02-c0026	sb0005	D2	1	171	190	17.26156664084818	17.17134682821747	1.519165525597293	0.08800855433378241	15.071429517713032	19.423732683578802	0.5230236135747833	2.577168749196172
p01-s02-c0026	sb0005	D2	2	191	210	17.632548704827975	17.576085117600257	1.568942320692511	0.08897989433954709	15.819741774680885	20.268107661718748	0.6083377097454342	3.441415582558007
p01-s02-c0026	sb0005	D2	3	211	230	17.67582969354998	17.18349929403794	1.987851846933048	0.1124615863242011	15.580919360749396	21.048478500433305	0.9054676860738087	6.312935856875692
p01-s02-c0026	sb0005	D2	4	231	250	17.282306653725026	17.332564986145393	1.170062530348055	0.06770291453518792	15.523108797581635	18.680398818435997	0.3162331911848484	1.3932061777119253
p01-s02-c0026	sb0005	evenness	1	171	190	0.6925206775243999	0.6916260009578074	0.015655219144309146	0.02260613964664984	0.6703870605313903	0.7155770948335838	0.5983573884117858	3.0457995044965065
p01-s02-c0026	sb0005	evenness	2	191	210	0.6971427281624873	0.7009760419074432	0.017750370844697237	0.025461602233854255	0.6732995849262009	0.7228538627805177	0.8295671177579781	5.060687985181341
p01-s02-c0026	sb0005	evenness	3	211	230	0.6996551745618157	0.6940381049556132	0.015372068056135751	0.021970920269064064	0.6832102364160951	0.72340909495424	0.8786463359828884	5.887056436753499
p01-s02-c0026	sb0005	evenness	4	231	250	0.697156771943754	0.7007427170167417	0.01271193721786978	0.01823397222754851	0.6743438990597844	0.7125651518988358	0.4203375346687342	2.1669120790495087
p01-s02-c0026	sb0005	TV	1	171	190	0.34791383844999996	0.3583942950000001	0.0498649850783275	0.143325673104819	0.24906596345000004	0.4055383314	0.8548770878573982	5.470807522216957
p01-s02-c0026	sb0005	TV	2	191	210	0.3136559948	0.3109927465	0.023598722684262004	0.07523759493042537	0.2836705654	0.35150122840000003	0.4642339630247138	3.053885785171028
p01-s02-c0026	sb0005	TV	3	211	230	0.29556689994999996	0.2906438815	0.02488868623836161	0.08420660852947993	0.2678685734	0.32959185195	0.37153486271328173	2.9340896623129655
p01-s02-c0026	sb0005	TV	4	231	250	0.30604585195	0.30615812649999996	0.019979418206399046	0.0652824342466931	0.2762793136500001	0.33415719455	0.5697818593805715	3.222104212239672
p01-s02-c0026	sb0006	D0	1	171	190	100.0	100.0	0.0	0.0	100.0	100.0	0.0	1.0
p01-s02-c0026	sb0006	D0	2	191	210	100.0	100.0	0.0	0.0	100.0	100.0	0.0	1.0
p01-s02-c0026	sb0006	D0	3	211	230	100.0	100.0	0.0	0.0	100.0	100.0	0.0	1.0
p01-s02-c0026	sb0006	D0	4	231	250	100.0	100.0	0.0	0.0	100.0	100.0	0.0	1.0
p01-s02-c0026	sb0006	D1	1	171	190	23.438768784102166	23.572244880052644	1.8791153533358056	0.08017124835543217	20.286097061765574	26.850754815754936	0.5298836120697009	2.4886692499420575
p01-s02-c0026	sb0006	D1	2	191	210	24.1686895243324	24.541633001561856	2.538559018300566	0.10503502954700178	20.790163569605127	27.23525812051877	0.926012185745129	6.977885103796535
p01-s02-c0026	sb0006	D1	3	211	230	26.318070221459106	26.290769826973904	1.019918464258829	0.03875354293367652	24.618197740502776	27.86715709403794	0.327913626220587	1.4422024259402149
p01-s02-c0026	sb0006	D1	4	231	250	26.191542739657507	26.125183800108957	1.736281448761009	0.06629168300697484	23.65877796853505	29.02017512846593	0.5824099369436421	2.433349423174306
p01-s02-c0026	sb0006	D2	1	171	190	16.292379946020144	16.251386271074075	1.56548853938911	0.09608716127268582	14.142964302635095	18.833812974050904	0.43446392961689256	2.186352086604873
p01-s02-c0026	sb0006	D2	2	191	210	17.725235181696405	18.56070217293979	2.091055751495087	0.11797055046436687	14.518406416040735	20.153077569158572	0.8879208066825481	6.5500190561864615
p01-s02-c0026	sb0006	D2	3	211	230	18.89915301177857	18.877979908954153	1.183956057601466	0.0626459850800502	16.976551463873648	20.71553136964599	0.4074001764473463	2.108571744091135
p01-s02-c0026	sb0006	D2	4	231	250	19.11968637020498	19.095030068928473	1.671659851458962	0.08743134270570362	16.90311162131807	21.77714770001837	0.5521515082041668	2.3416025059761445
p01-s02-c0026	sb0006	evenness	1	171	190	0.6843051037376466	0.6861929063803579	0.017405404551442332	0.025435152326608	0.6535989569919117	0.7144778191111076	0.5426976372767628	2.510085465232445
p01-s02-c0026	sb0006	evenness	2	191	210	0.6904609395917005	0.6949509740890524	0.023225001741039437	0.03363695237383506	0.6589113025168131	0.7175657289207787	0.9202239944369195	6.896300632488931
p01-s02-c0026	sb0006	evenness	3	211	230	0.7099718141808306	0.7099016509234897	0.008428185380433013	0.011871154899518793	0.6956281141465396	0.7225463302958771	0.3256133980300981	1.4308404781414157
p01-s02-c0026	sb0006	evenness	4	231	250	0.7086258902738949	0.7085230553069146	0.014430543515358937	0.02036412120051288	0.6869961309450352	0.7313492001527525	0.5853673827545781	2.4296563709670957
p01-s02-c0026	sb0006	TV	1	171	190	0.27566732965	0.27225998949999997	0.02349308143537809	0.08522258138171829	0.24474215620000003	0.3127558527	0.6470135378935375	2.6369742237426377
p01-s02-c0026	sb0006	TV	2	191	210	0.2552187009	0.25522094349999996	0.023853470806383406	0.09346286428959488	0.21949815244999996	0.29223817329999996	0.30502278146844836	2.0027565004242307
p01-s02-c0026	sb0006	TV	3	211	230	0.27395228744999994	0.27212643599999997	0.020176827061365876	0.07365088004621398	0.25068471025000005	0.30604995285	0.5835165573240088	3.8985952426826627
p01-s02-c0026	sb0006	TV	4	231	250	0.29547184265	0.295477157	0.02502299058850907	0.08468824089661212	0.25818483280000004	0.32844926345000003	0.41592133705094564	2.104733612806344
p01-s02-c0026	sb0007	D0	1	171	190	100.0	100.0	0.0	0.0	100.0	100.0	0.0	1.0
p01-s02-c0026	sb0007	D0	2	191	210	100.0	100.0	0.0	0.0	100.0	100.0	0.0	1.0
p01-s02-c0026	sb0007	D0	3	211	230	100.0	100.0	0.0	0.0	100.0	100.0	0.0	1.0
p01-s02-c0026	sb0007	D0	4	231	250	100.0	100.0	0.0	0.0	100.0	100.0	0.0	1.0
p01-s02-c0026	sb0007	D1	1	171	190	23.456447877088493	23.679591216098927	1.3608733791612155	0.058017027398699746	21.81988535985686	25.55410902827426	0.6892362082084962	3.0396378924679643
p01-s02-c0026	sb0007	D1	2	191	210	24.001933057131108	24.23074327034873	1.4743943350765456	0.06142814962307775	21.82558473360778	25.96938349385526	0.3475615074575562	2.0664985005936956
p01-s02-c0026	sb0007	D1	3	211	230	21.35195112391572	21.413321804993807	1.1282092761722813	0.05283869701765127	19.757042596923156	23.01197740002854	0.32561568993714607	1.4218284420243472
p01-s02-c0026	sb0007	D1	4	231	250	21.669615895273814	21.95532462465941	1.9048778278057035	0.08790547266789168	19.24059912244189	24.766192913980902	0.8761865611702306	6.196205617299069
p01-s02-c0026	sb0007	D2	1	171	190	15.818106125058923	16.0215062939945	1.486896308921244	0.09399964175014063	13.81573279501837	17.93454998379879	0.6573716426268489	2.5761508069415844
p01-s02-c0026	sb0007	D2	2	191	210	17.21685934312767	17.280173255761994	1.3956485411297392	0.08106289964475026	14.481420518946925	19.787834114926127	0.27079910281353337	1.5227888888414811
p01-s02-c0026	sb0007	D2	3	211	230	14.15122929565545	13.887383833612425	0.9534408574537446	0.06737512604268657	12.891074017405549	15.508399867378515	0.2591578694285535	1.733801865802005
p01-s02-c0026	sb0007	D2	4	231	250	14.290742560823162	14.75190562268348	1.6716543640903492	0.11697463284189623	12.099248888309154	16.6638114004175	0.8980293929486701	5.717936689922201
p01-s02-c0026	sb0007	evenness	1	171	190	0.6847794392522872	0.6871806196325343	0.012723374322651153	0.018580251674238123	0.669405600916059	0.7037302391911485	0.6819389269058411	3.021575877129087
p01-s02-c0026	sb0007	evenness	2	191	210	0.6897276212082816	0.6921683583066096	0.013502784532805767	0.01957698099599268	0.6694731942344969	0.7072299286193418	0.3662571139605224	2.0953690593346317
p01-s02-c0026	sb0007	evenness	3	211	230	0.6644295834468629	0.6653407261436628	0.01151069625945924	0.017324177830471025	0.647860841143569	0.6809769376278576	0.3139357572794528	1.4069109317057324
p01-s02-c0026	sb0007	evenness	4	231	250	0.6671331086043489	0.6707682393823398	0.01901217242148632	0.02849831941523638	0.6421075919377616	0.6969239988633231	0.8677510959768132	6.25063653005964
p01-s02-c0026	sb0007	TV	1	171	190	0.28629961649999996	0.28496144949999996	0.026047538547497733	0.0909799980381662	0.24367457265000003	0.33287855735	0.5527461252232896	2.4870658652875335
p01-s02-c0026	sb0007	TV	2	191	210	0.27160165675000003	0.2787582915	0.021844875973352478	0.08042983328875616	0.23359595025000005	0.2975628299	0.6453177042978183	3.704274564362184
p01-s02-c0026	sb0007	TV	3	211	230	0.2866603375	0.286521923	0.025918097196291758	0.09041396316744293	0.24938020125	0.3278852528500001	0.6686398818930143	4.955392880539273
p01-s02-c0026	sb0007	TV	4	231	250	0.29321797015	0.296927799	0.014469918942718433	0.04934867714729807	0.26552452169999996	0.3086028036	0.6051424522322351	2.710335371735249
p01-s02-c0026	sb0008	D0	1	171	190	100.0	100.0	0.0	0.0	100.0	100.0	0.0	1.0
p01-s02-c0026	sb0008	D0	2	191	210	100.0	100.0	0.0	0.0	100.0	100.0	0.0	1.0
p01-s02-c0026	sb0008	D0	3	211	230	100.0	100.0	0.0	0.0	100.0	100.0	0.0	1.0
p01-s02-c0026	sb0008	D0	4	231	250	100.0	100.0	0.0	0.0	100.0	100.0	0.0	1.0
p01-s02-c0026	sb0008	D1	1	171	190	25.764851018930575	25.53752955186514	1.8948418159646838	0.07354367446458199	22.943131553710284	29.185547667943602	0.772313422541304	4.018828526822926
p01-s02-c0026	sb0008	D1	2	191	210	24.850630356651237	24.289172533542214	2.8900028067619163	0.1162949496767357	20.394182263012645	28.836082535136768	0.9170591173601002	6.240094612176947
p01-s02-c0026	sb0008	D1	3	211	230	24.123193572900284	24.336162057249012	2.252955614924717	0.09339375435993935	21.00928578538757	26.989550857967195	0.8436836563340574	4.4451418548575194
p01-s02-c0026	sb0008	D1	4	231	250	26.466110440069265	26.087937712038674	1.994230579784367	0.07535034603215189	23.165146010149037	29.318805339443482	0.7357076524460778	3.1973496048829118
p01-s02-c0026	sb0008	D2	1	171	190	18.65244769250338	18.177653593867717	1.7537425818473868	0.09402211499310276	16.86053253765872	21.56736905639771	0.6803250403049449	3.5313184666551916
p01-s02-c0026	sb0008	D2	2	191	210	17.89310587283384	17.533820752146724	2.7092545146182716	0.15141331716656248	14.224310233894185	21.246828797192013	0.9155226543854337	6.348900363850568
p01-s02-c0026	sb0008	D2	3	211	230	16.609890510380495	16.230850960611598	1.9952959757759674	0.12012697943607695	14.145483484959007	19.968219504165017	0.8311093924106239	4.658635276192446
p01-s02-c0026	sb0008	D2	4	231	250	18.428590001346272	18.322813754829177	1.9900995422608434	0.10798978880725328	14.973213437115563	20.919908464449573	0.7599051255101018	3.2118043765355644
p01-s02-c0026	sb0008	evenness	1	171	190	0.7049681904662879	0.7035887024448387	0.015712310329536783	0.022287970637574685	0.6803263278189491	0.7325800153331403	0.7833547827920239	4.091894438200745
p01-s02-c0026	sb0008	evenness	2	191	210	0.6962636876612498	0.6926996006520247	0.025394337756026116	0.03647229951245298	0.6547531072414287	0.7299666886585557	0.912521102427005	6.1188177775285
p01-s02-c0026	sb0008	evenness	3	211	230	0.6903157036167594	0.6931165729039986	0.020321341311673947	0.029437750300630113	0.6612034273966716	0.7155780175988441	0.8439412073584776	4.474061203864092
p01-s02-c0026	sb0008	evenness	4	231	250	0.7107604470579412	0.7082193241226786	0.016347143908060437	0.022999512670867316	0.6824171210464159	0.733567318257277	0.7329699752779523	3.1562180358355105
p01-s02-c0026	sb0008	TV	1	171	190	0.3012921282	0.3018847545000001	0.02775975386733913	0.09213567587438591	0.26726944519999996	0.3432002535	0.5957279376567627	4.3813796189254965
p01-s02-c0026	sb0008	TV	2	191	210	0.31055330480000004	0.29894379899999995	0.037396899566529085	0.12042022734426583	0.2674613495	0.35960381415000003	0.8196669992171923	3.8820004915543103
p01-s02-c0026	sb0008	TV	3	211	230	0.3047454166	0.3050595435000001	0.014776307618119726	0.04848738262572356	0.28219732225000005	0.32779277669999995	0.17220701171432237	1.1435181511495889
p01-s02-c0026	sb0008	TV	4	231	250	0.35665009405	0.36145318099999996	0.041930773989474424	0.11756838057526492	0.2705839972	0.40359360730000005	0.7506335394420139	3.8733483296204505
p01-s02-c0026	sb0009	D0	1	171	190	100.0	100.0	0.0	0.0	100.0	100.0	0.0	1.0
p01-s02-c0026	sb0009	D0	2	191	210	100.0	100.0	0.0	0.0	100.0	100.0	0.0	1.0
p01-s02-c0026	sb0009	D0	3	211	230	100.0	100.0	0.0	0.0	100.0	100.0	0.0	1.0
p01-s02-c0026	sb0009	D0	4	231	250	100.0	100.0	0.0	0.0	100.0	100.0	0.0	1.0
p01-s02-c0026	sb0009	D1	1	171	190	23.98704604427419	23.77973740357855	0.7848323156836644	0.032719006510224594	22.91578747552373	25.184099753259833	0.1508044960090421	1.296162176322928
p01-s02-c0026	sb0009	D1	2	191	210	23.433237640439913	23.593312933681776	1.0360590601214226	0.0442132272125062	22.057219633291066	24.503469021697114	0.3644203999285722	3.5323663288265275
p01-s02-c0026	sb0009	D1	3	211	230	24.920896309001442	25.006279310372385	1.8253970525995846	0.07324764847804652	22.40836902563554	27.65808400244777	0.5252530021026557	2.695823196329422
p01-s02-c0026	sb0009	D1	4	231	250	26.62012070907814	26.394421566352033	2.267512421906718	0.08518039593762768	24.153363964283727	30.033554027751457	0.8303881261846783	3.581226999053018
p01-s02-c0026	sb0009	D2	1	171	190	17.824686716679565	17.700762522440865	1.1189833585132354	0.06277716833396794	16.18640484933519	19.63577192345825	0.47788520198532464	2.693772979608081
p01-s02-c0026	sb0009	D2	2	191	210	17.365252813552	17.485354116394596	0.9308625624720004	0.05360489550405778	16.28437259103478	18.57997820296516	0.23395116593346826	1.3724567472895646
p01-s02-c0026	sb0009	D2	3	211	230	18.072292670394237	18.001214623623024	1.7491725794557347	0.09678753057829809	15.751397281074292	20.798854360127145	0.5869136011403326	2.75849847324005
p01-s02-c0026	sb0009	D2	4	231	250	19.4512179354021	19.33517846266122	2.585152964449986	0.1329044265009694	15.594204023718243	23.632238036482605	0.7737952040484192	3.391524613976051
p01-s02-c0026	sb0009	evenness	1	171	190	0.6898778915583269	0.6881027064258518	0.007109204575393579	0.010305018703143235	0.680062467849233	0.700562394326807	0.1421352362019268	1.2887225685369446
p01-s02-c0026	sb0009	evenness	2	191	210	0.6847139057232845	0.686392380199378	0.009624841249651503	0.014056734015770404	0.6717682507247077	0.6945988661997045	0.36330686922397687	3.5456619118134802
p01-s02-c0026	sb0009	evenness	3	211	230	0.6977308851893047	0.6990196170440814	0.015855245316309004	0.022724012442142706	0.6752050852303185	0.7209090709404318	0.5018683126504976	2.6417103679359077
p01-s02-c0026	sb0009	evenness	4	231	250	0.7118422718477129	0.7107555906381563	0.018782193981901764	0.026385331027264296	0.6913939670392517	0.7388033630436092	0.8233016787418983	3.4761576286231364
p01-s02-c0026	sb0009	TV	1	171	190	0.2976415874499999	0.29982188499999995	0.017552091948556187	0.05897056288044667	0.27146208419999995	0.31844153955000004	0.27716301777627816	3.0725924548756733
p01-s02-c0026	sb0009	TV	2	191	210	0.27090808285	0.2713492635	0.01837895139178652	0.06784201932418098	0.24422513020000003	0.3028200471	0.2167762246418602	1.554867699149818
p01-s02-c0026	sb0009	TV	3	211	230	0.26591564765	0.260654509	0.02998150568245517	0.11274818141547291	0.22823540605	0.30370360205	0.6446217993035508	4.969868360733878
p01-s02-c0026	sb0009	TV	4	231	250	0.32275162300000004	0.32208715000000004	0.030436346513170454	0.09430269081302327	0.27226765605	0.36523335705	0.5571309350326628	3.8282447063103793
p01-s02-c0026	sb0010	D0	1	171	190	100.0	100.0	0.0	0.0	100.0	100.0	0.0	1.0
p01-s02-c0026	sb0010	D0	2	191	210	100.0	100.0	0.0	0.0	100.0	100.0	0.0	1.0
p01-s02-c0026	sb0010	D0	3	211	230	100.0	100.0	0.0	0.0	100.0	100.0	0.0	1.0
p01-s02-c0026	sb0010	D0	4	231	250	100.0	100.0	0.0	0.0	100.0	100.0	0.0	1.0
p01-s02-c0026	sb0010	D1	1	171	190	24.632905102625152	24.525801528085246	1.2840292715884738	0.05212658702816314	23.009270181435678	26.96880231943283	0.6748654271149434	3.3738528178699836
p01-s02-c0026	sb0010	D1	2	191	210	24.305628328956615	24.314852115556754	1.1688908371751079	0.04809136473886358	22.57559880017723	26.400257479838782	0.2800869040709679	1.0058928476048723
p01-s02-c0026	sb0010	D1	3	211	230	25.588165676538775	25.937553555055967	1.9660685413629146	0.0768350715802016	22.13462392638453	28.190056869638063	0.8624198789990423	4.518750028287091
p01-s02-c0026	sb0010	D1	4	231	250	24.683937785926652	24.705277450655164	1.7745341055261636	0.07189023570371741	21.93106353897403	26.815688651970156	0.7680367967040671	2.935275009971922
p01-s02-c0026	sb0010	D2	1	171	190	18.592384099596487	18.486978424906848	1.472233868364142	0.07918478127805537	16.68378572715325	20.957559538775442	0.8001284558426223	3.924420625594423
p01-s02-c0026	sb0010	D2	2	191	210	17.593854549276337	17.790011083731102	1.267242070585205	0.07202754047079062	15.868783924112936	19.550924778010458	0.45659546179613475	1.4063376407036388
p01-s02-c0026	sb0010	D2	3	211	230	18.132749615130347	17.712463394372183	1.8364449240663359	0.10127779642056975	15.887799023019141	20.915357683696197	0.8318095213540676	4.1310619726613265
p01-s02-c0026	sb0010	D2	4	231	250	17.739139305962453	17.691261191360162	1.5834208506499587	0.08926142488309688	15.81957623169192	20.190151253180392	0.7273785807043694	3.691906198405597
p01-s02-c0026	sb0010	evenness	1	171	190	0.695480813950119	0.6948112112167333	0.011221321803623063	0.01613462453390968	0.6809513777908937	0.7154306090312574	0.6649344641724668	3.363714784442206
p01-s02-c0026	sb0010	evenness	2	191	210	0.6926130871142367	0.6929358140839015	0.010504380225517532	0.015166303410875317	0.6768123321381513	0.7108040137728598	0.26231294162806273	1.0
p01-s02-c0026	sb0010	evenness	3	211	230	0.7033989895754477	0.7069639916329242	0.01692656316740174	0.024063957182563128	0.6725359911269954	0.7250478582075957	0.8679426486978126	4.546479561545068
p01-s02-c0026	sb0010	evenness	4	231	250	0.6956665598956622	0.696383740680405	0.015780469762497654	0.022683956182778783	0.6705293203484906	0.7141849563028329	0.7715065770280023	2.916557192803498
p01-s02-c0026	sb0010	TV	1	171	190	0.28139177184999997	0.26713668400000007	0.04746698338039853	0.16868646538002363	0.2292156214	0.36103889245	0.8894232572919485	6.416699655595628
p01-s02-c0026	sb0010	TV	2	191	210	0.2781943347	0.27322837200000005	0.02832491444122024	0.10181700670419958	0.24819226560000002	0.32960649599999997	0.5282971270131345	3.438791469371211
p01-s02-c0026	sb0010	TV	3	211	230	0.30355333705	0.30107418799999996	0.020012943699026033	0.06592892008210599	0.27817531379999993	0.33261191039999993	0.39506842719461815	1.2934981070542901
p01-s02-c0026	sb0010	TV	4	231	250	0.30048876204999997	0.30662845299999997	0.026865548798232237	0.08940616818728792	0.2575219993	0.33450199804999997	0.6865398985847329	3.1715242609240453
p01-s02-c0026	sb0011	D0	1	171	190	100.0	100.0	0.0	0.0	100.0	100.0	0.0	1.0
p01-s02-c0026	sb0011	D0	2	191	210	100.0	100.0	0.0	0.0	100.0	100.0	0.0	1.0
p01-s02-c0026	sb0011	D0	3	211	230	100.0	100.0	0.0	0.0	100.0	100.0	0.0	1.0
p01-s02-c0026	sb0011	D0	4	231	250	100.0	100.0	0.0	0.0	100.0	100.0	0.0	1.0
p01-s02-c0026	sb0011	D1	1	171	190	19.763857313484927	19.568364079681253	1.5143468880473832	0.07662203101487383	17.819628786714624	22.07770368096481	0.8212415649118616	4.876153007157246
p01-s02-c0026	sb0011	D1	2	191	210	24.878584597111278	25.207872371351222	2.9388247139037893	0.1181266845158476	19.076018928796415	29.116492771772517	0.8570207279846993	3.7154685393056215
p01-s02-c0026	sb0011	D1	3	211	230	25.871554912333163	26.39227706619641	3.120448086986235	0.12061308636299607	22.121166155770002	29.559801578633717	0.9203535704446035	7.078872128929853
p01-s02-c0026	sb0011	D1	4	231	250	23.388634831120378	23.14514949445884	1.7626410923311269	0.07536314560719026	21.059156319129183	25.91374464566339	0.8813635421406447	5.321098925665631
p01-s02-c0026	sb0011	D2	1	171	190	12.472056478265031	12.903424873466331	2.0612944096331627	0.16527301758337662	9.689451109613898	15.760869459162432	0.9431883056084663	6.572064917263849
p01-s02-c0026	sb0011	D2	2	191	210	17.382578776462672	17.836716443090808	3.3080745748509663	0.1903097703391599	10.708604273382608	21.775147384789506	0.8828450913206045	4.457140686237178
p01-s02-c0026	sb0011	D2	3	211	230	18.999957928689945	19.269781789634976	3.079627057177697	0.16208599349198868	15.114934831915264	23.317102856231518	0.8922393535717075	6.966136310758628
p01-s02-c0026	sb0011	D2	4	231	250	16.816432992534775	16.621964319590415	1.4259371010935034	0.08479426652052262	15.33925576671695	19.28101694519748	0.7868347406445302	3.214732817383077
p01-s02-c0026	sb0011	evenness	1	171	190	0.6473316484847962	0.6457771541032902	0.016614041943329418	0.025665425106616936	0.6254436010388751	0.6719734146908173	0.8241944046827945	4.939465850056161
p01-s02-c0026	sb0011	evenness	2	191	210	0.696407323698798	0.7007516794316515	0.026566717020755592	0.03814824473650412	0.6402437835229946	0.7320687312245143	0.8664995121549598	3.767555258975429
p01-s02-c0026	sb0011	evenness	3	211	230	0.7049035173350158	0.7106124783288855	0.026283850736761556	0.037287160711200945	0.6723981275069733	0.7353360334233313	0.9294825249170295	7.101147790209549
p01-s02-c0026	sb0011	evenness	4	231	250	0.6839025317215501	0.6822098744642524	0.016674006856596285	0.024380677191856166	0.6616645997627493	0.7067593867880797	0.8759994490900004	5.189920374247981
p01-s02-c0026	sb0011	TV	1	171	190	0.2977371264	0.2850305165	0.04158977292920639	0.13968621727520775	0.24590248734999998	0.35708141355	0.8848810153656462	6.424356652039173
p01-s02-c0026	sb0011	TV	2	191	210	0.30634901949999993	0.30704497100000006	0.03767223822196366	0.12297162982094567	0.2573304107499999	0.36499903525	0.8259402233736864	5.8218373086069
p01-s02-c0026	sb0011	TV	3	211	230	0.28964510255000003	0.2917265145	0.030710026893615825	0.10602639790298025	0.24588739320000003	0.3261581575000001	0.7184881664579819	3.727543036982452
p01-s02-c0026	sb0011	TV	4	231	250	0.28064560725	0.27984919150000004	0.027391081977523383	0.09760025195449905	0.2454602981	0.32145932774999997	0.5918061561895881	2.4259168251329264
p01-s02-c0026	sb0012	D0	1	171	190	100.0	100.0	0.0	0.0	100.0	100.0	0.0	1.0
p01-s02-c0026	sb0012	D0	2	191	210	100.0	100.0	0.0	0.0	100.0	100.0	0.0	1.0
p01-s02-c0026	sb0012	D0	3	211	230	100.0	100.0	0.0	0.0	100.0	100.0	0.0	1.0
p01-s02-c0026	sb0012	D0	4	231	250	100.0	100.0	0.0	0.0	100.0	100.0	0.0	1.0
p01-s02-c0026	sb0012	D1	1	171	190	20.03851658161533	20.265579300894352	1.5412233561791404	0.07691304642745668	17.776946273593794	22.0629248522253	0.735669336950802	3.513688651694279
p01-s02-c0026	sb0012	D1	2	191	210	21.82082565747806	21.96038911517798	1.826227273931329	0.08369194193646268	19.614187257813867	24.786980531866895	0.80031650970545	3.6464300926885334
p01-s02-c0026	sb0012	D1	3	211	230	23.837374485228928	23.590079155168084	1.696643403529752	0.07117576663407685	21.309853257761993	26.750105141912165	0.6523888181819998	2.977562072289249
p01-s02-c0026	sb0012	D1	4	231	250	26.19640280010042	25.908953299894613	2.0294089940067486	0.07746899486516405	23.01708314457038	28.8691643395792	0.7919928168566243	4.322872109066555
p01-s02-c0026	sb0012	D2	1	171	190	13.005832002438718	13.067022282616868	1.274451009028127	0.09799073283348234	11.198962894955784	15.029338808080798	0.6590493997762509	2.848387499832822
p01-s02-c0026	sb0012	D2	2	191	210	14.483512402838276	14.095274103389382	1.8996771380300168	0.13116135680304625	12.073950052128541	17.648211851514947	0.8367990749890977	3.686033397742
p01-s02-c0026	sb0012	D2	3	211	230	16.84238034996501	16.5860886575225	1.4749888115412697	0.0875760302815115	14.990495881308815	19.655722411024694	0.6396172959509134	3.2373703771136744
p01-s02-c0026	sb0012	D2	4	231	250	18.134031712458277	18.473425986306324	1.9446900354606274	0.10723980559296166	15.193336308770732	20.959170159055873	0.7768208199447394	3.683929428678585
p01-s02-c0026	sb0012	evenness	1	171	190	0.6503037015648346	0.6533724599694857	0.017094059374501803	0.026286271065916026	0.6249092342396474	0.6718300562393299	0.7414484078475047	3.530262269303514
p01-s02-c0026	sb0012	evenness	2	191	210	0.6687216938576658	0.6708018153651191	0.01801406043988476	0.026938053012706607	0.6462849448489704	0.6971092487581255	0.805655371499407	3.7261410612402748
p01-s02-c0026	sb0012	evenness	3	211	230	0.6881188397172678	0.6863638742425276	0.015192966370384066	0.022078986206258363	0.6642892584992965	0.7136520428371055	0.6348959115422652	2.9247337278427334
p01-s02-c0026	sb0012	evenness	4	231	250	0.7084977878171876	0.7066846250223655	0.016906092022323533	0.02386188399318726	0.681024737348773	0.7302169660141016	0.7875865285177267	4.2776907397914465
p01-s02-c0026	sb0012	TV	1	171	190	0.3052817521500001	0.3045835645	0.024778343166358508	0.08116549054063237	0.27329040595	0.33825611769999997	0.4959954128174466	2.0144676381113076
p01-s02-c0026	sb0012	TV	2	191	210	0.2941163182	0.296030335	0.025513800571470548	0.08674731387777364	0.25638392905	0.33277462985	0.6715418669179726	3.5053072244265087
p01-s02-c0026	sb0012	TV	3	211	230	0.29180051734999995	0.28959494249999995	0.024493227546983846	0.08393825949803049	0.2622419927	0.3340637973999999	0.4727799637703226	1.9614772606285253
p01-s02-c0026	sb0012	TV	4	231	250	0.266404529	0.2669241415	0.033181407564826376	0.12455271571162507	0.22488597255	0.31052953595	0.7003154097891512	4.169995455465713
p01-s02-c0026	sb0013	D0	1	171	190	100.0	100.0	0.0	0.0	100.0	100.0	0.0	1.0
p01-s02-c0026	sb0013	D0	2	191	210	100.0	100.0	0.0	0.0	100.0	100.0	0.0	1.0
p01-s02-c0026	sb0013	D0	3	211	230	100.0	100.0	0.0	0.0	100.0	100.0	0.0	1.0
p01-s02-c0026	sb0013	D0	4	231	250	100.0	100.0	0.0	0.0	100.0	100.0	0.0	1.0
p01-s02-c0026	sb0013	D1	1	171	190	20.724558999800557	19.87692156385626	2.9432233403817794	0.14201621083517885	17.955153399811167	26.929240803345138	0.877221306173078	3.751208807875146
p01-s02-c0026	sb0013	D1	2	191	210	27.33888079453658	27.12878146909692	0.9238573772634605	0.033792801695381944	26.47129577090191	28.655469701456703	0.34284125629889717	1.9092388421738167
p01-s02-c0026	sb0013	D1	3	211	230	21.652454036701414	21.31631763224643	3.0098411195460266	0.13900692801122108	17.70861450272565	26.695985502742374	0.9113114193719	5.996965872031176
p01-s02-c0026	sb0013	D1	4	231	250	23.461485846078563	25.3199054214949	3.312268943986392	0.14117899291276204	18.845496356983478	27.296599462539337	0.911647163697384	6.59065097345942
p01-s02-c0026	sb0013	D2	1	171	190	14.348545123687426	13.68153297582722	2.9375456025880635	0.20472776698026265	11.190667528308468	20.564871561146983	0.9057060130966141	4.003741960085612
p01-s02-c0026	sb0013	D2	2	191	210	21.203390700463324	21.1392082020674	1.0714399169130755	0.05053153677395866	19.871083683675295	23.02960899557011	0.3579338189585418	1.7805205043603916
p01-s02-c0026	sb0013	D2	3	211	230	15.709007900666444	15.593109909247136	2.3533515139132395	0.14980904770016698	12.28787029035476	19.336697580463664	0.8773510012999924	5.550700996332409
p01-s02-c0026	sb0013	D2	4	231	250	17.26326291705505	18.313194586693776	3.3100016417968594	0.19173673353064555	12.785018503413266	21.350489093333437	0.9005244102558517	6.855380378707934
p01-s02-c0026	sb0013	evenness	1	171	190	0.6563524962324168	0.6491745458664018	0.028718910391336908	0.0437553152554286	0.6270813778021079	0.7151096854369613	0.8614507853362601	3.750172087598568
p01-s02-c0026	sb0013	evenness	2	191	210	0.7182733327992246	0.7167151433072935	0.007303698691986057	0.01016841132542453	0.7113781009664883	0.7286002007820377	0.3354278492992645	1.8912721999902224
p01-s02-c0026	sb0013	evenness	3	211	230	0.6657709342396398	0.6641170201551045	0.030077242312969946	0.045176562637599074	0.624091130088475	0.7132221665780789	0.9034014850271195	5.9624895751519755
p01-s02-c0026	sb0013	evenness	4	231	250	0.6830108113475776	0.7017253298506625	0.031880143469917514	0.04667589874165845	0.6376001983534181	0.7180541342185544	0.9124118176855444	6.552659371279093
p01-s02-c0026	sb0013	TV	1	171	190	0.28392985935000004	0.286418825	0.01888814672687593	0.06652398860097532	0.25420009575	0.30940230085000003	0.1684351728246552	1.114572649955611
p01-s02-c0026	sb0013	TV	2	191	210	0.32220328429999995	0.319315447	0.01774597475209845	0.05507695177798178	0.29868055234999996	0.35439385715	0.23953872770827667	1.3299220691965228
p01-s02-c0026	sb0013	TV	3	211	230	0.2899364939	0.29229555900000004	0.01649093632013514	0.056877753118663686	0.26263224430000004	0.3121540956	0.5461206280030055	2.098501492717698
p01-s02-c0026	sb0013	TV	4	231	250	0.29281413629999997	0.2985325445	0.017866577280443493	0.061016785276167336	0.2624644445	0.31268413849999993	0.09590418446197481	1.4489461083727457
p01-s02-c0026	sb0014	D0	1	171	190	100.0	100.0	0.0	0.0	100.0	100.0	0.0	1.0
p01-s02-c0026	sb0014	D0	2	191	210	100.0	100.0	0.0	0.0	100.0	100.0	0.0	1.0
p01-s02-c0026	sb0014	D0	3	211	230	100.0	100.0	0.0	0.0	100.0	100.0	0.0	1.0
p01-s02-c0026	sb0014	D0	4	231	250	100.0	100.0	0.0	0.0	100.0	100.0	0.0	1.0
p01-s02-c0026	sb0014	D1	1	171	190	21.73817937865209	22.15644204649333	2.4130870296933495	0.11100685975860121	17.620524626337446	24.790443071877547	0.8854417173169377	5.784347287278796
p01-s02-c0026	sb0014	D1	2	191	210	23.10778207619707	23.405864388348135	2.736866264883094	0.11843915854227711	17.811422528977445	25.9663393691753	0.7945458353450163	3.4294832074663906
p01-s02-c0026	sb0014	D1	3	211	230	24.50951847699407	24.13407719302341	1.6827938878544928	0.06865879023425336	22.137581642326275	27.039675032433074	0.8259174461826123	3.923147338711184
p01-s02-c0026	sb0014	D1	4	231	250	25.340132096574894	25.418063632611045	1.2280900519779923	0.04846423243957704	23.53272321540525	27.179575824438018	0.5577371195506221	3.5237554389052326
p01-s02-c0026	sb0014	D2	1	171	190	15.099538566177666	15.630845915068917	2.026834449586188	0.134231548911449	11.958620963996006	17.106087627878473	0.9210621960705115	6.465676915377748
p01-s02-c0026	sb0014	D2	2	191	210	15.797172488861113	15.905684114176637	1.9603455805154542	0.12409471263909609	12.12339573256238	18.765584214706205	0.7278092232385506	3.455296484039526
p01-s02-c0026	sb0014	D2	3	211	230	18.52524833890238	18.287999445238917	1.655846631469739	0.08938323531094147	16.25149971515558	21.078677342376217	0.8216010742260552	3.9547088725543476
p01-s02-c0026	sb0014	D2	4	231	250	19.101623611681646	19.538077128081497	1.1789860338735185	0.06172177076887363	16.905443516498895	20.38652777818041	0.6380608718258188	4.145821560424306
p01-s02-c0026	sb0014	evenness	1	171	190	0.6672992429526803	0.6727179183811511	0.024697087312195932	0.03701051300899986	0.6230091471980455	0.6971421142291718	0.8955726487839265	5.849961683718686
p01-s02-c0026	sb0014	evenness	2	191	210	0.6802734572937321	0.684656789086928	0.027839876686044405	0.04092453760697524	0.6253016047588141	0.7072043567505548	0.8295529296026306	3.4392154702746938
p01-s02-c0026	sb0014	evenness	3	211	230	0.6941837570814974	0.6913147170889319	0.014851941378378013	0.02139482698474374	0.6725647094179721	0.7159974476261655	0.8265531363674652	3.9601584391120186
p01-s02-c0026	sb0014	evenness	4	231	250	0.7016594085605499	0.7025698456027849	0.010615697638765234	0.015129416792889979	0.6858289390170051	0.7171213305480247	0.5462469777053118	3.493953105336904
p01-s02-c0026	sb0014	TV	1	171	190	0.29978520435000006	0.2892970975	0.02798865690812256	0.09336236912961764	0.26678677759999997	0.3402343268	0.6463433092015611	3.526970139841184
p01-s02-c0026	sb0014	TV	2	191	210	0.2890181863	0.2908327869999999	0.02282032495194855	0.07895809341305991	0.2554755573	0.3261427133000001	0.30816851968939835	1.245900387011511
p01-s02-c0026	sb0014	TV	3	211	230	0.2827561338	0.28188082299999995	0.019974833010055728	0.07064332342365522	0.25342204975000004	0.31519082540000004	0.22886826914337596	1.829081008129224
p01-s02-c0026	sb0014	TV	4	231	250	0.2783249009	0.2779843015	0.028589018787446734	0.10271814952596911	0.23576417030000005	0.32447851305	0.5274837510268743	2.9591643475352947
p01-s02-c0026	sb0015	D0	1	171	190	100.0	100.0	0.0	0.0	100.0	100.0	0.0	1.0
p01-s02-c0026	sb0015	D0	2	191	210	100.0	100.0	0.0	0.0	100.0	100.0	0.0	1.0
p01-s02-c0026	sb0015	D0	3	211	230	100.0	100.0	0.0	0.0	100.0	100.0	0.0	1.0
p01-s02-c0026	sb0015	D0	4	231	250	100.0	100.0	0.0	0.0	100.0	100.0	0.0	1.0
p01-s02-c0026	sb0015	D1	1	171	190	25.182183042059282	25.61765372255654	2.3487693640498075	0.09327107821140418	22.01281212407258	28.887727444395324	0.8659894245427923	5.693365742572394
p01-s02-c0026	sb0015	D1	2	191	210	26.788120811056547	26.51402403627217	2.5364730786665537	0.09468648796072504	23.113189596939538	30.665631091709074	0.859815529862253	4.535710634831943
p01-s02-c0026	sb0015	D1	3	211	230	25.969510622861076	25.994198016359952	1.393112381015745	0.05364415222323758	24.070853671698394	27.617123338789153	0.4823886179730973	2.4649164818577805
p01-s02-c0026	sb0015	D1	4	231	250	23.850870581100004	23.73351959242723	1.1730625960345193	0.049183219205595034	22.32936663649206	25.558375208409064	0.5163910786792655	2.4705527037141035
p01-s02-c0026	sb0015	D2	1	171	190	17.695743363967104	17.352766666675286	1.6008235781336801	0.09046376550607936	15.615080549280243	20.23573404510147	0.6601183254349174	4.164209641267897
p01-s02-c0026	sb0015	D2	2	191	210	20.2943559315285	20.292964418490563	2.3212566242863883	0.11437941820465349	16.47657817607921	23.46622319750847	0.8046862572270707	4.069632118038424
p01-s02-c0026	sb0015	D2	3	211	230	19.09862934523847	19.066184216886747	1.3582532792962099	0.07111784069650211	17.068138897208556	21.066349055438177	0.5451476794001926	2.496385762248488
p01-s02-c0026	sb0015	D2	4	231	250	16.477755774944125	16.63217101584656	1.5938534203563293	0.09672757881142549	14.27407180922763	18.604761858668095	0.7605552160552062	4.391437445215738
p01-s02-c0026	sb0015	evenness	1	171	190	0.6996481269143318	0.7042686115041072	0.020279196252154356	0.02898485034411796	0.6713362424702763	0.7303560814630726	0.86040287232142	5.748216147549016
p01-s02-c0026	sb0015	evenness	2	191	210	0.7130324744874874	0.7117188421081072	0.020802762153840828	0.02917505569265048	0.6819153326357927	0.7433257502357573	0.8649996599771157	4.551577074151879
p01-s02-c0026	sb0015	evenness	3	211	230	0.7069349452120315	0.707436041152629	0.011654341594818103	0.016485734187779624	0.6907436271660775	0.7205766074960928	0.481047691304003	2.4625120853611624
p01-s02-c0026	sb0015	evenness	4	231	250	0.6885070280195122	0.6876662699504025	0.010540479121964513	0.01530918159584247	0.674437515714992	0.7037518344243409	0.5047109492612002	2.4888135466801655
p01-s02-c0026	sb0015	TV	1	171	190	0.2655091108	0.266451	0.012606756079497027	0.047481444390031935	0.2474751717	0.28485700584999996	-0.020555500233270085	1.0
p01-s02-c0026	sb0015	TV	2	191	210	0.28547246710000007	0.28696835800000003	0.023504130102781913	0.0823341401065781	0.25519506685000004	0.31932904780000004	0.5844326141131632	3.8000393058687703
p01-s02-c0026	sb0015	TV	3	211	230	0.28364690445	0.28083041950000004	0.01809186695014244	0.06378305797210486	0.25978815530000005	0.31150131065000003	0.4797427276939132	1.881838820976856
p01-s02-c0026	sb0015	TV	4	231	250	0.29503223445	0.29878221000000005	0.021019154608439818	0.07124358681560268	0.26316404169999996	0.32558375535000006	0.5674938822477988	3.5275688800478546
p01-s02-c0026	sb0016	D0	1	171	190	100.0	100.0	0.0	0.0	100.0	100.0	0.0	1.0
p01-s02-c0026	sb0016	D0	2	191	210	100.0	100.0	0.0	0.0	100.0	100.0	0.0	1.0
p01-s02-c0026	sb0016	D0	3	211	230	100.0	100.0	0.0	0.0	100.0	100.0	0.0	1.0
p01-s02-c0026	sb0016	D0	4	231	250	100.0	100.0	0.0	0.0	100.0	100.0	0.0	1.0
p01-s02-c0026	sb0016	D1	1	171	190	22.406889609324544	22.57221901876655	1.607196652575773	0.07172778911299425	20.14701752763758	24.62816809280789	0.6293208286815384	2.8758986008593195
p01-s02-c0026	sb0016	D1	2	191	210	24.99132671958926	24.41661636946779	1.9378369217624707	0.0775403780481775	22.842597398249595	27.8777542201043	0.8109389875072053	5.917724467837184
p01-s02-c0026	sb0016	D1	3	211	230	26.096335674484315	26.12582925338219	1.4934549672481108	0.057228531464221466	24.02472156453289	28.230426937338734	0.6051150600339036	2.4934867119432593
p01-s02-c0026	sb0016	D1	4	231	250	23.586693061392698	23.61529570208586	2.261020070668006	0.09585998617029114	20.543507859548818	27.091618297150898	0.8253041684168847	6.244446053972874
p01-s02-c0026	sb0016	D2	1	171	190	16.334435935540757	16.579053760026802	1.2251463676386303	0.0750038980515351	14.470351871108361	17.721520193665086	0.6069632926605975	2.8039889883513824
p01-s02-c0026	sb0016	D2	2	191	210	17.2883202119623	17.17600797772201	1.1593055287890526	0.0670571527236576	15.774046835464691	18.792804415973002	0.6013873236140043	4.221441065351762
p01-s02-c0026	sb0016	D2	3	211	230	19.01484989791114	19.30822306122642	1.601662326887026	0.08423218355580998	16.541918308098936	21.17739665602128	0.5715008503695118	2.0309858362042537
p01-s02-c0026	sb0016	D2	4	231	250	16.28785111606704	16.289340862022826	1.6522602997580438	0.10144126981417352	13.959089400474014	18.803516580288925	0.7449644764813332	5.051279701910074
p01-s02-c0026	sb0016	evenness	1	171	190	0.674660152667072	0.676786928477529	0.015577031283007445	0.02308870802792813	0.6521049609397369	0.6957121774300219	0.627241069994937	2.8445199490113855
p01-s02-c0026	sb0016	evenness	2	191	210	0.6982803466742069	0.6938305832092851	0.0167196131724255	0.023943983604949263	0.6793661387067199	0.7226268533870865	0.8035280317098192	5.910799728237701
p01-s02-c0026	sb0016	evenness	3	211	230	0.7079509694653022	0.7085345873118923	0.012454731778538036	0.017592647394698513	0.6903291771386871	0.7253582283327967	0.6019861655576725	2.4472785920015143
p01-s02-c0026	sb0016	evenness	4	231	250	0.6853818580329688	0.6864668847729534	0.0208834499081969	0.030469802582945446	0.6563329672398879	0.7164161553273919	0.8308867472512804	6.219175779215862
p01-s02-c0026	sb0016	TV	1	171	190	0.2449861518	0.2485911615	0.023071380703198623	0.0941742238640226	0.21621266780000004	0.28109475705	0.5817500556330979	3.990719955270709
p01-s02-c0026	sb0016	TV	2	191	210	0.29487714504999996	0.29060160399999996	0.017670952844151322	0.05992649189938067	0.27403038095000004	0.32622703194999997	0.30030889387453935	1.0
p01-s02-c0026	sb0016	TV	3	211	230	0.3002929889	0.30247940300000004	0.02965700941461638	0.09876024586272444	0.25833731670000004	0.34686382855	0.7288438251940375	5.41900429439355
p01-s02-c0026	sb0016	TV	4	231	250	0.2602178903	0.2691412570000001	0.031041645750108093	0.11929097463022548	0.21552971405000004	0.29543557335	0.7576948645031988	3.1822717335422825
p01-s02-c0026	sb0017	D0	1	171	190	100.0	100.0	0.0	0.0	100.0	100.0	0.0	1.0
p01-s02-c0026	sb0017	D0	2	191	210	100.0	100.0	0.0	0.0	100.0	100.0	0.0	1.0
p01-s02-c0026	sb0017	D0	3	211	230	100.0	100.0	0.0	0.0	100.0	100.0	0.0	1.0
p01-s02-c0026	sb0017	D0	4	231	250	100.0	100.0	0.0	0.0	100.0	100.0	0.0	1.0
p01-s02-c0026	sb0017	D1	1	171	190	23.763012192065737	23.547891725184854	1.4811434708817464	0.06232978626237827	21.93494434327287	26.130199774175765	0.5833422657330868	2.762770922379306
p01-s02-c0026	sb0017	D1	2	191	210	22.12994828892314	21.766046269912422	1.5579821039775592	0.07040152483127975	20.223838101658373	24.27563694307364	0.8015664854791884	5.96562032903632
p01-s02-c0026	sb0017	D1	3	211	230	21.683791695172374	22.230616696563946	1.6533224798973873	0.07624692688158774	19.00527267046397	23.75799936067576	0.772101205512884	3.9666730118998537
p01-s02-c0026	sb0017	D1	4	231	250	24.304958460190804	24.40855720319184	1.0175677779134913	0.041866674225350765	23.172468822703795	25.856266623495127	0.5314639990805344	1.9409418639367515
p01-s02-c0026	sb0017	D2	1	171	190	16.2846987268525	16.124737250634922	1.2719515444842464	0.07810715849393479	14.574149660054985	18.224195579444345	0.6327850401967491	3.309208136464673
p01-s02-c0026	sb0017	D2	2	191	210	14.554823188594645	14.433878635680468	1.751871743442677	0.1203636568265197	12.420806004514935	16.945225994546533	0.8745003740115738	6.801908480828061
p01-s02-c0026	sb0017	D2	3	211	230	14.575188673332843	14.778104928446517	1.5475594432989754	0.10617766109130593	12.417374246055358	16.378074187385963	0.7725084226679787	3.5056671763903915
p01-s02-c0026	sb0017	D2	4	231	250	17.27031226960448	17.00872401056119	1.3282363358855105	0.07690864618720233	15.258785932721338	19.669022821249488	0.5264108331260547	2.114544970002627
p01-s02-c0026	sb0017	evenness	1	171	190	0.6875556857908324	0.685970456851009	0.013392163935599744	0.01947793351486282	0.6705673476982108	0.708571289864703	0.5935886893116784	2.834520274908285
p01-s02-c0026	sb0017	evenness	2	191	210	0.6719806574103977	0.6688276369493986	0.015249612450129886	0.022693528871645056	0.6529283241472329	0.6925853167375798	0.7982788453922701	5.92672795660527
p01-s02-c0026	sb0017	evenness	3	211	230	0.6674565854151773	0.6734754679495321	0.01679438428175867	0.02516176280036563	0.6394370254721432	0.687901025929736	0.7791497042162103	4.018517865149267
p01-s02-c0026	sb0017	evenness	4	231	250	0.6926653498957873	0.6937710040343382	0.009142867397344092	0.01319954491547708	0.6824664920058364	0.7062795970334139	0.5310692850969373	1.9222802240124501
p01-s02-c0026	sb0017	TV	1	171	190	0.27132660295000005	0.2690878805	0.026077665062511534	0.09611171473413212	0.2276560923	0.30363018905000005	0.6571524466962695	4.438078729837189
p01-s02-c0026	sb0017	TV	2	191	210	0.28800287139999997	0.3026643535	0.035844291784510894	0.1244581056093974	0.2349594301	0.32849436414999994	0.8871226477715792	6.044694000731333
p01-s02-c0026	sb0017	TV	3	211	230	0.2670523218	0.2683864415	0.020860974473971127	0.07811568284957382	0.23119586235000003	0.29682608024999996	0.45698623274487504	4.150640015022569
p01-s02-c0026	sb0017	TV	4	231	250	0.32110357279999996	0.33123262	0.029327218420165318	0.09133258208382451	0.28347584425000005	0.36166894185000004	0.5250237835080753	2.9482362950130825
p01-s02-c0026	sb0018	D0	1	171	190	100.0	100.0	0.0	0.0	100.0	100.0	0.0	1.0
p01-s02-c0026	sb0018	D0	2	191	210	100.0	100.0	0.0	0.0	100.0	100.0	0.0	1.0
p01-s02-c0026	sb0018	D0	3	211	230	100.0	100.0	0.0	0.0	100.0	100.0	0.0	1.0
p01-s02-c0026	sb0018	D0	4	231	250	100.0	100.0	0.0	0.0	100.0	100.0	0.0	1.0
p01-s02-c0026	sb0018	D1	1	171	190	23.39815228874641	22.881065056057267	2.859268404811778	0.12220060667726201	19.360915453533078	27.586998300918115	0.8474912064212002	5.0713523144293
p01-s02-c0026	sb0018	D1	2	191	210	23.004252650570322	23.071504631405286	1.8597917433890698	0.08084556241139013	20.47880126150638	25.797120146442733	0.7015977565741239	3.186592797225355
p01-s02-c0026	sb0018	D1	3	211	230	22.27835261570093	22.384414471565854	1.3252238875395541	0.059484824142947944	20.200987488998184	24.197927267675183	0.6027750808237281	4.311630486911541
p01-s02-c0026	sb0018	D1	4	231	250	23.71777046081457	22.774871713825622	2.0991482903902696	0.0885052958016601	21.50322702697476	26.969169182845103	0.889062492026284	4.7494851722314655
p01-s02-c0026	sb0018	D2	1	171	190	16.18638619374999	15.424260999352208	2.7593023746203684	0.17047056344706588	12.426472373984124	20.25800743896701	0.8519479822649711	5.003752265542641
p01-s02-c0026	sb0018	D2	2	191	210	15.741818361645693	16.490123405256647	1.915348469901112	0.12167263183316748	13.098288282503054	18.477931568050916	0.7178701249920364	2.9641878633667376
p01-s02-c0026	sb0018	D2	3	211	230	15.341372500957139	16.317651999646884	1.8797865055287137	0.12253053013421289	12.373907098083018	17.501209121942978	0.8350198343226793	5.845407778626584
p01-s02-c0026	sb0018	D2	4	231	250	16.374460375195056	15.231910556218928	2.2831272618307237	0.13943221391828778	14.438934696499887	20.24842784192524	0.9062994788237771	4.872516229919546
p01-s02-c0026	sb0018	evenness	1	171	190	0.6830455220811167	0.6797341784324812	0.026609492222733032	0.038957128569789466	0.6434594501892928	0.7203519955015256	0.8355824408048104	4.954018712132175
p01-s02-c0026	sb0018	evenness	2	191	210	0.6802299756554122	0.6815376093747377	0.017557188422766237	0.02581066558534062	0.6556522450208753	0.7057832139454892	0.6960661250670335	3.077121025549961
p01-s02-c0026	sb0018	evenness	3	211	230	0.6735721940460291	0.6749712689156216	0.013035333637698373	0.019352541201853105	0.6526840666322408	0.691887493782469	0.6173341938986662	4.323914273964082
p01-s02-c0026	sb0018	evenness	4	231	250	0.6867579420633627	0.6787277121774402	0.018699620704997907	0.02722883793497158	0.6662489287101669	0.7154281218269217	0.8843538565966621	4.6884392207471794
p01-s02-c0026	sb0018	TV	1	171	190	0.31687655449999996	0.32613779600000004	0.044933401419864974	0.14180096564974792	0.2579601257	0.375364398	0.8749912606787279	4.569248506794549
p01-s02-c0026	sb0018	TV	2	191	210	0.31011354970000005	0.3092687045	0.029381663447042218	0.09474485547460171	0.26973206339999994	0.35445898574999996	0.7116519866383021	3.913162152518084
p01-s02-c0026	sb0018	TV	3	211	230	0.28833800514999997	0.282128799	0.02795631711089867	0.0969567542660745	0.25198586775	0.3343043882000001	0.8399910700261558	5.463528753981812
p01-s02-c0026	sb0018	TV	4	231	250	0.29074594789999997	0.2907668685	0.0256462125995356	0.08820832339976904	0.239318892	0.32062814605	0.720079394088596	3.967828121338546
p01-s02-c0026	sb0019	D0	1	171	190	100.0	100.0	0.0	0.0	100.0	100.0	0.0	1.0
p01-s02-c0026	sb0019	D0	2	191	210	100.0	100.0	0.0	0.0	100.0	100.0	0.0	1.0
p01-s02-c0026	sb0019	D0	3	211	230	100.0	100.0	0.0	0.0	100.0	100.0	0.0	1.0
p01-s02-c0026	sb0019	D0	4	231	250	100.0	100.0	0.0	0.0	100.0	100.0	0.0	1.0
p01-s02-c0026	sb0019	D1	1	171	190	22.361501113542662	22.273718491203265	1.70211372013551	0.07611804375264723	20.112818070465725	24.378752882655384	0.7036047592847054	3.2632677395502996
p01-s02-c0026	sb0019	D1	2	191	210	23.509896779304047	23.711237092757855	1.4399020033953773	0.061246632297549466	21.192603471297126	25.440979805488617	0.7009851756864189	4.760203043263334
p01-s02-c0026	sb0019	D1	3	211	230	26.295882894795888	26.705829942893544	1.814879108036164	0.06901761447969254	22.837953615821636	28.270226954950036	0.6960720340523631	5.011510293582334
p01-s02-c0026	sb0019	D1	4	231	250	22.103578300101653	22.082484893308425	1.5309799772678383	0.06926389729670139	19.7687469186062	24.214523830765668	0.7744478687798495	3.811986326314882
p01-s02-c0026	sb0019	D2	1	171	190	15.322313171117827	15.586680207663942	1.427282779126049	0.09315060743024368	13.23780788496857	17.284029999956633	0.5906181267379599	3.304112799364093
p01-s02-c0026	sb0019	D2	2	191	210	15.702099907753132	16.087812395913083	1.0754495416791714	0.0684908100188659	13.674241261946166	16.98337456867908	0.6555114362536858	3.416721504917142
p01-s02-c0026	sb0019	D2	3	211	230	17.915431531258065	17.970427050446283	2.023245774718049	0.11293313092615033	15.053908455916519	20.669309201804005	0.7021410904587815	5.839529451473725
p01-s02-c0026	sb0019	D2	4	231	250	14.948774455337098	15.231967907445458	1.3525004416023707	0.09047567381816328	12.930573928047368	16.917913162969842	0.7570200125104165	4.661669653618251
p01-s02-c0026	sb0019	evenness	1	171	190	0.674150040766909	0.6738961715574007	0.016586818859894336	0.02460404636484969	0.6517360640223292	0.693505254927296	0.6963579618836265	3.233935823498339
p01-s02-c0026	sb0019	evenness	2	191	210	0.68523149598332	0.6874769993579101	0.013479435119400128	0.01967135953092303	0.6630917617878704	0.702766858718561	0.7146664468047141	4.752241304100767
p01-s02-c0026	sb0019	evenness	3	211	230	0.7094324109047343	0.7133029385944032	0.015448559832176684	0.021775943126809277	0.6793256822612989	0.7256646448780409	0.7017284919382694	4.9340052937887675
p01-s02-c0026	sb0019	evenness	4	231	250	0.6717339016847268	0.6720156727954124	0.015100808708725698	0.022480343288990567	0.6479879172563849	0.6920379657063278	0.7740441673324784	3.8342208254822583
p01-s02-c0026	sb0019	TV	1	171	190	0.28733963775	0.2963959575	0.04267025597578082	0.14850111286388584	0.2264175773	0.35067770015	0.8780204882528024	6.09702880003718
p01-s02-c0026	sb0019	TV	2	191	210	0.30240547365000003	0.303913754	0.022198162234887246	0.07340529246034447	0.2745677907	0.3374272391	0.32583744350684385	1.9338520634933416
p01-s02-c0026	sb0019	TV	3	211	230	0.3109314091999999	0.31258716350000004	0.020207430491051517	0.06498999423391648	0.2867420272	0.3372570102	0.6248581611172654	3.396799741110968
p01-s02-c0026	sb0019	TV	4	231	250	0.27607231415	0.279053578	0.02401462065000961	0.086986703914691	0.24022076075	0.31027677085000005	0.4233269017869118	2.1191476645039895
p01-s02-c0026	sb0020	D0	1	171	190	100.0	100.0	0.0	0.0	100.0	100.0	0.0	1.0
p01-s02-c0026	sb0020	D0	2	191	210	100.0	100.0	0.0	0.0	100.0	100.0	0.0	1.0
p01-s02-c0026	sb0020	D0	3	211	230	100.0	100.0	0.0	0.0	100.0	100.0	0.0	1.0
p01-s02-c0026	sb0020	D0	4	231	250	100.0	100.0	0.0	0.0	100.0	100.0	0.0	1.0
p01-s02-c0026	sb0020	D1	1	171	190	26.706719461114858	26.53305456007252	1.029035949819095	0.03853097537184893	25.371733523275232	28.513513723784076	0.4761084428289306	2.8054502548164573
p01-s02-c0026	sb0020	D1	2	191	210	24.85192098955592	24.709621542346476	1.1495718379665563	0.046256860322776115	23.15666790389668	27.09711737086327	0.5988534522708692	2.126979906198762
p01-s02-c0026	sb0020	D1	3	211	230	25.746955097818205	25.76373420611624	1.3159939032474586	0.05111260334465631	23.697750487283376	27.800932229366325	0.4224419582463399	2.0290039266121127
p01-s02-c0026	sb0020	D1	4	231	250	25.06337186685762	24.406494600467703	2.289418642262173	0.09134519706383044	22.743018371604574	29.303232629729038	0.7717919747703476	5.701582491418723
p01-s02-c0026	sb0020	D2	1	171	190	19.766114396712407	19.833823898705013	1.2225686750280875	0.061851745390658616	17.888118420158268	21.332917291416802	0.7077430596848406	3.0609757659509507
p01-s02-c0026	sb0020	D2	2	191	210	17.170125085125882	17.50833008268503	1.299369220993336	0.07567616511535798	15.621933663730447	18.630497971826447	0.6113275982916874	2.538646653845481
p01-s02-c0026	sb0020	D2	3	211	230	18.84061766679466	18.891651302996245	1.4760855054646778	0.07834591899108385	16.49010866825789	20.906561802423077	0.5567591766769162	2.4278020996257226
p01-s02-c0026	sb0020	D2	4	231	250	18.617366683135074	17.386461475344102	2.6837141918804925	0.14415111640421147	15.690480741803537	23.296628539828905	0.8505769225028706	6.103277689578308
p01-s02-c0026	sb0020	evenness	1	171	190	0.7131589755457584	0.7118936248257769	0.008292122031905323	0.011627312164948384	0.7021746953726652	0.7275248469663548	0.4737069516421413	2.84359540385864
p01-s02-c0026	sb0020	evenness	2	191	210	0.6974622043275187	0.6964329132942167	0.009946530211509885	0.014261031135156867	0.6823377555473935	0.7164611065698157	0.5929311865256955	2.119992727052731
p01-s02-c0026	sb0020	evenness	3	211	230	0.7050917551749905	0.7055033989485384	0.01115434642867504	0.01581970906170466	0.6873515674071103	0.7220279576693732	0.43094306117504605	2.042096882329675
p01-s02-c0026	sb0020	evenness	4	231	250	0.6986828509150919	0.6937526737692824	0.019428594867059265	0.02780745919498795	0.6784112790296208	0.7334568014481389	0.7685660615712174	5.730353675397851
p01-s02-c0026	sb0020	TV	1	171	190	0.30822115475	0.2990030965	0.02791617148214089	0.09057188662077352	0.27296066914999995	0.35313864545	0.6019190070887165	2.634947682860262
p01-s02-c0026	sb0020	TV	2	191	210	0.3116098412	0.3069549575	0.036718146288913955	0.1178337184330042	0.26494701150000005	0.37008757010000004	0.7945519903125752	3.243892659515774
p01-s02-c0026	sb0020	TV	3	211	230	0.267469414	0.2663726395	0.020719979536240187	0.0774667249850115	0.2372732088	0.2975594372	0.5047136621937874	4.797363231868439
p01-s02-c0026	sb0020	TV	4	231	250	0.2878696363	0.28428416149999997	0.030777688865019123	0.10691537065390429	0.25548901980000005	0.3408968223	0.643885382092797	3.271408271530543
