run_id	cell_id	seed_block_id	source_role	source_run_id	reached_generation	environment_prefix_sha256	host_summary_prefix_sha256
p01-s03-c0051-v210-adaptive-g1000-sb0001	p01-s03-c0051	sb0001	new-simulation	p01-s03-c0051-v210-adaptive-g1000-sb0001	100	12be7490da262d795a6079493a0dc459138b70e767ec57f5128e9ea6634dacf5	d4723d6b9cd38817b80a3657184afa6d8f6f50ff7628a8ce659615b8c0349f9a
p01-s03-c0051-v210-adaptive-g1000-sb0002	p01-s03-c0051	sb0002	new-simulation	p01-s03-c0051-v210-adaptive-g1000-sb0002	100	69fff5e1fda11485f6d46ed7df8eb29dc6c331d530a03195aaf6540868d5416c	f515233dd10eb85a8182ee6532d72869f9f1d27dcb7cbf0866dcfe690c5479b8
p01-s03-c0051-v210-adaptive-g1000-sb0003	p01-s03-c0051	sb0003	new-simulation	p01-s03-c0051-v210-adaptive-g1000-sb0003	100	b9df1832c7d2cf6440d03fd93f93b1d2559f568c7e977c4826a518dbd7de2bd2	035652cfd3702c5f8862a2618136d84ca8d13cbe57c617a9bb06887923dee8fd
p01-s03-c0051-v210-adaptive-g1000-sb0004	p01-s03-c0051	sb0004	new-simulation	p01-s03-c0051-v210-adaptive-g1000-sb0004	100	ab3a2454217bec41a94c25df34e6069fd020ce59c78a6b12d7f32235019bf5b3	27068112bde715a362beb8ab1e5acc7aabfa6601f6d748229276ce31837c8905
p01-s03-c0051-v210-adaptive-g1000-sb0005	p01-s03-c0051	sb0005	new-simulation	p01-s03-c0051-v210-adaptive-g1000-sb0005	100	ad7de5b54f1488d50b62ef987e6f00a345a7687b612dca8bd5f697ddbc59bd36	a0bdc98869c5b2f8bfc9c636f5da79a1dff95c0308bc93ba027ef9d3359298de
p01-s03-c0051-v210-adaptive-g1000-sb0006	p01-s03-c0051	sb0006	new-simulation	p01-s03-c0051-v210-adaptive-g1000-sb0006	100	bedd0c08968624d3e54a193e1461f27ffc195b97d0db7a43c7a83820e91fd60d	59a276b3a4b1956e5b27c14f4812df5893b8d0bf3f81aa9f1c2c6e6cd4ee5054
p01-s03-c0051-v210-adaptive-g1000-sb0007	p01-s03-c0051	sb0007	new-simulation	p01-s03-c0051-v210-adaptive-g1000-sb0007	100	16036b10d3c6c9604a78ad364671fdb96b60ef76b9ffeee17ba78151d342ee5d	4f63da849bdf4fe8b8b828952c00939fc2d5f4f81f3e53f8a851159a7ce3850a
p01-s03-c0051-v210-adaptive-g1000-sb0008	p01-s03-c0051	sb0008	new-simulation	p01-s03-c0051-v210-adaptive-g1000-sb0008	100	c692f4a0fc8c47b0c2c4fa7997faa675d10b48d6789b79e6aadda8c64f6d8dcd	b995dbcdac4d15d5cf74ed8a3aa4b681b7dc27d2b621255b7da267d08ed3bf53
p01-s03-c0051-v210-adaptive-g1000-sb0009	p01-s03-c0051	sb0009	new-simulation	p01-s03-c0051-v210-adaptive-g1000-sb0009	100	fd5dc89750f4511520f17ade78a0ddc94c85a97204a01d813dc2f89af72f9659	a4bd2344c7e89fa92fc8d005998bad93226dcf1ba7880f9f6ece0f9d9613bb23
p01-s03-c0051-v210-adaptive-g1000-sb0010	p01-s03-c0051	sb0010	new-simulation	p01-s03-c0051-v210-adaptive-g1000-sb0010	100	0445cdb35f42391c679d3871f8bbb7cb43f9eefbd1709874c1578be4d384893c	88227e5353253fd15b6c28881da9830932b39aa498600d70493dc270ee264b31
p01-s03-c0051-v210-adaptive-g1000-sb0011	p01-s03-c0051	sb0011	new-simulation	p01-s03-c0051-v210-adaptive-g1000-sb0011	100	98341739b682cdde2d5493e9c89badeef542a217c57e41a97f0f0f0f1daa1d0e	3ecaf9b66fc819296b11e1c611188974624e36a877a264056a3a8d3e59a07989
p01-s03-c0051-v210-adaptive-g1000-sb0012	p01-s03-c0051	sb0012	new-simulation	p01-s03-c0051-v210-adaptive-g1000-sb0012	100	317f2cb2d55c93bb277d61ab4f24100a9a4a709b89a89e580cab63d3e3ee15ea	4f483c5114ed31db0cf28e6b1ccba2ee0f191e328c43068554df47dcdd1f890c
p01-s03-c0052-v210-adaptive-g1000-sb0001	p01-s03-c0052	sb0001	new-simulation	p01-s03-c0052-v210-adaptive-g1000-sb0001	100	0a6c8924b141f9dd1e5674a01fd454d15b89fc5ffcd5cf64ce51986b16ee820f	b07bd9d7d58c33baa4b7830afbd180c0e524c9b152f80e897970f8f800949cca
p01-s03-c0052-v210-adaptive-g1000-sb0002	p01-s03-c0052	sb0002	new-simulation	p01-s03-c0052-v210-adaptive-g1000-sb0002	100	1dd631e291c6e675a1acd6bfa071f4f03e9ec4c6946202bb8745ada2cf53f1bf	06d8c65c6597aad3aedc09c32f4c55f1e6c2ab3ad48b29efba5b052394310d03
p01-s03-c0052-v210-adaptive-g1000-sb0003	p01-s03-c0052	sb0003	new-simulation	p01-s03-c0052-v210-adaptive-g1000-sb0003	100	77a91a012d7e7c9906b701d9871f61bdce366ac0176447645e60f7aff162c657	17dc619d8602da9eb1323147f172a6ef4809def09c7e8aad3a2d231a8065fb04
p01-s03-c0052-v210-adaptive-g1000-sb0004	p01-s03-c0052	sb0004	new-simulation	p01-s03-c0052-v210-adaptive-g1000-sb0004	100	fa353b2b486e7a4275f172137b2474dcd8c4a1fee885d9e4fc19912608d8c886	9ef46df6e1d1f79307bca5080c7b0d4b1aca0a2db08ddec0f9cd4073518f5e8b
p01-s03-c0052-v210-adaptive-g1000-sb0005	p01-s03-c0052	sb0005	new-simulation	p01-s03-c0052-v210-adaptive-g1000-sb0005	100	04f1709d8b78726e06151eb6c9211a33e340bd686d466934eda6affa4332d090	62b291a7f0f9d7c30bcf16710096a38d484a8dfcfe0c7f2f71f2c92cfb4f2df2
p01-s03-c0052-v210-adaptive-g1000-sb0006	p01-s03-c0052	sb0006	new-simulation	p01-s03-c0052-v210-adaptive-g1000-sb0006	100	489abbe72d4218a3468f7bc20d9d9bc215daf3fc9e72d0a0c5d8418ee24b4da7	6790c72dce3e0225478919678798c639a1b7a28efe78f8bc48342d259cd89bc0
p01-s03-c0052-v210-adaptive-g1000-sb0007	p01-s03-c0052	sb0007	new-simulation	p01-s03-c0052-v210-adaptive-g1000-sb0007	100	50c44a5b5eeec1a665afc5ecb5cd1763f5de0cf412fe340dab456a860b080de5	f0eee7eed69ebd2f033b288d9d25d5294b80d1cdec769bcd7b88bdc1ac5d291f
p01-s03-c0052-v210-adaptive-g1000-sb0008	p01-s03-c0052	sb0008	new-simulation	p01-s03-c0052-v210-adaptive-g1000-sb0008	100	7c2c45cc55858ddd69c137f331013c21fb20b7d02e2bcabb5f2f614fe2a1284c	8bfe565ea066b15ac867f1338484f200ca6d493903a0782c9dd4998551490e06
p01-s03-c0052-v210-adaptive-g1000-sb0009	p01-s03-c0052	sb0009	new-simulation	p01-s03-c0052-v210-adaptive-g1000-sb0009	100	0e2365d0f8716754c2c546b18c918c46b5eda505a36c32e32c914de47bf724b5	327dfc75658239fc2aea13dfe2326e0b719adf3d99c15a30321bde4f2c72d5b0
p01-s03-c0052-v210-adaptive-g1000-sb0010	p01-s03-c0052	sb0010	new-simulation	p01-s03-c0052-v210-adaptive-g1000-sb0010	100	e0998889edd06c0adb08ebfd24abd8b2a2864ba4466832a22a9354aea431d509	1bb1df9be2689d543870a32832e5fdec54729c7803383b2c9c2f47218c9a5f0a
p01-s03-c0052-v210-adaptive-g1000-sb0011	p01-s03-c0052	sb0011	new-simulation	p01-s03-c0052-v210-adaptive-g1000-sb0011	100	93d63216aeb21615121a6182dca963ba91c1ca7d63c34e51f7e58140b0e56d9d	c68b29119c1beb018183663011a0c21584d23808524f4095fd0cf2b06e4925d3
p01-s03-c0052-v210-adaptive-g1000-sb0012	p01-s03-c0052	sb0012	new-simulation	p01-s03-c0052-v210-adaptive-g1000-sb0012	100	d00b05a6403555affaa8731804268bb653e702a51d834525eeecb06d45d17c69	a8e5df4acf7462764e45fae99e652e5debae50639c6cceea871d0d17ee6c48cd
p01-s03-c0053-v210-adaptive-g1000-sb0001-reused	p01-s03-c0053	sb0001	reused-passage-100	p01-s02-c0022-v210-m010-g250-sb0001	100	1d99591647b82c1fb24e8f0ec21107e12dc8688c166195608cb53c4b0352c08e	not-frozen-for-reuse
p01-s03-c0053-v210-adaptive-g1000-sb0002-reused	p01-s03-c0053	sb0002	reused-passage-100	p01-s02-c0022-v210-m010-g250-sb0002	100	1d99591647b82c1fb24e8f0ec21107e12dc8688c166195608cb53c4b0352c08e	not-frozen-for-reuse
p01-s03-c0053-v210-adaptive-g1000-sb0003-reused	p01-s03-c0053	sb0003	reused-passage-100	p01-s02-c0022-v210-m010-g250-sb0003	100	1d99591647b82c1fb24e8f0ec21107e12dc8688c166195608cb53c4b0352c08e	not-frozen-for-reuse
p01-s03-c0053-v210-adaptive-g1000-sb0004-reused	p01-s03-c0053	sb0004	reused-passage-100	p01-s02-c0022-v210-m010-g250-sb0004	100	1d99591647b82c1fb24e8f0ec21107e12dc8688c166195608cb53c4b0352c08e	not-frozen-for-reuse
p01-s03-c0053-v210-adaptive-g1000-sb0005-reused	p01-s03-c0053	sb0005	reused-passage-100	p01-s02-c0022-v210-m010-g250-sb0005	100	1d99591647b82c1fb24e8f0ec21107e12dc8688c166195608cb53c4b0352c08e	not-frozen-for-reuse
p01-s03-c0053-v210-adaptive-g1000-sb0006-reused	p01-s03-c0053	sb0006	reused-passage-100	p01-s02-c0022-v210-m010-g250-sb0006	100	1d99591647b82c1fb24e8f0ec21107e12dc8688c166195608cb53c4b0352c08e	not-frozen-for-reuse
p01-s03-c0053-v210-adaptive-g1000-sb0007-reused	p01-s03-c0053	sb0007	reused-passage-100	p01-s02-c0022-v210-m010-g250-sb0007	100	1d99591647b82c1fb24e8f0ec21107e12dc8688c166195608cb53c4b0352c08e	not-frozen-for-reuse
p01-s03-c0053-v210-adaptive-g1000-sb0008-reused	p01-s03-c0053	sb0008	reused-passage-100	p01-s02-c0022-v210-m010-g250-sb0008	100	1d99591647b82c1fb24e8f0ec21107e12dc8688c166195608cb53c4b0352c08e	not-frozen-for-reuse
p01-s03-c0053-v210-adaptive-g1000-sb0009-reused	p01-s03-c0053	sb0009	reused-passage-100	p01-s02-c0022-v210-m010-g250-sb0009	100	1d99591647b82c1fb24e8f0ec21107e12dc8688c166195608cb53c4b0352c08e	not-frozen-for-reuse
p01-s03-c0053-v210-adaptive-g1000-sb0010-reused	p01-s03-c0053	sb0010	reused-passage-100	p01-s02-c0022-v210-m010-g250-sb0010	100	1d99591647b82c1fb24e8f0ec21107e12dc8688c166195608cb53c4b0352c08e	not-frozen-for-reuse
p01-s03-c0053-v210-adaptive-g1000-sb0011-reused	p01-s03-c0053	sb0011	reused-passage-100	p01-s02-c0022-v210-m010-g250-sb0011	100	1d99591647b82c1fb24e8f0ec21107e12dc8688c166195608cb53c4b0352c08e	not-frozen-for-reuse
p01-s03-c0053-v210-adaptive-g1000-sb0012-reused	p01-s03-c0053	sb0012	reused-passage-100	p01-s02-c0022-v210-m010-g250-sb0012	100	1d99591647b82c1fb24e8f0ec21107e12dc8688c166195608cb53c4b0352c08e	not-frozen-for-reuse
p01-s03-c0054-v210-adaptive-g1000-sb0001	p01-s03-c0054	sb0001	new-simulation	p01-s03-c0054-v210-adaptive-g1000-sb0001	100	effbbd8b7bc969053b43e1d3b65a7c02165ac7b1c5d2f68b1701a994af5239fe	c512a9ac1cdefe313a791128c838836d87e6424f2d34372ec47c9b53945249d5
p01-s03-c0054-v210-adaptive-g1000-sb0002	p01-s03-c0054	sb0002	new-simulation	p01-s03-c0054-v210-adaptive-g1000-sb0002	100	c0c27014afdffd577112b577c40ac26f96f25c730a94faaaf70539632d6a4a97	09d0c40a91fe2517856456819d9c10a46ebcc3d63eb4b1487400d9af94331cea
p01-s03-c0054-v210-adaptive-g1000-sb0003	p01-s03-c0054	sb0003	new-simulation	p01-s03-c0054-v210-adaptive-g1000-sb0003	100	c90ff01f9dc8d6f957be05715dfc36e29a3f956a78381e592ab355a2039da3a9	69a07baf02a3fa14d3ab85341db54e207013d85cc54280083ae4319bc47533c6
p01-s03-c0054-v210-adaptive-g1000-sb0004	p01-s03-c0054	sb0004	new-simulation	p01-s03-c0054-v210-adaptive-g1000-sb0004	100	d870124e84208747c9055916de31609990f8062bcfdce985e7dae5b14c709c54	afc4d7cbeb99b1b05a36158b6170fb12087c36a80cf10b422b90bca47aaa2926
p01-s03-c0054-v210-adaptive-g1000-sb0005	p01-s03-c0054	sb0005	new-simulation	p01-s03-c0054-v210-adaptive-g1000-sb0005	100	aab6d79971acf37e51952f70734625ca9b65581ed6c3b203d29c2e57859a4dde	ef7459ada36a2b3df3f5e1f5632bf79a718a32c97e5fc559eb9aadafa9f3955c
p01-s03-c0054-v210-adaptive-g1000-sb0006	p01-s03-c0054	sb0006	new-simulation	p01-s03-c0054-v210-adaptive-g1000-sb0006	100	a796b35dc3a581b58d114e726b740413681f955f977e30398785580be9ba9393	1b274f08d2fe874e3256342659a80d58308deaf321ea33a80dacca460bf7d1aa
p01-s03-c0054-v210-adaptive-g1000-sb0007	p01-s03-c0054	sb0007	new-simulation	p01-s03-c0054-v210-adaptive-g1000-sb0007	100	98e3019859e59794b4ee15c03fe84367a9e916cf69c3faa8acce92193caa4aca	b52cc0220723650d5861a7aff757f8cc71939d868ae0ad51788fb6cde6121931
p01-s03-c0054-v210-adaptive-g1000-sb0008	p01-s03-c0054	sb0008	new-simulation	p01-s03-c0054-v210-adaptive-g1000-sb0008	100	b0a9b1d26ddf4f9fd664e3ca9d12e11788c793cd7482eb8238448e497e9b049d	7e59a6bd8a73af74d8cf049806273a52a2c9477e4925d3b898c906d7ade26981
p01-s03-c0054-v210-adaptive-g1000-sb0009	p01-s03-c0054	sb0009	new-simulation	p01-s03-c0054-v210-adaptive-g1000-sb0009	100	0b699b7cda3e4271ba44684488a648777aa0e47dc022fd8e789297126c261137	cf5a7555af51f28e0eb6dfb2fd715194ac547f46a04f8e326776df881455b835
p01-s03-c0054-v210-adaptive-g1000-sb0010	p01-s03-c0054	sb0010	new-simulation	p01-s03-c0054-v210-adaptive-g1000-sb0010	100	8130b9fddd78c461bdef37a333538a4c9097fe73ebacc9391e72b5dd9a7f176e	945d84ec5ad26811170e9a0ba6c17228dfba20c2cd32bc4ae6745f6e9c8bd264
p01-s03-c0054-v210-adaptive-g1000-sb0011	p01-s03-c0054	sb0011	new-simulation	p01-s03-c0054-v210-adaptive-g1000-sb0011	100	2e6102c4fb37d2b72fe41eef5d0a54528ec50bba450f40abd8aacb80576b8c7b	39f803d81b235f508b343f60e47f32e9ebebe91430a87a19061d933045d33037
p01-s03-c0054-v210-adaptive-g1000-sb0012	p01-s03-c0054	sb0012	new-simulation	p01-s03-c0054-v210-adaptive-g1000-sb0012	100	78345c75fd67466064e75332cadec99d093566591f5a3ad34fbcb6c0df229152	7f04f65a9afff783f1e739ecb1f5b2c71a1eef32819f81e2fefd8241a4fb7a24
p01-s03-c0055-v210-adaptive-g1000-sb0001	p01-s03-c0055	sb0001	new-simulation	p01-s03-c0055-v210-adaptive-g1000-sb0001	100	7d3a8715c0e7ce50c4706d7ebe0118b1b27a3e6e888c7636843a3b272912eb5d	bdbdeab229d0083d2306e4b4d04d9a1244460583b2ea57c3ec96d09f55e53638
p01-s03-c0055-v210-adaptive-g1000-sb0002	p01-s03-c0055	sb0002	new-simulation	p01-s03-c0055-v210-adaptive-g1000-sb0002	100	9ebff19d4332ed0b1f7f51b90333fc1de5f2ecfae5fb925a74b9493f5ea69b84	45fa1fcd1631fa763558e4e10a3ada20026b22150d39984d2d7c3d4ee864a7cb
p01-s03-c0055-v210-adaptive-g1000-sb0003	p01-s03-c0055	sb0003	new-simulation	p01-s03-c0055-v210-adaptive-g1000-sb0003	100	2bbe9374c7e6f3b84e8426bd0b7b756df0446f26f2b48823b3fbb6c776cf609f	02869eb1c60e356a6dd7b7077b48061a9d3d22e02f925cc4df7966e6e919b5f5
p01-s03-c0055-v210-adaptive-g1000-sb0004	p01-s03-c0055	sb0004	new-simulation	p01-s03-c0055-v210-adaptive-g1000-sb0004	100	359addf1d158f937467d5e1fe8ad3a7f4dacd48423c9d598ef2df993890414de	f00ecc434dec6f1afb4d9f72afa51f19c10adb4a713f986fed3425d431625e45
p01-s03-c0055-v210-adaptive-g1000-sb0005	p01-s03-c0055	sb0005	new-simulation	p01-s03-c0055-v210-adaptive-g1000-sb0005	100	15db3d683fa38711e1b2aa0dc6cb6f80dd967af256807549b6edfd721669cb12	6498717a6d2719a0e690d0c4c7729a3631dbda9cb1289008df5aaebe36e7df02
p01-s03-c0055-v210-adaptive-g1000-sb0006	p01-s03-c0055	sb0006	new-simulation	p01-s03-c0055-v210-adaptive-g1000-sb0006	100	9c42a52efcc81cd51772795abc1ff984d3691e620a0b1cf01bd00a24baa9b3aa	57a6cc7c40ebdee06b764f26ec838ef540e508c7f519f41c196bd2f82e9886a4
p01-s03-c0055-v210-adaptive-g1000-sb0007	p01-s03-c0055	sb0007	new-simulation	p01-s03-c0055-v210-adaptive-g1000-sb0007	100	74336f19e2df3e37eb24e594dfae281baa2bf2bb2bc06d73327001d2a793865e	7d9b0d336c529d200911066b0c956e40cd68bb4714ced0f03b6e92a28ed07467
p01-s03-c0055-v210-adaptive-g1000-sb0008	p01-s03-c0055	sb0008	new-simulation	p01-s03-c0055-v210-adaptive-g1000-sb0008	100	209cb7d1979a02d6dff52ef8f805b4a1444cddba630856ac521dad6f6c2dfd72	34c74315f8b3bbc5fd45d0143e4f4ccd0b854c607b20d4a5d251b5dbfa8491aa
p01-s03-c0055-v210-adaptive-g1000-sb0009	p01-s03-c0055	sb0009	new-simulation	p01-s03-c0055-v210-adaptive-g1000-sb0009	100	08d9e7a7d763ef9bb09b0986e305c37b00c68c38eec8f25667331f197abfd04b	530a874bbcb19ef8f7ad9b39765446bcbd7c396fcfc52fd6b1a5dd76ab07fe88
p01-s03-c0055-v210-adaptive-g1000-sb0010	p01-s03-c0055	sb0010	new-simulation	p01-s03-c0055-v210-adaptive-g1000-sb0010	100	c349d6bf783022ad1d9f9864c62624adfb7ef8b0f0cde2e098f35337216c79e4	0e28e6492eb9bd51cb2be1e2f8027f88f449750e2b6d8e82e95cf2a8d53996f2
p01-s03-c0055-v210-adaptive-g1000-sb0011	p01-s03-c0055	sb0011	new-simulation	p01-s03-c0055-v210-adaptive-g1000-sb0011	100	94c91bc05c8bf0cc23de7f82b3213d7204f226460b6bdfc0ce42798ce68bc41c	f7a7e8fa134d457b14746253b5afff819facf492a4b131b0a3f32875e6be8460
p01-s03-c0055-v210-adaptive-g1000-sb0012	p01-s03-c0055	sb0012	new-simulation	p01-s03-c0055-v210-adaptive-g1000-sb0012	100	b1895f34552db4ee861def3ee5bba98d6edc2c80bad78fd62fe3a7b657039828	85081d55272dc6bd399c8bfd0694d392c878270ddafc60bb49fdd1b22e14ffcc
p01-s03-c0056-v210-adaptive-g1000-sb0001	p01-s03-c0056	sb0001	new-simulation	p01-s03-c0056-v210-adaptive-g1000-sb0001	100	9c513e1bcb3b98494ef5a57e400b4818044c042e8b3e2a5fd125da3f965a02e2	ede4aa9539db549a6489e888b474f08d91f59e376140d03da286cc194ec58e9a
p01-s03-c0056-v210-adaptive-g1000-sb0002	p01-s03-c0056	sb0002	new-simulation	p01-s03-c0056-v210-adaptive-g1000-sb0002	100	951f362d3afe4cc6d9083969a9c8f14846d2d5389995786ae9646f3743ffdc56	ce02b7b657155d43385be3c2cf0887a67a46a72c65718ae1e99752fd113d97f9
p01-s03-c0056-v210-adaptive-g1000-sb0003	p01-s03-c0056	sb0003	new-simulation	p01-s03-c0056-v210-adaptive-g1000-sb0003	100	bb480e88604d3fe9dae1f09f490cab9bc580adf17abce76ddbee8964a82c5a70	dbb878e7892c8cbce7e163289408ddd9a5849cddbd3a5f8700ec52d733b56dc2
p01-s03-c0056-v210-adaptive-g1000-sb0004	p01-s03-c0056	sb0004	new-simulation	p01-s03-c0056-v210-adaptive-g1000-sb0004	100	532fcaa62a32195753e86409b8a3642b1a78deba1169e35d1ef83d06e349a2ff	24ca4a54dfbeb70cd8028e22988f46bc0168e88246ea597e45f08894ad54279a
p01-s03-c0056-v210-adaptive-g1000-sb0005	p01-s03-c0056	sb0005	new-simulation	p01-s03-c0056-v210-adaptive-g1000-sb0005	100	3a7519e1e47bdfd3ce3684cb21d7cb2bf2ec81ef48ffe1d24d88468e52fc7b3b	f21a3ffadcfd5d736beaabfdab3d5042ed621e4d1df648ef8c90d70ab57286bc
p01-s03-c0056-v210-adaptive-g1000-sb0006	p01-s03-c0056	sb0006	new-simulation	p01-s03-c0056-v210-adaptive-g1000-sb0006	100	67dd618897d4e919032738c3cbb426269ff3e708185b37d0417d43c9f4e36d15	300d3792804610e60d7cee8384b12d073f380b12c7c18694686176a74c83e9ab
p01-s03-c0056-v210-adaptive-g1000-sb0007	p01-s03-c0056	sb0007	new-simulation	p01-s03-c0056-v210-adaptive-g1000-sb0007	100	111598d994e2d10807073ea6082b078cef2fd7083053760c871ea805aa076479	a7c707de6a1a40c35562b1886b986af092b57ebaa0fd5e5d939e556d821dbfb4
p01-s03-c0056-v210-adaptive-g1000-sb0008	p01-s03-c0056	sb0008	new-simulation	p01-s03-c0056-v210-adaptive-g1000-sb0008	100	8ce0aa6f59365ee636fd05e565e0cc1831fb963efb213c09ed83b784c0ac93f1	cc5b089faad63ad4cca0b6d4e102843b10e669be7659b517545da40a32edce38
p01-s03-c0056-v210-adaptive-g1000-sb0009	p01-s03-c0056	sb0009	new-simulation	p01-s03-c0056-v210-adaptive-g1000-sb0009	100	182d8b36368ee611bd9a72e46baebd1119e201d16aa82fac6be41a93e781a778	eee734455da91f319fe1915ab5a39874ed5e6a4b29e10d60a99eb00dccaec4f5
p01-s03-c0056-v210-adaptive-g1000-sb0010	p01-s03-c0056	sb0010	new-simulation	p01-s03-c0056-v210-adaptive-g1000-sb0010	100	0986d43b2cb86e03f9624ac99e21bbc170498f54ee106e4903fc45135303223c	08a5e92e3da3922711e82e3f190fc578b374adfafb38e07aeb6eb42d7d2f3e00
p01-s03-c0056-v210-adaptive-g1000-sb0011	p01-s03-c0056	sb0011	new-simulation	p01-s03-c0056-v210-adaptive-g1000-sb0011	100	c0e0f1c6117b6cae3401733fec844a913d7ac02d640a815a4a5e19be364a2be6	2581a6aaec7e122bc7cc6e5950f17e1b14683d9e4b8ce06abcc29ae1932a7217
p01-s03-c0056-v210-adaptive-g1000-sb0012	p01-s03-c0056	sb0012	new-simulation	p01-s03-c0056-v210-adaptive-g1000-sb0012	100	8d09cb87d58d7fe2fc1a5f1af3228b38a19ba25c1900a722e82616e5a54944b6	586adf312d59fd34e2a71778b9a1c7b2d91ba3563bf6ab5da9843172578b18bd
p01-s03-c0057-v210-adaptive-g1000-sb0001	p01-s03-c0057	sb0001	new-simulation	p01-s03-c0057-v210-adaptive-g1000-sb0001	100	0c88b578fef787cecffd945e68e79fa534a9f28ceaf0602b398faf14ecb3e3d2	815bbfd96a8ee59562f317f1c464b53745d7b1bba49a48dd07ac5a83a4f44e99
p01-s03-c0057-v210-adaptive-g1000-sb0002	p01-s03-c0057	sb0002	new-simulation	p01-s03-c0057-v210-adaptive-g1000-sb0002	100	3585dd4ce4b115711da56386c72874c7a9967a435b42bd1cf206ebd820e54669	767546fa6502c431ac9dca503cc50aea14baf02fc9206c1c7b485ecb142a5bbb
p01-s03-c0057-v210-adaptive-g1000-sb0003	p01-s03-c0057	sb0003	new-simulation	p01-s03-c0057-v210-adaptive-g1000-sb0003	100	5a105ab574da657735393002c205818211f96abab5e2ccc7e05fa34717277760	66c073eaaf2ab5483166d53e8d230160178c739a3c8927bc2ba210da352e438a
p01-s03-c0057-v210-adaptive-g1000-sb0004	p01-s03-c0057	sb0004	new-simulation	p01-s03-c0057-v210-adaptive-g1000-sb0004	100	65ee0f3fbdc6e8051de3ca294fa11cdb5696f7696bdfdcfcf70fa73386131a0d	057b22a5abaa65410b3fafeefae061f98a0335957943b81b00a8c5a2f0979209
p01-s03-c0057-v210-adaptive-g1000-sb0005	p01-s03-c0057	sb0005	new-simulation	p01-s03-c0057-v210-adaptive-g1000-sb0005	100	4c42db9661d4947c66242fd22d4e81b57ad83ff5f0375b3699424554e5d79eaa	adbbbedaad29c0a992e718051588ee063f42b2d26e5f480ccc7ada077e3b39ed
p01-s03-c0057-v210-adaptive-g1000-sb0006	p01-s03-c0057	sb0006	new-simulation	p01-s03-c0057-v210-adaptive-g1000-sb0006	100	118b44ef287ec4ce1ee13b6971f4b3880ec2784da13d4975d922cfab7900fcb0	0cc5293f104e0755f011b305180a06542553e6c7d0f6285f82b6c8e994c7884c
p01-s03-c0057-v210-adaptive-g1000-sb0007	p01-s03-c0057	sb0007	new-simulation	p01-s03-c0057-v210-adaptive-g1000-sb0007	100	3d1d6b6492a5b4031ac241988a30672fb8aab2d98a03339fbdaf7185234cc8a5	453c8ec6a2fcf2a9fb2b893436843e638aa73ac3f60d10de0abfe538ccf12390
p01-s03-c0057-v210-adaptive-g1000-sb0008	p01-s03-c0057	sb0008	new-simulation	p01-s03-c0057-v210-adaptive-g1000-sb0008	100	32456aa683854689228c64ef166d7e951b82849a76df2ac55d07238a09e6b25a	723ff43332e62ea6c0230ff13229a0c32fa1089223d81cd07bef8b84dda4ab5e
p01-s03-c0057-v210-adaptive-g1000-sb0009	p01-s03-c0057	sb0009	new-simulation	p01-s03-c0057-v210-adaptive-g1000-sb0009	100	95fc576ad1ac76dd7527926a9367af16a74b7184203a644147c3de588f917d26	c0a456541d7de6b93626041ddac31c665530eb12636b575e38e5fe6dd464b6f1
p01-s03-c0057-v210-adaptive-g1000-sb0010	p01-s03-c0057	sb0010	new-simulation	p01-s03-c0057-v210-adaptive-g1000-sb0010	100	2f978d654f9d1b2546100927c56dc17dcff07e48ecd77f5f401d0d0802f7bdc1	1e6ba7593311f9616a4f7e0f5b9f64f9e4eeede9b29cd8286908afeea24eb407
p01-s03-c0057-v210-adaptive-g1000-sb0011	p01-s03-c0057	sb0011	new-simulation	p01-s03-c0057-v210-adaptive-g1000-sb0011	100	aac356e70e8d0909148491b42f6bc6d7704f99b95d4b081e376ab73c9392b18a	90904df2a40bd8faf704ebe509aa64e4c82ffd79c413f3c165a5ceb84d2c1623
p01-s03-c0057-v210-adaptive-g1000-sb0012	p01-s03-c0057	sb0012	new-simulation	p01-s03-c0057-v210-adaptive-g1000-sb0012	100	ef90346c6356ab54b35d013b3937dff996f0744f9584af48f0e8f48356a9d7d5	fe4dbbb0e425b26dbf591934c8b62793299ea7ca3860c0f98a3ae8feedf5147d
p01-s03-c0058-v210-adaptive-g1000-sb0001	p01-s03-c0058	sb0001	new-simulation	p01-s03-c0058-v210-adaptive-g1000-sb0001	100	ee0060069ba95835777bb417d80ae7d5d40e8ff89b7315099bd2bbac66a81a41	abc3a2c749e6ebdf5d808d64b7c70de3e4e081ab879b1b179ae6d98f3fb76f26
p01-s03-c0058-v210-adaptive-g1000-sb0002	p01-s03-c0058	sb0002	new-simulation	p01-s03-c0058-v210-adaptive-g1000-sb0002	100	c45daf2e6c538bdaa621e05de8abf9b2e47fa9c9e30888ccb1a5fdb229a24ba3	ce24675d63779a3d6a9ee8252575673483b42d5348558308c8eb2afe4f4b4ebd
p01-s03-c0058-v210-adaptive-g1000-sb0003	p01-s03-c0058	sb0003	new-simulation	p01-s03-c0058-v210-adaptive-g1000-sb0003	100	f41b53cbcec5b68b0b88d431a9e12359d8d20b079830ecb293017659d9152c41	8fb203169501ff15740787fc5de3e738ff6a4f06cef622e70dd582515bdac098
p01-s03-c0058-v210-adaptive-g1000-sb0004	p01-s03-c0058	sb0004	new-simulation	p01-s03-c0058-v210-adaptive-g1000-sb0004	100	e42dcb42ee4ea1393f318ce936960d3e56ddfbf27aeb3f9b2617db5fedc2fd70	7e7b6d8ddea44a2cd7b6992748088d32f322a1b621cbaba5922028d8d93a1c1b
p01-s03-c0058-v210-adaptive-g1000-sb0005	p01-s03-c0058	sb0005	new-simulation	p01-s03-c0058-v210-adaptive-g1000-sb0005	100	6b136cbf586378d3d3f08eb15114c2a78360313d68d0565265c37f3eb85bde43	42e5c80fa78fd3ba0d88b7d077740336ede635c94ef00e7d2f29cc0614b17f79
p01-s03-c0058-v210-adaptive-g1000-sb0006	p01-s03-c0058	sb0006	new-simulation	p01-s03-c0058-v210-adaptive-g1000-sb0006	100	6ed6abf6299ef6c292a9f04ac436639d33375e5fa219ee1cc8efc2e1dc8b793b	4e922d31eb3eaca96607d31afe071a0ffb64d88e61a8c90766116e8710d765cb
p01-s03-c0058-v210-adaptive-g1000-sb0007	p01-s03-c0058	sb0007	new-simulation	p01-s03-c0058-v210-adaptive-g1000-sb0007	100	2e81a3fdb96aabd9bac5556f3916bc4e2d8a26a236027ef09bbcc18369fe9359	7a6eba7ed1a86a6286f3d89689775bf1816c81ce3aecd1a3047a685841dce9c9
p01-s03-c0058-v210-adaptive-g1000-sb0008	p01-s03-c0058	sb0008	new-simulation	p01-s03-c0058-v210-adaptive-g1000-sb0008	100	fb5bd5435089b5c6ea831a33d8e3433482556623533fec2c9a542d5ed591744a	fccfaa8a895b0c5f0b670d88b6c3c9396a42969033b0766af3a793ddbcd8d068
p01-s03-c0058-v210-adaptive-g1000-sb0009	p01-s03-c0058	sb0009	new-simulation	p01-s03-c0058-v210-adaptive-g1000-sb0009	100	a056cb92efd24c5540317c4f376f08ffb21773d046264cbc18a577ba638f9481	c0a30a6aa3c2ef59369a3b420710b2cfa904b92f8528cc98eb6b1b4fdbd41081
p01-s03-c0058-v210-adaptive-g1000-sb0010	p01-s03-c0058	sb0010	new-simulation	p01-s03-c0058-v210-adaptive-g1000-sb0010	100	689a62edb9eb79dd38e31ea5bbdcb9f502f7e702b166d7ea8d98ca96ee5c27b9	254133b42e89916078cdb5a9e39f0b7201d4bbee2def54fae7a68fae539166e2
p01-s03-c0058-v210-adaptive-g1000-sb0011	p01-s03-c0058	sb0011	new-simulation	p01-s03-c0058-v210-adaptive-g1000-sb0011	100	e419238440f4ed2d28de3e81051e38ed984a2af7dc3ced2438e14ef20619ae9a	ab91bdb930400e154e41c9dd55bfe2eac382bc55ce9c9b8172f4656cb4aae22b
p01-s03-c0058-v210-adaptive-g1000-sb0012	p01-s03-c0058	sb0012	new-simulation	p01-s03-c0058-v210-adaptive-g1000-sb0012	100	2e6836de21c752aa07c224f5c77f55f17e13f3ad956e56e599f3f2415a01e5e6	65563a9fab4d294a70e8e1bba50da6bcdd3590a9f172216832e6b77cc0ce9c03
p01-s03-c0059-v210-adaptive-g1000-sb0001	p01-s03-c0059	sb0001	new-simulation	p01-s03-c0059-v210-adaptive-g1000-sb0001	100	5af32e3dff1e7b27385e8fd708d4dc18ef8393b3a905b91f4f54a31bf7c32769	ef7d294514f4c3f0e512b909c9aea9437e63cd277ae9bb2bffece0b22c02fe9d
p01-s03-c0059-v210-adaptive-g1000-sb0002	p01-s03-c0059	sb0002	new-simulation	p01-s03-c0059-v210-adaptive-g1000-sb0002	100	95308873a87762054c227b171fe82b72cfa2f7a28bdea9c2cf44abe6bcf9f42c	3a5aa57be2c24039bd359dcd05984bd9620dd006b2bba2142d703b3fb83e647d
p01-s03-c0059-v210-adaptive-g1000-sb0003	p01-s03-c0059	sb0003	new-simulation	p01-s03-c0059-v210-adaptive-g1000-sb0003	100	33f10069f6ccb18937c382be3243dbce97155731a1c8948f62250f6978cd10f0	b9c4c7d4428d7471d93908a7ac1767dedaee8da1722f4f88952e6bd12d0e611e
p01-s03-c0059-v210-adaptive-g1000-sb0004	p01-s03-c0059	sb0004	new-simulation	p01-s03-c0059-v210-adaptive-g1000-sb0004	100	f3f39ca9b05eafbf4f79cc302712409290a9ffdebff679cfccf281dd18e9c87c	991faa175225d91725bf8a8998906ee423bd739d6c7cadc1a5a5884ebda4d451
p01-s03-c0059-v210-adaptive-g1000-sb0005	p01-s03-c0059	sb0005	new-simulation	p01-s03-c0059-v210-adaptive-g1000-sb0005	100	5d4e35d4a64734781b0a0d5b6b12059e8d9009960343f290ee9572f2d47a5c38	a53e9848cf90ffc2b303eb716e49c2a53307fca641ad6f86e7bf2a68e8d7c4a9
p01-s03-c0059-v210-adaptive-g1000-sb0006	p01-s03-c0059	sb0006	new-simulation	p01-s03-c0059-v210-adaptive-g1000-sb0006	100	ec9493062ef1aced7abac4498d235f619fafd34b2ca3beac52d9c5f796713dcb	5a6b184cec77da3e52eac6af4a9854892e989d7ac9482c9c56ae8f7449d0a2f5
p01-s03-c0059-v210-adaptive-g1000-sb0007	p01-s03-c0059	sb0007	new-simulation	p01-s03-c0059-v210-adaptive-g1000-sb0007	100	ba4b178c579abac12b5da028f882eee9bf978be73cc9247a952a3ef46adbf7cf	801a6487fad22e6f5a6f12e01abb8f26292ff3c56760d2e7a1dca4fc10c1462e
p01-s03-c0059-v210-adaptive-g1000-sb0008	p01-s03-c0059	sb0008	new-simulation	p01-s03-c0059-v210-adaptive-g1000-sb0008	100	1717f7b204ba9e9e2a923552de98ee0a7bfb7b5df1123fb72b013b17f47639bc	fac6081b937cceb2110a1fa6404789bc8fdbbedb78b9c2bac001f652e84e683f
p01-s03-c0059-v210-adaptive-g1000-sb0009	p01-s03-c0059	sb0009	new-simulation	p01-s03-c0059-v210-adaptive-g1000-sb0009	100	2d7585547b8702cebebfe0fac377c8144ff75b8facf1477f73cc64e444963606	1ed665e7d68544c0f52fb2020b84ae088faf9b855a8976e752f389ff8ccdac66
p01-s03-c0059-v210-adaptive-g1000-sb0010	p01-s03-c0059	sb0010	new-simulation	p01-s03-c0059-v210-adaptive-g1000-sb0010	100	a03db4e41d8798c33b6933aa0e99849f104e659e82ae29676768138aeb8e917d	80a5351598321169356b51282cbbbf4c64421b694516b7f1cd8bc47f453c21c2
p01-s03-c0059-v210-adaptive-g1000-sb0011	p01-s03-c0059	sb0011	new-simulation	p01-s03-c0059-v210-adaptive-g1000-sb0011	100	97529c6d7f8a9a09bc6ddf3049ff68b288cddb31490be8ca091c89d5a2ad8928	b5a04d4f77891b07fc01f10141c048bf689ed8b2be6727cdf076933740b4f494
p01-s03-c0059-v210-adaptive-g1000-sb0012	p01-s03-c0059	sb0012	new-simulation	p01-s03-c0059-v210-adaptive-g1000-sb0012	100	4b08039dad1591cdb78f1867cd27dda68b495ea373e04a66c448b1b37c646f38	92e9782d6a9d3ae3eda897b088e9a5e72435b997390778d0cbac3bde980c0d52
p01-s03-c0060-v210-adaptive-g1000-sb0001	p01-s03-c0060	sb0001	new-simulation	p01-s03-c0060-v210-adaptive-g1000-sb0001	100	8f5fd6f63a7bf545c6fe2f464d9cc7cbbdba6c1a13aac265952e84d42c451f1e	9a05b9c782f279e7c86cef30a3e526cb0d67ea70c936c3b66320e74386fa9a95
p01-s03-c0060-v210-adaptive-g1000-sb0002	p01-s03-c0060	sb0002	new-simulation	p01-s03-c0060-v210-adaptive-g1000-sb0002	100	525b4d711e49fcdb0feee339d8cd7ad81c35acf3888d7e5895c9605796c1ed5f	77b7fe51a91b8182d641eb9ea2f7640ac0ef176ff955c2d3404a54152213eee8
p01-s03-c0060-v210-adaptive-g1000-sb0003	p01-s03-c0060	sb0003	new-simulation	p01-s03-c0060-v210-adaptive-g1000-sb0003	100	cd0173b790fb9f250c63946ff8e985771b301cd075b4e13db5e20ec36e11f781	03a816e6404aad519d32ed2e8bb97724a78cb3b8e506ca8966f24bc9a535e197
p01-s03-c0060-v210-adaptive-g1000-sb0004	p01-s03-c0060	sb0004	new-simulation	p01-s03-c0060-v210-adaptive-g1000-sb0004	100	462d703e58b70844e3e1cd99bd711bc533d1f706abdb253ff7915fe3952bad2f	6a39d4ebacaec749b1276359b3b0f3eef72327aa462c414fe7396b483df8d70b
p01-s03-c0060-v210-adaptive-g1000-sb0005	p01-s03-c0060	sb0005	new-simulation	p01-s03-c0060-v210-adaptive-g1000-sb0005	100	b7ed8a6d3203150c5c60bbe199fee096d57c20b5ed0563c6cd6f3dd370127eb7	ce16821eeae74fd27ac86cf78e20e20a78cd6d6d5f651df09590672927be189f
p01-s03-c0060-v210-adaptive-g1000-sb0006	p01-s03-c0060	sb0006	new-simulation	p01-s03-c0060-v210-adaptive-g1000-sb0006	100	2e7860d15d1cb0cac4c5dbde02b270f3da59a17025c3fecdb37fa7807abf77b3	240864f6bd0cede63bc7b51cfc163f77ee241b45d75867bc9201200c4033b2f3
p01-s03-c0060-v210-adaptive-g1000-sb0007	p01-s03-c0060	sb0007	new-simulation	p01-s03-c0060-v210-adaptive-g1000-sb0007	100	fdfd62e620beae9cd6aaee662c94875c7eddbfae306825d94b522be17e2ff7cb	c91dd9bf750dc69c3648df8d13f27fb2a74d312061082a9ef40f12dcde333636
p01-s03-c0060-v210-adaptive-g1000-sb0008	p01-s03-c0060	sb0008	new-simulation	p01-s03-c0060-v210-adaptive-g1000-sb0008	100	d7acc6ede6a5e37e3a4a51af77a6c46e19a8670df34dd5576603ec636944d21a	e031524aff546077d9dd54be584ddd8b339cc4cbb92c83ee85ee4ca376f08aca
p01-s03-c0060-v210-adaptive-g1000-sb0009	p01-s03-c0060	sb0009	new-simulation	p01-s03-c0060-v210-adaptive-g1000-sb0009	100	994583d9d17781598656fb22ea272db5dcefaa33e7ae490cbbd938218bd6dcac	3345a25c389860203749282106462574e7caa054263b24a4ccfeb3ab29495121
p01-s03-c0060-v210-adaptive-g1000-sb0010	p01-s03-c0060	sb0010	new-simulation	p01-s03-c0060-v210-adaptive-g1000-sb0010	100	e964da7cf1c85e0acedbd87575af6e713337213fcf3efdb5e15acc199f35f1b3	193febc53fabe4c1f797e405e6e4c132b8d2ad88ae9123cc7d0613ec7f6e2a82
p01-s03-c0060-v210-adaptive-g1000-sb0011	p01-s03-c0060	sb0011	new-simulation	p01-s03-c0060-v210-adaptive-g1000-sb0011	100	128c1b94e9f56685730095b19d10d3a74cc3d7a577490d07c01a157f71655a89	9562e1b851d401b4a91c1464e7186c384c60f005ae8b01110f1ec43bd05162ce
p01-s03-c0060-v210-adaptive-g1000-sb0012	p01-s03-c0060	sb0012	new-simulation	p01-s03-c0060-v210-adaptive-g1000-sb0012	100	d92dc816b183f808889bc2321e184c940c45ecde88bfaddaa86f4ae0ed8f4f32	18fd992aa738bd46e184c73e6cf5362539f927933637948d36d9a5d7427dc374
p01-s03-c0061-v210-adaptive-g1000-sb0001-reused	p01-s03-c0061	sb0001	reused-passage-100	p01-s02-c0024-v210-m010-g250-sb0001	100	1d99591647b82c1fb24e8f0ec21107e12dc8688c166195608cb53c4b0352c08e	not-frozen-for-reuse
p01-s03-c0061-v210-adaptive-g1000-sb0002-reused	p01-s03-c0061	sb0002	reused-passage-100	p01-s02-c0024-v210-m010-g250-sb0002	100	1d99591647b82c1fb24e8f0ec21107e12dc8688c166195608cb53c4b0352c08e	not-frozen-for-reuse
p01-s03-c0061-v210-adaptive-g1000-sb0003-reused	p01-s03-c0061	sb0003	reused-passage-100	p01-s02-c0024-v210-m010-g250-sb0003	100	1d99591647b82c1fb24e8f0ec21107e12dc8688c166195608cb53c4b0352c08e	not-frozen-for-reuse
p01-s03-c0061-v210-adaptive-g1000-sb0004-reused	p01-s03-c0061	sb0004	reused-passage-100	p01-s02-c0024-v210-m010-g250-sb0004	100	1d99591647b82c1fb24e8f0ec21107e12dc8688c166195608cb53c4b0352c08e	not-frozen-for-reuse
p01-s03-c0061-v210-adaptive-g1000-sb0005-reused	p01-s03-c0061	sb0005	reused-passage-100	p01-s02-c0024-v210-m010-g250-sb0005	100	1d99591647b82c1fb24e8f0ec21107e12dc8688c166195608cb53c4b0352c08e	not-frozen-for-reuse
p01-s03-c0061-v210-adaptive-g1000-sb0006-reused	p01-s03-c0061	sb0006	reused-passage-100	p01-s02-c0024-v210-m010-g250-sb0006	100	1d99591647b82c1fb24e8f0ec21107e12dc8688c166195608cb53c4b0352c08e	not-frozen-for-reuse
p01-s03-c0061-v210-adaptive-g1000-sb0007-reused	p01-s03-c0061	sb0007	reused-passage-100	p01-s02-c0024-v210-m010-g250-sb0007	100	1d99591647b82c1fb24e8f0ec21107e12dc8688c166195608cb53c4b0352c08e	not-frozen-for-reuse
p01-s03-c0061-v210-adaptive-g1000-sb0008-reused	p01-s03-c0061	sb0008	reused-passage-100	p01-s02-c0024-v210-m010-g250-sb0008	100	1d99591647b82c1fb24e8f0ec21107e12dc8688c166195608cb53c4b0352c08e	not-frozen-for-reuse
p01-s03-c0061-v210-adaptive-g1000-sb0009-reused	p01-s03-c0061	sb0009	reused-passage-100	p01-s02-c0024-v210-m010-g250-sb0009	100	1d99591647b82c1fb24e8f0ec21107e12dc8688c166195608cb53c4b0352c08e	not-frozen-for-reuse
p01-s03-c0061-v210-adaptive-g1000-sb0010-reused	p01-s03-c0061	sb0010	reused-passage-100	p01-s02-c0024-v210-m010-g250-sb0010	100	1d99591647b82c1fb24e8f0ec21107e12dc8688c166195608cb53c4b0352c08e	not-frozen-for-reuse
p01-s03-c0061-v210-adaptive-g1000-sb0011-reused	p01-s03-c0061	sb0011	reused-passage-100	p01-s02-c0024-v210-m010-g250-sb0011	100	1d99591647b82c1fb24e8f0ec21107e12dc8688c166195608cb53c4b0352c08e	not-frozen-for-reuse
p01-s03-c0061-v210-adaptive-g1000-sb0012-reused	p01-s03-c0061	sb0012	reused-passage-100	p01-s02-c0024-v210-m010-g250-sb0012	100	1d99591647b82c1fb24e8f0ec21107e12dc8688c166195608cb53c4b0352c08e	not-frozen-for-reuse
p01-s03-c0062-v210-adaptive-g1000-sb0001	p01-s03-c0062	sb0001	new-simulation	p01-s03-c0062-v210-adaptive-g1000-sb0001	100	48058ef1718e5bc548196a36caebb0ac0b855dbea762139af70a77d9edfe3eef	3cc6012cc3882b910274dd352f93d06b24b88188b72e29c51f794fc378331914
p01-s03-c0062-v210-adaptive-g1000-sb0002	p01-s03-c0062	sb0002	new-simulation	p01-s03-c0062-v210-adaptive-g1000-sb0002	100	c5d2b243632f1421f1470318aa67407a042fbcf73e6dd4e6f49980c6a81d618a	5db5dce77b043123b306e1eb03ac96deb8e1a4d6a34fabc07efff9a221c37449
p01-s03-c0062-v210-adaptive-g1000-sb0003	p01-s03-c0062	sb0003	new-simulation	p01-s03-c0062-v210-adaptive-g1000-sb0003	100	34e91c7a653d667e2b7af9e876e4fce3f322ec8d8ead8e90a803899102191390	77afcc297e04d7114377dad9a81b15085f4d5e348aaf9cce50186552a76292ac
p01-s03-c0062-v210-adaptive-g1000-sb0004	p01-s03-c0062	sb0004	new-simulation	p01-s03-c0062-v210-adaptive-g1000-sb0004	100	74611c8087ba22a12a3473ddb18af15e1db6036e7179340d591defbb2a8781fc	34a351a18d4ba52ec5538c1107ed5a834a5cc57ea082e1ceaa65f36cfc9cc933
p01-s03-c0062-v210-adaptive-g1000-sb0005	p01-s03-c0062	sb0005	new-simulation	p01-s03-c0062-v210-adaptive-g1000-sb0005	100	8c7e9a8449a58c4d11db1fee20d72419ac50983946e486138f2c558815f20757	7cd182f34d776b0f161a3594f4cbe74e0f8760ce084561c24944b43a9e03ba4c
p01-s03-c0062-v210-adaptive-g1000-sb0006	p01-s03-c0062	sb0006	new-simulation	p01-s03-c0062-v210-adaptive-g1000-sb0006	100	7e11c424b9a0e8e9f7c909212d28f19146286c152e83e5900b76dda933aebda3	cb58ca1a0b41816410bdf4fa9188cf1e2e8ee1969fc670634f6be9b88040061a
p01-s03-c0062-v210-adaptive-g1000-sb0007	p01-s03-c0062	sb0007	new-simulation	p01-s03-c0062-v210-adaptive-g1000-sb0007	100	a1904d04b8d1e7ed04303e6a33532bd78d24931e7ae8c3ea01a5d9317191d778	cbb48a65f470fc15544f084129e86893a4166fbcf2a058ee9b9c0abe50944164
p01-s03-c0062-v210-adaptive-g1000-sb0008	p01-s03-c0062	sb0008	new-simulation	p01-s03-c0062-v210-adaptive-g1000-sb0008	100	f74cb0db7baddd7be06a8e42615a3da2a8c839612834176bf3ac3319e2d357f8	4772ff2b9c4cdf582cff16d009ca123baa6d009ccbd998c112bc0d2f9d73b86c
p01-s03-c0062-v210-adaptive-g1000-sb0009	p01-s03-c0062	sb0009	new-simulation	p01-s03-c0062-v210-adaptive-g1000-sb0009	100	65c172efe398cd1f31ec10240bbdd96f6763f80bfbb76d30d97aec9bb3111029	0e54ea0d54295dcf78e232b8e59ddc393c69a5a7df4b9988d1cbf95ebc1f4503
p01-s03-c0062-v210-adaptive-g1000-sb0010	p01-s03-c0062	sb0010	new-simulation	p01-s03-c0062-v210-adaptive-g1000-sb0010	100	0d3182e14484662cedcd893042c525db6fab1f60c688cfb6ecae2154daa72bee	efa0cf09f0e55514b6604d721f091fffc91bd18d20f95de02ca64d7c69b94368
p01-s03-c0062-v210-adaptive-g1000-sb0011	p01-s03-c0062	sb0011	new-simulation	p01-s03-c0062-v210-adaptive-g1000-sb0011	100	412020f3831fad6a52e4e0d0fd99619f5c1496c908e4ed8cfc7debfa2c344256	62a387af8e78154e39ee09c175fcf931656f124aef34f0e15ba33589b7882a87
p01-s03-c0062-v210-adaptive-g1000-sb0012	p01-s03-c0062	sb0012	new-simulation	p01-s03-c0062-v210-adaptive-g1000-sb0012	100	2977182d20a1bf15ce6427f7fcc460e5843c860f7211daf3a2ec26a439212683	f0d6ec27acecadf0a3506ee8a7cc64fd516e16a3bd41a737077a87b36cff2f81
p01-s03-c0063-v210-adaptive-g1000-sb0001	p01-s03-c0063	sb0001	new-simulation	p01-s03-c0063-v210-adaptive-g1000-sb0001	100	d543ea4a00eea519837c8e2a049b7e972e134b5afee93ff770a996559c33d87a	25bb697a14e7085a1b1d7640bca685fe6ea9996e7bdfde3c3eaa83c18f920357
p01-s03-c0063-v210-adaptive-g1000-sb0002	p01-s03-c0063	sb0002	new-simulation	p01-s03-c0063-v210-adaptive-g1000-sb0002	100	d543ea4a00eea519837c8e2a049b7e972e134b5afee93ff770a996559c33d87a	6d4780a2c0d97f1c3c7af04b126b07fa6fdd1f97223d6a7928a9f5d4538d59b7
p01-s03-c0063-v210-adaptive-g1000-sb0003	p01-s03-c0063	sb0003	new-simulation	p01-s03-c0063-v210-adaptive-g1000-sb0003	100	d543ea4a00eea519837c8e2a049b7e972e134b5afee93ff770a996559c33d87a	c4bf62283316cea145c5c50c4f790bd44e4e012b2ebd4bff550e7d7bef08a972
p01-s03-c0063-v210-adaptive-g1000-sb0004	p01-s03-c0063	sb0004	new-simulation	p01-s03-c0063-v210-adaptive-g1000-sb0004	100	d543ea4a00eea519837c8e2a049b7e972e134b5afee93ff770a996559c33d87a	ee2f49912fd423052e920fcdc20ef696f550018e14a72cd939b1cc0a7faa0ce4
p01-s03-c0063-v210-adaptive-g1000-sb0005	p01-s03-c0063	sb0005	new-simulation	p01-s03-c0063-v210-adaptive-g1000-sb0005	100	d543ea4a00eea519837c8e2a049b7e972e134b5afee93ff770a996559c33d87a	2ac58e093424f91553cee88de8f7ea97ad79d3de4fba9e8ac26eb26ed18b86ab
p01-s03-c0063-v210-adaptive-g1000-sb0006	p01-s03-c0063	sb0006	new-simulation	p01-s03-c0063-v210-adaptive-g1000-sb0006	100	d543ea4a00eea519837c8e2a049b7e972e134b5afee93ff770a996559c33d87a	0ee1cd9cff03af6b14fc0b20230ccd0f4cb90a09772f28a96dd286fee0d02928
p01-s03-c0063-v210-adaptive-g1000-sb0007	p01-s03-c0063	sb0007	new-simulation	p01-s03-c0063-v210-adaptive-g1000-sb0007	100	d543ea4a00eea519837c8e2a049b7e972e134b5afee93ff770a996559c33d87a	4bbf49966ba5fffdce5d3921fe57eac0ae752ed42b8ee7ea687975823c1b2968
p01-s03-c0063-v210-adaptive-g1000-sb0008	p01-s03-c0063	sb0008	new-simulation	p01-s03-c0063-v210-adaptive-g1000-sb0008	100	d543ea4a00eea519837c8e2a049b7e972e134b5afee93ff770a996559c33d87a	02b994b453de893ec66c2b44a485de0537097e81412863e4ae5ef1742b03ae73
p01-s03-c0063-v210-adaptive-g1000-sb0009	p01-s03-c0063	sb0009	new-simulation	p01-s03-c0063-v210-adaptive-g1000-sb0009	100	d543ea4a00eea519837c8e2a049b7e972e134b5afee93ff770a996559c33d87a	5b0120eb8733ab1ca376898223a9be1b8d3933aef72d7a1c43e0d1e2360c3fbd
p01-s03-c0063-v210-adaptive-g1000-sb0010	p01-s03-c0063	sb0010	new-simulation	p01-s03-c0063-v210-adaptive-g1000-sb0010	100	d543ea4a00eea519837c8e2a049b7e972e134b5afee93ff770a996559c33d87a	5ff86e3a4122bd9f798df9b1975e386a0065c0733c7d7cb298c45c3e5d1e4655
p01-s03-c0063-v210-adaptive-g1000-sb0011	p01-s03-c0063	sb0011	new-simulation	p01-s03-c0063-v210-adaptive-g1000-sb0011	100	d543ea4a00eea519837c8e2a049b7e972e134b5afee93ff770a996559c33d87a	8be2713a9f456bbbea66f0ac690365819cb599fb3799fd0649e041803660ef8a
p01-s03-c0063-v210-adaptive-g1000-sb0012	p01-s03-c0063	sb0012	new-simulation	p01-s03-c0063-v210-adaptive-g1000-sb0012	100	d543ea4a00eea519837c8e2a049b7e972e134b5afee93ff770a996559c33d87a	042830b89a393b6d7130e588fba286cfa8f87838d0a197364cd14d733c79fac9
p01-s03-c0064-v210-adaptive-g1000-sb0001	p01-s03-c0064	sb0001	new-simulation	p01-s03-c0064-v210-adaptive-g1000-sb0001	100	c7aab836f2a90979b7d17cf71294dc44260c4007699b4f14a67202554701d182	9148bc6d64ac8f4bc13792ac0dee8638bdacdfa313e4611b52990bb021a28440
p01-s03-c0064-v210-adaptive-g1000-sb0002	p01-s03-c0064	sb0002	new-simulation	p01-s03-c0064-v210-adaptive-g1000-sb0002	100	7026589f2271b8085671b13caf28cbfc035cc3285aa2a003ffbe2b13910906c6	44cf8bf5d192dab57aedbf0b4339a43fef7001a3445c3a8e05976c03df481429
p01-s03-c0064-v210-adaptive-g1000-sb0003	p01-s03-c0064	sb0003	new-simulation	p01-s03-c0064-v210-adaptive-g1000-sb0003	100	120b85f6e749f7fd12461fd3281aad9fd2c1acf04f014006500225f901592ee6	75345a3bd9bc421721e8f76fa8ddf0b5d852e3ab61e62013f42174f9b37dcddc
p01-s03-c0064-v210-adaptive-g1000-sb0004	p01-s03-c0064	sb0004	new-simulation	p01-s03-c0064-v210-adaptive-g1000-sb0004	100	3df361ba1805cd8acad9a635929a61c98b7ed4c775a0fb3af6c51fb3996bca73	e1c1084d50a97b7b70477ea2d15c0e19d6f1b50fa5083a55ee8d227d5e1e24b7
p01-s03-c0064-v210-adaptive-g1000-sb0005	p01-s03-c0064	sb0005	new-simulation	p01-s03-c0064-v210-adaptive-g1000-sb0005	100	5c83b922fad4d030c0423045642e1b5d90d8d2c4fd806cfbf6aac87db85d4832	a1c2a1359dcec8e66294be7e4c858edd61546eb074fff6119381cc0c27763522
p01-s03-c0064-v210-adaptive-g1000-sb0006	p01-s03-c0064	sb0006	new-simulation	p01-s03-c0064-v210-adaptive-g1000-sb0006	100	de164aead09295f6424f26ed760191c6ee0b5d0140666860bfb287d27ead0e6e	e85519aa7ed506b993f814e9463e805212d2a0c972cc64a423ce669236cd1bf5
p01-s03-c0064-v210-adaptive-g1000-sb0007	p01-s03-c0064	sb0007	new-simulation	p01-s03-c0064-v210-adaptive-g1000-sb0007	100	8a32a472cd71714c4a1701c17d812da03c4e1a7f65cc7c50574d8c1b1384e675	54d4f64f7d3754c503c31935ed6d4b1c53a4bf1287897b233b40b3d3fd6c520a
p01-s03-c0064-v210-adaptive-g1000-sb0008	p01-s03-c0064	sb0008	new-simulation	p01-s03-c0064-v210-adaptive-g1000-sb0008	100	dd9fbcc2b8a47c41d7efe8128b1c014969d4a965e86aea3d4c9dd2aed404825c	14ad2e4475749be3315d7423f43da6f8a9b801f8fe2c3b6f806bffc320ffd5c3
p01-s03-c0064-v210-adaptive-g1000-sb0009	p01-s03-c0064	sb0009	new-simulation	p01-s03-c0064-v210-adaptive-g1000-sb0009	100	49f72d18f05f3f6a9463f1b7534deef7b18d60de7d75f4533fe21d2c3e290ca1	ccfc66878bad31475dfcaa8e3df71253cdeb899464be922dc50e3d1726ecffb7
p01-s03-c0064-v210-adaptive-g1000-sb0010	p01-s03-c0064	sb0010	new-simulation	p01-s03-c0064-v210-adaptive-g1000-sb0010	100	0d2542fa72b4d537dc7601abf82ea4ad33bb2d9295e86642300f4274c6e99ee1	1bc789d582a9a282f0a52be587d5be2a5b373b06abcb81417b9fd69847314c7b
p01-s03-c0064-v210-adaptive-g1000-sb0011	p01-s03-c0064	sb0011	new-simulation	p01-s03-c0064-v210-adaptive-g1000-sb0011	100	0046cade0ced5b427f56363cbceed88fc9cc3a8d31e4063c5e322a50a0761ef3	ce0dffa3dbc54dd7668f0c8897b4288e7bb8d398fc87c2976357e1d5de97fbbd
p01-s03-c0064-v210-adaptive-g1000-sb0012	p01-s03-c0064	sb0012	new-simulation	p01-s03-c0064-v210-adaptive-g1000-sb0012	100	749789a70bc8cd6a9a77c011b90c8e573278585860e3ce75ba1897c818d87906	23abe6c9aee9ef030ea9e65b834132cb51b7564a665133e61cc3a18697dd692e
p01-s03-c0065-v210-adaptive-g1000-sb0001	p01-s03-c0065	sb0001	new-simulation	p01-s03-c0065-v210-adaptive-g1000-sb0001	100	45c691cdc1eef1cf6ac4497924f10970a83271e4e60d7fca0ef0bdc7b673683c	3de422172075f7dc7ac185404ea39a933c611026b3256a4cf8a8cf09b9bb7847
p01-s03-c0065-v210-adaptive-g1000-sb0002	p01-s03-c0065	sb0002	new-simulation	p01-s03-c0065-v210-adaptive-g1000-sb0002	100	8ae4b7df1c402370fde6e1035563d40807856c62118b4bb551cea288a5352fa6	22a710e789f7efe4f136e9231f30cf6191b967137e3d0ca540dae34c1e7f8836
p01-s03-c0065-v210-adaptive-g1000-sb0003	p01-s03-c0065	sb0003	new-simulation	p01-s03-c0065-v210-adaptive-g1000-sb0003	100	e2a867240b040026d3cb1dd5d7fdb400d61a1decab0e1158d8bfc09266610a9c	c58c84187c9fc5b709e251c830ac18e415f49a66e686d1a5d80b95892d7700b3
p01-s03-c0065-v210-adaptive-g1000-sb0004	p01-s03-c0065	sb0004	new-simulation	p01-s03-c0065-v210-adaptive-g1000-sb0004	100	a50dc1f7ffa2a20f737db46f30eb296052c7a2ca87394cabdeae901273e7c6e9	1ec6e2a07f858b47c042e4fbb35b65a4ba047a75df4e809e9bc81d68e3bbcaad
p01-s03-c0065-v210-adaptive-g1000-sb0005	p01-s03-c0065	sb0005	new-simulation	p01-s03-c0065-v210-adaptive-g1000-sb0005	100	e4c066f3b1b3a0e580cd6df1ad15ee407a62c2a7dc327091809f4ebb0ce54065	32f3996a943710e57fcda2767b69e3f7bb6e692ba1c473dcf752e631e5074b69
p01-s03-c0065-v210-adaptive-g1000-sb0006	p01-s03-c0065	sb0006	new-simulation	p01-s03-c0065-v210-adaptive-g1000-sb0006	100	665d8b01dc4c11564f1469a4eeab12dad2b730e0dbf2a26aac687bcc3bc240c7	7c00c277f635c1a7906b57ddb2246ebaacc0edf967f26b19f2a6595cee118888
p01-s03-c0065-v210-adaptive-g1000-sb0007	p01-s03-c0065	sb0007	new-simulation	p01-s03-c0065-v210-adaptive-g1000-sb0007	100	53444803d30fd20a6a6cf48ebf555e58ce5c74f08a8d0f1424431ed255096ac4	8826711208bf7037603ce5a3fd08cc8dd22995c19830f4ae7619f4ad84f8b0ef
p01-s03-c0065-v210-adaptive-g1000-sb0008	p01-s03-c0065	sb0008	new-simulation	p01-s03-c0065-v210-adaptive-g1000-sb0008	100	43fc5c95587f28d9e898c2af632b3b5f7f2aae5a446649a9af90cc99e23fd4cf	1efb70c7d083f76bf2d5d7280d6869ad7f64255eba34bf6c1f417ced0174c594
p01-s03-c0065-v210-adaptive-g1000-sb0009	p01-s03-c0065	sb0009	new-simulation	p01-s03-c0065-v210-adaptive-g1000-sb0009	100	33a80cbed0fc56e39112854684eb84afcfe8fbc1e39ac7963a39750b0da94dbc	71c37ff820918028d246377c9882f12332afc4765d86027f5d85d24d9268040c
p01-s03-c0065-v210-adaptive-g1000-sb0010	p01-s03-c0065	sb0010	new-simulation	p01-s03-c0065-v210-adaptive-g1000-sb0010	100	0d680d5e1f88355d059776eb5d4529d2635babc8212dd4d7fabf81cc41378408	8b2d707d3fc83315af5b4068518d60e87ad962c4b756d74667719b27775e10ac
p01-s03-c0065-v210-adaptive-g1000-sb0011	p01-s03-c0065	sb0011	new-simulation	p01-s03-c0065-v210-adaptive-g1000-sb0011	100	56d3e7c6f4a55f83face6898e1e18d645171345418efa00fb68d0fb502664305	bf0af41924bb0b4ba3a69e02a0d532dc2e64fd4bc69e940ab2061b98b60685eb
p01-s03-c0065-v210-adaptive-g1000-sb0012	p01-s03-c0065	sb0012	new-simulation	p01-s03-c0065-v210-adaptive-g1000-sb0012	100	a854f6a03541a899f54b287fe4209172f3ee136451e85b73a2a82c8d06578469	ec6eb7bb1f79d9eacf0a7689722a1eee306c61b2e41fa2d19efeb20cf938262c
p01-s03-c0066-v210-adaptive-g1000-sb0001-reused	p01-s03-c0066	sb0001	reused-passage-100	p01-s02-c0021-v210-m010-g250-sb0001	100	1d99591647b82c1fb24e8f0ec21107e12dc8688c166195608cb53c4b0352c08e	not-frozen-for-reuse
p01-s03-c0066-v210-adaptive-g1000-sb0002-reused	p01-s03-c0066	sb0002	reused-passage-100	p01-s02-c0021-v210-m010-g250-sb0002	100	1d99591647b82c1fb24e8f0ec21107e12dc8688c166195608cb53c4b0352c08e	not-frozen-for-reuse
p01-s03-c0066-v210-adaptive-g1000-sb0003-reused	p01-s03-c0066	sb0003	reused-passage-100	p01-s02-c0021-v210-m010-g250-sb0003	100	1d99591647b82c1fb24e8f0ec21107e12dc8688c166195608cb53c4b0352c08e	not-frozen-for-reuse
p01-s03-c0066-v210-adaptive-g1000-sb0004-reused	p01-s03-c0066	sb0004	reused-passage-100	p01-s02-c0021-v210-m010-g250-sb0004	100	1d99591647b82c1fb24e8f0ec21107e12dc8688c166195608cb53c4b0352c08e	not-frozen-for-reuse
p01-s03-c0066-v210-adaptive-g1000-sb0005-reused	p01-s03-c0066	sb0005	reused-passage-100	p01-s02-c0021-v210-m010-g250-sb0005	100	1d99591647b82c1fb24e8f0ec21107e12dc8688c166195608cb53c4b0352c08e	not-frozen-for-reuse
p01-s03-c0066-v210-adaptive-g1000-sb0006-reused	p01-s03-c0066	sb0006	reused-passage-100	p01-s02-c0021-v210-m010-g250-sb0006	100	1d99591647b82c1fb24e8f0ec21107e12dc8688c166195608cb53c4b0352c08e	not-frozen-for-reuse
p01-s03-c0066-v210-adaptive-g1000-sb0007-reused	p01-s03-c0066	sb0007	reused-passage-100	p01-s02-c0021-v210-m010-g250-sb0007	100	1d99591647b82c1fb24e8f0ec21107e12dc8688c166195608cb53c4b0352c08e	not-frozen-for-reuse
p01-s03-c0066-v210-adaptive-g1000-sb0008-reused	p01-s03-c0066	sb0008	reused-passage-100	p01-s02-c0021-v210-m010-g250-sb0008	100	1d99591647b82c1fb24e8f0ec21107e12dc8688c166195608cb53c4b0352c08e	not-frozen-for-reuse
p01-s03-c0066-v210-adaptive-g1000-sb0009-reused	p01-s03-c0066	sb0009	reused-passage-100	p01-s02-c0021-v210-m010-g250-sb0009	100	1d99591647b82c1fb24e8f0ec21107e12dc8688c166195608cb53c4b0352c08e	not-frozen-for-reuse
p01-s03-c0066-v210-adaptive-g1000-sb0010-reused	p01-s03-c0066	sb0010	reused-passage-100	p01-s02-c0021-v210-m010-g250-sb0010	100	1d99591647b82c1fb24e8f0ec21107e12dc8688c166195608cb53c4b0352c08e	not-frozen-for-reuse
p01-s03-c0066-v210-adaptive-g1000-sb0011-reused	p01-s03-c0066	sb0011	reused-passage-100	p01-s02-c0021-v210-m010-g250-sb0011	100	1d99591647b82c1fb24e8f0ec21107e12dc8688c166195608cb53c4b0352c08e	not-frozen-for-reuse
p01-s03-c0066-v210-adaptive-g1000-sb0012-reused	p01-s03-c0066	sb0012	reused-passage-100	p01-s02-c0021-v210-m010-g250-sb0012	100	1d99591647b82c1fb24e8f0ec21107e12dc8688c166195608cb53c4b0352c08e	not-frozen-for-reuse
p01-s03-c0067-v210-adaptive-g1000-sb0001	p01-s03-c0067	sb0001	new-simulation	p01-s03-c0067-v210-adaptive-g1000-sb0001	100	c4426b1d00b2cd298e64bbf941671b5d0f9d5191e619fea6064630b8d56ab368	70e2ae0e2334fe818e05da8b64fe0b6c96dcd312f37106df03f5e7e814d8dc33
p01-s03-c0067-v210-adaptive-g1000-sb0002	p01-s03-c0067	sb0002	new-simulation	p01-s03-c0067-v210-adaptive-g1000-sb0002	100	572a3227a393529241d71bb48177a0542a990006b554e4b3b9ea35c32b263d57	aa79270c954f057e4b6ade2de474fa9c8b0c09b1608b339de62a2ac112d82b8b
p01-s03-c0067-v210-adaptive-g1000-sb0003	p01-s03-c0067	sb0003	new-simulation	p01-s03-c0067-v210-adaptive-g1000-sb0003	100	aa99f22336d8392192603a8801a1b333cc7be09a559e9630c0aedea788c60dde	8805a2bfcfb2988cd2734224018f70204c63511de7379f9d1ff02bfea6e39236
p01-s03-c0067-v210-adaptive-g1000-sb0004	p01-s03-c0067	sb0004	new-simulation	p01-s03-c0067-v210-adaptive-g1000-sb0004	100	657cc8d1e01f128b64acdf333dcb2c1a424e9d1990b1ea854f6f19ebd3238a97	3d0894b64607847d0cdce700000a43dce6f2e9d7fa9f5f50afce5aa8b40c289b
p01-s03-c0067-v210-adaptive-g1000-sb0005	p01-s03-c0067	sb0005	new-simulation	p01-s03-c0067-v210-adaptive-g1000-sb0005	100	5fa8485078d6dc0b330e7376f88752d6ff393826e50b25e2af549db0f7ccd495	b1fb2ae05f2d344982b3f32cd6157af841f62ba6fce6751ceb13bceab3b8efd8
p01-s03-c0067-v210-adaptive-g1000-sb0006	p01-s03-c0067	sb0006	new-simulation	p01-s03-c0067-v210-adaptive-g1000-sb0006	100	a9a5540a4c8533ac0a12d39bca74307f17d667e28d1a4502b7d511dcba334c06	25c04966af9d297feeb084be96b1aab81d9b3546b9f20c7ec64b8c75b696f6fa
p01-s03-c0067-v210-adaptive-g1000-sb0007	p01-s03-c0067	sb0007	new-simulation	p01-s03-c0067-v210-adaptive-g1000-sb0007	100	81cdf9411a7ec08a22653cb39ce7ea6e284374eb4d3a7077fa5479cdccc3da46	236403fddb461d4203b8123c87ff3cda52ed8fce6c529009d8b69966b3b455d1
p01-s03-c0067-v210-adaptive-g1000-sb0008	p01-s03-c0067	sb0008	new-simulation	p01-s03-c0067-v210-adaptive-g1000-sb0008	100	127975c0930b89882349f011a9a7d2abfc8517787df929c07142214130756c82	e9ff1622535c0d8be89e542410717fdeb44e9858ad3955a2d1cb9bf154f8f062
p01-s03-c0067-v210-adaptive-g1000-sb0009	p01-s03-c0067	sb0009	new-simulation	p01-s03-c0067-v210-adaptive-g1000-sb0009	100	04f8affb953539b1691c5a6a7bdf67b61a627fe01fec010c41476005f007cb2b	6633b29ab9ad56523bbcefd52f4f994bb3026592cd4494dc150cc9237272cc13
p01-s03-c0067-v210-adaptive-g1000-sb0010	p01-s03-c0067	sb0010	new-simulation	p01-s03-c0067-v210-adaptive-g1000-sb0010	100	e6ef5e7746a89b1aefd0452d18fb3b153d0239d611650098e307c0f9e49ad5f2	108b85798101806d695fe93c1d4620ade04e936256a9800f842b6f89d7ea298a
p01-s03-c0067-v210-adaptive-g1000-sb0011	p01-s03-c0067	sb0011	new-simulation	p01-s03-c0067-v210-adaptive-g1000-sb0011	100	890ba1b1f458d91df3b843fa8b0b248b91b34dc2da125458cf0432c6682e8cf9	bfdf91057740ac49c9abf3ae36a5c61f23f9263cd2a702e466972c8a4e7ada1a
p01-s03-c0067-v210-adaptive-g1000-sb0012	p01-s03-c0067	sb0012	new-simulation	p01-s03-c0067-v210-adaptive-g1000-sb0012	100	4e17f923480e90e5d1a70ff42b432619761c53e434e69a2e3e53f0fad0c76881	b3022cd0c035fdea3b242822ffe74fc866e204c63ab980c1dd6d283376bfc39d
p01-s03-c0068-v210-adaptive-g1000-sb0001	p01-s03-c0068	sb0001	new-simulation	p01-s03-c0068-v210-adaptive-g1000-sb0001	100	9c8461cca49e65114cf7f42faf0435ee721cecf4d612f7facc963c7888356bbd	ec067d082abff8394eee9d26e945d0236c43580bfd46ab46dadd1d1cac86eaa7
p01-s03-c0068-v210-adaptive-g1000-sb0002	p01-s03-c0068	sb0002	new-simulation	p01-s03-c0068-v210-adaptive-g1000-sb0002	100	7e245fe04d1897fc1aa990eb0a23f5fc497968ace3b4f30ba04093ecf26fb317	20de0f8fd917e6d4781f6b60a1d7ce806c2459a24bc29b4fcebdfd28b7c7bc46
p01-s03-c0068-v210-adaptive-g1000-sb0003	p01-s03-c0068	sb0003	new-simulation	p01-s03-c0068-v210-adaptive-g1000-sb0003	100	f93de003bc879f086562d4bbe98432c93d60337c0fbe6faadd58f5d497fe8908	4da97539d0e3c732054434a69351c470184dbf36983aef9777c2d360cc68ef5b
p01-s03-c0068-v210-adaptive-g1000-sb0004	p01-s03-c0068	sb0004	new-simulation	p01-s03-c0068-v210-adaptive-g1000-sb0004	100	e95c45bf612c6e2d112b27b5e4c46334e6f43d97d49eb67bb3a432132fa0d00e	2ae2cbbdfaa9d8cb8d7bb50e1de5053357261ffc3559c5b28af8d9f1d1177ec2
p01-s03-c0068-v210-adaptive-g1000-sb0005	p01-s03-c0068	sb0005	new-simulation	p01-s03-c0068-v210-adaptive-g1000-sb0005	100	d6a611dde8a0ec6b7f873ab56d00b729628d8e4292bbf1654fea024a860e078c	05ada1722abcb90193e850961d9d1d6fbae7404061c18148996b155328a25da1
p01-s03-c0068-v210-adaptive-g1000-sb0006	p01-s03-c0068	sb0006	new-simulation	p01-s03-c0068-v210-adaptive-g1000-sb0006	100	7a49bd5f6e5affbdd175e455069ac7d28a4129b1df7afe5f06f87df4a13ef7b7	c26004ba450ec8543d57e05acb031d4b22fe6e6776c49a8390e2e69dcc1bc107
p01-s03-c0068-v210-adaptive-g1000-sb0007	p01-s03-c0068	sb0007	new-simulation	p01-s03-c0068-v210-adaptive-g1000-sb0007	100	a060980cd51919904d17da7c9505b96d2ece64b9e518edeca87651ed25e4b55d	a213dacaeeb6a0be457b3724c3603b38461a969231923a91991826c35b7eda98
p01-s03-c0068-v210-adaptive-g1000-sb0008	p01-s03-c0068	sb0008	new-simulation	p01-s03-c0068-v210-adaptive-g1000-sb0008	100	5ff25bb461e7464b72522ac8517aeee5f064ef3be9fd2bd9e83c14ad159ce044	4f8aa9bdef0fa48f6e1b38eac70e3b55ad9c6c6a46d81f2021eb49edb543324a
p01-s03-c0068-v210-adaptive-g1000-sb0009	p01-s03-c0068	sb0009	new-simulation	p01-s03-c0068-v210-adaptive-g1000-sb0009	100	7df0c18ed02e6d43208597a8f7bef729a3729ade33570378deb89b9e1f5d16c3	06197f6c2730c995c2036809335002e10242a63d152c7841dbf711f07e5eeef4
p01-s03-c0068-v210-adaptive-g1000-sb0010	p01-s03-c0068	sb0010	new-simulation	p01-s03-c0068-v210-adaptive-g1000-sb0010	100	862ed3206ff49d84051b6ba994735e7bccb2098d8042ab3d66e1385fda1ce231	be740c6059a06b925a2928f93c502e93e96b9ab1e173f3b9c4d4f765b931e7c6
p01-s03-c0068-v210-adaptive-g1000-sb0011	p01-s03-c0068	sb0011	new-simulation	p01-s03-c0068-v210-adaptive-g1000-sb0011	100	2c975d4a8c73f2a8a7e46190156360ed79e6b2a429932ee3924bde9c04ff98d5	983cf88620362fcfd2ae8c5692c3232dcf0bbae72144c7727b27ebb7baefccd6
p01-s03-c0068-v210-adaptive-g1000-sb0012	p01-s03-c0068	sb0012	new-simulation	p01-s03-c0068-v210-adaptive-g1000-sb0012	100	d74a3f03aef2e147dcb0ff3840e84aec26842a7d28f5bb4f49201cf3843cfccd	b4a474d263192bc134eae2b5a56109489cf653ebbeacbb3860758b61d1e1383f
p01-s03-c0069-v210-adaptive-g1000-sb0001	p01-s03-c0069	sb0001	new-simulation	p01-s03-c0069-v210-adaptive-g1000-sb0001	100	d810af4fa309c89f252d575569d0409c323f029beaf90bcf351504d0eaca33a0	49e843be956ec00717052dc8f13896d3774fc20806f9523e90413426cb898fcd
p01-s03-c0069-v210-adaptive-g1000-sb0002	p01-s03-c0069	sb0002	new-simulation	p01-s03-c0069-v210-adaptive-g1000-sb0002	100	75ebb6a649a06a44060dd62eb88d56a2f957683b4379191ae0065fe762526a33	1cdeb7ebacc8d79fde78c98ffc1ba576093754bdc6fa1f951230960d78ff0af6
p01-s03-c0069-v210-adaptive-g1000-sb0003	p01-s03-c0069	sb0003	new-simulation	p01-s03-c0069-v210-adaptive-g1000-sb0003	100	b3ec8c6f3e4f026a9faed0923e3826fa8826753870c4790714f8a8c91de64555	4b937839cf4acbdddb5b8b6da11afa70e9a936b8218e8b3903b8b39e0e12b244
p01-s03-c0069-v210-adaptive-g1000-sb0004	p01-s03-c0069	sb0004	new-simulation	p01-s03-c0069-v210-adaptive-g1000-sb0004	100	7f1bde05c7e1bb79c68dd49fa92af9af6ee7bdd7efb9b4edc8f324433dbf80c9	a4d902533e425f0625ab0403db128811e2930bfa9d249e44998da6d44e0359b7
p01-s03-c0069-v210-adaptive-g1000-sb0005	p01-s03-c0069	sb0005	new-simulation	p01-s03-c0069-v210-adaptive-g1000-sb0005	100	3632e7f1ab90df2aedc7c5f249d949d16c51c1f7049134cf5c02e97e182d1c8b	46f2261e0b1ddf23d387df3ebac9c92f2b2ee76605424bcdbdb986737ddb92c1
p01-s03-c0069-v210-adaptive-g1000-sb0006	p01-s03-c0069	sb0006	new-simulation	p01-s03-c0069-v210-adaptive-g1000-sb0006	100	59da4be7e1c9b91d0269660aabf74bf4c99f075bcddaa43fbe1b311989cc3473	339d486888a09ed9ad792adad0619d33e8f83cade90c966b4c0ef4cc066629c1
p01-s03-c0069-v210-adaptive-g1000-sb0007	p01-s03-c0069	sb0007	new-simulation	p01-s03-c0069-v210-adaptive-g1000-sb0007	100	49ab88ac6ee3192dff87fac611d5e1fd3d2f686ffface4ff986ca0577376eb4f	7d727f52df83b5e2ab765a5a4836833a7c792a8f8c39560a59886a19f63ad049
p01-s03-c0069-v210-adaptive-g1000-sb0008	p01-s03-c0069	sb0008	new-simulation	p01-s03-c0069-v210-adaptive-g1000-sb0008	100	d22fdd8080825099323c41976008b854815863d5c97707e0e82f478d99095481	08c5e9047f7d41f3c3c9b42c2e70ccc3ae4301caff8db0b9f036edeae50393f9
p01-s03-c0069-v210-adaptive-g1000-sb0009	p01-s03-c0069	sb0009	new-simulation	p01-s03-c0069-v210-adaptive-g1000-sb0009	100	8533d27ba534e0825bf6c93d4fd2d7ccedaf596ebb285784b81c151209961a32	84ca23ffaa44e3388cce27e41c344d6599f665e2479a482043646bde52e69602
p01-s03-c0069-v210-adaptive-g1000-sb0010	p01-s03-c0069	sb0010	new-simulation	p01-s03-c0069-v210-adaptive-g1000-sb0010	100	fbe2fd27075367307b203aff546f2994eecb883aeed36c7fde943732163736bd	dd644d0bed445fd4d4b56dd81df6828ff1550903613e6c611d0e86ec0b383ae0
p01-s03-c0069-v210-adaptive-g1000-sb0011	p01-s03-c0069	sb0011	new-simulation	p01-s03-c0069-v210-adaptive-g1000-sb0011	100	a31a65c57b8194a1bcb7ec77a3b936df2a6ae397b100600deee4c8b846ef698d	aad1c98f72809eef314e88b71f02ad36fdd8d4b67a5a7c6159b57734e0a54155
p01-s03-c0069-v210-adaptive-g1000-sb0012	p01-s03-c0069	sb0012	new-simulation	p01-s03-c0069-v210-adaptive-g1000-sb0012	100	89c0b63b1ac2b1a172141d297424da71e8e4c5f27532ce5018134608162de234	cd4f58e4feb232f68af6d65127918735b162606be806fe2dfa4f540a70bf3d41
p01-s03-c0070-v210-adaptive-g1000-sb0001	p01-s03-c0070	sb0001	new-simulation	p01-s03-c0070-v210-adaptive-g1000-sb0001	100	496671587ef27a0bd2e1716b8e026687a93259ba99dc7fbe4e50132d71fa6159	d4c5628e81295c060930425ef603945deec1fbdde5240d96fe0dad1ae1969ccc
p01-s03-c0070-v210-adaptive-g1000-sb0002	p01-s03-c0070	sb0002	new-simulation	p01-s03-c0070-v210-adaptive-g1000-sb0002	100	7a5625ceb352f61fc8d8cecabfc7e411b921545cc873d69cf43efa550a7961ea	eba32ba34308ff79b2b0f0d10eb1dbffea5a625c4b67c73b61557c4a3f221e9a
p01-s03-c0070-v210-adaptive-g1000-sb0003	p01-s03-c0070	sb0003	new-simulation	p01-s03-c0070-v210-adaptive-g1000-sb0003	100	8a49d95b5a16547d1af8718f9ff38df1ce68a2763efef6a42f4d2cb4497f3d40	09906804395ffeb651ae7ece2b425f3552217375f90db26980ad2383b4011246
p01-s03-c0070-v210-adaptive-g1000-sb0004	p01-s03-c0070	sb0004	new-simulation	p01-s03-c0070-v210-adaptive-g1000-sb0004	100	4a7d2874fc9929b3009e8a416cadc14bc98e09651595fa46067cc170654f7048	b5d72ec227d669610b7f5a416e91021d85bf0b18a927564e5a329052168b8a8e
p01-s03-c0070-v210-adaptive-g1000-sb0005	p01-s03-c0070	sb0005	new-simulation	p01-s03-c0070-v210-adaptive-g1000-sb0005	100	8945fadb088fa10fc5334c0d9406c51b684687325023f732b7fefddbfefa8ba4	ab871c6b2ebc5f23c50bbaefce5bda3079efdf1eeec5fdb75c589158e01313d1
p01-s03-c0070-v210-adaptive-g1000-sb0006	p01-s03-c0070	sb0006	new-simulation	p01-s03-c0070-v210-adaptive-g1000-sb0006	100	93cfc4391e428f1b364583b44e0efb0a6d4fbaa6ca631d1424e126e9ee95679f	560b72c213e723373a3a5b01816e0c4c07fa96092a4eb02fcb84e94a86c8287a
p01-s03-c0070-v210-adaptive-g1000-sb0007	p01-s03-c0070	sb0007	new-simulation	p01-s03-c0070-v210-adaptive-g1000-sb0007	100	c1ccab199ce3256258940a7922dc098cbb85ebadd4ac3fc2e87bc39492c5ac14	0695cd245ec97ca1b9a82a1d39b3c58d1d09b698550756f509b9ca9ee6e5906f
p01-s03-c0070-v210-adaptive-g1000-sb0008	p01-s03-c0070	sb0008	new-simulation	p01-s03-c0070-v210-adaptive-g1000-sb0008	100	d3f5a16c02147fb31001b13b09e0d5b3adc929d7b15d598c3609bd1eb9762c5a	e0770eddbdf8b5f0a36400e3c02912685b4570a7ebad67b03b0e43047e01dc4f
p01-s03-c0070-v210-adaptive-g1000-sb0009	p01-s03-c0070	sb0009	new-simulation	p01-s03-c0070-v210-adaptive-g1000-sb0009	100	1a08480a545b7acee243ac4e272da7da68db9e72c9bbaa9d76211adeed5041c2	d16f8b18bd26b38ee262e02688b17cefece91e326d1c028406dd87fa255e2945
p01-s03-c0070-v210-adaptive-g1000-sb0010	p01-s03-c0070	sb0010	new-simulation	p01-s03-c0070-v210-adaptive-g1000-sb0010	100	1931c426b30f4a4e440cd973c36b95946118eb4ff216e3279afc61e79f31ee44	97ced3b6fed3e4c0679ea42790c237d783bbeafef0f7d699ed0a790b190c9e34
p01-s03-c0070-v210-adaptive-g1000-sb0011	p01-s03-c0070	sb0011	new-simulation	p01-s03-c0070-v210-adaptive-g1000-sb0011	100	2df0934e33e1965ea335bbea1037c18b6051e6a107e01d00537e7a7b9e98acbe	bfa288b5e620f265d3f5d408d937bf4f826fe622586ff4603f01c1d8b44e3e2b
p01-s03-c0070-v210-adaptive-g1000-sb0012	p01-s03-c0070	sb0012	new-simulation	p01-s03-c0070-v210-adaptive-g1000-sb0012	100	f1c780bb8c2c6d54dd6588247f7601115675151f7febff3d8dc39ab3bf4e6c55	b15d5a5c8166d03117bfda39a21a3b470d25b8fe6a5a172601f5dbf527c917e6
p01-s03-c0071-v210-adaptive-g1000-sb0001	p01-s03-c0071	sb0001	new-simulation	p01-s03-c0071-v210-adaptive-g1000-sb0001	100	0cba63d47bba7b016927877da5c7f89882c48ec8c308c22c36f5eeecb2d39b99	2e73e44cb2c83815cba863d6d8f3852b7d172ec1816b0bfd88e4adfda0cda718
p01-s03-c0071-v210-adaptive-g1000-sb0002	p01-s03-c0071	sb0002	new-simulation	p01-s03-c0071-v210-adaptive-g1000-sb0002	100	33bc89e97389a10cb2720101130f13d70fb3a82f0994c8439eca2364413265db	7a5dbfc424d7a8ebf5fe2f6ebf26f037e9c52792b1f8bb2934e15aa69ee535cb
p01-s03-c0071-v210-adaptive-g1000-sb0003	p01-s03-c0071	sb0003	new-simulation	p01-s03-c0071-v210-adaptive-g1000-sb0003	100	d7f810ab5618ab275109c74ae92d83a33979825c16bf76c96ad6bfa65c207668	ca7ee24700ba143ca65d18ce97c79ebe29b729d206f40bd2f7aa8c3090ad8ea0
p01-s03-c0071-v210-adaptive-g1000-sb0004	p01-s03-c0071	sb0004	new-simulation	p01-s03-c0071-v210-adaptive-g1000-sb0004	100	b0c7c0c5530e0244cfa1736704ef50dba87a8a8b158781e423da440945ac25a4	d9bd0a8c7671d809a6f203f01934771ada3930007884c52d3fb5038e5a904412
p01-s03-c0071-v210-adaptive-g1000-sb0005	p01-s03-c0071	sb0005	new-simulation	p01-s03-c0071-v210-adaptive-g1000-sb0005	100	7cfb886c7542acecae6c8760c9c5c0e6d399274aa291a665d77803d995c89ffc	fa34c358496dd0dd4c492e45d48989147dba2aa6a1c923b1518a4f41722d7e0a
p01-s03-c0071-v210-adaptive-g1000-sb0006	p01-s03-c0071	sb0006	new-simulation	p01-s03-c0071-v210-adaptive-g1000-sb0006	100	dfb362db6e234c943e8937ec26965e7685575ca88b1f6cb75bfc2292fc5a69ec	9d1a225eed6cca45129e36505c7b89650df553cbcfb30e425518a6327a7622a6
p01-s03-c0071-v210-adaptive-g1000-sb0007	p01-s03-c0071	sb0007	new-simulation	p01-s03-c0071-v210-adaptive-g1000-sb0007	100	62d855a757259f79e623c90d7fa05554c6db3c540884a25f1e599e0bacb86858	46e0de6152be1d3cfb705b5df817dd7ee40e39e89bba0368e96e58d7aa2063e4
p01-s03-c0071-v210-adaptive-g1000-sb0008	p01-s03-c0071	sb0008	new-simulation	p01-s03-c0071-v210-adaptive-g1000-sb0008	100	cfac56bf3bdd9c7e9b5a7f33fc3cb190b6a01d5dd20673e4db1b77c9262a580e	636846e984e4d2cd84bbaaa4749bf6254bf1318f075d617b165750ebe6251e9f
p01-s03-c0071-v210-adaptive-g1000-sb0009	p01-s03-c0071	sb0009	new-simulation	p01-s03-c0071-v210-adaptive-g1000-sb0009	100	90df490fe6fa5fb8f14f3258a74b2c145d3720c993c591401c0a586dd9e58af5	fb7677844cc7c15c1dc027052d9ff4383641e6f03faea6af3ba9862c956c243c
p01-s03-c0071-v210-adaptive-g1000-sb0010	p01-s03-c0071	sb0010	new-simulation	p01-s03-c0071-v210-adaptive-g1000-sb0010	100	bbc10b674216e60eb3e0b37e67ba882dbe2b973985580cab8c8524d84df68c5a	9b8134aebe6ae9fb303116163a465d3aac6714d5da16c6f933037f514a230fe8
p01-s03-c0071-v210-adaptive-g1000-sb0011	p01-s03-c0071	sb0011	new-simulation	p01-s03-c0071-v210-adaptive-g1000-sb0011	100	dd8735c000947c7c126b00ee3cc9c88dca0ee63b3e170d641276c27c15caba8a	2e7fb9239796ae9089de5b2d87f396f949ac08d1469df5300eb73e5372021f21
p01-s03-c0071-v210-adaptive-g1000-sb0012	p01-s03-c0071	sb0012	new-simulation	p01-s03-c0071-v210-adaptive-g1000-sb0012	100	e82042882000b4dc12e7967547cda32baf9930bbf2e683c7df8e1511224adaa0	25a939fb9bf44cfff2b0658532af798793e6863c42d66aab8cc906aab04f16b2
p01-s03-c0072-v210-adaptive-g1000-sb0001	p01-s03-c0072	sb0001	new-simulation	p01-s03-c0072-v210-adaptive-g1000-sb0001	100	01cd319678a16c3d814011d2a20dd8fba88c3fd6ddc0b676e02feb08708c2493	00ffccd8f404a50c67f09dc33c23b3b0aa7f078f458b47f0c796b7af9d24823f
p01-s03-c0072-v210-adaptive-g1000-sb0002	p01-s03-c0072	sb0002	new-simulation	p01-s03-c0072-v210-adaptive-g1000-sb0002	100	0697684ebcf56b88a969318180e8df41a1b79c54917885c7ce30aa79644ffd8b	e38f61a0425019ac12d4ead6eda5503b6e85b827928630132351f9946a3b80ea
p01-s03-c0072-v210-adaptive-g1000-sb0003	p01-s03-c0072	sb0003	new-simulation	p01-s03-c0072-v210-adaptive-g1000-sb0003	100	e47b8989ab7483aab8ea90e2f0e38529ca2a329f9516031bec0e1e9d5aa1aafe	64ff22120a981b32bd7e91988c44f0f46885b6bf6e09dd950be8ca0779853813
p01-s03-c0072-v210-adaptive-g1000-sb0004	p01-s03-c0072	sb0004	new-simulation	p01-s03-c0072-v210-adaptive-g1000-sb0004	100	6a2f7a16598b062643c8c0cf60291a3a4215bf2a59e107fe474976c8bd391003	e60565f443a7a7a570a74354785a8b9132ef29fa8297cb4be12c13fea0ca7e15
p01-s03-c0072-v210-adaptive-g1000-sb0005	p01-s03-c0072	sb0005	new-simulation	p01-s03-c0072-v210-adaptive-g1000-sb0005	100	41b31e0b165e8c2635407fdcc29b67b7b76bf14e46e2cabdd6bcb8049a8a0b13	561e6af1b80d191d2e3c7ae6a200600579470611a67f0c793e6f48643d94b7a4
p01-s03-c0072-v210-adaptive-g1000-sb0006	p01-s03-c0072	sb0006	new-simulation	p01-s03-c0072-v210-adaptive-g1000-sb0006	100	200e0a19a0b015a4d752a4032c869538e4e5232db9da163fabf7512c3a0f106c	c7067e294a5f2920e44eb10fffa2922fba711b36fe1f6a60d823dd34277c6394
p01-s03-c0072-v210-adaptive-g1000-sb0007	p01-s03-c0072	sb0007	new-simulation	p01-s03-c0072-v210-adaptive-g1000-sb0007	100	4b735d92dbfc54a7c62be7f84aec12dea73e58d01d76dbb70d5680b35a8631f6	46ff790462fb137b613972f1fc67585dadf86cac8fb88faad5699aced48f461a
p01-s03-c0072-v210-adaptive-g1000-sb0008	p01-s03-c0072	sb0008	new-simulation	p01-s03-c0072-v210-adaptive-g1000-sb0008	100	e21e589fb6acdb712e51360deff452d849412c9b04f6486a6a13c232a83ab589	c1ebc5016e9366aefb12279bb0f2fa34781511e2871635cfc5a2af76d87af9d9
p01-s03-c0072-v210-adaptive-g1000-sb0009	p01-s03-c0072	sb0009	new-simulation	p01-s03-c0072-v210-adaptive-g1000-sb0009	100	e47e25b4d0bfbd2829a419763fd695276c3105d70181a2d84e37d15b15edbe6b	024399a556e7d9c98b717ee7852a7a60a1156bdfdfb32010bf46e84911cdcfc4
p01-s03-c0072-v210-adaptive-g1000-sb0010	p01-s03-c0072	sb0010	new-simulation	p01-s03-c0072-v210-adaptive-g1000-sb0010	100	6896af4502061f3a3af1c2ba3cca6e54f3857c2cc2b972c4f732e8b30de1dc72	97950c06a5352844aef472390caae9150d9b5ce5388829461346bb25b7be272a
p01-s03-c0072-v210-adaptive-g1000-sb0011	p01-s03-c0072	sb0011	new-simulation	p01-s03-c0072-v210-adaptive-g1000-sb0011	100	3e6551cd991f937d532e85b6fbdb286394df5aac01290bc72d5c37a553aaa784	1f3fa5a7edbcf6159bffa2362b7ad79e94b51764edde07cb6bffb64edb1d4a2b
p01-s03-c0072-v210-adaptive-g1000-sb0012	p01-s03-c0072	sb0012	new-simulation	p01-s03-c0072-v210-adaptive-g1000-sb0012	100	8f0ebfb68ea910d81ba3df13b89501a6438e81f3f6a508b04e473bae279c004a	c72384ee8d7ea4c18ad5cd0ace10458baab45078601d3ab081021dd60f484a8c
p01-s03-c0073-v210-adaptive-g1000-sb0001-reused	p01-s03-c0073	sb0001	reused-passage-100	p01-s03-c0037-v210-m010-g100-sb0001	100	1d99591647b82c1fb24e8f0ec21107e12dc8688c166195608cb53c4b0352c08e	not-frozen-for-reuse
p01-s03-c0073-v210-adaptive-g1000-sb0002-reused	p01-s03-c0073	sb0002	reused-passage-100	p01-s03-c0037-v210-m010-g100-sb0002	100	1d99591647b82c1fb24e8f0ec21107e12dc8688c166195608cb53c4b0352c08e	not-frozen-for-reuse
p01-s03-c0073-v210-adaptive-g1000-sb0003-reused	p01-s03-c0073	sb0003	reused-passage-100	p01-s03-c0037-v210-m010-g100-sb0003	100	1d99591647b82c1fb24e8f0ec21107e12dc8688c166195608cb53c4b0352c08e	not-frozen-for-reuse
p01-s03-c0073-v210-adaptive-g1000-sb0004-reused	p01-s03-c0073	sb0004	reused-passage-100	p01-s03-c0037-v210-m010-g100-sb0004	100	1d99591647b82c1fb24e8f0ec21107e12dc8688c166195608cb53c4b0352c08e	not-frozen-for-reuse
p01-s03-c0073-v210-adaptive-g1000-sb0005-reused	p01-s03-c0073	sb0005	reused-passage-100	p01-s03-c0037-v210-m010-g100-sb0005	100	1d99591647b82c1fb24e8f0ec21107e12dc8688c166195608cb53c4b0352c08e	not-frozen-for-reuse
p01-s03-c0073-v210-adaptive-g1000-sb0006-reused	p01-s03-c0073	sb0006	reused-passage-100	p01-s03-c0037-v210-m010-g100-sb0006	100	1d99591647b82c1fb24e8f0ec21107e12dc8688c166195608cb53c4b0352c08e	not-frozen-for-reuse
p01-s03-c0073-v210-adaptive-g1000-sb0007-reused	p01-s03-c0073	sb0007	reused-passage-100	p01-s03-c0037-v210-m010-g100-sb0007	100	1d99591647b82c1fb24e8f0ec21107e12dc8688c166195608cb53c4b0352c08e	not-frozen-for-reuse
p01-s03-c0073-v210-adaptive-g1000-sb0008-reused	p01-s03-c0073	sb0008	reused-passage-100	p01-s03-c0037-v210-m010-g100-sb0008	100	1d99591647b82c1fb24e8f0ec21107e12dc8688c166195608cb53c4b0352c08e	not-frozen-for-reuse
p01-s03-c0073-v210-adaptive-g1000-sb0009-reused	p01-s03-c0073	sb0009	reused-passage-100	p01-s03-c0037-v210-m010-g100-sb0009	100	1d99591647b82c1fb24e8f0ec21107e12dc8688c166195608cb53c4b0352c08e	not-frozen-for-reuse
p01-s03-c0073-v210-adaptive-g1000-sb0010-reused	p01-s03-c0073	sb0010	reused-passage-100	p01-s03-c0037-v210-m010-g100-sb0010	100	1d99591647b82c1fb24e8f0ec21107e12dc8688c166195608cb53c4b0352c08e	not-frozen-for-reuse
p01-s03-c0073-v210-adaptive-g1000-sb0011-reused	p01-s03-c0073	sb0011	reused-passage-100	p01-s03-c0037-v210-m010-g100-sb0011	100	1d99591647b82c1fb24e8f0ec21107e12dc8688c166195608cb53c4b0352c08e	not-frozen-for-reuse
p01-s03-c0073-v210-adaptive-g1000-sb0012-reused	p01-s03-c0073	sb0012	reused-passage-100	p01-s03-c0037-v210-m010-g100-sb0012	100	1d99591647b82c1fb24e8f0ec21107e12dc8688c166195608cb53c4b0352c08e	not-frozen-for-reuse
p01-s03-c0074-v210-adaptive-g1000-sb0001	p01-s03-c0074	sb0001	new-simulation	p01-s03-c0074-v210-adaptive-g1000-sb0001	100	ea9738c4c863a46a92732f5e8475dbcee1a22a58df6c51f5845df2fd81cd30e2	646cf2b1ad8d9d08d6cfae7fbdd1d0b63f734c811e2fb16bc9a9da0537527f5b
p01-s03-c0074-v210-adaptive-g1000-sb0002	p01-s03-c0074	sb0002	new-simulation	p01-s03-c0074-v210-adaptive-g1000-sb0002	100	e4553a7988e3cff4f823b8c57ddaaac65859c3e1ab7317148ab0ba7e4779baa8	284fdb461be0193a5b4fc1d0a3d8b8b7fe451b145c1477ab1ed9a5c41ec53d06
p01-s03-c0074-v210-adaptive-g1000-sb0003	p01-s03-c0074	sb0003	new-simulation	p01-s03-c0074-v210-adaptive-g1000-sb0003	100	e920e26d4b0aa17e662822c975ae3aeedb6ada02bb69e7b01314bd6753ff093d	1e2fa1d1fa33e977492e50a48de6d6d2dc1d1b56569b1be218228949614bd69b
p01-s03-c0074-v210-adaptive-g1000-sb0004	p01-s03-c0074	sb0004	new-simulation	p01-s03-c0074-v210-adaptive-g1000-sb0004	100	1830d1ceed87a7339217912f89e0600741c732cab047a74e2bb93634cb450568	01695e8d1c8bdcb5f1a8665a918ddbb0041e94be83cff07046b3e003df616df1
p01-s03-c0074-v210-adaptive-g1000-sb0005	p01-s03-c0074	sb0005	new-simulation	p01-s03-c0074-v210-adaptive-g1000-sb0005	100	be48eb0e3c0f1d555e36a864f5ad96939a62301f4206422c377801bd227f05a5	0964f4062e462f03739b906fa82e6cb07b90d6e545ec9b5100099c1d6ec2853e
p01-s03-c0074-v210-adaptive-g1000-sb0006	p01-s03-c0074	sb0006	new-simulation	p01-s03-c0074-v210-adaptive-g1000-sb0006	100	cf9ad573a22bf84696c875f9e52f75c3a09b36bf24e4cb260497b1a9c2e6b8c2	fc42bee89016ccb1c1836b42b25c7fb4937a6c8d5df524a0580e87ce38cc572c
p01-s03-c0074-v210-adaptive-g1000-sb0007	p01-s03-c0074	sb0007	new-simulation	p01-s03-c0074-v210-adaptive-g1000-sb0007	100	65005151e0b1c47e3499c9bc3a7809a868791104cddd2826e78bf91191a8c5ca	0b8a5ed7c1839aef1f51dfc827e5fd1fff6379b4a971132282cc2ec249e33463
p01-s03-c0074-v210-adaptive-g1000-sb0008	p01-s03-c0074	sb0008	new-simulation	p01-s03-c0074-v210-adaptive-g1000-sb0008	100	0df37192f688cefc588e821dffd43bf8f8b0909a17bd37869ee801d67befa746	5b26d4c24bedf7c69ba32c2c7997eb62c5fc3c6077cebc41211d6e383a8883ab
p01-s03-c0074-v210-adaptive-g1000-sb0009	p01-s03-c0074	sb0009	new-simulation	p01-s03-c0074-v210-adaptive-g1000-sb0009	100	f7483f5baea55ef35312d84019dd84a74085244dbf3580e0ea0e042f91367e97	d375a8c97a02af0bcf5ba0b0745c837405a401f96e718a4236b06011889e4633
p01-s03-c0074-v210-adaptive-g1000-sb0010	p01-s03-c0074	sb0010	new-simulation	p01-s03-c0074-v210-adaptive-g1000-sb0010	100	9c26b48e06a969139ccc91ac4a0e05bf81aa4604e2f0ae651fba684f5b6f0129	038bc1de765a079913ae4bafc3c4aa106d357496a14c62403180991a95b01404
p01-s03-c0074-v210-adaptive-g1000-sb0011	p01-s03-c0074	sb0011	new-simulation	p01-s03-c0074-v210-adaptive-g1000-sb0011	100	960afdd7924a97e00167e51e6fa83582d49b650a1e750504537936fff162d763	701d6970a8883ad3d064466228accb7e08acabbc05c00c94567ce848ec172c69
p01-s03-c0074-v210-adaptive-g1000-sb0012	p01-s03-c0074	sb0012	new-simulation	p01-s03-c0074-v210-adaptive-g1000-sb0012	100	5eeb0526c59b29f36365e570f6ae21eea6b01b10c3791c0cf0c813c11ac081c5	19bee8461aa5be4024be70e08f4a395950bfc9a9b93e7dd6df538dee8daf37a6
p01-s03-c0075-v210-adaptive-g1000-sb0001	p01-s03-c0075	sb0001	new-simulation	p01-s03-c0075-v210-adaptive-g1000-sb0001	100	16baccae85eecf2402e6e372b22bc145ff566b41507972394250308976433c60	4c08aa2f76e9c894a34fce02df5c900f895077d1f04c4e89c5a2055289435a6d
p01-s03-c0075-v210-adaptive-g1000-sb0002	p01-s03-c0075	sb0002	new-simulation	p01-s03-c0075-v210-adaptive-g1000-sb0002	100	46e5c5498fed3e9d5c7dde7c352ac46fc69814b7fbe32f03be6809bdc7246aa8	ccbbe8eca7f519cf2ec444655c9a5160149d7f39df8b4745096fed2b5c955b2b
p01-s03-c0075-v210-adaptive-g1000-sb0003	p01-s03-c0075	sb0003	new-simulation	p01-s03-c0075-v210-adaptive-g1000-sb0003	100	9463f506dc2ba75d134986dd8631212192879b58da614dc129468dae1cb33bc3	5d715013b4c2b791df50755807bb160d043986d27afd9c8fe97b3e2543ddf91e
p01-s03-c0075-v210-adaptive-g1000-sb0004	p01-s03-c0075	sb0004	new-simulation	p01-s03-c0075-v210-adaptive-g1000-sb0004	100	24d789e76fa7d03182449ead0a86360c23e34d264bbbf345840f9e8cdc76e9e9	2556ddf15b06e4672c5b8f3199ad7d6c600cc8f42f266d7ac446ea4b8d3a128d
p01-s03-c0075-v210-adaptive-g1000-sb0005	p01-s03-c0075	sb0005	new-simulation	p01-s03-c0075-v210-adaptive-g1000-sb0005	100	bb7fad00fd94de7b383793b82d1ffb5b86c7caa3483c2e5da4ac08a794888125	3ae268969d205bff86e0b6fdf3f032dc53faa330f176b3906a71f680312f3412
p01-s03-c0075-v210-adaptive-g1000-sb0006	p01-s03-c0075	sb0006	new-simulation	p01-s03-c0075-v210-adaptive-g1000-sb0006	100	f50d4a5c6a8cc0ec09f57b72efe27aaa075e83b877284cab111cd17665df5fb9	7de167e77e0202a089c05c6ba6e301add399a93b5aa8b3bbf1043f48dcd4a936
p01-s03-c0075-v210-adaptive-g1000-sb0007	p01-s03-c0075	sb0007	new-simulation	p01-s03-c0075-v210-adaptive-g1000-sb0007	100	8fcdd501c36d8a17f6eab5aff1bd1cac40bb08f9de105b8599b8c60aaf04a77a	6745f6122d350961bc755d703d9489138d6ba5fd141a6631268486997745e5c8
p01-s03-c0075-v210-adaptive-g1000-sb0008	p01-s03-c0075	sb0008	new-simulation	p01-s03-c0075-v210-adaptive-g1000-sb0008	100	8fc214d489766281e5c43db8784015a73ec93579c12b12e0ea628b1059393895	0dac01d8e470c57f4be0b8c066868e62b146f09c0a59a64ff4e72da3a7ccce29
p01-s03-c0075-v210-adaptive-g1000-sb0009	p01-s03-c0075	sb0009	new-simulation	p01-s03-c0075-v210-adaptive-g1000-sb0009	100	a0a5f0d8f6d383ae6a14d58ea019e5f30fe5c4961982dbbd0ed3c124f3714894	995ff4e750f56c4302e773eb91ca295d54ec68ae1db7d6e9eb06739402ccee60
p01-s03-c0075-v210-adaptive-g1000-sb0010	p01-s03-c0075	sb0010	new-simulation	p01-s03-c0075-v210-adaptive-g1000-sb0010	100	f192532e9b735a535f222d646d19ef1430aaa4a3b8a577bd83edeb0b025246dd	cc6fe697bbb9ae57ab708d9916f5dfeb6cd603a996c2365e6570ba4df3a9d188
p01-s03-c0075-v210-adaptive-g1000-sb0011	p01-s03-c0075	sb0011	new-simulation	p01-s03-c0075-v210-adaptive-g1000-sb0011	100	7a49badd88ac8be2aeabac7ec169821bf02520d9a7bda5b5a393ca5d1756a4e8	d7611e21837933d60825508f3d8200a62ea4963a6480593a91cd30da584099f8
p01-s03-c0075-v210-adaptive-g1000-sb0012	p01-s03-c0075	sb0012	new-simulation	p01-s03-c0075-v210-adaptive-g1000-sb0012	100	2b2c41d919a79cf57c066de0ede79203ce3a5ce6eaa6bbb8e441e359cecf2bda	3d6b611952b5b48c0252c3cad2fa0c2ca46e688ef942e5777a899d82e1e6f1c1
p01-s03-c0076-v210-adaptive-g1000-sb0001	p01-s03-c0076	sb0001	new-simulation	p01-s03-c0076-v210-adaptive-g1000-sb0001	100	ae66196590cd9bd7c6f61a9328fad02995e8a1375a7ceb612c1bc4b9e403503e	e7938cd3d3673cfe26e48c3e47fd774cc6e7595f5b216de948b93977fe8efa17
p01-s03-c0076-v210-adaptive-g1000-sb0002	p01-s03-c0076	sb0002	new-simulation	p01-s03-c0076-v210-adaptive-g1000-sb0002	100	559238ccdf0efba90585ed971222c1cca038af21726152859a91b6caf523a1a2	e16762eafc5dab1d13364e6267f3a9578ed3a307ae9445ad7db15d43cc325381
p01-s03-c0076-v210-adaptive-g1000-sb0003	p01-s03-c0076	sb0003	new-simulation	p01-s03-c0076-v210-adaptive-g1000-sb0003	100	a6c3b24b5e0ae0c7d7421d0f39c0e62538ad55a126016e97468452491e1e8dde	91f8a5f46b79b5ff8c0b20f819e9a81522a20c8353603fe2bed7ad6866842c92
p01-s03-c0076-v210-adaptive-g1000-sb0004	p01-s03-c0076	sb0004	new-simulation	p01-s03-c0076-v210-adaptive-g1000-sb0004	100	6ee08add24186af929bc33e27444119ab639569ecd3aa3e97af6d0589f33bc92	2ec7d289b17da991756d8aea553a03efa979678fcffba4021fe9b5e3dac1237b
p01-s03-c0076-v210-adaptive-g1000-sb0005	p01-s03-c0076	sb0005	new-simulation	p01-s03-c0076-v210-adaptive-g1000-sb0005	100	b6b2a87b926c3cf7a0eec0a19d56baa3d24ab3fcf4e1a4dab6f745eaffa11115	7aad11182ac9ebd41208c6911ec940b7f81c3088e80aac2c6a84129f629721a0
p01-s03-c0076-v210-adaptive-g1000-sb0006	p01-s03-c0076	sb0006	new-simulation	p01-s03-c0076-v210-adaptive-g1000-sb0006	100	5be4a85d1029de125b81869ea4d09212d67924d4298204ab7ddc76ff7fc5d048	c0c9990468f6ad050bad5529147544733cfd8aaad3360214348725f0147e8423
p01-s03-c0076-v210-adaptive-g1000-sb0007	p01-s03-c0076	sb0007	new-simulation	p01-s03-c0076-v210-adaptive-g1000-sb0007	100	5ef03e5f95e12a051ea5495b5797f5806d10626034fafceaa76cab2afbbd86ac	78915c3d1e425332ea0da865ac5763cff5f51cce74a3266c21722b5ef3b75198
p01-s03-c0076-v210-adaptive-g1000-sb0008	p01-s03-c0076	sb0008	new-simulation	p01-s03-c0076-v210-adaptive-g1000-sb0008	100	47de9932297f9ae2e863f6ea7224817e1ecbca9680e9a25882b4615bb00a5e99	345cebc04b8410c47d1b0c771128b76ff822e802b17735d8e08f725e91e9ae37
p01-s03-c0076-v210-adaptive-g1000-sb0009	p01-s03-c0076	sb0009	new-simulation	p01-s03-c0076-v210-adaptive-g1000-sb0009	100	d8860b544b80cf61fdd20e9deadbb084a516413185cfbee350b8dc290ac717fb	1c3f0bf56a8fb7116b525804dace3fbaf075c33c904a00407e00486ed499dda2
p01-s03-c0076-v210-adaptive-g1000-sb0010	p01-s03-c0076	sb0010	new-simulation	p01-s03-c0076-v210-adaptive-g1000-sb0010	100	e48f0241d11668ba48f4af8f77272e4cc531cba9bab022ed7121daa986b5e5b6	acfe37650aaded40e8ad73cac34de2d3e9fb0eece1b11b2ea8750fe2d2a92dab
p01-s03-c0076-v210-adaptive-g1000-sb0011	p01-s03-c0076	sb0011	new-simulation	p01-s03-c0076-v210-adaptive-g1000-sb0011	100	8b8738b876b6b773e81725af2e4f4c9fa36b85e3aaddada271065fab67462762	5946471100b2ce27c696473f295e8bcfe9ceb01d7a17e59b9c6d2401fab28b3e
p01-s03-c0076-v210-adaptive-g1000-sb0012	p01-s03-c0076	sb0012	new-simulation	p01-s03-c0076-v210-adaptive-g1000-sb0012	100	8a1c8bf134864528e10f9f7bc5c7c497cdaf7f9ba04f9c481937d44a96f4bbad	d7a9765e18f25ccf4014aaa2986f9d05b555816ebebaff5e6af0405d73ff419f
p01-s03-c0077-v210-adaptive-g1000-sb0001	p01-s03-c0077	sb0001	new-simulation	p01-s03-c0077-v210-adaptive-g1000-sb0001	100	52c9a10b0c24bb5281569c921a060552291ca49fe41a4f345c5e9ac6df98ad46	cd54aaf7338981f6eda3a39fa42da68e8a9c86134efc3d21d7817e16f6640605
p01-s03-c0077-v210-adaptive-g1000-sb0002	p01-s03-c0077	sb0002	new-simulation	p01-s03-c0077-v210-adaptive-g1000-sb0002	100	1a8182060fc1affddb29a8baa708fac2cb73953c2c08f083b93e8a3c0ee2bbe6	b2e1b219937614e97429133848c130204639aef6f7ae8684549f2bbb5bff7a82
p01-s03-c0077-v210-adaptive-g1000-sb0003	p01-s03-c0077	sb0003	new-simulation	p01-s03-c0077-v210-adaptive-g1000-sb0003	100	67e57ac6fc35c655d87fe7f392596dd7cf4712251c4ce082886fb8b5e5a50583	8218e1cdf371e05164c37b56386853440c22bf5d28578f9c6a6e5953e8f69ee0
p01-s03-c0077-v210-adaptive-g1000-sb0004	p01-s03-c0077	sb0004	new-simulation	p01-s03-c0077-v210-adaptive-g1000-sb0004	100	8f6cff7889393f682afbd1d79dc3406d74bf2219dd1871044594488f3b481966	f1a9aa7cdc07f2a72017073d45b832d7b677a6fb676f733eac7ef3ec882741b2
p01-s03-c0077-v210-adaptive-g1000-sb0005	p01-s03-c0077	sb0005	new-simulation	p01-s03-c0077-v210-adaptive-g1000-sb0005	100	9521a8284183c9f3844e6dcbf9fe7b4c8fa261a408ae1d821b15e61f1accde21	b511c40e03bc3bca167595a9e6ce1f2095e4f26469a66877af0ef29038470762
p01-s03-c0077-v210-adaptive-g1000-sb0006	p01-s03-c0077	sb0006	new-simulation	p01-s03-c0077-v210-adaptive-g1000-sb0006	100	c3fcc06fc8ef2ee8f4e5a06f108893142f194e9841a3b1ebcfd2b14da76de332	d18118663c0ba92b41813edd8b0a56cdd65d4fcc13dab7e0e3680607ad9cd97d
p01-s03-c0077-v210-adaptive-g1000-sb0007	p01-s03-c0077	sb0007	new-simulation	p01-s03-c0077-v210-adaptive-g1000-sb0007	100	5f3f257561a2855d4e780cdb5c33cea60dd781c4b5807f823420c58619835d5e	97c7948ef1cded14bf9ef4787e9215491b79cb675229fe9cec204cd4544e92ca
p01-s03-c0077-v210-adaptive-g1000-sb0008	p01-s03-c0077	sb0008	new-simulation	p01-s03-c0077-v210-adaptive-g1000-sb0008	100	ca0632938ca0735c88b29573a65919b9b785a9f12e0820f8720a7dd7f7204ce9	bc896fbc5b365ba2df8aadf16b567b0905cb98d645bc650154b5e49802f013bf
p01-s03-c0077-v210-adaptive-g1000-sb0009	p01-s03-c0077	sb0009	new-simulation	p01-s03-c0077-v210-adaptive-g1000-sb0009	100	c14ad32e60590d786e7c49cd4f77738a8f404aefae2107b91cc29698d59fb283	401c8f5acbb9a849c4abd39d4c44fd21858838f7d8974525fd0ac8bb08102096
p01-s03-c0077-v210-adaptive-g1000-sb0010	p01-s03-c0077	sb0010	new-simulation	p01-s03-c0077-v210-adaptive-g1000-sb0010	100	ef7cc05177ff471817d89ecc045707e3aaeaf9596fa1de83f4ac18478e5fc687	7483d946e4fd84404b2ff801fde2fd3d2708986226c1bf54d493944632f36f22
p01-s03-c0077-v210-adaptive-g1000-sb0011	p01-s03-c0077	sb0011	new-simulation	p01-s03-c0077-v210-adaptive-g1000-sb0011	100	9123aef9c543d5b4a851793779dd42c719eb6caeccf2c2af68cc1b1cf6a9b402	3c6bdafc6c1b1d76585462dd156e1b9213b172b96fe67ffbbe811c1a6e91661a
p01-s03-c0077-v210-adaptive-g1000-sb0012	p01-s03-c0077	sb0012	new-simulation	p01-s03-c0077-v210-adaptive-g1000-sb0012	100	5ac9fb06bc1c1302510453f0c276560f60549444483440fc2d64eaba6c2fb02e	fce23fd07d72ef38553893b2eebda8fcef2f6613b7f8c00be9d9df475560afbf
p01-s03-c0078-v210-adaptive-g1000-sb0001	p01-s03-c0078	sb0001	new-simulation	p01-s03-c0078-v210-adaptive-g1000-sb0001	100	0d32f1d986775d9531336011ca3a33cb70ba7ae10c0c528e0943e821ecbbb14f	1b6ffb84bcb68db0693d7be196568ad13af59ba5c48bda480bc6c1c95f0c2ae2
p01-s03-c0078-v210-adaptive-g1000-sb0002	p01-s03-c0078	sb0002	new-simulation	p01-s03-c0078-v210-adaptive-g1000-sb0002	100	abb3c44a5f459274d54c69e4b7a0ba131513e80a64209021cd32db86509a66fd	12bcfeabc51198afdb6fd50189a6b3409eb913ae4bccbc5c3d207c7ea6ba6cd4
p01-s03-c0078-v210-adaptive-g1000-sb0003	p01-s03-c0078	sb0003	new-simulation	p01-s03-c0078-v210-adaptive-g1000-sb0003	100	2fd49488192b6d88bcddaa8bfba26757168b40bc653a9967f68ec59abf7b89f3	b85961ef4248c029668f32dee61bf3ab9532c9719d67c56b360f6c4bcb48ad3e
p01-s03-c0078-v210-adaptive-g1000-sb0004	p01-s03-c0078	sb0004	new-simulation	p01-s03-c0078-v210-adaptive-g1000-sb0004	100	97758b2876741ecef95868ee5d4ba50621c77da38f1f70dd73eb18b06e0d0c25	232d330efa2d0ec8718209b375995a8ec037f49fee56347639c7da5c151fdc8a
p01-s03-c0078-v210-adaptive-g1000-sb0005	p01-s03-c0078	sb0005	new-simulation	p01-s03-c0078-v210-adaptive-g1000-sb0005	100	e7bd05e5623a668933cc54f054ce99789dcac34a18975bcca2292e96caa1a7b9	b10d8aede16feff6b1af2b48949794a187c72535144a360fa72d90de02ab7364
p01-s03-c0078-v210-adaptive-g1000-sb0006	p01-s03-c0078	sb0006	new-simulation	p01-s03-c0078-v210-adaptive-g1000-sb0006	100	839bc3f8c3ab9b71974ef1409f79c3fd3001b953bfbad9c5518ade223b202819	15ded5b66fa0a4fa0e8aab7ab7cfc04a7c88baed1ab6e0edb0e3bc506b23a751
p01-s03-c0078-v210-adaptive-g1000-sb0007	p01-s03-c0078	sb0007	new-simulation	p01-s03-c0078-v210-adaptive-g1000-sb0007	100	13a80c6b75594e4d0d549760965ecd5e4f63c8d3e5a47267ac77651fd4f8acb4	26c8abb959f336c05170a5c298824c5ac5087f5ebe3eb464b129ff0cd744222c
p01-s03-c0078-v210-adaptive-g1000-sb0008	p01-s03-c0078	sb0008	new-simulation	p01-s03-c0078-v210-adaptive-g1000-sb0008	100	050a88b4a32708c27690f1f52d81541c26ab6532506b28dfdc6e30fcdacbae1c	aa682f6d0a01f7072be1742aba5a0e04456b04bb02fd4603a5a7d117864f9647
p01-s03-c0078-v210-adaptive-g1000-sb0009	p01-s03-c0078	sb0009	new-simulation	p01-s03-c0078-v210-adaptive-g1000-sb0009	100	d71a07b8c06eb13478e63b1bbdfe08affbe45a26336af2d6ede1b048c506616b	a32c8a1830cfedcd8714046c68adc8cc86633a33b9e74720201ff87a4c28d9e6
p01-s03-c0078-v210-adaptive-g1000-sb0010	p01-s03-c0078	sb0010	new-simulation	p01-s03-c0078-v210-adaptive-g1000-sb0010	100	1560b708dbde9efd91920d13896b0baef0f30dd92ae6c1f27f1d52d64e0faed8	6e70cd92f1f503e364723de9d49a478399ff6d42eadf8e8edf3015893cae2c7e
p01-s03-c0078-v210-adaptive-g1000-sb0011	p01-s03-c0078	sb0011	new-simulation	p01-s03-c0078-v210-adaptive-g1000-sb0011	100	7e6bd270703d1c76dd2802a485bf1d2c1fd5ec946757b22d7a4c942fdda6fa76	163e6830c0a78c24215cc3303d29f8b7d97ea4b73ba710f8032eb00a92f33042
p01-s03-c0078-v210-adaptive-g1000-sb0012	p01-s03-c0078	sb0012	new-simulation	p01-s03-c0078-v210-adaptive-g1000-sb0012	100	1b7b045b7f42e1f5f9d6e82eca41fb474f727e9c41858867a62842a2804aafdf	e4c260f6b44918216b89a40679455e676eecff505c9d776c500cae28628d6c16
p01-s03-c0079-v210-adaptive-g1000-sb0001	p01-s03-c0079	sb0001	new-simulation	p01-s03-c0079-v210-adaptive-g1000-sb0001	100	1426ef219c668641d0d32670d5d12cb04f8426d98fbe051587461d14ae13ff31	559aed08be7e7763e036ebf1717b971cb805d56f1591a3a50465cfdd2774c658
p01-s03-c0079-v210-adaptive-g1000-sb0002	p01-s03-c0079	sb0002	new-simulation	p01-s03-c0079-v210-adaptive-g1000-sb0002	100	9e3f376d4d1932df43725c54967e4647be235e8e1691faa210a676beb8a0fd04	c6c821f476905d04cd1b9394cf4da0ad092a60d5944c97beb79ddec194ba0e8d
p01-s03-c0079-v210-adaptive-g1000-sb0003	p01-s03-c0079	sb0003	new-simulation	p01-s03-c0079-v210-adaptive-g1000-sb0003	100	55d868514f647b0c3fa438eebe8e07f509a5f3a7ee4b46f94211f6fe3391240e	aa845906b866609136310d9510389beddb7e90b5b0328fd816c45ca3bd4beecf
p01-s03-c0079-v210-adaptive-g1000-sb0004	p01-s03-c0079	sb0004	new-simulation	p01-s03-c0079-v210-adaptive-g1000-sb0004	100	119f79332692e205b725f695169a807407e9f147872a3dd35cb0a88fb7e6fe5b	cfa01b18d22e74b87b2cf233bb936b3d4d642e88965647c47994531ffbb2b9cf
p01-s03-c0079-v210-adaptive-g1000-sb0005	p01-s03-c0079	sb0005	new-simulation	p01-s03-c0079-v210-adaptive-g1000-sb0005	100	db51935e6169226acaea4ebafd5fd15365e8aeb4d9318e551183a81b592df6f0	39a9a0425e60f01ce066c5f9b36cb396f970bfa89c4fd9002c78fac0ce20551e
p01-s03-c0079-v210-adaptive-g1000-sb0006	p01-s03-c0079	sb0006	new-simulation	p01-s03-c0079-v210-adaptive-g1000-sb0006	100	31e380afa4b39870afc37455d520c70833d5cd969ad1b52f9ecb984bdd196b65	1b96af072257ea6da483871e822a847c9d918d62aad3f826baa455b8eb54faa7
p01-s03-c0079-v210-adaptive-g1000-sb0007	p01-s03-c0079	sb0007	new-simulation	p01-s03-c0079-v210-adaptive-g1000-sb0007	100	ad6e91597727a6e73ca4ec44955b593bfe36a41d82684b91993ee8f31b9d1d18	7aafa99e950698ea06071bf498eb2b656682219d72e2a16cf900dd297a247774
p01-s03-c0079-v210-adaptive-g1000-sb0008	p01-s03-c0079	sb0008	new-simulation	p01-s03-c0079-v210-adaptive-g1000-sb0008	100	53961f1446f9cdcfa538e2ce9769327a8ab901079bb16c5c49dd6c78f9d2ab91	7602a446a0fd9bd14d5803f87fcded50af15b31fc7aa6bf7aa7452f0731ef553
p01-s03-c0079-v210-adaptive-g1000-sb0009	p01-s03-c0079	sb0009	new-simulation	p01-s03-c0079-v210-adaptive-g1000-sb0009	100	5b3756a8409e78671d3a4f7adaab1a383c79e1a5e76aeaff0113062bdda836d2	4c0ebe7c082b6404b24beb3de3466000c8b60f7e7518aab6fa99dbd852b227f5
p01-s03-c0079-v210-adaptive-g1000-sb0010	p01-s03-c0079	sb0010	new-simulation	p01-s03-c0079-v210-adaptive-g1000-sb0010	100	cf3f0d641abcd570cf156fa7468f85302abf118cdc3b16abe024b2581af2aab9	768d13dcf50f5bd6f4eb49f10331acc9dc55e3d546140202fb91b12160e83c3d
p01-s03-c0079-v210-adaptive-g1000-sb0011	p01-s03-c0079	sb0011	new-simulation	p01-s03-c0079-v210-adaptive-g1000-sb0011	100	997b97c6eedc21121ae872f9caec58fea06d59f825d72dd9ec33c1d74f9475e7	8f48c5ad8a51bffdd2fe13e942b42e0b51af087f1ffe393ae96f79c456550eed
p01-s03-c0079-v210-adaptive-g1000-sb0012	p01-s03-c0079	sb0012	new-simulation	p01-s03-c0079-v210-adaptive-g1000-sb0012	100	50821dee94f049834b4c61ba6417888d0b07165075e020e9a13301389b7763df	9f76e9b09cc2905b60bc7192b54fd50422616d09627c90697d528e9fba874a46
p01-s03-c0080-v210-adaptive-g1000-sb0001-reused	p01-s03-c0080	sb0001	reused-passage-100	p01-s03-c0039-v210-m010-g100-sb0001	100	1d99591647b82c1fb24e8f0ec21107e12dc8688c166195608cb53c4b0352c08e	not-frozen-for-reuse
p01-s03-c0080-v210-adaptive-g1000-sb0002-reused	p01-s03-c0080	sb0002	reused-passage-100	p01-s03-c0039-v210-m010-g100-sb0002	100	1d99591647b82c1fb24e8f0ec21107e12dc8688c166195608cb53c4b0352c08e	not-frozen-for-reuse
p01-s03-c0080-v210-adaptive-g1000-sb0003-reused	p01-s03-c0080	sb0003	reused-passage-100	p01-s03-c0039-v210-m010-g100-sb0003	100	1d99591647b82c1fb24e8f0ec21107e12dc8688c166195608cb53c4b0352c08e	not-frozen-for-reuse
p01-s03-c0080-v210-adaptive-g1000-sb0004-reused	p01-s03-c0080	sb0004	reused-passage-100	p01-s03-c0039-v210-m010-g100-sb0004	100	1d99591647b82c1fb24e8f0ec21107e12dc8688c166195608cb53c4b0352c08e	not-frozen-for-reuse
p01-s03-c0080-v210-adaptive-g1000-sb0005-reused	p01-s03-c0080	sb0005	reused-passage-100	p01-s03-c0039-v210-m010-g100-sb0005	100	1d99591647b82c1fb24e8f0ec21107e12dc8688c166195608cb53c4b0352c08e	not-frozen-for-reuse
p01-s03-c0080-v210-adaptive-g1000-sb0006-reused	p01-s03-c0080	sb0006	reused-passage-100	p01-s03-c0039-v210-m010-g100-sb0006	100	1d99591647b82c1fb24e8f0ec21107e12dc8688c166195608cb53c4b0352c08e	not-frozen-for-reuse
p01-s03-c0080-v210-adaptive-g1000-sb0007-reused	p01-s03-c0080	sb0007	reused-passage-100	p01-s03-c0039-v210-m010-g100-sb0007	100	1d99591647b82c1fb24e8f0ec21107e12dc8688c166195608cb53c4b0352c08e	not-frozen-for-reuse
p01-s03-c0080-v210-adaptive-g1000-sb0008-reused	p01-s03-c0080	sb0008	reused-passage-100	p01-s03-c0039-v210-m010-g100-sb0008	100	1d99591647b82c1fb24e8f0ec21107e12dc8688c166195608cb53c4b0352c08e	not-frozen-for-reuse
p01-s03-c0080-v210-adaptive-g1000-sb0009-reused	p01-s03-c0080	sb0009	reused-passage-100	p01-s03-c0039-v210-m010-g100-sb0009	100	1d99591647b82c1fb24e8f0ec21107e12dc8688c166195608cb53c4b0352c08e	not-frozen-for-reuse
p01-s03-c0080-v210-adaptive-g1000-sb0010-reused	p01-s03-c0080	sb0010	reused-passage-100	p01-s03-c0039-v210-m010-g100-sb0010	100	1d99591647b82c1fb24e8f0ec21107e12dc8688c166195608cb53c4b0352c08e	not-frozen-for-reuse
p01-s03-c0080-v210-adaptive-g1000-sb0011-reused	p01-s03-c0080	sb0011	reused-passage-100	p01-s03-c0039-v210-m010-g100-sb0011	100	1d99591647b82c1fb24e8f0ec21107e12dc8688c166195608cb53c4b0352c08e	not-frozen-for-reuse
p01-s03-c0080-v210-adaptive-g1000-sb0012-reused	p01-s03-c0080	sb0012	reused-passage-100	p01-s03-c0039-v210-m010-g100-sb0012	100	1d99591647b82c1fb24e8f0ec21107e12dc8688c166195608cb53c4b0352c08e	not-frozen-for-reuse
p01-s03-c0081-v210-adaptive-g1000-sb0001	p01-s03-c0081	sb0001	new-simulation	p01-s03-c0081-v210-adaptive-g1000-sb0001	100	9973bc29038215136e779a2ed874b4d4e17175cf8718084c66f55327ae427a12	a4915cfd44595931e36a55a79da3cf3d3c2006f93c3ec4157ac7183c6880695a
p01-s03-c0081-v210-adaptive-g1000-sb0002	p01-s03-c0081	sb0002	new-simulation	p01-s03-c0081-v210-adaptive-g1000-sb0002	100	b74850c28950c52aa38d22510dd8eae014041e0d5232cb2e5254834cfbc4fdf8	8ed1403bc603d84686740f49dd9e258374c018b969252e5af7a02e402c9140ae
p01-s03-c0081-v210-adaptive-g1000-sb0003	p01-s03-c0081	sb0003	new-simulation	p01-s03-c0081-v210-adaptive-g1000-sb0003	100	4f48e45fbb946dce78570fd8c373ca25fb062f688b6c375391bffd2a9a524a9e	8fac2bb60e6ee66047757c6793e826ac5969460b14347927c256af19d44f4643
p01-s03-c0081-v210-adaptive-g1000-sb0004	p01-s03-c0081	sb0004	new-simulation	p01-s03-c0081-v210-adaptive-g1000-sb0004	100	562ba8ec579a35da6f2f1f0b5fafedfe5162580c680ef963dd4b3d574130090f	2377a08aac120c6f0bfec8c04b73550955d9a8a64b1356c7c42fccb08c66098f
p01-s03-c0081-v210-adaptive-g1000-sb0005	p01-s03-c0081	sb0005	new-simulation	p01-s03-c0081-v210-adaptive-g1000-sb0005	100	6510019c4a8c1f52bbecfad26495caf9b86a6dca2f904e708d30877a044eb067	2c5a7bd17822b764b0c787b877018baa9129a592556c823759dce73c590e35e8
p01-s03-c0081-v210-adaptive-g1000-sb0006	p01-s03-c0081	sb0006	new-simulation	p01-s03-c0081-v210-adaptive-g1000-sb0006	100	cbcc2a2b095f7b1554c6bd492bd10761386fe368c3cada5db44435f6720ae35d	c04bb99727437ffb07f3c798c6d4c323bd4fcafb9c5b57c7783c292082aed083
p01-s03-c0081-v210-adaptive-g1000-sb0007	p01-s03-c0081	sb0007	new-simulation	p01-s03-c0081-v210-adaptive-g1000-sb0007	100	a82d1e7ff9004bcd27904dc64098c1017aecba723fdcd2bc435c3946143aa580	78365b1428b40a03903a0f1412875a26af7c1a178e1f88b7d596ba6b6d5be78a
p01-s03-c0081-v210-adaptive-g1000-sb0008	p01-s03-c0081	sb0008	new-simulation	p01-s03-c0081-v210-adaptive-g1000-sb0008	100	4a488d3b84b03963d7e4eaba40dec86e5aa7a0787f0787a5af15edd983ebfe2a	2e04c3bd351257a6add9ca4e9e5a82ad7f3e64e9e8ee35dcabcb03ec2c7879de
p01-s03-c0081-v210-adaptive-g1000-sb0009	p01-s03-c0081	sb0009	new-simulation	p01-s03-c0081-v210-adaptive-g1000-sb0009	100	0976f637bfbed9173f3df4ecc0308d109691695de0d3255a0997ffa91ebf411c	547d80d97c5cc24c8bd82d0c624453c5aa56c0540b975305a6836da21abc127a
p01-s03-c0081-v210-adaptive-g1000-sb0010	p01-s03-c0081	sb0010	new-simulation	p01-s03-c0081-v210-adaptive-g1000-sb0010	100	35eabce1797fe791c86022fbac75882e3955cfec0bda5d9570c75b374f1917c5	0a39619a1d45536104fe6e668d3b1da8537f52d985d4034e19724f7685dad880
p01-s03-c0081-v210-adaptive-g1000-sb0011	p01-s03-c0081	sb0011	new-simulation	p01-s03-c0081-v210-adaptive-g1000-sb0011	100	0c2fbc96c171c9bc97bbe2287b012549d40f5156b8fcc7c29a6563976147894a	3c195f6ef7778d234ec8b1d7f83833871d7678e62166d19f425bf29683199bbe
p01-s03-c0081-v210-adaptive-g1000-sb0012	p01-s03-c0081	sb0012	new-simulation	p01-s03-c0081-v210-adaptive-g1000-sb0012	100	211497e280cb130f34c3af95d42f2a780a7ec8dae996a737d5f2c1d61be7882e	935dfbeb9fb1e4a073ba7821fcc3148a7e79bff6fb8ce9cacf43985eec12fa07
p01-s03-c0082-v210-adaptive-g1000-sb0001	p01-s03-c0082	sb0001	new-simulation	p01-s03-c0082-v210-adaptive-g1000-sb0001	100	c168c526bad0e6057a67674c2e22863c6a53ad8b449d9d803b09a2c473791af2	3ca48816ae692237205af271c80451e1b5d180d85f6bee99b2cacf32b8171a22
p01-s03-c0082-v210-adaptive-g1000-sb0002	p01-s03-c0082	sb0002	new-simulation	p01-s03-c0082-v210-adaptive-g1000-sb0002	100	cf849800ae78f5b92be50e245fb34865727197d1397ef27f39e3cebfda167d80	e57870f2678bf058f57a8a99c05ce777d1009a1828c63849da801125e3217334
p01-s03-c0082-v210-adaptive-g1000-sb0003	p01-s03-c0082	sb0003	new-simulation	p01-s03-c0082-v210-adaptive-g1000-sb0003	100	ae8ecdb37d485a230a6b33ac0cf422564ebc363b4d175771f62ae7d02ad06b11	c2c61feb990ad50447cdd9e55ab6ec02c0a500c9fb1a32bc70fd1e07de55c9d4
p01-s03-c0082-v210-adaptive-g1000-sb0004	p01-s03-c0082	sb0004	new-simulation	p01-s03-c0082-v210-adaptive-g1000-sb0004	100	6512cde2f48fcaf3605a6b9cf97bf8fc4e6ba257337ae30c24aa8055f75f0fc8	bac6cc8f9088f50eec15485f1f839b05eaba52d502fb1816ed00cae7a5a8f87d
p01-s03-c0082-v210-adaptive-g1000-sb0005	p01-s03-c0082	sb0005	new-simulation	p01-s03-c0082-v210-adaptive-g1000-sb0005	100	40045fc7ab8c67390c10e25a1794ae6f114e15ea2a145b097ebb51cd9fa33d51	524bd0cabafd23d95bc775c334e64a4e58e5081f74a08ef3abd10ba18ad9fc48
p01-s03-c0082-v210-adaptive-g1000-sb0006	p01-s03-c0082	sb0006	new-simulation	p01-s03-c0082-v210-adaptive-g1000-sb0006	100	d555a7837ce71cb9c8dffab958531678ca1440eaba0dde277c0df31004e31e39	8073e16f422f174df790ccd5866e9c1983cd4a72e4d9011d06131153a1dc789c
p01-s03-c0082-v210-adaptive-g1000-sb0007	p01-s03-c0082	sb0007	new-simulation	p01-s03-c0082-v210-adaptive-g1000-sb0007	100	30cb4bbda0a39c69bba0d1932689a6c2e86b8740e61ca110509de10f77d6cc20	c6923464fc2dc20cd60c09eadcf5058e9e1e59e7f1ef1bf60320970238ea8fa4
p01-s03-c0082-v210-adaptive-g1000-sb0008	p01-s03-c0082	sb0008	new-simulation	p01-s03-c0082-v210-adaptive-g1000-sb0008	100	500c7678c88068b7fb7c1e4775ca1d167846a426575d4fc7e3e30d61be048e20	317aa98c5c0012be2088cacf0432dcc2b360a50298727236733e3af555cf1a22
p01-s03-c0082-v210-adaptive-g1000-sb0009	p01-s03-c0082	sb0009	new-simulation	p01-s03-c0082-v210-adaptive-g1000-sb0009	100	aed3bfe25790b594cfe98fb03f2d83bd10a24dcf77e291bf8967904499b18607	dc81e785c2d75e64780b0f2cf0bed834c1e6e8ed17f3c955951805da8a8fdf2c
p01-s03-c0082-v210-adaptive-g1000-sb0010	p01-s03-c0082	sb0010	new-simulation	p01-s03-c0082-v210-adaptive-g1000-sb0010	100	53951692a85bd349e9e6402cd9f6b1d38b83d2029433f014ee77c3086e844f67	919a567d128011fa1a4259c5aa5d9bc02af0961ce5d9bb4d60fd6e90c8f6cd2c
p01-s03-c0082-v210-adaptive-g1000-sb0011	p01-s03-c0082	sb0011	new-simulation	p01-s03-c0082-v210-adaptive-g1000-sb0011	100	9b68f3264f29d39cd46fc02a2c15354246ca12d53c8cb7f4b4744c83dcf02297	89cdfa7c51ebe425fa66c8818cf3c33d071643b5183068f034e31c7b1e71b2ea
p01-s03-c0082-v210-adaptive-g1000-sb0012	p01-s03-c0082	sb0012	new-simulation	p01-s03-c0082-v210-adaptive-g1000-sb0012	100	277675dcf5432609eabad72a95bf4e86648b1edafcb4e67f2d392e8fdd2343c0	a565ab7b6e4bff2124796288958e88f0eab1d271740ee4ff81e1f66497791b46
p01-s03-c0083-v210-adaptive-g1000-sb0001	p01-s03-c0083	sb0001	new-simulation	p01-s03-c0083-v210-adaptive-g1000-sb0001	100	406a42803f6d7f1f1c14a4444cc083db5f2c0d3858853522ccab2d26e329d7f6	79766605068fcc786f748cb65624dbffd25b691c1df2194af700f48cb61f960f
p01-s03-c0083-v210-adaptive-g1000-sb0002	p01-s03-c0083	sb0002	new-simulation	p01-s03-c0083-v210-adaptive-g1000-sb0002	100	93db97a80008c0891600262d00d806f060349adb650396e042d6adac129eb5b8	ec8ed3ffa71d256705562f07f8b5001e29f4195e600cad458a5459f8bad5b86b
p01-s03-c0083-v210-adaptive-g1000-sb0003	p01-s03-c0083	sb0003	new-simulation	p01-s03-c0083-v210-adaptive-g1000-sb0003	100	af972631e0f0471a7f38720414e70da5eb3e4107c626c9058b73b39c7dc23f0c	b894f957e2ded1055415fe62d9d11d9dc7bb517a6f36bf30ccfec4d0ae75a9fc
p01-s03-c0083-v210-adaptive-g1000-sb0004	p01-s03-c0083	sb0004	new-simulation	p01-s03-c0083-v210-adaptive-g1000-sb0004	100	2b8a272e59c581265b18d97f9696237316677d00b39a89efb74bbd0d1d8e5e7d	1dfe287e38c687563cd1b460d51f6543cdb67523c8bada7f618413fcee009722
p01-s03-c0083-v210-adaptive-g1000-sb0005	p01-s03-c0083	sb0005	new-simulation	p01-s03-c0083-v210-adaptive-g1000-sb0005	100	8d1fec952faf0f3f5bfbf40c942d719d85c55e2c4b0e156cb673c769a6e749de	1334ec052debc675ea44ba157d566ed74e13f4772b635e51493cc5c6dd360e57
p01-s03-c0083-v210-adaptive-g1000-sb0006	p01-s03-c0083	sb0006	new-simulation	p01-s03-c0083-v210-adaptive-g1000-sb0006	100	384b6e6730e878f653df57e58a16d21bbd294873d12045aaf5521ab706eddb53	0ae5deffda378d249611aa78532fd6a920478db3b9fd5c8f95c332cc64ff0b85
p01-s03-c0083-v210-adaptive-g1000-sb0007	p01-s03-c0083	sb0007	new-simulation	p01-s03-c0083-v210-adaptive-g1000-sb0007	100	8737f1498df385e96f13f20f38be49091463cab9c4a6643478bd66c9b0bdda2c	d7df6d4d4b3fee1c9629a60654a1d95ae3cc973872ec704260c5ec7c0128497b
p01-s03-c0083-v210-adaptive-g1000-sb0008	p01-s03-c0083	sb0008	new-simulation	p01-s03-c0083-v210-adaptive-g1000-sb0008	100	862947614b85f887d7265e224d5ab1032a17d88c0d66378a8b8bc1053382dc5e	cf88760d197ef1f754491c84e5ce5dafeb4b5523fdb91ac0e6d0d596a1859e0b
p01-s03-c0083-v210-adaptive-g1000-sb0009	p01-s03-c0083	sb0009	new-simulation	p01-s03-c0083-v210-adaptive-g1000-sb0009	100	1f43dbea59af3a85e340b94dae0077b73a5be80281e45089d7f4c8e82a06b2ab	70e10d3f7c702ea436db51931d078df2965940f06720dc63fe45f0d3dd905901
p01-s03-c0083-v210-adaptive-g1000-sb0010	p01-s03-c0083	sb0010	new-simulation	p01-s03-c0083-v210-adaptive-g1000-sb0010	100	456454447a495358dfd58c7e8267c92dfe116e988b0a3262d7fb3d832542a75d	34b94cac359caa7f13224810f55b18ae9701c6091d0522f736ade2ea08d19764
p01-s03-c0083-v210-adaptive-g1000-sb0011	p01-s03-c0083	sb0011	new-simulation	p01-s03-c0083-v210-adaptive-g1000-sb0011	100	9c837edfc1cea416f2b8fbe5c749cb1864639cdcaf44a53a0a2f57d719dd39cb	660d0886e0ebae2351bebae561046288c414c9443f03d407e91a8537b33ab41c
p01-s03-c0083-v210-adaptive-g1000-sb0012	p01-s03-c0083	sb0012	new-simulation	p01-s03-c0083-v210-adaptive-g1000-sb0012	100	6cab63f0f8eacfa00641521d0b6f27f3fc554e9fc315073c750ac62224a196a9	bb4e6dcb8ed3e073d23fd2428c3727f0ba4bba243d5ddd94b41d8feae1d58ce7
p01-s03-c0084-v210-adaptive-g1000-sb0001	p01-s03-c0084	sb0001	new-simulation	p01-s03-c0084-v210-adaptive-g1000-sb0001	100	eb45f2a6dc7f3ca10a42ec70f4b4c7b6b31c001f04b577207648f53e4d8a8720	ef7c4fb8c17f824cd9f9f52b3387eecad131167ba69c2161f702b358493b765d
p01-s03-c0084-v210-adaptive-g1000-sb0002	p01-s03-c0084	sb0002	new-simulation	p01-s03-c0084-v210-adaptive-g1000-sb0002	100	e2b2bc323e4f3bf03874452fbff69b6ff49246ef70a115eb900e8de9c4c74e9b	7b87979503b149d4ce0153d46309a748419902f23847434e8f935aae4d906ac7
p01-s03-c0084-v210-adaptive-g1000-sb0003	p01-s03-c0084	sb0003	new-simulation	p01-s03-c0084-v210-adaptive-g1000-sb0003	100	cb45a4a54edf9b24ae7ff6d6e258bdce96b33835088c3f35ac03e7205349c39a	1803235664ea1041f79c6ae117701ccbd8145260c91bedd952e4b4b3b66e2a69
p01-s03-c0084-v210-adaptive-g1000-sb0004	p01-s03-c0084	sb0004	new-simulation	p01-s03-c0084-v210-adaptive-g1000-sb0004	100	874ed7a2212798dce8a7de51e6f649f8428be732be3323aa1012cb97157b7e92	234f3891e546729544518d535aed8ed769ff5586c22a9b6a92b721528e5a40d6
p01-s03-c0084-v210-adaptive-g1000-sb0005	p01-s03-c0084	sb0005	new-simulation	p01-s03-c0084-v210-adaptive-g1000-sb0005	100	6122b51c468d5e050e5c19a513a2a457da72db9388bc7829cdbb1e72d491e6f2	793d93efd02d1baed7e995f5cc843e534301815859abd7d8eccd65e18811bd5d
p01-s03-c0084-v210-adaptive-g1000-sb0006	p01-s03-c0084	sb0006	new-simulation	p01-s03-c0084-v210-adaptive-g1000-sb0006	100	b754b8f934bd4dd74fed38a798e3e9516e730a317c92429be5c8d7b59471c02b	f90ba1a3e47555e663efccd5b406df001c2ede5452f6aecc8906205deee3c8b6
p01-s03-c0084-v210-adaptive-g1000-sb0007	p01-s03-c0084	sb0007	new-simulation	p01-s03-c0084-v210-adaptive-g1000-sb0007	100	154c5f3919fbca355b57055d330e9cff41309766568efe706540b36ad9856417	052e3411431c4ff00a98c91e88455dee6d11c1fd48e502ccfb7c9baf98db2473
p01-s03-c0084-v210-adaptive-g1000-sb0008	p01-s03-c0084	sb0008	new-simulation	p01-s03-c0084-v210-adaptive-g1000-sb0008	100	f3737a373952f1c64fbce18b4379b55854448f5bbe8bce0e3d310d790c3191b5	95bd8946723f82c1454f345562f636cd3b866a73ffcb511203036b9177e70464
p01-s03-c0084-v210-adaptive-g1000-sb0009	p01-s03-c0084	sb0009	new-simulation	p01-s03-c0084-v210-adaptive-g1000-sb0009	100	4352a2ea2de2003c4ab29c73b65361b54424e70472bdb32c6580a8f3c6791f68	2388dccced068ab1763535ce1246415139b5a851236261de88d4be78ea4cd63e
p01-s03-c0084-v210-adaptive-g1000-sb0010	p01-s03-c0084	sb0010	new-simulation	p01-s03-c0084-v210-adaptive-g1000-sb0010	100	1a4b33f24adde4812bc62210dda83946eff79aeb1fc9b6fb5023b63166ba7c99	6b6f47b9d4bf6c3be17bf9550feae58eeb3a636526b3212229d3683c9ccfedff
p01-s03-c0084-v210-adaptive-g1000-sb0011	p01-s03-c0084	sb0011	new-simulation	p01-s03-c0084-v210-adaptive-g1000-sb0011	100	5f64e08af853e8ee255932e255efe512b9f1af486ec1f20844174800b6a4f563	71881fc198633be880f17ef5413edb32f83c73b4c5b2261aa184f22636859a85
p01-s03-c0084-v210-adaptive-g1000-sb0012	p01-s03-c0084	sb0012	new-simulation	p01-s03-c0084-v210-adaptive-g1000-sb0012	100	b6886df3ed640b8f0153dd4b65aec8375f450a82d4a37f8f11072b38153db8cd	5f128a87437ee76bc675bf9ba184c14ef337ab0294f501e0d39306faafb5b8aa
p01-s03-c0085-v210-adaptive-g1000-sb0001	p01-s03-c0085	sb0001	new-simulation	p01-s03-c0085-v210-adaptive-g1000-sb0001	100	f6fc6c1ac9bd07dbfa1e01dc917cb9ec45ca6967dd444bb84bcb1e2ddf2b1c1c	c5b7741e3b2204723924577a5c41df03480ef6c77f86de054687fe39a7b7bb14
p01-s03-c0085-v210-adaptive-g1000-sb0002	p01-s03-c0085	sb0002	new-simulation	p01-s03-c0085-v210-adaptive-g1000-sb0002	100	bcc0cf8095eb9b3bcdcb2124d42d55baab9a1a7bcea0589af3c6b685263330bb	62326aa768a2e02e396cffadd07e2089f1c6bbca89466c011b0ce8cf9c97ac5e
p01-s03-c0085-v210-adaptive-g1000-sb0003	p01-s03-c0085	sb0003	new-simulation	p01-s03-c0085-v210-adaptive-g1000-sb0003	100	582009eb941f043b8ffa27a25946e86581b3ac3dec6fa366e9a67f6000448c4d	7d2a641ff1b329715a7d69f4ebd76b2faae895b9368b4be148652d97c97f7d8d
p01-s03-c0085-v210-adaptive-g1000-sb0004	p01-s03-c0085	sb0004	new-simulation	p01-s03-c0085-v210-adaptive-g1000-sb0004	100	3369b503337b995092ea0eb7bd13b782bbbeb3d2f0108a9310df30da47beda16	391b75ee5d35c8fd3bc5bfac6b53e997f6789cacce68d93ed7438825a3d7009e
p01-s03-c0085-v210-adaptive-g1000-sb0005	p01-s03-c0085	sb0005	new-simulation	p01-s03-c0085-v210-adaptive-g1000-sb0005	100	09343421de1cef4b9ef23ca0ab677d8beadffa7c74262e15cfe6e00202549b7f	275e0c6b3f3c2224b204e17915a6f37989eb2f1342ea175bd959b4c91b4ad6e0
p01-s03-c0085-v210-adaptive-g1000-sb0006	p01-s03-c0085	sb0006	new-simulation	p01-s03-c0085-v210-adaptive-g1000-sb0006	100	ba185399b9b2f7015c3e78e1223bd01344d1d9023afba45acc425d6699529581	a59f56e4af904dc15ab3ed3d7821919a2481698af4c4beed9bba1544569e776d
p01-s03-c0085-v210-adaptive-g1000-sb0007	p01-s03-c0085	sb0007	new-simulation	p01-s03-c0085-v210-adaptive-g1000-sb0007	100	93a50699510ac1730ae5d5a7420866fc5028ee328728d94df27a2bca47cb2f39	cf620dec5d2d760602be274f7085cbc64d7fd0e09fa5e5d8355280ca0b4bd3fe
p01-s03-c0085-v210-adaptive-g1000-sb0008	p01-s03-c0085	sb0008	new-simulation	p01-s03-c0085-v210-adaptive-g1000-sb0008	100	f33a9ed8244f65ea3832f1fdd3ca255cb7925627d9c06d40e2686332fc91aa02	4cde784233cf09e81151acaa40312e43a492c8a86de0be6c5e3e0b7c29d6fab6
p01-s03-c0085-v210-adaptive-g1000-sb0009	p01-s03-c0085	sb0009	new-simulation	p01-s03-c0085-v210-adaptive-g1000-sb0009	100	4c0eeeed41bc15d533c1066ecdab4172be6be15961ac21320a520b3881fcf801	7c6f2fe754069a92e2843e59934b7309f26202464386433b50b49d90b103baaa
p01-s03-c0085-v210-adaptive-g1000-sb0010	p01-s03-c0085	sb0010	new-simulation	p01-s03-c0085-v210-adaptive-g1000-sb0010	100	505a7b28aec820774c0118b99b6db3e8265cf78a8232fb3e0b087afa8aaa6bc2	195b79fd0074651fdeeab79d682db414f22a666c6d3875e4f8981518161fcc0a
p01-s03-c0085-v210-adaptive-g1000-sb0011	p01-s03-c0085	sb0011	new-simulation	p01-s03-c0085-v210-adaptive-g1000-sb0011	100	be1fcca0906732291979654f23b837fb23b4433562620fb7a1601cd6db71e238	8609e576dfa4818d2b1e38259d8c283ca900c0aed82f8ffee3fd27d6f5b6fc1b
p01-s03-c0085-v210-adaptive-g1000-sb0012	p01-s03-c0085	sb0012	new-simulation	p01-s03-c0085-v210-adaptive-g1000-sb0012	100	80210c7afa187cff8cd1ba73116db2cb07f76d1bb2e813ed9eb8215d6b4358de	0df7bedd425314adf6dd30c9397e098c1c83a0939f41ad22522d041f17d8d309
p01-s03-c0086-v210-adaptive-g1000-sb0001	p01-s03-c0086	sb0001	new-simulation	p01-s03-c0086-v210-adaptive-g1000-sb0001	100	a09a3c463741567416b3631c47a832c350341a4490d14454d43a2260568a6bc0	2bc22e5475fb8a7d99ca0633d55b1a79d9951a16bbbe2035487db0c19d632ffe
p01-s03-c0086-v210-adaptive-g1000-sb0002	p01-s03-c0086	sb0002	new-simulation	p01-s03-c0086-v210-adaptive-g1000-sb0002	100	30acc5806b0948218e6a218ff91300dc5ad796f3cdc1a11678bd7ba0378d1510	85e897dbe5172b54ed64d2fda68b1fa3419b065644ffa9bcd084f04ea4f9f182
p01-s03-c0086-v210-adaptive-g1000-sb0003	p01-s03-c0086	sb0003	new-simulation	p01-s03-c0086-v210-adaptive-g1000-sb0003	100	05224cff5790882c3fbc90225a511c8012a612a34931f99deede237d34bae49c	4dbf23381ae11c8a27d5cf8a86a1f5486dbf809176b113174b69613cdc9ab5f2
p01-s03-c0086-v210-adaptive-g1000-sb0004	p01-s03-c0086	sb0004	new-simulation	p01-s03-c0086-v210-adaptive-g1000-sb0004	100	07959e439885c2c1f5350f9c20a3da6e8bb4a8689be8179c50904c3a5754ca75	0a8dee6e387b5b94bcbc656554e2a6fccf2b32669442d279ae38f5b46e99241d
p01-s03-c0086-v210-adaptive-g1000-sb0005	p01-s03-c0086	sb0005	new-simulation	p01-s03-c0086-v210-adaptive-g1000-sb0005	100	1490233d72333576f29896a9b8ab8c6cdeb574644c970a43f773685d98493b12	102cb9255a0c212bb3909f955ad22d605fb1495b27149c48c1e9099d0b7557d7
p01-s03-c0086-v210-adaptive-g1000-sb0006	p01-s03-c0086	sb0006	new-simulation	p01-s03-c0086-v210-adaptive-g1000-sb0006	100	c1f9131cd2fecdfe7b978ec2f0e798cffdf4a5156afc15d000bbc72852b6b7dd	6a6b3ab36cd64fada3d2876c22af57154fbc261ea9d0400565ab2bb424c897aa
p01-s03-c0086-v210-adaptive-g1000-sb0007	p01-s03-c0086	sb0007	new-simulation	p01-s03-c0086-v210-adaptive-g1000-sb0007	100	f27129b844b0e0d5738a409bc02c9a7b6106a85cd87865d372005e8bc3a574a6	9e6a7011c6ffd1b064b8480f2478867e0a202cf6538d68b996025a652746e390
p01-s03-c0086-v210-adaptive-g1000-sb0008	p01-s03-c0086	sb0008	new-simulation	p01-s03-c0086-v210-adaptive-g1000-sb0008	100	3c40ce31ba7debcb7994e82506251a20966cb5fda123e39e34df0b15a84f9099	eaa626ee463fb3c96ce0266b015c21e209c78c82ce6a73ae4f81be6952bd018c
p01-s03-c0086-v210-adaptive-g1000-sb0009	p01-s03-c0086	sb0009	new-simulation	p01-s03-c0086-v210-adaptive-g1000-sb0009	100	60d17d7908aa046fa72eecba11e6a4161d3274a69b58cf01a6922611da9640e3	d1ec6a509278a108785b47d59966a02dde06701f3ce43a2e15149926ace032af
p01-s03-c0086-v210-adaptive-g1000-sb0010	p01-s03-c0086	sb0010	new-simulation	p01-s03-c0086-v210-adaptive-g1000-sb0010	100	98a45d1a928d9058f2d52a23781525be45247a53a89694afe301d7ca93c0d946	3d940098161a1b5bbd0e4682db5730bf0171c50c80926547301830344dc2f408
p01-s03-c0086-v210-adaptive-g1000-sb0011	p01-s03-c0086	sb0011	new-simulation	p01-s03-c0086-v210-adaptive-g1000-sb0011	100	c26e4ca1952db6321ae7260da10dacfcabf4f48aad9a52a29e9fb9283513a3f7	a71b4d12ef255c9872a333545e97c6115d8d28fe294b602ad9556f6b0b100950
p01-s03-c0086-v210-adaptive-g1000-sb0012	p01-s03-c0086	sb0012	new-simulation	p01-s03-c0086-v210-adaptive-g1000-sb0012	100	3dcf53a7b037f149ddac7322ccd0b284c87a5dc3d10ed9ed7f56ea1076aca41d	2ce7f23567adb4efa620a9e5a1d9214e22a657ae26e7eb43075ba94a9e5ecb9e
p01-s03-c0087-v210-adaptive-g1000-sb0001-reused	p01-s03-c0087	sb0001	reused-passage-100	p01-s03-c0041-v210-m010-g100-sb0001	100	1d99591647b82c1fb24e8f0ec21107e12dc8688c166195608cb53c4b0352c08e	not-frozen-for-reuse
p01-s03-c0087-v210-adaptive-g1000-sb0002-reused	p01-s03-c0087	sb0002	reused-passage-100	p01-s03-c0041-v210-m010-g100-sb0002	100	1d99591647b82c1fb24e8f0ec21107e12dc8688c166195608cb53c4b0352c08e	not-frozen-for-reuse
p01-s03-c0087-v210-adaptive-g1000-sb0003-reused	p01-s03-c0087	sb0003	reused-passage-100	p01-s03-c0041-v210-m010-g100-sb0003	100	1d99591647b82c1fb24e8f0ec21107e12dc8688c166195608cb53c4b0352c08e	not-frozen-for-reuse
p01-s03-c0087-v210-adaptive-g1000-sb0004-reused	p01-s03-c0087	sb0004	reused-passage-100	p01-s03-c0041-v210-m010-g100-sb0004	100	1d99591647b82c1fb24e8f0ec21107e12dc8688c166195608cb53c4b0352c08e	not-frozen-for-reuse
p01-s03-c0087-v210-adaptive-g1000-sb0005-reused	p01-s03-c0087	sb0005	reused-passage-100	p01-s03-c0041-v210-m010-g100-sb0005	100	1d99591647b82c1fb24e8f0ec21107e12dc8688c166195608cb53c4b0352c08e	not-frozen-for-reuse
p01-s03-c0087-v210-adaptive-g1000-sb0006-reused	p01-s03-c0087	sb0006	reused-passage-100	p01-s03-c0041-v210-m010-g100-sb0006	100	1d99591647b82c1fb24e8f0ec21107e12dc8688c166195608cb53c4b0352c08e	not-frozen-for-reuse
p01-s03-c0087-v210-adaptive-g1000-sb0007-reused	p01-s03-c0087	sb0007	reused-passage-100	p01-s03-c0041-v210-m010-g100-sb0007	100	1d99591647b82c1fb24e8f0ec21107e12dc8688c166195608cb53c4b0352c08e	not-frozen-for-reuse
p01-s03-c0087-v210-adaptive-g1000-sb0008-reused	p01-s03-c0087	sb0008	reused-passage-100	p01-s03-c0041-v210-m010-g100-sb0008	100	1d99591647b82c1fb24e8f0ec21107e12dc8688c166195608cb53c4b0352c08e	not-frozen-for-reuse
p01-s03-c0087-v210-adaptive-g1000-sb0009-reused	p01-s03-c0087	sb0009	reused-passage-100	p01-s03-c0041-v210-m010-g100-sb0009	100	1d99591647b82c1fb24e8f0ec21107e12dc8688c166195608cb53c4b0352c08e	not-frozen-for-reuse
p01-s03-c0087-v210-adaptive-g1000-sb0010-reused	p01-s03-c0087	sb0010	reused-passage-100	p01-s03-c0041-v210-m010-g100-sb0010	100	1d99591647b82c1fb24e8f0ec21107e12dc8688c166195608cb53c4b0352c08e	not-frozen-for-reuse
p01-s03-c0087-v210-adaptive-g1000-sb0011-reused	p01-s03-c0087	sb0011	reused-passage-100	p01-s03-c0041-v210-m010-g100-sb0011	100	1d99591647b82c1fb24e8f0ec21107e12dc8688c166195608cb53c4b0352c08e	not-frozen-for-reuse
p01-s03-c0087-v210-adaptive-g1000-sb0012-reused	p01-s03-c0087	sb0012	reused-passage-100	p01-s03-c0041-v210-m010-g100-sb0012	100	1d99591647b82c1fb24e8f0ec21107e12dc8688c166195608cb53c4b0352c08e	not-frozen-for-reuse
p01-s03-c0088-v210-adaptive-g1000-sb0001	p01-s03-c0088	sb0001	new-simulation	p01-s03-c0088-v210-adaptive-g1000-sb0001	100	9c9c440fc775c790cccc47453cf89ea956a9579b7452a1107f2da97d8e9b8315	ae756c5f3c122d22d1011e2fe9c41ffe36b45e12b793b77a18b6258293d6de35
p01-s03-c0088-v210-adaptive-g1000-sb0002	p01-s03-c0088	sb0002	new-simulation	p01-s03-c0088-v210-adaptive-g1000-sb0002	100	b182f59c0bf609c5eac718e89461c26f86acbd2f09d22b2e0cde20067244a974	fe67f09bdc43937a744dd4e264fded1db762bd482bb4cb659d3423cb291456ff
p01-s03-c0088-v210-adaptive-g1000-sb0003	p01-s03-c0088	sb0003	new-simulation	p01-s03-c0088-v210-adaptive-g1000-sb0003	100	80ea5b28a413572a35abe1c4b1ffd88d94e8795f7081a65437a0794540f4f617	fa6808fee2a5939cf274b1fac81774f10d1d3ab4ea6f07746918be3ac3287138
p01-s03-c0088-v210-adaptive-g1000-sb0004	p01-s03-c0088	sb0004	new-simulation	p01-s03-c0088-v210-adaptive-g1000-sb0004	100	e7d2405ebfdd363ee59a7b2bd8c20686d32b68573c674ef8723b6f388085be1d	602114ae4971e299a932eadc9251d057cae15ea7b3fab7ff5ce9d2de7d6b1b8a
p01-s03-c0088-v210-adaptive-g1000-sb0005	p01-s03-c0088	sb0005	new-simulation	p01-s03-c0088-v210-adaptive-g1000-sb0005	100	608dfb9547088853b0add56a08624e2286d5c1962bebb927e1da2abc1636ac46	9a1d9821bedccdb5238678e243536d3ef8c93ed223612bb030b46b03fab137da
p01-s03-c0088-v210-adaptive-g1000-sb0006	p01-s03-c0088	sb0006	new-simulation	p01-s03-c0088-v210-adaptive-g1000-sb0006	100	8bf69fb030bf1c50a9f028584103a896ec0da797f871cf150236090951646b84	f89bf0839097e08154edcbaadb8fa9e5869e02f185795c9c72916f53c5401dcd
p01-s03-c0088-v210-adaptive-g1000-sb0007	p01-s03-c0088	sb0007	new-simulation	p01-s03-c0088-v210-adaptive-g1000-sb0007	100	a44b22cdd094bf1fb64dcde0e9ce9c5e0f46f6f05e2eddced9ea0cadeef38214	2c3aa062a657940fd483d5c394ff1d86fff1d4ff9071d68f69c09147232ffe19
p01-s03-c0088-v210-adaptive-g1000-sb0008	p01-s03-c0088	sb0008	new-simulation	p01-s03-c0088-v210-adaptive-g1000-sb0008	100	76d5b9076e433ceacfe5f704345eb94679ce2d66121c3135c73908fd662b1af3	40fd7d1001a73801e44a003c81f457fc0cdfd4cdcd8ae72c87e540825e370025
p01-s03-c0088-v210-adaptive-g1000-sb0009	p01-s03-c0088	sb0009	new-simulation	p01-s03-c0088-v210-adaptive-g1000-sb0009	100	6d9bf3d314a18c0aecac5b62f355d2b4d5b30d6262ba5b4da08b3fc4745464d5	b8a97f574f05bfc015b7c97671f77578825ef194c2b15bc4756c295307753e21
p01-s03-c0088-v210-adaptive-g1000-sb0010	p01-s03-c0088	sb0010	new-simulation	p01-s03-c0088-v210-adaptive-g1000-sb0010	100	7d085dc03ac00748ac59f8bf77a8b8f2ae010fd0c5f29cf425db6543f4a5d93d	f46012ac364c6d6e12e79754a96de6e73a66127c0252f14b950fecd4e72c616e
p01-s03-c0088-v210-adaptive-g1000-sb0011	p01-s03-c0088	sb0011	new-simulation	p01-s03-c0088-v210-adaptive-g1000-sb0011	100	a95444b6299b36e9bce354f4d5d4ed58f4b046a87497954bb99847bbfa1c8d46	f4519fc72e650478c2ff36a27712d2bdafddc6f98992b75cfd8e4989f208a607
p01-s03-c0088-v210-adaptive-g1000-sb0012	p01-s03-c0088	sb0012	new-simulation	p01-s03-c0088-v210-adaptive-g1000-sb0012	100	1209ccc02025eac9ae58d5b6c67baaa740d841f44a2fd2e96eabdf95950f4533	b006af64f4d6218d2d2991c6c8f2c5459c3d94503af59147925ad7458e881837
p01-s03-c0089-v210-adaptive-g1000-sb0001	p01-s03-c0089	sb0001	new-simulation	p01-s03-c0089-v210-adaptive-g1000-sb0001	100	84123cab8bb6cd9e6e5ad3a1464197104ba8343f0adc2bb4162deeaef40f49b7	2a3a34c837c01050999f41fd7d70bf2681298aedb6d34806ea2876af06aadf81
p01-s03-c0089-v210-adaptive-g1000-sb0002	p01-s03-c0089	sb0002	new-simulation	p01-s03-c0089-v210-adaptive-g1000-sb0002	100	6cacaa36c03e599f545f97dab4c3efc6eca9ced13602c47a55eda4c351857888	5813c316de916a18de5db3fd8aa2a589295b6b3c93668334a855b59e1d57d895
p01-s03-c0089-v210-adaptive-g1000-sb0003	p01-s03-c0089	sb0003	new-simulation	p01-s03-c0089-v210-adaptive-g1000-sb0003	100	56da555b9f5338812608c9fc696ceec670c02494d783dfa300cde57e51321b1b	572caedee12d388945b372a7f055a3e2baee5f5cef082053c07a656c67b14d3e
p01-s03-c0089-v210-adaptive-g1000-sb0004	p01-s03-c0089	sb0004	new-simulation	p01-s03-c0089-v210-adaptive-g1000-sb0004	100	0559f824bf170ea51bb6c490746e2bf60031bba2cb3d90be85fe14878c1886c9	2c024d9dc18184ed38d12520e49ff74faba3c02c91f4595ae8073b422a772c6b
p01-s03-c0089-v210-adaptive-g1000-sb0005	p01-s03-c0089	sb0005	new-simulation	p01-s03-c0089-v210-adaptive-g1000-sb0005	100	5c041cce40b595902610afa55085fca99e0ac144e7f31dc5818de9dbb55d0575	8768c26c4256e073fd768c456d3a44183dca7c881a68435e41415bc9b07afe0e
p01-s03-c0089-v210-adaptive-g1000-sb0006	p01-s03-c0089	sb0006	new-simulation	p01-s03-c0089-v210-adaptive-g1000-sb0006	100	b716b553afa1d34da4e13a8ea23696c3ccf8b403bdf6596ee13c1ad162c217f8	1c13e43394e408c40e82643a1df5a59cf857636a5a9f9534376d02432eb11a76
p01-s03-c0089-v210-adaptive-g1000-sb0007	p01-s03-c0089	sb0007	new-simulation	p01-s03-c0089-v210-adaptive-g1000-sb0007	100	c1de7e7d943a5b2a9d3a309215fde1c0899919a6b4b8153307a7780ae1d020d7	838fc610c8bce3fad69496ca96e7776af551908f4236db5774e8e3e7877681ea
p01-s03-c0089-v210-adaptive-g1000-sb0008	p01-s03-c0089	sb0008	new-simulation	p01-s03-c0089-v210-adaptive-g1000-sb0008	100	a006f75e02fafb3992b2daed6c0c5ad96363abf84514df070f8b20e332ff5477	f7439d880286b92d14283e0c07fb1514e0fe711a5c60449c352de6b4916ed190
p01-s03-c0089-v210-adaptive-g1000-sb0009	p01-s03-c0089	sb0009	new-simulation	p01-s03-c0089-v210-adaptive-g1000-sb0009	100	97ff615641794bcbcba4323821190b4a321eed03caee227b42f87733971f3be6	ff456cb1ad26edfbab919046fd5b5e16b9a920beaf628e07da8a7a1bf1e4ddc5
p01-s03-c0089-v210-adaptive-g1000-sb0010	p01-s03-c0089	sb0010	new-simulation	p01-s03-c0089-v210-adaptive-g1000-sb0010	100	abf2af3be993e6271f913d46dce2e493d867175795f89d4e0c3e2f1c8baf3092	d525d4506da4158eded78cd538899dae4c957b5969cff5e4a56fb467bd9fd9b7
p01-s03-c0089-v210-adaptive-g1000-sb0011	p01-s03-c0089	sb0011	new-simulation	p01-s03-c0089-v210-adaptive-g1000-sb0011	100	b571fdb2335c9cbf0bdab7987b9674fef70d9fb8ba3661543c4423e9a51ae3ce	3a09f44d608b8be2c047d9a2de2082b9e9790625d1e300bbb87b943d99dedf73
p01-s03-c0089-v210-adaptive-g1000-sb0012	p01-s03-c0089	sb0012	new-simulation	p01-s03-c0089-v210-adaptive-g1000-sb0012	100	0356b24d9a51d1ba90b745dca3167ec307e62234d42ffe15c5a6cd99e629a9a1	64f74eed5e251bf0114ddcb5e33927b7314e0dc3f89139b8c241849a51bee0eb
p01-s03-c0090-v210-adaptive-g1000-sb0001	p01-s03-c0090	sb0001	new-simulation	p01-s03-c0090-v210-adaptive-g1000-sb0001	100	9356c1de32d2b9845f56f6f812734319adf286064c03a85e680c0ff3a7424833	88f2493ae164650f4b8019ff419756b06627a3260a867334f0dd63f592ab0606
p01-s03-c0090-v210-adaptive-g1000-sb0002	p01-s03-c0090	sb0002	new-simulation	p01-s03-c0090-v210-adaptive-g1000-sb0002	100	066ee68a525555df733ddc4bce46f88b567ad5c25c054f8cda36829a2d6bd5f6	c58f3f73a17d74096b0b4db94e0c1a4ea8198d614dfbb84a67a0cc313de4347c
p01-s03-c0090-v210-adaptive-g1000-sb0003	p01-s03-c0090	sb0003	new-simulation	p01-s03-c0090-v210-adaptive-g1000-sb0003	100	5c4f47124f11d00fef9dc476b77a9c43a227e641f458eb79861df3548821246b	2fa27c87f15ec2c6e4c4f24c6a1564f284c27765f5a6b6f33a20883340069f3f
p01-s03-c0090-v210-adaptive-g1000-sb0004	p01-s03-c0090	sb0004	new-simulation	p01-s03-c0090-v210-adaptive-g1000-sb0004	100	60249b3dde967bd62af72491b94da469f6585139b627e67e5b9b45b7e908d148	26411c2d7ac7781106434225a53f286cc66e053006b10f08e471fe52496e2a9b
p01-s03-c0090-v210-adaptive-g1000-sb0005	p01-s03-c0090	sb0005	new-simulation	p01-s03-c0090-v210-adaptive-g1000-sb0005	100	df0f2bfc8bdaa0f8fac8e4d6f6b2e3adf1df9ab77b420420bad77845ae8dfc5d	6eb200e9d477ef641e60f3ff7f786490017046a90a93f23c1433c934861c88b2
p01-s03-c0090-v210-adaptive-g1000-sb0006	p01-s03-c0090	sb0006	new-simulation	p01-s03-c0090-v210-adaptive-g1000-sb0006	100	5966c3dc463a9a6e4679c1594b7d126f5f13deab99b71f4f2de5014567db3668	1cf401f4653921a758e564d31f84258a872794f1e8a3a7c615c75ca8efb396c4
p01-s03-c0090-v210-adaptive-g1000-sb0007	p01-s03-c0090	sb0007	new-simulation	p01-s03-c0090-v210-adaptive-g1000-sb0007	100	4d47f62744e8562d39e46a41f129d3a33829a7dca587ba11bc066358850f8d3a	99a970098633cc6ece75834991ea560d6f8c95da63d1d7abf4b32edbafe87a2f
p01-s03-c0090-v210-adaptive-g1000-sb0008	p01-s03-c0090	sb0008	new-simulation	p01-s03-c0090-v210-adaptive-g1000-sb0008	100	a670dfafd0e59ad65c568ebb50395caa0a27e4af11e96e1549d4512c468a954d	2122cc13f365a37f2d147764d284ce50149f25309f922c4f8282d3190faf93df
p01-s03-c0090-v210-adaptive-g1000-sb0009	p01-s03-c0090	sb0009	new-simulation	p01-s03-c0090-v210-adaptive-g1000-sb0009	100	9b57c0f7c519c64094c1e5d2adc89da68a77f781397d4683463ca09633ae1382	a26f00ed8371e0ae15f06cea27b0a91f2849fc4107fd658167c1286d25c599a6
p01-s03-c0090-v210-adaptive-g1000-sb0010	p01-s03-c0090	sb0010	new-simulation	p01-s03-c0090-v210-adaptive-g1000-sb0010	100	109e96ace31df844659d546efbc87bddf50e135c659d28f8fbab05c48ca64118	0b3e8817b7715d040b6c1fcd6f6fe089ce1a14d2e7d3f5a7b45698517e2d8b05
p01-s03-c0090-v210-adaptive-g1000-sb0011	p01-s03-c0090	sb0011	new-simulation	p01-s03-c0090-v210-adaptive-g1000-sb0011	100	088e8afd78a5bbbf1d074a3559f96d306220b4fcb3da509fcfec7e35f181f858	1bec647cf2847cb9ac2d7c132a414a13441c9866c7995d5cb526f2459f19af6d
p01-s03-c0090-v210-adaptive-g1000-sb0012	p01-s03-c0090	sb0012	new-simulation	p01-s03-c0090-v210-adaptive-g1000-sb0012	100	fd4cab86dbcc0f5d8612ca872816748802690dc010c24705cbb1a05ea0b85e1f	fc7c0ee41b0b3bc0af1cfe88810b35f7e377660a6817d87fd91277584319b739
