run_id	cell_id	cell	seed_block_id	panel	H	B	HB	alpha_target	alpha	m	source_role	source_run_id	D0_tail_mean	D0_tail_sd	D1_tail_mean	D1_tail_sd	D2_tail_mean	D2_tail_sd	evenness_tail_mean	evenness_tail_sd	TV_tail_mean	TV_tail_sd	TV_51_75_mean	TV_76_100_mean	TV_late_change
p01-s03-c0051-v210-adaptive-g1000-sb0001	p01-s03-c0051	c0051	sb0001	H-by-B	100	1	100	0.5	0.5	0.1	new-simulation	p01-s03-c0051-v210-adaptive-g1000-sb0001	100.0	0.0	27.53583877901115	2.5327093512973784	19.0564271196195	2.281943980004087	0.7190540995314548	0.019892732340423727	0.24585984974	0.026865663153993406	0.22704074800000001	0.26467895148	0.037638203479999965
p01-s03-c0051-v210-adaptive-g1000-sb0002	p01-s03-c0051	c0051	sb0002	H-by-B	100	1	100	0.5	0.5	0.1	new-simulation	p01-s03-c0051-v210-adaptive-g1000-sb0002	100.0	0.0	27.197550316344337	1.539173662129793	19.396663362701325	1.5753340906019255	0.7169197112909559	0.012412410592670722	0.27005582017999996	0.023552818395600195	0.2712654942	0.26884614616	-0.002419348039999991
p01-s03-c0051-v210-adaptive-g1000-sb0003	p01-s03-c0051	c0051	sb0003	H-by-B	100	1	100	0.5	0.5	0.1	new-simulation	p01-s03-c0051-v210-adaptive-g1000-sb0003	100.0	0.0	26.86567451461545	2.1595854107587673	18.238605395511854	1.9851035875650527	0.7138933979745004	0.01779876670302617	0.274685749	0.026005842338893245	0.27812149308	0.27125000492	-0.006871488159999994
p01-s03-c0051-v210-adaptive-g1000-sb0004	p01-s03-c0051	c0051	sb0004	H-by-B	100	1	100	0.5	0.5	0.1	new-simulation	p01-s03-c0051-v210-adaptive-g1000-sb0004	100.0	0.0	27.8386007981887	1.6864242437623833	19.86047397308464	1.9772306606907786	0.721932247278334	0.013183724453410935	0.23953566538	0.019264609713838643	0.25053360804	0.22853772272	-0.02199588532000002
p01-s03-c0051-v210-adaptive-g1000-sb0005	p01-s03-c0051	c0051	sb0005	H-by-B	100	1	100	0.5	0.5	0.1	new-simulation	p01-s03-c0051-v210-adaptive-g1000-sb0005	100.0	0.0	27.32971757752897	1.6657202035925378	19.29385909023968	1.641872566630159	0.717919091734056	0.013319350098816168	0.23633790114	0.03570473914399201	0.234413581	0.23826222128000002	0.0038486402800000097
p01-s03-c0051-v210-adaptive-g1000-sb0006	p01-s03-c0051	c0051	sb0006	H-by-B	100	1	100	0.5	0.5	0.1	new-simulation	p01-s03-c0051-v210-adaptive-g1000-sb0006	100.0	0.0	25.204449096787698	3.3342160902637348	16.95795671709638	3.526108925720916	0.6988160912816583	0.02943647198330998	0.2566469464	0.0241532206903076	0.26789916416	0.24539472864	-0.022504435519999977
p01-s03-c0051-v210-adaptive-g1000-sb0007	p01-s03-c0051	c0051	sb0007	H-by-B	100	1	100	0.5	0.5	0.1	new-simulation	p01-s03-c0051-v210-adaptive-g1000-sb0007	100.0	0.0	24.334708778773184	1.6115563794950727	16.597985660048366	1.5832786852188823	0.6926448680135522	0.01442040837142105	0.23151873456	0.02556215239530731	0.22062891835999998	0.24240855075999998	0.0217796324
p01-s03-c0051-v210-adaptive-g1000-sb0008	p01-s03-c0051	c0051	sb0008	H-by-B	100	1	100	0.5	0.5	0.1	new-simulation	p01-s03-c0051-v210-adaptive-g1000-sb0008	100.0	0.0	25.70578534663785	1.3646647795715399	16.831768682066375	1.5589811613597961	0.7047134506751342	0.01158992253282931	0.2631268745	0.03127548109510272	0.27427943272	0.25197431628	-0.022305116439999995
p01-s03-c0051-v210-adaptive-g1000-sb0009	p01-s03-c0051	c0051	sb0009	H-by-B	100	1	100	0.5	0.5	0.1	new-simulation	p01-s03-c0051-v210-adaptive-g1000-sb0009	100.0	0.0	25.971296447404228	1.3326236813780254	17.81817369111719	1.6630220957148245	0.7069639017413805	0.011227206354824982	0.23770362374	0.03022325157837487	0.25899288784	0.21641435964	-0.04257852820000002
p01-s03-c0051-v210-adaptive-g1000-sb0010	p01-s03-c0051	c0051	sb0010	H-by-B	100	1	100	0.5	0.5	0.1	new-simulation	p01-s03-c0051-v210-adaptive-g1000-sb0010	100.0	0.0	24.466732509617906	2.2308972053799803	16.694928611289928	1.4886575371607678	0.6933889811052694	0.02004522735522406	0.23871956594	0.033851633757977055	0.22500390272	0.25243522916	0.027431326439999987
p01-s03-c0051-v210-adaptive-g1000-sb0011	p01-s03-c0051	c0051	sb0011	H-by-B	100	1	100	0.5	0.5	0.1	new-simulation	p01-s03-c0051-v210-adaptive-g1000-sb0011	100.0	0.0	27.30698678692279	1.4949766694447941	19.680700310471696	1.502548010804154	0.7178149884452892	0.01197568906830377	0.24493019232	0.022686496234006186	0.2458663028	0.24399408184	-0.001872220960000004
p01-s03-c0051-v210-adaptive-g1000-sb0012	p01-s03-c0051	c0051	sb0012	H-by-B	100	1	100	0.5	0.5	0.1	new-simulation	p01-s03-c0051-v210-adaptive-g1000-sb0012	100.0	0.0	28.53306783417841	1.572813401238332	20.59409915741333	1.4641824711085005	0.7273500738765516	0.01199603778280026	0.25326620508000003	0.028695850445040194	0.24586624787999997	0.26066616228	0.01479991440000003
p01-s03-c0052-v210-adaptive-g1000-sb0001	p01-s03-c0052	c0052	sb0001	H-by-B	100	5	500	0.5	0.5	0.1	new-simulation	p01-s03-c0052-v210-adaptive-g1000-sb0001	100.0	0.0	29.47137902647511	1.5553499819815462	20.987670859725167	1.3653696060579417	0.7344035976160622	0.011470302726504815	0.21578291876000003	0.02051624661174347	0.21079339528000002	0.22077244224	0.009979046959999988
p01-s03-c0052-v210-adaptive-g1000-sb0002	p01-s03-c0052	c0052	sb0002	H-by-B	100	5	500	0.5	0.5	0.1	new-simulation	p01-s03-c0052-v210-adaptive-g1000-sb0002	100.0	0.0	28.52711316299759	1.7739924787245143	19.760854166081185	1.6711877019356138	0.7272176643662359	0.013501842077669973	0.21507805576	0.02110110329812215	0.21575394203999998	0.21440216948	-0.001351772559999992
p01-s03-c0052-v210-adaptive-g1000-sb0003	p01-s03-c0052	c0052	sb0003	H-by-B	100	5	500	0.5	0.5	0.1	new-simulation	p01-s03-c0052-v210-adaptive-g1000-sb0003	100.0	0.0	28.92769626280156	2.5712196255703805	20.048100605695783	2.5091132573664625	0.729816952743076	0.019298149463584133	0.19980815474	0.022996742991487126	0.21052371652	0.18909259296000003	-0.02143112355999996
p01-s03-c0052-v210-adaptive-g1000-sb0004	p01-s03-c0052	c0052	sb0004	H-by-B	100	5	500	0.5	0.5	0.1	new-simulation	p01-s03-c0052-v210-adaptive-g1000-sb0004	100.0	0.0	26.162282984712164	1.6952800586717898	17.546746515887563	1.7656401696889057	0.7083971411581512	0.013933439357607798	0.21934824474	0.01882296872628479	0.21743430004	0.22126218944	0.0038278894000000063
p01-s03-c0052-v210-adaptive-g1000-sb0005	p01-s03-c0052	c0052	sb0005	H-by-B	100	5	500	0.5	0.5	0.1	new-simulation	p01-s03-c0052-v210-adaptive-g1000-sb0005	100.0	0.0	27.425679214088703	1.5120055954026625	18.495282637285662	1.5190818011407963	0.7187526706995331	0.01204530416855921	0.2012745247	0.020647486608175548	0.2019034822	0.20064556719999999	-0.001257915000000026
p01-s03-c0052-v210-adaptive-g1000-sb0006	p01-s03-c0052	c0052	sb0006	H-by-B	100	5	500	0.5	0.5	0.1	new-simulation	p01-s03-c0052-v210-adaptive-g1000-sb0006	100.0	0.0	27.825202636900826	2.143935231090175	19.532206091047854	1.6327524532803273	0.7215780799263324	0.016922394475767925	0.19617214744000003	0.021145424896484643	0.19766171976	0.19468257512	-0.0029791446399999866
p01-s03-c0052-v210-adaptive-g1000-sb0007	p01-s03-c0052	c0052	sb0007	H-by-B	100	5	500	0.5	0.5	0.1	new-simulation	p01-s03-c0052-v210-adaptive-g1000-sb0007	100.0	0.0	27.754680704277835	1.3092100386393069	19.06146207818212	1.1307139217746074	0.7214300163713466	0.010289364987793889	0.22173367987999998	0.023747177770342513	0.21769989639999998	0.22576746336	0.008067566960000022
p01-s03-c0052-v210-adaptive-g1000-sb0008	p01-s03-c0052	c0052	sb0008	H-by-B	100	5	500	0.5	0.5	0.1	new-simulation	p01-s03-c0052-v210-adaptive-g1000-sb0008	100.0	0.0	26.11931038114229	1.8027900122260963	17.918962284279885	1.4088963424128185	0.7079870886631439	0.014698301270559362	0.21521939929999997	0.018149351458209607	0.20953292680000002	0.2209058718	0.011372944999999968
p01-s03-c0052-v210-adaptive-g1000-sb0009	p01-s03-c0052	c0052	sb0009	H-by-B	100	5	500	0.5	0.5	0.1	new-simulation	p01-s03-c0052-v210-adaptive-g1000-sb0009	100.0	0.0	28.082692572304563	1.210411908311251	19.67052003336759	1.6571927864881277	0.7240211362772431	0.009381361378678036	0.21382507156	0.015295123800201189	0.21476396584	0.21288617727999998	-0.00187778856000001
p01-s03-c0052-v210-adaptive-g1000-sb0010	p01-s03-c0052	c0052	sb0010	H-by-B	100	5	500	0.5	0.5	0.1	new-simulation	p01-s03-c0052-v210-adaptive-g1000-sb0010	100.0	0.0	28.090976389328258	1.705656840212469	19.48580821703964	1.550879595005288	0.7238892964577631	0.013232857399610456	0.20829464177999998	0.019331045703859177	0.20488423728000002	0.21170504628	0.006820808999999983
p01-s03-c0052-v210-adaptive-g1000-sb0011	p01-s03-c0052	c0052	sb0011	H-by-B	100	5	500	0.5	0.5	0.1	new-simulation	p01-s03-c0052-v210-adaptive-g1000-sb0011	100.0	0.0	28.02859557176945	1.0512402080523002	19.861260706214704	0.9836851016815561	0.7236502852046571	0.008173964223412848	0.19614252556	0.018871965887567017	0.19820591776000002	0.19407913336	-0.0041267844000000276
p01-s03-c0052-v210-adaptive-g1000-sb0012	p01-s03-c0052	c0052	sb0012	H-by-B	100	5	500	0.5	0.5	0.1	new-simulation	p01-s03-c0052-v210-adaptive-g1000-sb0012	100.0	0.0	28.596144981349735	2.0194302361155274	19.938143451625184	1.897269367368703	0.7276095468873046	0.01563135468425591	0.21458744944	0.021442680261261983	0.21600256636	0.21317233252	-0.0028302338400000016
p01-s03-c0053-v210-adaptive-g1000-sb0001-reused	p01-s03-c0053	c0053	sb0001	H-by-B	100	10	1000	0.5	0.5	0.1	reused-passage-100	p01-s02-c0022-v210-m010-g250-sb0001	100.0	0.0	30.533674376157602	1.825095256015438	21.3936542882858	1.4322132139829853	0.7420109337189131	0.012942502773571623	0.17329169245999998	0.01634955683243322	0.1763047512	0.17027863372	-0.0060261174800000095
p01-s03-c0053-v210-adaptive-g1000-sb0002-reused	p01-s03-c0053	c0053	sb0002	H-by-B	100	10	1000	0.5	0.5	0.1	reused-passage-100	p01-s02-c0022-v210-m010-g250-sb0002	100.0	0.0	28.088213904340094	1.419995809960507	19.363806274806006	1.0963798919204757	0.7239917694169494	0.010929877379439033	0.17082752786	0.015309548224347049	0.16915437792	0.17250067779999997	0.0033462998799999866
p01-s03-c0053-v210-adaptive-g1000-sb0003-reused	p01-s03-c0053	c0053	sb0003	H-by-B	100	10	1000	0.5	0.5	0.1	reused-passage-100	p01-s02-c0022-v210-m010-g250-sb0003	100.0	0.0	30.124135558126042	1.6282568679203617	20.647485776839567	1.152116896230363	0.7391453808935193	0.01176766038502517	0.17564593254	0.020646834568912628	0.17127055112	0.18002131395999998	0.008750762839999982
p01-s03-c0053-v210-adaptive-g1000-sb0004-reused	p01-s03-c0053	c0053	sb0004	H-by-B	100	10	1000	0.5	0.5	0.1	reused-passage-100	p01-s02-c0022-v210-m010-g250-sb0004	100.0	0.0	29.24370515641839	2.140832622938053	19.58990045037437	1.197277520447215	0.7324480407217187	0.015856614821352148	0.17024051758	0.015707091594001514	0.17242419336	0.1680568418	-0.00436735156000001
p01-s03-c0053-v210-adaptive-g1000-sb0005-reused	p01-s03-c0053	c0053	sb0005	H-by-B	100	10	1000	0.5	0.5	0.1	reused-passage-100	p01-s02-c0022-v210-m010-g250-sb0005	100.0	0.0	28.25067586785901	1.6938558018631582	18.66356637010148	1.5965791440639914	0.7251216986450199	0.013282028344120985	0.17427519802	0.016498668639819553	0.1747792878	0.17377110824	-0.0010081795599999888
p01-s03-c0053-v210-adaptive-g1000-sb0006-reused	p01-s03-c0053	c0053	sb0006	H-by-B	100	10	1000	0.5	0.5	0.1	reused-passage-100	p01-s02-c0022-v210-m010-g250-sb0006	100.0	0.0	32.42242552529933	1.4860794871354992	22.49402565747564	1.5830090240051031	0.7551987019997668	0.009971257345092938	0.18248162802	0.01879477371759721	0.17773072916	0.18723252688000003	0.009501797720000038
p01-s03-c0053-v210-adaptive-g1000-sb0007-reused	p01-s03-c0053	c0053	sb0007	H-by-B	100	10	1000	0.5	0.5	0.1	reused-passage-100	p01-s02-c0022-v210-m010-g250-sb0007	100.0	0.0	29.576783748000583	1.3621929951780614	20.433060098580533	1.4371977498017952	0.7352500587234794	0.009993384340710688	0.1763106562	0.01856567289601804	0.175000694	0.1776206184	0.002619924400000001
p01-s03-c0053-v210-adaptive-g1000-sb0008-reused	p01-s03-c0053	c0053	sb0008	H-by-B	100	10	1000	0.5	0.5	0.1	reused-passage-100	p01-s02-c0022-v210-m010-g250-sb0008	100.0	0.0	30.655756482633816	1.6499313159673379	21.06013484989382	1.4693082997433438	0.7429442354350563	0.011791095200825174	0.17217635508	0.02001369359039193	0.17843746676000002	0.1659152434	-0.012522223360000029
p01-s03-c0053-v210-adaptive-g1000-sb0009-reused	p01-s03-c0053	c0053	sb0009	H-by-B	100	10	1000	0.5	0.5	0.1	reused-passage-100	p01-s02-c0022-v210-m010-g250-sb0009	100.0	0.0	30.481685169610262	1.9164100172524214	20.78646829084516	1.9459802026388437	0.7415825223536763	0.014052271482317276	0.17053275652	0.015300666737756395	0.16652169072	0.17454382232	0.00802213160000001
p01-s03-c0053-v210-adaptive-g1000-sb0010-reused	p01-s03-c0053	c0053	sb0010	H-by-B	100	10	1000	0.5	0.5	0.1	reused-passage-100	p01-s02-c0022-v210-m010-g250-sb0010	100.0	0.0	31.281510433454713	2.438700517941527	21.899123906253926	1.9926367298858578	0.7470206441934547	0.016472578257697504	0.17707699176	0.016037137078083574	0.17939676104	0.17475722248	-0.004639538559999989
p01-s03-c0053-v210-adaptive-g1000-sb0011-reused	p01-s03-c0053	c0053	sb0011	H-by-B	100	10	1000	0.5	0.5	0.1	reused-passage-100	p01-s02-c0022-v210-m010-g250-sb0011	100.0	0.0	29.11126750868249	1.3720837522460578	19.116402535789177	1.3912482675426807	0.7317947620651278	0.010217229276779198	0.18839845893999999	0.021099185890988897	0.17701185415999998	0.19978506372000002	0.022773209560000035
p01-s03-c0053-v210-adaptive-g1000-sb0012-reused	p01-s03-c0053	c0053	sb0012	H-by-B	100	10	1000	0.5	0.5	0.1	reused-passage-100	p01-s02-c0022-v210-m010-g250-sb0012	100.0	0.0	29.70075976358125	1.447989503738339	20.032701273210765	1.4748186824555674	0.7361340098460407	0.010490652165386038	0.18994245814	0.010626782087689465	0.18460755276000002	0.19527736351999997	0.010669810759999954
p01-s03-c0054-v210-adaptive-g1000-sb0001	p01-s03-c0054	c0054	sb0001	H-by-B	100	50	5000	0.5	0.5	0.1	new-simulation	p01-s03-c0054-v210-adaptive-g1000-sb0001	100.0	0.0	33.20464167807356	1.4155223010749214	21.758334594562335	1.2822713536960169	0.7604085373638442	0.009168251927535094	0.10207766636	0.00843995547863768	0.09806743736	0.10608789536	0.008020458000000008
p01-s03-c0054-v210-adaptive-g1000-sb0002	p01-s03-c0054	c0054	sb0002	H-by-B	100	50	5000	0.5	0.5	0.1	new-simulation	p01-s03-c0054-v210-adaptive-g1000-sb0002	100.0	0.0	32.7857908223642	0.6171780969089927	21.88274018754817	0.5045304538764863	0.7578049255509982	0.004104155064725247	0.09696395588	0.012922164409574884	0.09251989399999999	0.10140801776	0.008888123760000005
p01-s03-c0054-v210-adaptive-g1000-sb0003	p01-s03-c0054	c0054	sb0003	H-by-B	100	50	5000	0.5	0.5	0.1	new-simulation	p01-s03-c0054-v210-adaptive-g1000-sb0003	100.0	0.0	33.25177636740124	0.7871675613457456	22.38382917530038	0.9668963222488944	0.7608474286972278	0.005164560140543608	0.09962016499999998	0.014207767359935652	0.09137392792	0.10786640207999999	0.016492474159999992
p01-s03-c0054-v210-adaptive-g1000-sb0004	p01-s03-c0054	c0054	sb0004	H-by-B	100	50	5000	0.5	0.5	0.1	new-simulation	p01-s03-c0054-v210-adaptive-g1000-sb0004	100.0	0.0	31.968151979697314	0.8503535113007025	21.023766696190044	0.5871095598677191	0.752284532348185	0.005715731996553126	0.09057689822000001	0.009642689617943321	0.09369639012	0.08745740632	-0.0062389838
p01-s03-c0054-v210-adaptive-g1000-sb0005	p01-s03-c0054	c0054	sb0005	H-by-B	100	50	5000	0.5	0.5	0.1	new-simulation	p01-s03-c0054-v210-adaptive-g1000-sb0005	100.0	0.0	33.93101260340405	1.414009167980984	22.03943676103865	1.1918223865774609	0.7651069240977497	0.009296625680310994	0.10124071722	0.014490383248884407	0.09190361579999999	0.11057781864	0.018674202840000015
p01-s03-c0054-v210-adaptive-g1000-sb0006	p01-s03-c0054	c0054	sb0006	H-by-B	100	50	5000	0.5	0.5	0.1	new-simulation	p01-s03-c0054-v210-adaptive-g1000-sb0006	100.0	0.0	33.66732097071782	0.8060275132372835	22.742206802662658	0.7477480463157178	0.763543967455875	0.005155831702623786	0.09466386306	0.010233887080661974	0.09691617584	0.09241155027999999	-0.004504625560000003
p01-s03-c0054-v210-adaptive-g1000-sb0007	p01-s03-c0054	c0054	sb0007	H-by-B	100	50	5000	0.5	0.5	0.1	new-simulation	p01-s03-c0054-v210-adaptive-g1000-sb0007	100.0	0.0	31.88879660048412	1.1580431241137334	21.33354492912871	0.679885907558633	0.7516782413546567	0.007907400590192808	0.09726890716	0.008626376620392348	0.0966183752	0.09791943911999999	0.001301063919999998
p01-s03-c0054-v210-adaptive-g1000-sb0008	p01-s03-c0054	c0054	sb0008	H-by-B	100	50	5000	0.5	0.5	0.1	new-simulation	p01-s03-c0054-v210-adaptive-g1000-sb0008	100.0	0.0	32.76922544291519	1.048739546676728	21.86773408240357	0.8812345522787614	0.7576243318501413	0.006939217040140065	0.09182816674	0.01162682140553973	0.08728605068	0.09637028280000001	0.009084232120000008
p01-s03-c0054-v210-adaptive-g1000-sb0009	p01-s03-c0054	c0054	sb0009	H-by-B	100	50	5000	0.5	0.5	0.1	new-simulation	p01-s03-c0054-v210-adaptive-g1000-sb0009	100.0	0.0	32.96109985416244	1.0382643693614488	21.460970973979656	0.7646216317370912	0.75889580510432	0.006814359579541915	0.09927144196	0.0110345688976222	0.10440259387999999	0.09414029003999999	-0.01026230384
p01-s03-c0054-v210-adaptive-g1000-sb0010	p01-s03-c0054	c0054	sb0010	H-by-B	100	50	5000	0.5	0.5	0.1	new-simulation	p01-s03-c0054-v210-adaptive-g1000-sb0010	100.0	0.0	31.149922860691728	0.9851448143711437	20.401521926981342	1.1483440393143562	0.7466220175705276	0.006869949786205636	0.09782226114	0.008502804382696847	0.0944559796	0.10118854268	0.00673256307999999
p01-s03-c0054-v210-adaptive-g1000-sb0011	p01-s03-c0054	c0054	sb0011	H-by-B	100	50	5000	0.5	0.5	0.1	new-simulation	p01-s03-c0054-v210-adaptive-g1000-sb0011	100.0	0.0	32.03814701498135	1.0160267296404986	21.050186624676854	0.8958742458871161	0.7527273788007975	0.0068537053421489245	0.09376872894	0.011918627532227822	0.09015718916000001	0.09738026872000001	0.007223079559999998
p01-s03-c0054-v210-adaptive-g1000-sb0012	p01-s03-c0054	c0054	sb0012	H-by-B	100	50	5000	0.5	0.5	0.1	new-simulation	p01-s03-c0054-v210-adaptive-g1000-sb0012	100.0	0.0	32.855954393381374	1.1386275924595473	22.679288564115627	1.0180561629300826	0.7581795128628619	0.007514136144148006	0.09808044710000001	0.010377506123320288	0.09285087884000001	0.10331001536000001	0.010459136519999995
p01-s03-c0055-v210-adaptive-g1000-sb0001	p01-s03-c0055	c0055	sb0001	H-by-B	1000	1	1000	0.5	0.5	0.1	new-simulation	p01-s03-c0055-v210-adaptive-g1000-sb0001	100.0	0.0	32.72785168804388	0.7852438623956958	21.448878900026397	0.5267889332842122	0.7573972023086631	0.005228895989738461	0.09076793768	0.006232383352445119	0.08757325319999999	0.09396262216000001	0.006389368960000016
p01-s03-c0055-v210-adaptive-g1000-sb0002	p01-s03-c0055	c0055	sb0002	H-by-B	1000	1	1000	0.5	0.5	0.1	new-simulation	p01-s03-c0055-v210-adaptive-g1000-sb0002	100.0	0.0	32.498840307511244	1.051261762461676	21.468038263643276	0.6973173210156016	0.7558217966830985	0.007062424002241122	0.08713208972	0.007015817900732057	0.08630247616	0.08796170328000001	0.0016592271200000092
p01-s03-c0055-v210-adaptive-g1000-sb0003	p01-s03-c0055	c0055	sb0003	H-by-B	1000	1	1000	0.5	0.5	0.1	new-simulation	p01-s03-c0055-v210-adaptive-g1000-sb0003	100.0	0.0	34.50082580129887	0.7412926029864478	22.855929752094507	0.6386058941938848	0.7688649084576333	0.004716725412392683	0.08917676682	0.010352092269241511	0.08269515948	0.09565837416	0.012963214680000001
p01-s03-c0055-v210-adaptive-g1000-sb0004	p01-s03-c0055	c0055	sb0004	H-by-B	1000	1	1000	0.5	0.5	0.1	new-simulation	p01-s03-c0055-v210-adaptive-g1000-sb0004	100.0	0.0	32.37022399063839	0.8763357426072774	21.41949198894711	0.8052139135336865	0.7549952543049847	0.005857196123773869	0.0939478075	0.012277190038338824	0.09741986952	0.09047574548	-0.006944124039999999
p01-s03-c0055-v210-adaptive-g1000-sb0005	p01-s03-c0055	c0055	sb0005	H-by-B	1000	1	1000	0.5	0.5	0.1	new-simulation	p01-s03-c0055-v210-adaptive-g1000-sb0005	100.0	0.0	33.68701770248469	1.1926134692144335	22.46183987014899	0.9800148051470418	0.7635954933066038	0.007792857972265949	0.08591178338000001	0.008465913555303416	0.08457968564	0.08724388111999999	0.0026641954799999923
p01-s03-c0055-v210-adaptive-g1000-sb0006	p01-s03-c0055	c0055	sb0006	H-by-B	1000	1	1000	0.5	0.5	0.1	new-simulation	p01-s03-c0055-v210-adaptive-g1000-sb0006	100.0	0.0	32.85865010237018	0.6345768833891494	21.497398690158526	0.6394683831551772	0.7582850844109936	0.004200861467880272	0.0946467161	0.008868649914493704	0.09451166920000001	0.09478176299999999	0.00027009379999998195
p01-s03-c0055-v210-adaptive-g1000-sb0007	p01-s03-c0055	c0055	sb0007	H-by-B	1000	1	1000	0.5	0.5	0.1	new-simulation	p01-s03-c0055-v210-adaptive-g1000-sb0007	100.0	0.0	33.066427410076045	0.6776757361533592	21.9063317893217	0.5335144717990123	0.7596490153701196	0.004445269836051331	0.09240260964000001	0.011384686850183992	0.08431192616000001	0.10049329312000001	0.01618136696
p01-s03-c0055-v210-adaptive-g1000-sb0008	p01-s03-c0055	c0055	sb0008	H-by-B	1000	1	1000	0.5	0.5	0.1	new-simulation	p01-s03-c0055-v210-adaptive-g1000-sb0008	100.0	0.0	32.933670521791264	1.2802927970733449	21.677871209369606	0.8156041949800203	0.7586598395893099	0.008419785321035995	0.09346881046	0.0070075040655690115	0.09112569951999999	0.0958119214	0.004686221880000008
p01-s03-c0055-v210-adaptive-g1000-sb0009	p01-s03-c0055	c0055	sb0009	H-by-B	1000	1	1000	0.5	0.5	0.1	new-simulation	p01-s03-c0055-v210-adaptive-g1000-sb0009	100.0	0.0	32.13427664205391	0.9102623060077181	21.129363413390188	0.808169297909639	0.753399934846838	0.006094603343230602	0.08736304280000001	0.007713172049564796	0.08547702464000001	0.08924906096000002	0.003772036320000005
p01-s03-c0055-v210-adaptive-g1000-sb0010	p01-s03-c0055	c0055	sb0010	H-by-B	1000	1	1000	0.5	0.5	0.1	new-simulation	p01-s03-c0055-v210-adaptive-g1000-sb0010	100.0	0.0	31.56991920410047	0.9210482926360877	21.021197061082884	0.7335415836234702	0.749548102136611	0.006234135045020333	0.08415741360000001	0.007347698067692774	0.08246059188	0.08585423532	0.0033936434399999965
p01-s03-c0055-v210-adaptive-g1000-sb0011	p01-s03-c0055	c0055	sb0011	H-by-B	1000	1	1000	0.5	0.5	0.1	new-simulation	p01-s03-c0055-v210-adaptive-g1000-sb0011	100.0	0.0	34.1119434050835	0.6705404754593886	22.687619228394418	0.7047754628087874	0.7664120608814947	0.004273014508662889	0.08825688211999999	0.005524049654880788	0.08746184244	0.0890519218	0.0015900793599999963
p01-s03-c0055-v210-adaptive-g1000-sb0012	p01-s03-c0055	c0055	sb0012	H-by-B	1000	1	1000	0.5	0.5	0.1	new-simulation	p01-s03-c0055-v210-adaptive-g1000-sb0012	100.0	0.0	32.352733575378345	0.8229899821492437	21.405311518391542	0.849768839497717	0.7548868409502816	0.00551181575557172	0.08909001526	0.0076826927616210055	0.08383340088	0.09434662964	0.010513228759999993
p01-s03-c0056-v210-adaptive-g1000-sb0001	p01-s03-c0056	c0056	sb0001	H-by-B	1000	5	5000	0.5	0.5	0.1	new-simulation	p01-s03-c0056-v210-adaptive-g1000-sb0001	100.0	0.0	33.263665495597905	0.5919598576276308	21.982862589931283	0.43088843897813606	0.7609514184612931	0.003858929356858973	0.07600417932	0.006491991581984851	0.07382263708	0.07818572156	0.004363084480000001
p01-s03-c0056-v210-adaptive-g1000-sb0002	p01-s03-c0056	c0056	sb0002	H-by-B	1000	5	5000	0.5	0.5	0.1	new-simulation	p01-s03-c0056-v210-adaptive-g1000-sb0002	100.0	0.0	34.32942916885982	0.6385332712693939	22.40747728776948	0.7833437388766163	0.7677964043051395	0.004045262539148756	0.07752035538	0.008988225769594028	0.08209843072	0.07294228004	-0.009156150680000003
p01-s03-c0056-v210-adaptive-g1000-sb0003	p01-s03-c0056	c0056	sb0003	H-by-B	1000	5	5000	0.5	0.5	0.1	new-simulation	p01-s03-c0056-v210-adaptive-g1000-sb0003	100.0	0.0	33.37252054105918	1.0111976312891453	22.14960552433596	0.7121675953452541	0.7615966162974614	0.006590047465784293	0.07292829399999999	0.005079851746173845	0.07122079688	0.07463579112	0.0034149942399999966
p01-s03-c0056-v210-adaptive-g1000-sb0004	p01-s03-c0056	c0056	sb0004	H-by-B	1000	5	5000	0.5	0.5	0.1	new-simulation	p01-s03-c0056-v210-adaptive-g1000-sb0004	100.0	0.0	33.671977238981405	1.0663596313743868	22.27336695363689	0.7776193286533208	0.7635279634510855	0.0068592073720688575	0.07437596622	0.007360951238066189	0.07283729375999999	0.07591463868	0.0030773449200000025
p01-s03-c0056-v210-adaptive-g1000-sb0005	p01-s03-c0056	c0056	sb0005	H-by-B	1000	5	5000	0.5	0.5	0.1	new-simulation	p01-s03-c0056-v210-adaptive-g1000-sb0005	100.0	0.0	33.761864768489616	1.1087446469728612	22.37081377311977	0.7035669065226587	0.7640991825333594	0.007098340146040814	0.07535029266	0.007139829466839882	0.07230829688	0.07839228844	0.006083991560000002
p01-s03-c0056-v210-adaptive-g1000-sb0006	p01-s03-c0056	c0056	sb0006	H-by-B	1000	5	5000	0.5	0.5	0.1	new-simulation	p01-s03-c0056-v210-adaptive-g1000-sb0006	100.0	0.0	32.03733575201666	0.7211141782258029	21.087871741342123	0.6094381372207655	0.7527747544267556	0.004856321595721636	0.07468488063999999	0.007132885166377837	0.07538986555999999	0.07397989572	-0.0014099698399999971
p01-s03-c0056-v210-adaptive-g1000-sb0007	p01-s03-c0056	c0056	sb0007	H-by-B	1000	5	5000	0.5	0.5	0.1	new-simulation	p01-s03-c0056-v210-adaptive-g1000-sb0007	100.0	0.0	33.66957729069415	0.9075483769914249	22.370689562685946	0.9479715117660735	0.7635399281999621	0.00594401960744579	0.07846329967999999	0.006569109450593204	0.07998076492	0.07694583443999999	-0.003034930480000017
p01-s03-c0056-v210-adaptive-g1000-sb0008	p01-s03-c0056	c0056	sb0008	H-by-B	1000	5	5000	0.5	0.5	0.1	new-simulation	p01-s03-c0056-v210-adaptive-g1000-sb0008	100.0	0.0	34.0135238588394	1.4378388352159432	22.38684702554562	0.9971069873106706	0.7656325935745507	0.009290963114145285	0.07524856168	0.007215069081981847	0.07612430028	0.07437282308	-0.001751477200000004
p01-s03-c0056-v210-adaptive-g1000-sb0009	p01-s03-c0056	c0056	sb0009	H-by-B	1000	5	5000	0.5	0.5	0.1	new-simulation	p01-s03-c0056-v210-adaptive-g1000-sb0009	100.0	0.0	32.24572827505545	0.5782086396090141	21.027189778703715	0.47001530299284044	0.7542016858723791	0.003910633570710925	0.06869174662000001	0.007146805936632368	0.06921725628	0.06816623696	-0.001051019319999999
p01-s03-c0056-v210-adaptive-g1000-sb0010	p01-s03-c0056	c0056	sb0010	H-by-B	1000	5	5000	0.5	0.5	0.1	new-simulation	p01-s03-c0056-v210-adaptive-g1000-sb0010	100.0	0.0	32.91358539710722	1.1839390380818104	21.557957554437916	0.7605821463674531	0.7585483180791095	0.007879224002299163	0.07579290176	0.007327712317998597	0.07876972192000001	0.0728160816	-0.005953640320000009
p01-s03-c0056-v210-adaptive-g1000-sb0011	p01-s03-c0056	c0056	sb0011	H-by-B	1000	5	5000	0.5	0.5	0.1	new-simulation	p01-s03-c0056-v210-adaptive-g1000-sb0011	100.0	0.0	33.29146822575419	0.9072610589381314	21.53844193981653	0.5723069991750651	0.7610870854389198	0.005938451869960177	0.07916472828000001	0.00859708202885317	0.0832045742	0.07512488236	-0.00807969184
p01-s03-c0056-v210-adaptive-g1000-sb0012	p01-s03-c0056	c0056	sb0012	H-by-B	1000	5	5000	0.5	0.5	0.1	new-simulation	p01-s03-c0056-v210-adaptive-g1000-sb0012	100.0	0.0	32.964199444840894	1.1473814573112506	21.429436460962297	0.6918598462113771	0.758893827200271	0.007493798864970926	0.07438433846	0.007081393867817618	0.07099597236	0.07777270456	0.006776732199999996
p01-s03-c0057-v210-adaptive-g1000-sb0001	p01-s03-c0057	c0057	sb0001	H-by-B	1000	10	10000	0.5	0.5	0.1	new-simulation	p01-s03-c0057-v210-adaptive-g1000-sb0001	100.0	0.0	33.85504606059913	0.5761432535928295	22.349424657896996	0.4121478876659663	0.7647810404543622	0.0036818683680998345	0.057134225260000004	0.005034258072434033	0.05787005868	0.056398391840000006	-0.0014716668399999966
p01-s03-c0057-v210-adaptive-g1000-sb0002	p01-s03-c0057	c0057	sb0002	H-by-B	1000	10	10000	0.5	0.5	0.1	new-simulation	p01-s03-c0057-v210-adaptive-g1000-sb0002	100.0	0.0	32.060369404699735	0.8109597171100363	20.969796935196303	0.7301649507998423	0.7529167140655495	0.005460763133121955	0.06348627622	0.004368779502215853	0.06307257536000001	0.06389997708	0.0008274017199999956
p01-s03-c0057-v210-adaptive-g1000-sb0003	p01-s03-c0057	c0057	sb0003	H-by-B	1000	10	10000	0.5	0.5	0.1	new-simulation	p01-s03-c0057-v210-adaptive-g1000-sb0003	100.0	0.0	34.43815922009434	0.7091127990264295	22.716660594697686	0.6159083158460414	0.7684751651144075	0.0044480703149224156	0.06317337944	0.004845680933692268	0.06226511043999999	0.06408164844	0.0018165380000000064
p01-s03-c0057-v210-adaptive-g1000-sb0004	p01-s03-c0057	c0057	sb0004	H-by-B	1000	10	10000	0.5	0.5	0.1	new-simulation	p01-s03-c0057-v210-adaptive-g1000-sb0004	100.0	0.0	34.09058730754272	0.3854130331737432	22.241593233865686	0.414445413845191	0.7663036881130959	0.0024487127534962294	0.059794493940000006	0.0066774174779380135	0.056288635559999994	0.06330035232	0.0070117167600000085
p01-s03-c0057-v210-adaptive-g1000-sb0005	p01-s03-c0057	c0057	sb0005	H-by-B	1000	10	10000	0.5	0.5	0.1	new-simulation	p01-s03-c0057-v210-adaptive-g1000-sb0005	100.0	0.0	33.474587594315864	0.7202808088512272	21.932486515380166	0.42557960007285095	0.7623083402356238	0.004673490762550532	0.06445344064	0.004565469902883359	0.06714007892000001	0.061766802360000005	-0.005373276560000008
p01-s03-c0057-v210-adaptive-g1000-sb0006	p01-s03-c0057	c0057	sb0006	H-by-B	1000	10	10000	0.5	0.5	0.1	new-simulation	p01-s03-c0057-v210-adaptive-g1000-sb0006	100.0	0.0	33.44374239745923	0.5142007329506145	22.2202624438201	0.35049048991190374	0.7621321810394407	0.0033487551307945845	0.0588763349	0.00690657012626398	0.0551243614	0.0626283084	0.007503946999999997
p01-s03-c0057-v210-adaptive-g1000-sb0007	p01-s03-c0057	c0057	sb0007	H-by-B	1000	10	10000	0.5	0.5	0.1	new-simulation	p01-s03-c0057-v210-adaptive-g1000-sb0007	100.0	0.0	33.38254197472614	0.6674246185631166	21.920617774748123	0.5916572516217637	0.7617170895302663	0.00434777821398308	0.06311288792	0.004473212063482431	0.06267750784	0.06354826799999999	0.0008707601599999976
p01-s03-c0057-v210-adaptive-g1000-sb0008	p01-s03-c0057	c0057	sb0008	H-by-B	1000	10	10000	0.5	0.5	0.1	new-simulation	p01-s03-c0057-v210-adaptive-g1000-sb0008	100.0	0.0	33.06027813647845	0.45557731147559627	21.688537413562067	0.2696695208994059	0.7596330637723667	0.002990454245497234	0.06374994703999999	0.005928854626174923	0.0629313038	0.06456859027999999	0.0016372864799999859
p01-s03-c0057-v210-adaptive-g1000-sb0009	p01-s03-c0057	c0057	sb0009	H-by-B	1000	10	10000	0.5	0.5	0.1	new-simulation	p01-s03-c0057-v210-adaptive-g1000-sb0009	100.0	0.0	33.957816736445295	0.6262350257213186	22.401245978392485	0.5387122162181103	0.7654338149931579	0.0039945657439071506	0.06360219376	0.007314984034584491	0.0628973618	0.06430702572	0.0014096639199999983
p01-s03-c0057-v210-adaptive-g1000-sb0010	p01-s03-c0057	c0057	sb0010	H-by-B	1000	10	10000	0.5	0.5	0.1	new-simulation	p01-s03-c0057-v210-adaptive-g1000-sb0010	100.0	0.0	33.00328997718204	0.5200035249556842	21.597305181339156	0.37390912103651247	0.7592521879801788	0.003422937004608807	0.060095203279999995	0.005450356230632506	0.06044852884	0.059741877719999996	-0.0007066511200000056
p01-s03-c0057-v210-adaptive-g1000-sb0011	p01-s03-c0057	c0057	sb0011	H-by-B	1000	10	10000	0.5	0.5	0.1	new-simulation	p01-s03-c0057-v210-adaptive-g1000-sb0011	100.0	0.0	33.157490826194746	0.9237334731255946	21.476818509745822	0.432588050600657	0.760208261557033	0.006048901887104516	0.06403444414	0.004483804576315363	0.06362811984	0.06444076844	0.0008126486000000072
p01-s03-c0057-v210-adaptive-g1000-sb0012	p01-s03-c0057	c0057	sb0012	H-by-B	1000	10	10000	0.5	0.5	0.1	new-simulation	p01-s03-c0057-v210-adaptive-g1000-sb0012	100.0	0.0	33.21197352149941	0.8301877617861176	21.590972833050806	0.8877685307903614	0.760580828429109	0.005429923232278584	0.06038158978	0.007295736675168101	0.05554207015999999	0.0652211094	0.009679039240000013
p01-s03-c0058-v210-adaptive-g1000-sb0001	p01-s03-c0058	c0058	sb0001	H-by-B	1000	50	50000	0.5	0.5	0.1	new-simulation	p01-s03-c0058-v210-adaptive-g1000-sb0001	100.0	0.0	34.0723120708984	0.29427984402186863	22.182615387727637	0.16764040098552266	0.7661928654462316	0.0018754533001852176	0.030666308079999996	0.0022805304302240094	0.03118058544	0.030152030720000004	-0.0010285547199999946
p01-s03-c0058-v210-adaptive-g1000-sb0002	p01-s03-c0058	c0058	sb0002	H-by-B	1000	50	50000	0.5	0.5	0.1	new-simulation	p01-s03-c0058-v210-adaptive-g1000-sb0002	100.0	0.0	34.187811994690804	0.5040008998575837	22.203876656459425	0.22414336546270383	0.7669126716829422	0.0031864373869329035	0.028668861920000004	0.002916901685503415	0.029792542880000005	0.02754518096	-0.0022473619200000065
p01-s03-c0058-v210-adaptive-g1000-sb0003	p01-s03-c0058	c0058	sb0003	H-by-B	1000	50	50000	0.5	0.5	0.1	new-simulation	p01-s03-c0058-v210-adaptive-g1000-sb0003	100.0	0.0	33.87977294812527	0.27656560464757096	22.042616348794223	0.20800444359087136	0.7649631592341269	0.0017718703679098103	0.029932585520000003	0.0023535391454401868	0.028903252160000004	0.03096191888000001	0.0020586667200000047
p01-s03-c0058-v210-adaptive-g1000-sb0004	p01-s03-c0058	c0058	sb0004	H-by-B	1000	50	50000	0.5	0.5	0.1	new-simulation	p01-s03-c0058-v210-adaptive-g1000-sb0004	100.0	0.0	34.183214152034786	0.43706190797736827	22.23456717125629	0.32202122099379477	0.7668890513741422	0.0027766787084371747	0.029072194960000002	0.002307911058717824	0.02834146692	0.029802923	0.0014614560799999995
p01-s03-c0058-v210-adaptive-g1000-sb0005	p01-s03-c0058	c0058	sb0005	H-by-B	1000	50	50000	0.5	0.5	0.1	new-simulation	p01-s03-c0058-v210-adaptive-g1000-sb0005	100.0	0.0	33.654684295903046	0.4778219812065619	21.91880954620228	0.35071222432302024	0.763501222671268	0.003092695000268488	0.03244229136	0.0037385573796152737	0.031304297880000005	0.03358028484	0.002275986959999997
p01-s03-c0058-v210-adaptive-g1000-sb0006	p01-s03-c0058	c0058	sb0006	H-by-B	1000	50	50000	0.5	0.5	0.1	new-simulation	p01-s03-c0058-v210-adaptive-g1000-sb0006	100.0	0.0	34.044004645073635	0.2620223959748017	22.194320346943154	0.2515744372780698	0.7660139944261553	0.0016758992467144167	0.03163423438	0.0037287193656260443	0.033283019360000006	0.029985449400000003	-0.0032975699600000033
p01-s03-c0058-v210-adaptive-g1000-sb0007	p01-s03-c0058	c0058	sb0007	H-by-B	1000	50	50000	0.5	0.5	0.1	new-simulation	p01-s03-c0058-v210-adaptive-g1000-sb0007	100.0	0.0	34.205322545582064	0.5843157902641328	22.20217834665565	0.424576924453915	0.7670156244057271	0.0037248454213705084	0.03236552542	0.002830806072984671	0.031102702880000003	0.03362834796	0.002525645079999996
p01-s03-c0058-v210-adaptive-g1000-sb0008	p01-s03-c0058	c0058	sb0008	H-by-B	1000	50	50000	0.5	0.5	0.1	new-simulation	p01-s03-c0058-v210-adaptive-g1000-sb0008	100.0	0.0	34.610086577542894	0.33486934651942135	22.49046229824168	0.29729934464245195	0.7695913511107328	0.0021059045073159844	0.03337493284	0.0027298708843709932	0.03396678604	0.032783079640000004	-0.001183706399999998
p01-s03-c0058-v210-adaptive-g1000-sb0009	p01-s03-c0058	c0058	sb0009	H-by-B	1000	50	50000	0.5	0.5	0.1	new-simulation	p01-s03-c0058-v210-adaptive-g1000-sb0009	100.0	0.0	33.58159774882424	0.31206292769090876	21.743900054237034	0.1921525714853959	0.7630414604887676	0.0020226541598713866	0.03386866382	0.003163277066657302	0.03421442316	0.03352290448	-0.0006915186800000028
p01-s03-c0058-v210-adaptive-g1000-sb0010	p01-s03-c0058	c0058	sb0010	H-by-B	1000	50	50000	0.5	0.5	0.1	new-simulation	p01-s03-c0058-v210-adaptive-g1000-sb0010	100.0	0.0	34.281350246610806	0.3522374179176987	22.349965968792503	0.3269797671963033	0.7675177390863888	0.002229282243608884	0.03090423022	0.00215265640036001	0.030350452240000002	0.031458008200000005	0.0011075559600000028
p01-s03-c0058-v210-adaptive-g1000-sb0011	p01-s03-c0058	c0058	sb0011	H-by-B	1000	50	50000	0.5	0.5	0.1	new-simulation	p01-s03-c0058-v210-adaptive-g1000-sb0011	100.0	0.0	33.963306189143665	0.31879591947680846	22.123907679488692	0.2899499180134825	0.7654956075501205	0.0020379312850110137	0.033066027020000006	0.0032019238947441652	0.0328239816	0.03330807244000001	0.00048409084000000657
p01-s03-c0058-v210-adaptive-g1000-sb0012	p01-s03-c0058	c0058	sb0012	H-by-B	1000	50	50000	0.5	0.5	0.1	new-simulation	p01-s03-c0058-v210-adaptive-g1000-sb0012	100.0	0.0	33.99848597216097	0.35687362344402673	22.152990968711574	0.29131371946125256	0.7657181619736761	0.002265220975005905	0.03199627502	0.0033070546091875743	0.0308709424	0.03312160764	0.0022506652400000014
p01-s03-c0059-v210-adaptive-g1000-sb0001	p01-s03-c0059	c0059	sb0001	H-by-B	10000	1	10000	0.5	0.5	0.1	new-simulation	p01-s03-c0059-v210-adaptive-g1000-sb0001	100.0	0.0	33.977428966665464	0.411052184569257	21.947476352873817	0.30617452201209605	0.7655797109832045	0.0026235848121768097	0.02984118084	0.0021359791072580723	0.029857785560000003	0.029824576119999998	-3.32094400000045e-05
p01-s03-c0059-v210-adaptive-g1000-sb0002	p01-s03-c0059	c0059	sb0002	H-by-B	10000	1	10000	0.5	0.5	0.1	new-simulation	p01-s03-c0059-v210-adaptive-g1000-sb0002	100.0	0.0	34.50598442083192	0.5671974538306382	22.580289607711165	0.4366260370887542	0.7689182374885594	0.0035902763173374175	0.02982606602	0.0019989040360701192	0.030587791320000002	0.02906434072	-0.0015234506000000002
p01-s03-c0059-v210-adaptive-g1000-sb0003	p01-s03-c0059	c0059	sb0003	H-by-B	10000	1	10000	0.5	0.5	0.1	new-simulation	p01-s03-c0059-v210-adaptive-g1000-sb0003	100.0	0.0	34.42820788622415	0.40989088787252714	22.429773325076518	0.3513412689426334	0.7684420733962314	0.002592109422314798	0.02952101906	0.002737910166463242	0.028598112440000004	0.03044392568	0.0018458132399999973
p01-s03-c0059-v210-adaptive-g1000-sb0004	p01-s03-c0059	c0059	sb0004	H-by-B	10000	1	10000	0.5	0.5	0.1	new-simulation	p01-s03-c0059-v210-adaptive-g1000-sb0004	100.0	0.0	34.3590556386986	0.22558764257287822	22.394527749308487	0.18992247802662743	0.7680160221855626	0.0014258165095748958	0.031044628079999997	0.003496047455024445	0.03177525044	0.03031400572	-0.001461244720000001
p01-s03-c0059-v210-adaptive-g1000-sb0005	p01-s03-c0059	c0059	sb0005	H-by-B	10000	1	10000	0.5	0.5	0.1	new-simulation	p01-s03-c0059-v210-adaptive-g1000-sb0005	100.0	0.0	34.00253889013606	0.45207460017659057	22.064296835125948	0.32147398793834053	0.7657368128680977	0.002893069156693955	0.029218975580000004	0.0023003628519927856	0.02765735296	0.03078059820000001	0.0031232452400000096
p01-s03-c0059-v210-adaptive-g1000-sb0006	p01-s03-c0059	c0059	sb0006	H-by-B	10000	1	10000	0.5	0.5	0.1	new-simulation	p01-s03-c0059-v210-adaptive-g1000-sb0006	100.0	0.0	33.67697755773403	0.37710680159431575	21.912497450317264	0.2645771626162079	0.7636532240797541	0.002429932079431359	0.031074777440000007	0.002608253118475363	0.03145583244000001	0.030693722440000005	-0.0007621100000000068
p01-s03-c0059-v210-adaptive-g1000-sb0007	p01-s03-c0059	c0059	sb0007	H-by-B	10000	1	10000	0.5	0.5	0.1	new-simulation	p01-s03-c0059-v210-adaptive-g1000-sb0007	100.0	0.0	33.93893087863703	0.25622898667712535	22.071781330283287	0.22198231241140626	0.765343006178767	0.001640982661317507	0.027517569640000003	0.003253528154883728	0.028952659720000003	0.026082479559999996	-0.0028701801600000063
p01-s03-c0059-v210-adaptive-g1000-sb0008	p01-s03-c0059	c0059	sb0008	H-by-B	10000	1	10000	0.5	0.5	0.1	new-simulation	p01-s03-c0059-v210-adaptive-g1000-sb0008	100.0	0.0	34.188755379693724	0.34483552550068325	22.24746608947985	0.3042808179594191	0.7669308411448644	0.002187134511157225	0.02893885142	0.002811355195796795	0.028489460319999996	0.029388242520000003	0.0008987822000000069
p01-s03-c0059-v210-adaptive-g1000-sb0009	p01-s03-c0059	c0059	sb0009	H-by-B	10000	1	10000	0.5	0.5	0.1	new-simulation	p01-s03-c0059-v210-adaptive-g1000-sb0009	100.0	0.0	33.92157839153049	0.37567444115167825	22.17402839491398	0.23545225605287162	0.7652249403518426	0.0024097619514833156	0.02873730724	0.0034069290415751994	0.029235953239999994	0.028238661240000004	-0.00099729199999999
p01-s03-c0059-v210-adaptive-g1000-sb0010	p01-s03-c0059	c0059	sb0010	H-by-B	10000	1	10000	0.5	0.5	0.1	new-simulation	p01-s03-c0059-v210-adaptive-g1000-sb0010	100.0	0.0	33.94091656905976	0.3003247908693292	22.10886318877814	0.22728392836427108	0.7653534736134714	0.0019177450940266003	0.029586907519999997	0.002195352067949793	0.030651190719999995	0.028522624320000002	-0.0021285663999999933
p01-s03-c0059-v210-adaptive-g1000-sb0011	p01-s03-c0059	c0059	sb0011	H-by-B	10000	1	10000	0.5	0.5	0.1	new-simulation	p01-s03-c0059-v210-adaptive-g1000-sb0011	100.0	0.0	34.12250384943204	0.2886873980812835	22.142179683642883	0.1826878700395511	0.7665127869035199	0.0018449026282442314	0.027481375880000002	0.002034799364865813	0.027063194800000002	0.02789955696	0.0008363621599999961
p01-s03-c0059-v210-adaptive-g1000-sb0012	p01-s03-c0059	c0059	sb0012	H-by-B	10000	1	10000	0.5	0.5	0.1	new-simulation	p01-s03-c0059-v210-adaptive-g1000-sb0012	100.0	0.0	34.24067227987552	0.4483832342502028	22.222326522111306	0.3049359381788568	0.7672527820108277	0.002856848534230549	0.030653256020000002	0.004085212499036896	0.02918352016	0.03212299188	0.0029394717199999996
p01-s03-c0060-v210-adaptive-g1000-sb0001	p01-s03-c0060	c0060	sb0001	H-by-B	10000	5	50000	0.5	0.5	0.1	new-simulation	p01-s03-c0060-v210-adaptive-g1000-sb0001	100.0	0.0	34.17171198802054	0.2714241708182364	22.25961317946665	0.16222053387863242	0.766826656253588	0.0017246906731898876	0.02431392334	0.0016381421050712735	0.024724246000000005	0.023903600680000005	-0.0008206453200000005
p01-s03-c0060-v210-adaptive-g1000-sb0002	p01-s03-c0060	c0060	sb0002	H-by-B	10000	5	50000	0.5	0.5	0.1	new-simulation	p01-s03-c0060-v210-adaptive-g1000-sb0002	100.0	0.0	34.151367353077354	0.21581225100927762	22.136270363969853	0.18761771382927347	0.7666997951221193	0.00137324226511785	0.023861370339999993	0.0030364478591361353	0.024007664919999998	0.023715075759999996	-0.0002925891600000022
p01-s03-c0060-v210-adaptive-g1000-sb0003	p01-s03-c0060	c0060	sb0003	H-by-B	10000	5	50000	0.5	0.5	0.1	new-simulation	p01-s03-c0060-v210-adaptive-g1000-sb0003	100.0	0.0	34.27017314606063	0.3814236977004388	22.230241507293595	0.2834457086786333	0.767444966239571	0.002417201178146065	0.02593068476	0.00224489423245543	0.025531186760000005	0.02633018276	0.0007989959999999963
p01-s03-c0060-v210-adaptive-g1000-sb0004	p01-s03-c0060	c0060	sb0004	H-by-B	10000	5	50000	0.5	0.5	0.1	new-simulation	p01-s03-c0060-v210-adaptive-g1000-sb0004	100.0	0.0	34.52547869118169	0.2318049051052569	22.554716787805503	0.1510898618991551	0.7690650600176313	0.0014574705943656222	0.025102583619999997	0.0029193534199797554	0.02665253912	0.02355262812	-0.0030999110000000003
p01-s03-c0060-v210-adaptive-g1000-sb0005	p01-s03-c0060	c0060	sb0005	H-by-B	10000	5	50000	0.5	0.5	0.1	new-simulation	p01-s03-c0060-v210-adaptive-g1000-sb0005	100.0	0.0	34.10940293335709	0.22230068601567798	22.095759823311266	0.175225960815324	0.766432537794422	0.001415557632205108	0.02485196288	0.002436400343251825	0.02413897892	0.025564946840000005	0.0014259679200000035
p01-s03-c0060-v210-adaptive-g1000-sb0006	p01-s03-c0060	c0060	sb0006	H-by-B	10000	5	50000	0.5	0.5	0.1	new-simulation	p01-s03-c0060-v210-adaptive-g1000-sb0006	100.0	0.0	33.983153555472796	0.3526958096968813	22.077864396973183	0.20187100466786842	0.7656204410089482	0.002244371623291722	0.02535386042	0.0020511569288047347	0.02584870944	0.024859011400000002	-0.000989698039999997
p01-s03-c0060-v210-adaptive-g1000-sb0007	p01-s03-c0060	c0060	sb0007	H-by-B	10000	5	50000	0.5	0.5	0.1	new-simulation	p01-s03-c0060-v210-adaptive-g1000-sb0007	100.0	0.0	33.941114916001744	0.29131774473001015	21.972454355835342	0.20028181589182514	0.7653552218067543	0.0018623252944995439	0.023713485039999996	0.0019678578849442723	0.024452939919999993	0.022974030160000006	-0.001478909759999987
p01-s03-c0060-v210-adaptive-g1000-sb0008	p01-s03-c0060	c0060	sb0008	H-by-B	10000	5	50000	0.5	0.5	0.1	new-simulation	p01-s03-c0060-v210-adaptive-g1000-sb0008	100.0	0.0	34.0624411022217	0.15429964406113125	22.091358068215595	0.1464270785685668	0.7661356954665591	0.0009855141375760606	0.02418133224	0.002898087896778428	0.024878587520000002	0.023484076960000003	-0.0013945105599999993
p01-s03-c0060-v210-adaptive-g1000-sb0009	p01-s03-c0060	c0060	sb0009	H-by-B	10000	5	50000	0.5	0.5	0.1	new-simulation	p01-s03-c0060-v210-adaptive-g1000-sb0009	100.0	0.0	34.189093701551904	0.3903820244048786	22.21618901263417	0.33904026268848725	0.7669299160210917	0.002480253698991546	0.023875997540000006	0.0031116845737132917	0.022002564800000006	0.025749430280000003	0.0037468654799999966
p01-s03-c0060-v210-adaptive-g1000-sb0010	p01-s03-c0060	c0060	sb0010	H-by-B	10000	5	50000	0.5	0.5	0.1	new-simulation	p01-s03-c0060-v210-adaptive-g1000-sb0010	100.0	0.0	33.93999510022503	0.19696528530168936	22.004756497531293	0.1510115164005471	0.7653523092939074	0.0012588256318559123	0.023959310419999994	0.0022091473479682123	0.024369108319999996	0.023549512519999996	-0.0008195957999999996
p01-s03-c0060-v210-adaptive-g1000-sb0011	p01-s03-c0060	c0060	sb0011	H-by-B	10000	5	50000	0.5	0.5	0.1	new-simulation	p01-s03-c0060-v210-adaptive-g1000-sb0011	100.0	0.0	34.38232572360059	0.27198921606521986	22.391301727729065	0.21857123495472539	0.7681609782692814	0.0017155354492732905	0.0248642676	0.002616628209130215	0.023810397	0.0259181382	0.002107741199999999
p01-s03-c0060-v210-adaptive-g1000-sb0012	p01-s03-c0060	c0060	sb0012	H-by-B	10000	5	50000	0.5	0.5	0.1	new-simulation	p01-s03-c0060-v210-adaptive-g1000-sb0012	100.0	0.0	34.11620476493073	0.36641622766949455	22.085674641703985	0.2839719933852952	0.7664680651941943	0.0023346793232118354	0.02269031128	0.0023802433454110004	0.022453676199999998	0.022926946360000006	0.00047327016000000763
p01-s03-c0061-v210-adaptive-g1000-sb0001-reused	p01-s03-c0061	c0061	sb0001	H-by-B	10000	10	100000	0.5	0.5	0.1	reused-passage-100	p01-s02-c0024-v210-m010-g250-sb0001	100.0	0.0	34.17956082461749	0.22267452517446348	22.247134001769144	0.16294113467545	0.7668787269164864	0.0014137690107343713	0.018996035199999997	0.001858864010186723	0.019017687879999995	0.01897438252	-4.330535999999552e-05
p01-s03-c0061-v210-adaptive-g1000-sb0002-reused	p01-s03-c0061	c0061	sb0002	H-by-B	10000	10	100000	0.5	0.5	0.1	reused-passage-100	p01-s02-c0024-v210-m010-g250-sb0002	100.0	0.0	34.15528872123207	0.21889150936963722	22.19697710120487	0.15553864598174302	0.7667246088677594	0.001391984417106158	0.01952824234	0.0016073348544614714	0.019285111	0.019771373680000003	0.00048626268000000195
p01-s03-c0061-v210-adaptive-g1000-sb0003-reused	p01-s03-c0061	c0061	sb0003	H-by-B	10000	10	100000	0.5	0.5	0.1	reused-passage-100	p01-s02-c0024-v210-m010-g250-sb0003	100.0	0.0	34.30768796944524	0.2132563428176215	22.23068777857848	0.1756062822710302	0.7676916041954327	0.0013523351708792897	0.02088351518	0.001234304550901481	0.021329406520000004	0.02043762384	-0.0008917826800000049
p01-s03-c0061-v210-adaptive-g1000-sb0004-reused	p01-s03-c0061	c0061	sb0004	H-by-B	10000	10	100000	0.5	0.5	0.1	reused-passage-100	p01-s02-c0024-v210-m010-g250-sb0004	100.0	0.0	34.34210627776818	0.1929028536865576	22.28630417850957	0.15812534829156552	0.7679101173103535	0.0012168663900825715	0.020021768899999993	0.0022632178782843967	0.019856679759999992	0.02018685804	0.00033017828000000624
p01-s03-c0061-v210-adaptive-g1000-sb0005-reused	p01-s03-c0061	c0061	sb0005	H-by-B	10000	10	100000	0.5	0.5	0.1	reused-passage-100	p01-s02-c0024-v210-m010-g250-sb0005	100.0	0.0	34.20730985587797	0.3008817544368077	22.19847048912375	0.17231754033425278	0.76705122477305	0.0019106949387697981	0.01926998308	0.0019308193439495334	0.0191404582	0.01939950796	0.0002590497600000012
p01-s03-c0061-v210-adaptive-g1000-sb0006-reused	p01-s03-c0061	c0061	sb0006	H-by-B	10000	10	100000	0.5	0.5	0.1	reused-passage-100	p01-s02-c0024-v210-m010-g250-sb0006	100.0	0.0	34.20023748252682	0.23616006238557483	22.256634679223513	0.15795232861634312	0.7670094663019804	0.0015041331806622798	0.01968681182	0.001118312486933515	0.0191849986	0.020188625040000005	0.0010036264400000057
p01-s03-c0061-v210-adaptive-g1000-sb0007-reused	p01-s03-c0061	c0061	sb0007	H-by-B	10000	10	100000	0.5	0.5	0.1	reused-passage-100	p01-s02-c0024-v210-m010-g250-sb0007	100.0	0.0	34.15793145777161	0.33167920571230247	22.179067769263643	0.24972385283681026	0.7667357024202931	0.002115889586300101	0.019635395879999996	0.0017318671817620175	0.01970084675999999	0.019569945	-0.00013090175999999273
p01-s03-c0061-v210-adaptive-g1000-sb0008-reused	p01-s03-c0061	c0061	sb0008	H-by-B	10000	10	100000	0.5	0.5	0.1	reused-passage-100	p01-s02-c0024-v210-m010-g250-sb0008	100.0	0.0	34.207468787653106	0.270570594488659	22.17261874252698	0.1940908562003974	0.7670538298000289	0.0017142837208676332	0.020165985980000002	0.0013007973314694897	0.01999608236	0.020335889600000004	0.0003398072400000035
p01-s03-c0061-v210-adaptive-g1000-sb0009-reused	p01-s03-c0061	c0061	sb0009	H-by-B	10000	10	100000	0.5	0.5	0.1	reused-passage-100	p01-s02-c0024-v210-m010-g250-sb0009	100.0	0.0	34.20428124253809	0.21176774492036327	22.227523918331684	0.14378971752974712	0.7670361624033936	0.0013427806733974684	0.01909750478	0.001475243278245794	0.01829535028	0.01989965928	0.0016043089999999982
p01-s03-c0061-v210-adaptive-g1000-sb0010-reused	p01-s03-c0061	c0061	sb0010	H-by-B	10000	10	100000	0.5	0.5	0.1	reused-passage-100	p01-s02-c0024-v210-m010-g250-sb0010	100.0	0.0	33.92028775804721	0.17617864210269676	22.05091726421756	0.16645453471831922	0.7652268915448185	0.001128440130668216	0.020378127399999998	0.0028389019418239188	0.020296856279999997	0.020459398519999995	0.0001625422399999972
p01-s03-c0061-v210-adaptive-g1000-sb0011-reused	p01-s03-c0061	c0061	sb0011	H-by-B	10000	10	100000	0.5	0.5	0.1	reused-passage-100	p01-s02-c0024-v210-m010-g250-sb0011	100.0	0.0	34.20532953050451	0.15476133905882555	22.2836961206197	0.17870596128081914	0.7670447048960822	0.0009846168512642293	0.018934929620000002	0.002027736143578904	0.019143348240000004	0.018726510999999998	-0.00041683724000000574
p01-s03-c0061-v210-adaptive-g1000-sb0012-reused	p01-s03-c0061	c0061	sb0012	H-by-B	10000	10	100000	0.5	0.5	0.1	reused-passage-100	p01-s02-c0024-v210-m010-g250-sb0012	100.0	0.0	34.17600816919431	0.18631309998179882	22.204673010008097	0.1447443311129935	0.766857504923757	0.0011838663970082193	0.01915189358	0.002031396803575105	0.019296000319999996	0.019007786840000006	-0.0002882134799999901
p01-s03-c0062-v210-adaptive-g1000-sb0001	p01-s03-c0062	c0062	sb0001	H-by-B	10000	50	500000	0.5	0.5	0.1	new-simulation	p01-s03-c0062-v210-adaptive-g1000-sb0001	100.0	0.0	34.277154220622315	0.12707793614191193	22.220278361890006	0.09180270985021641	0.7675009171152835	0.000804910311814388	0.009268825240000002	0.001050172249530379	0.008885744920000003	0.00965190556	0.0007661606399999975
p01-s03-c0062-v210-adaptive-g1000-sb0002	p01-s03-c0062	c0062	sb0002	H-by-B	10000	50	500000	0.5	0.5	0.1	new-simulation	p01-s03-c0062-v210-adaptive-g1000-sb0002	100.0	0.0	34.16206884460209	0.11269721767198156	22.167590985145292	0.07832935321065457	0.766770922654395	0.0007168935740327543	0.010162721460000006	0.0006218515808882332	0.009981482360000004	0.010343960560000006	0.0003624782000000021
p01-s03-c0062-v210-adaptive-g1000-sb0003	p01-s03-c0062	c0062	sb0003	H-by-B	10000	50	500000	0.5	0.5	0.1	new-simulation	p01-s03-c0062-v210-adaptive-g1000-sb0003	100.0	0.0	34.19500455885219	0.10352933342401563	22.185726054279503	0.08432178357596927	0.7669803594741745	0.0006565184502208744	0.009973691319999997	0.0008728917845844357	0.009786409959999994	0.010160972679999998	0.0003745627200000042
p01-s03-c0062-v210-adaptive-g1000-sb0004	p01-s03-c0062	c0062	sb0004	H-by-B	10000	50	500000	0.5	0.5	0.1	new-simulation	p01-s03-c0062-v210-adaptive-g1000-sb0004	100.0	0.0	34.222520136120686	0.09987804438548094	22.229965249622413	0.06514377847992259	0.7671550854719384	0.000634837392139148	0.00950785372	0.0007415188862570671	0.009812964759999997	0.009202742680000002	-0.000610222079999995
p01-s03-c0062-v210-adaptive-g1000-sb0005	p01-s03-c0062	c0062	sb0005	H-by-B	10000	50	500000	0.5	0.5	0.1	new-simulation	p01-s03-c0062-v210-adaptive-g1000-sb0005	100.0	0.0	34.14945297878192	0.12405723866065418	22.16114917263168	0.07216499738123408	0.766690469823566	0.0007895454451038268	0.009741596620000003	0.0008572937242546985	0.010000409840000007	0.009482783399999998	-0.0005176264400000088
p01-s03-c0062-v210-adaptive-g1000-sb0006	p01-s03-c0062	c0062	sb0006	H-by-B	10000	50	500000	0.5	0.5	0.1	new-simulation	p01-s03-c0062-v210-adaptive-g1000-sb0006	100.0	0.0	34.241057733208066	0.1079061394971502	22.215169779055927	0.06287692650667472	0.7672725285058469	0.00068467885594383	0.00917154434	0.000956739653069196	0.009614667720000003	0.00872842096	-0.0008862467600000024
p01-s03-c0062-v210-adaptive-g1000-sb0007	p01-s03-c0062	c0062	sb0007	H-by-B	10000	50	500000	0.5	0.5	0.1	new-simulation	p01-s03-c0062-v210-adaptive-g1000-sb0007	100.0	0.0	34.28401266274301	0.1333936645600651	22.29850163395049	0.0838835960794851	0.7675442125607991	0.000844914974725232	0.010328713480000005	0.0010734369122570218	0.010618985160000004	0.010038441800000004	-0.0005805433599999996
p01-s03-c0062-v210-adaptive-g1000-sb0008	p01-s03-c0062	c0062	sb0008	H-by-B	10000	50	500000	0.5	0.5	0.1	new-simulation	p01-s03-c0062-v210-adaptive-g1000-sb0008	100.0	0.0	34.2413258254595	0.1071027600676345	22.25413600305097	0.07602073159548722	0.7672742454752656	0.0006790345343113812	0.010066099819999999	0.001212710801975235	0.010651790480000001	0.009480409159999998	-0.001171381320000003
p01-s03-c0062-v210-adaptive-g1000-sb0009	p01-s03-c0062	c0062	sb0009	H-by-B	10000	50	500000	0.5	0.5	0.1	new-simulation	p01-s03-c0062-v210-adaptive-g1000-sb0009	100.0	0.0	34.11308077292585	0.08900206312349189	22.135629235868297	0.05627037409313615	0.7664597480288577	0.0005659427686890594	0.009826375459999998	0.0010398174685267963	0.009923689599999997	0.009729061320000003	-0.00019462827999999419
p01-s03-c0062-v210-adaptive-g1000-sb0010	p01-s03-c0062	c0062	sb0010	H-by-B	10000	50	500000	0.5	0.5	0.1	new-simulation	p01-s03-c0062-v210-adaptive-g1000-sb0010	100.0	0.0	34.19272913540875	0.1294916149852244	22.180044612092242	0.09260560919128859	0.766965356243254	0.0008226381545695029	0.010045342599999996	0.0009729351955415696	0.010417426519999995	0.009673258679999996	-0.0007441678399999988
p01-s03-c0062-v210-adaptive-g1000-sb0011	p01-s03-c0062	c0062	sb0011	H-by-B	10000	50	500000	0.5	0.5	0.1	new-simulation	p01-s03-c0062-v210-adaptive-g1000-sb0011	100.0	0.0	34.18319959582895	0.11018556791601061	22.17838776375699	0.07552589699506633	0.7669052506630323	0.000699583277717123	0.009798746300000001	0.0010003022294820837	0.010081634360000001	0.009515858240000003	-0.0005657761199999983
p01-s03-c0062-v210-adaptive-g1000-sb0012	p01-s03-c0062	c0062	sb0012	H-by-B	10000	50	500000	0.5	0.5	0.1	new-simulation	p01-s03-c0062-v210-adaptive-g1000-sb0012	100.0	0.0	34.185769386562235	0.10189255604812067	22.156123438934298	0.0923482351038002	0.7669217340513148	0.000647221002871613	0.009732383919999999	0.0012296412614720988	0.009368670039999997	0.010096097800000004	0.0007274277600000066
p01-s03-c0063-v210-adaptive-g1000-sb0001	p01-s03-c0063	c0063	sb0001	alpha-by-m	1000	10	10000	0.0	0.0	0.0	new-simulation	p01-s03-c0063-v210-adaptive-g1000-sb0001	100.0	0.0	34.227920618960724	0.0	22.20597654950602	0.0	0.7671902580535775	0.0	0.0	0.0	0.0	0.0	0.0
p01-s03-c0063-v210-adaptive-g1000-sb0002	p01-s03-c0063	c0063	sb0002	alpha-by-m	1000	10	10000	0.0	0.0	0.0	new-simulation	p01-s03-c0063-v210-adaptive-g1000-sb0002	100.0	0.0	34.227920618960724	0.0	22.20597654950602	0.0	0.7671902580535775	0.0	0.0	0.0	0.0	0.0	0.0
p01-s03-c0063-v210-adaptive-g1000-sb0003	p01-s03-c0063	c0063	sb0003	alpha-by-m	1000	10	10000	0.0	0.0	0.0	new-simulation	p01-s03-c0063-v210-adaptive-g1000-sb0003	100.0	0.0	34.227920618960724	0.0	22.20597654950602	0.0	0.7671902580535775	0.0	0.0	0.0	0.0	0.0	0.0
p01-s03-c0063-v210-adaptive-g1000-sb0004	p01-s03-c0063	c0063	sb0004	alpha-by-m	1000	10	10000	0.0	0.0	0.0	new-simulation	p01-s03-c0063-v210-adaptive-g1000-sb0004	100.0	0.0	34.227920618960724	0.0	22.20597654950602	0.0	0.7671902580535775	0.0	0.0	0.0	0.0	0.0	0.0
p01-s03-c0063-v210-adaptive-g1000-sb0005	p01-s03-c0063	c0063	sb0005	alpha-by-m	1000	10	10000	0.0	0.0	0.0	new-simulation	p01-s03-c0063-v210-adaptive-g1000-sb0005	100.0	0.0	34.227920618960724	0.0	22.20597654950602	0.0	0.7671902580535775	0.0	0.0	0.0	0.0	0.0	0.0
p01-s03-c0063-v210-adaptive-g1000-sb0006	p01-s03-c0063	c0063	sb0006	alpha-by-m	1000	10	10000	0.0	0.0	0.0	new-simulation	p01-s03-c0063-v210-adaptive-g1000-sb0006	100.0	0.0	34.227920618960724	0.0	22.20597654950602	0.0	0.7671902580535775	0.0	0.0	0.0	0.0	0.0	0.0
p01-s03-c0063-v210-adaptive-g1000-sb0007	p01-s03-c0063	c0063	sb0007	alpha-by-m	1000	10	10000	0.0	0.0	0.0	new-simulation	p01-s03-c0063-v210-adaptive-g1000-sb0007	100.0	0.0	34.227920618960724	0.0	22.20597654950602	0.0	0.7671902580535775	0.0	0.0	0.0	0.0	0.0	0.0
p01-s03-c0063-v210-adaptive-g1000-sb0008	p01-s03-c0063	c0063	sb0008	alpha-by-m	1000	10	10000	0.0	0.0	0.0	new-simulation	p01-s03-c0063-v210-adaptive-g1000-sb0008	100.0	0.0	34.227920618960724	0.0	22.20597654950602	0.0	0.7671902580535775	0.0	0.0	0.0	0.0	0.0	0.0
p01-s03-c0063-v210-adaptive-g1000-sb0009	p01-s03-c0063	c0063	sb0009	alpha-by-m	1000	10	10000	0.0	0.0	0.0	new-simulation	p01-s03-c0063-v210-adaptive-g1000-sb0009	100.0	0.0	34.227920618960724	0.0	22.20597654950602	0.0	0.7671902580535775	0.0	0.0	0.0	0.0	0.0	0.0
p01-s03-c0063-v210-adaptive-g1000-sb0010	p01-s03-c0063	c0063	sb0010	alpha-by-m	1000	10	10000	0.0	0.0	0.0	new-simulation	p01-s03-c0063-v210-adaptive-g1000-sb0010	100.0	0.0	34.227920618960724	0.0	22.20597654950602	0.0	0.7671902580535775	0.0	0.0	0.0	0.0	0.0	0.0
p01-s03-c0063-v210-adaptive-g1000-sb0011	p01-s03-c0063	c0063	sb0011	alpha-by-m	1000	10	10000	0.0	0.0	0.0	new-simulation	p01-s03-c0063-v210-adaptive-g1000-sb0011	100.0	0.0	34.227920618960724	0.0	22.20597654950602	0.0	0.7671902580535775	0.0	0.0	0.0	0.0	0.0	0.0
p01-s03-c0063-v210-adaptive-g1000-sb0012	p01-s03-c0063	c0063	sb0012	alpha-by-m	1000	10	10000	0.0	0.0	0.0	new-simulation	p01-s03-c0063-v210-adaptive-g1000-sb0012	100.0	0.0	34.227920618960724	0.0	22.20597654950602	0.0	0.7671902580535775	0.0	0.0	0.0	0.0	0.0	0.0
p01-s03-c0064-v210-adaptive-g1000-sb0001	p01-s03-c0064	c0064	sb0001	alpha-by-m	1000	10	10000	0.0	0.0	0.001	new-simulation	p01-s03-c0064-v210-adaptive-g1000-sb0001	100.0	0.0	34.22726050958448	0.00011832597875188596	22.20558052386671	5.0057472100799336e-05	0.7671860701755838	7.506926919132716e-07	3.1366779999999734e-05	5.314861797848657e-06	2.6903239999997814e-05	3.583032000000166e-05	8.927080000003849e-06
p01-s03-c0064-v210-adaptive-g1000-sb0002	p01-s03-c0064	c0064	sb0002	alpha-by-m	1000	10	10000	0.0	0.0	0.001	new-simulation	p01-s03-c0064-v210-adaptive-g1000-sb0002	100.0	0.0	34.228106084470575	0.00021275157624751128	22.20582275381568	0.00019038764335380136	0.7671914346682598	1.3497225299906314e-06	3.338289999999994e-05	4.300663528540275e-06	2.9915479999999716e-05	3.6850320000000166e-05	6.93484000000045e-06
p01-s03-c0064-v210-adaptive-g1000-sb0003	p01-s03-c0064	c0064	sb0003	alpha-by-m	1000	10	10000	0.0	0.0	0.001	new-simulation	p01-s03-c0064-v210-adaptive-g1000-sb0003	100.0	0.0	34.22735755874862	0.00013385994839886777	22.205876113993813	9.723080568610186e-05	0.7671866858811899	8.492411317828757e-07	3.652597999999978e-05	4.066702010782299e-06	3.301723999999807e-05	4.0034720000001483e-05	7.017480000003412e-06
p01-s03-c0064-v210-adaptive-g1000-sb0004	p01-s03-c0064	c0064	sb0004	alpha-by-m	1000	10	10000	0.0	0.0	0.001	new-simulation	p01-s03-c0064-v210-adaptive-g1000-sb0004	100.0	0.0	34.22800772621476	0.00010583152738868205	22.205897769275715	9.42632142699085e-05	0.7671908106737969	6.71409996354663e-07	3.3960279999993914e-05	2.318963104315411e-06	3.249267999999504e-05	3.54278799999928e-05	2.9351999999977624e-06
p01-s03-c0064-v210-adaptive-g1000-sb0005	p01-s03-c0064	c0064	sb0005	alpha-by-m	1000	10	10000	0.0	0.0	0.001	new-simulation	p01-s03-c0064-v210-adaptive-g1000-sb0005	100.0	0.0	34.227859995950965	0.00014635401762677936	22.206099971851735	0.00013109561162174757	0.7671898734495085	9.284938204012924e-07	3.5892680000002895e-05	3.1730329110657776e-06	3.3201560000000835e-05	3.8583800000004955e-05	5.38224000000412e-06
p01-s03-c0064-v210-adaptive-g1000-sb0006	p01-s03-c0064	c0064	sb0006	alpha-by-m	1000	10	10000	0.0	0.0	0.001	new-simulation	p01-s03-c0064-v210-adaptive-g1000-sb0006	100.0	0.0	34.227498658016664	0.00021394188582407418	22.205991220911272	0.00016007089989485335	0.7671875810471975	1.357298324714695e-06	3.350262000000207e-05	4.287837421197411e-06	2.9930720000001453e-05	3.707452000000268e-05	7.143800000001224e-06
p01-s03-c0064-v210-adaptive-g1000-sb0007	p01-s03-c0064	c0064	sb0007	alpha-by-m	1000	10	10000	0.0	0.0	0.001	new-simulation	p01-s03-c0064-v210-adaptive-g1000-sb0007	100.0	0.0	34.228631549554876	0.0002227941082493098	22.20641546578565	0.00013382581624401006	0.7671947682562639	1.4134123875742515e-06	3.3633200000005226e-05	2.3739740039483083e-06	3.212348000000522e-05	3.514292000000524e-05	3.0194400000000166e-06
p01-s03-c0064-v210-adaptive-g1000-sb0008	p01-s03-c0064	c0064	sb0008	alpha-by-m	1000	10	10000	0.0	0.0	0.001	new-simulation	p01-s03-c0064-v210-adaptive-g1000-sb0008	100.0	0.0	34.227881763115576	9.699612204954467e-05	22.20595571409153	6.377613627337778e-05	0.7671900115450708	6.153587309928932e-07	3.77372999999953e-05	3.888972626778115e-06	3.446231999999637e-05	4.1012279999994226e-05	6.5499599999978525e-06
p01-s03-c0064-v210-adaptive-g1000-sb0009	p01-s03-c0064	c0064	sb0009	alpha-by-m	1000	10	10000	0.0	0.0	0.001	new-simulation	p01-s03-c0064-v210-adaptive-g1000-sb0009	100.0	0.0	34.228144445720936	9.271548681347203e-05	22.206107015364886	9.215957395357107e-05	0.7671916780398612	5.881974202833365e-07	3.097545999999392e-05	1.9107233293255863e-06	2.9912439999992727e-05	3.2038479999995115e-05	2.1260400000023877e-06
p01-s03-c0064-v210-adaptive-g1000-sb0010	p01-s03-c0064	c0064	sb0010	alpha-by-m	1000	10	10000	0.0	0.0	0.001	new-simulation	p01-s03-c0064-v210-adaptive-g1000-sb0010	100.0	0.0	34.228385772380236	0.00011169217700634982	22.206231058563798	0.0001000712166136487	0.7671932090378832	7.085830666823921e-07	3.731613999999871e-05	3.0842037176314265e-06	3.619083999999837e-05	3.844143999999904e-05	2.2506000000006726e-06
p01-s03-c0064-v210-adaptive-g1000-sb0011	p01-s03-c0064	c0064	sb0011	alpha-by-m	1000	10	10000	0.0	0.0	0.001	new-simulation	p01-s03-c0064-v210-adaptive-g1000-sb0011	100.0	0.0	34.22758880341899	0.00011020245373402279	22.205978918269793	0.00011611685250192464	0.7671881529529729	6.991485359379698e-07	3.0349000000000258e-05	1.3365981949298402e-06	2.964272000000139e-05	3.105527999999912e-05	1.4125599999977278e-06
p01-s03-c0064-v210-adaptive-g1000-sb0012	p01-s03-c0064	c0064	sb0012	alpha-by-m	1000	10	10000	0.0	0.0	0.001	new-simulation	p01-s03-c0064-v210-adaptive-g1000-sb0012	100.0	0.0	34.22854669915089	0.0001106567852176255	22.206499790905987	0.00013167857183684915	0.7671942299660405	7.020110534480499e-07	4.180366000000124e-05	5.367800904980419e-06	3.723256000000114e-05	4.6374760000001334e-05	9.142200000000192e-06
p01-s03-c0065-v210-adaptive-g1000-sb0001	p01-s03-c0065	c0065	sb0001	alpha-by-m	1000	10	10000	0.0	0.0	0.01	new-simulation	p01-s03-c0065-v210-adaptive-g1000-sb0001	100.0	0.0	34.227496119733736	0.0003110999235026881	22.20580800593249	0.0003547220017419015	0.7671875649391044	1.9736865823149125e-06	7.457463999999573e-05	3.841173878611927e-06	7.282091999999554e-05	7.632835999999592e-05	3.5074400000003887e-06
p01-s03-c0065-v210-adaptive-g1000-sb0002	p01-s03-c0065	c0065	sb0002	alpha-by-m	1000	10	10000	0.0	0.0	0.01	new-simulation	p01-s03-c0065-v210-adaptive-g1000-sb0002	100.0	0.0	34.22894312849796	0.0004809255937184949	22.206375940128524	0.0003523777580417151	0.7671967448948892	3.050985057239155e-06	7.675357999999529e-05	4.641479312438128e-06	7.392027999999319e-05	7.95868799999974e-05	5.666600000004212e-06
p01-s03-c0065-v210-adaptive-g1000-sb0003	p01-s03-c0065	c0065	sb0003	alpha-by-m	1000	10	10000	0.0	0.0	0.01	new-simulation	p01-s03-c0065-v210-adaptive-g1000-sb0003	100.0	0.0	34.22693000603977	0.0003684599324123305	22.205568877776482	0.0003329221473504397	0.7671839733481772	2.33764001688127e-06	7.86024799999962e-05	8.070723269415909e-06	7.19827599999924e-05	8.522220000000002e-05	1.323944000000762e-05
p01-s03-c0065-v210-adaptive-g1000-sb0004	p01-s03-c0065	c0065	sb0004	alpha-by-m	1000	10	10000	0.0	0.0	0.01	new-simulation	p01-s03-c0065-v210-adaptive-g1000-sb0004	100.0	0.0	34.22851885522405	0.0004569017414879531	22.206908139642877	0.0002941696387530273	0.7671940533051592	2.898583630976978e-06	8.490885999999684e-05	5.166866180079877e-06	8.204019999999797e-05	8.77775199999957e-05	5.737319999997721e-06
p01-s03-c0065-v210-adaptive-g1000-sb0005	p01-s03-c0065	c0065	sb0005	alpha-by-m	1000	10	10000	0.0	0.0	0.01	new-simulation	p01-s03-c0065-v210-adaptive-g1000-sb0005	100.0	0.0	34.22798496025368	0.0005088040829330884	22.20604218026452	0.00043162061723742883	0.7671906662208311	3.227925308614837e-06	7.005222000000615e-05	5.911188289292628e-06	6.481904000000272e-05	7.528540000000959e-05	1.0466360000006874e-05
p01-s03-c0065-v210-adaptive-g1000-sb0006	p01-s03-c0065	c0065	sb0006	alpha-by-m	1000	10	10000	0.0	0.0	0.01	new-simulation	p01-s03-c0065-v210-adaptive-g1000-sb0006	100.0	0.0	34.22784739913314	0.0005349839228086751	22.20654807079081	0.00037182485726952976	0.7671897935091363	3.394022970574756e-06	8.234947999999856e-05	4.647987904546569e-06	8.044695999999929e-05	8.425199999999785e-05	3.805039999998561e-06
p01-s03-c0065-v210-adaptive-g1000-sb0007	p01-s03-c0065	c0065	sb0007	alpha-by-m	1000	10	10000	0.0	0.0	0.01	new-simulation	p01-s03-c0065-v210-adaptive-g1000-sb0007	100.0	0.0	34.22913997633708	0.00038416775304342675	22.20670323227955	0.0002026386382507176	0.7671979936948388	2.4371333992502653e-06	7.922194000000049e-05	3.34468638235613e-06	7.790620000000092e-05	8.053768000000004e-05	2.631479999999121e-06
p01-s03-c0065-v210-adaptive-g1000-sb0008	p01-s03-c0065	c0065	sb0008	alpha-by-m	1000	10	10000	0.0	0.0	0.01	new-simulation	p01-s03-c0065-v210-adaptive-g1000-sb0008	100.0	0.0	34.22739461558429	0.0006091138605990368	22.205627867323706	0.00044935083334432367	0.7671869209471768	3.864382703150707e-06	7.605901999999881e-05	7.516452013889393e-06	6.974232000000247e-05	8.237571999999514e-05	1.2633399999992668e-05
p01-s03-c0065-v210-adaptive-g1000-sb0009	p01-s03-c0065	c0065	sb0009	alpha-by-m	1000	10	10000	0.0	0.0	0.01	new-simulation	p01-s03-c0065-v210-adaptive-g1000-sb0009	100.0	0.0	34.22609808594755	0.00029714600269120065	22.204944798842853	0.0002599282187603573	0.767178695305402	1.885240681933102e-06	9.118593999999676e-05	4.428151069499563e-06	8.887679999999365e-05	9.34950799999999e-05	4.618280000006242e-06
p01-s03-c0065-v210-adaptive-g1000-sb0010	p01-s03-c0065	c0065	sb0010	alpha-by-m	1000	10	10000	0.0	0.0	0.01	new-simulation	p01-s03-c0065-v210-adaptive-g1000-sb0010	100.0	0.0	34.22869101073683	0.0003298422778285558	22.206152659132268	0.0002076494377892589	0.7671951454736958	2.0925195506746455e-06	8.11020199999986e-05	5.04730975216505e-06	7.962024000000082e-05	8.258379999999639e-05	2.963559999995572e-06
p01-s03-c0065-v210-adaptive-g1000-sb0011	p01-s03-c0065	c0065	sb0011	alpha-by-m	1000	10	10000	0.0	0.0	0.01	new-simulation	p01-s03-c0065-v210-adaptive-g1000-sb0011	100.0	0.0	34.22816266154114	0.00045536168619288994	22.206526806388194	0.0003513560596841837	0.7671917935850142	2.8888630737554426e-06	9.020397999999968e-05	7.878498387150175e-06	8.668051999999841e-05	9.372744000000093e-05	7.046920000002517e-06
p01-s03-c0065-v210-adaptive-g1000-sb0012	p01-s03-c0065	c0065	sb0012	alpha-by-m	1000	10	10000	0.0	0.0	0.01	new-simulation	p01-s03-c0065-v210-adaptive-g1000-sb0012	100.0	0.0	34.229128039905156	0.00034159027385656114	22.20723787731926	0.00021465484558842865	0.7671979179737527	2.1670298635700495e-06	7.93794400000011e-05	5.447183301937125e-06	7.565732000000074e-05	8.310156000000146e-05	7.444240000000727e-06
p01-s03-c0066-v210-adaptive-g1000-sb0001-reused	p01-s03-c0066	c0066	sb0001	alpha-by-m	1000	10	10000	0.0	0.0	0.1	reused-passage-100	p01-s02-c0021-v210-m010-g250-sb0001	100.0	0.0	34.22738605038078	0.0009100165293006088	22.205618838380996	0.0008363240862276823	0.7671868665658376	5.773385691276187e-06	8.44816599999969e-05	8.291328808622501e-06	8.719263999999819e-05	8.17706799999956e-05	-5.421960000002589e-06
p01-s03-c0066-v210-adaptive-g1000-sb0002-reused	p01-s03-c0066	c0066	sb0002	alpha-by-m	1000	10	10000	0.0	0.0	0.1	reused-passage-100	p01-s02-c0021-v210-m010-g250-sb0002	100.0	0.0	34.2280110523577	0.0013706945320763977	22.205937078677724	0.0011492192989062408	0.767190831605694	8.695773716426933e-06	9.747862000000142e-05	7.997872813850596e-06	9.714255999999866e-05	9.781468000000416e-05	6.72120000005507e-07
p01-s03-c0066-v210-adaptive-g1000-sb0003-reused	p01-s03-c0066	c0066	sb0003	alpha-by-m	1000	10	10000	0.0	0.0	0.1	reused-passage-100	p01-s02-c0021-v210-m010-g250-sb0003	100.0	0.0	34.22798345971242	0.0010223039549290879	22.20601126285603	0.000859099292724603	0.7671906566297761	6.485652015799008e-06	9.365317999999777e-05	7.374825927215734e-06	9.180711999999677e-05	9.549923999999876e-05	3.6921200000019917e-06
p01-s03-c0066-v210-adaptive-g1000-sb0004-reused	p01-s03-c0066	c0066	sb0004	alpha-by-m	1000	10	10000	0.0	0.0	0.1	reused-passage-100	p01-s02-c0021-v210-m010-g250-sb0004	100.0	0.0	34.22833112066183	0.0012712871573557565	22.20650622848325	0.0009504160736302202	0.7671928621776862	8.065188135065232e-06	8.938153999999862e-05	7.1927028532457715e-06	9.073151999999385e-05	8.803156000000337e-05	-2.699959999990481e-06
p01-s03-c0066-v210-adaptive-g1000-sb0005-reused	p01-s03-c0066	c0066	sb0005	alpha-by-m	1000	10	10000	0.0	0.0	0.1	reused-passage-100	p01-s02-c0021-v210-m010-g250-sb0005	100.0	0.0	34.22805071970339	0.0008075290953531369	22.206139432532467	0.0007225595400983531	0.7671910833720892	5.123053167480424e-06	8.245952000000275e-05	8.13950169522428e-06	8.620384000000308e-05	7.87152000000024e-05	-7.488640000000689e-06
p01-s03-c0066-v210-adaptive-g1000-sb0006-reused	p01-s03-c0066	c0066	sb0006	alpha-by-m	1000	10	10000	0.0	0.0	0.1	reused-passage-100	p01-s02-c0021-v210-m010-g250-sb0006	100.0	0.0	34.22805977530058	0.0010140255853111264	22.206138279168076	0.0006924650872844847	0.7671911407878139	6.433184606184801e-06	8.849465999999858e-05	1.0962052170100176e-05	9.21254399999986e-05	8.486387999999859e-05	-7.261560000000009e-06
p01-s03-c0066-v210-adaptive-g1000-sb0007-reused	p01-s03-c0066	c0066	sb0007	alpha-by-m	1000	10	10000	0.0	0.0	0.1	reused-passage-100	p01-s02-c0021-v210-m010-g250-sb0007	100.0	0.0	34.22796222326098	0.0009815419875165686	22.205869405347507	0.0006553774249726784	0.7671905219100543	6.227131428173157e-06	8.691598000000266e-05	9.3642840001989e-06	9.276864000000543e-05	8.106331999999987e-05	-1.1705320000005563e-05
p01-s03-c0066-v210-adaptive-g1000-sb0008-reused	p01-s03-c0066	c0066	sb0008	alpha-by-m	1000	10	10000	0.0	0.0	0.1	reused-passage-100	p01-s02-c0021-v210-m010-g250-sb0008	100.0	0.0	34.22717201149072	0.0011813754296902822	22.205546147050235	0.001066593819067661	0.7671855085928975	7.495028478768876e-06	9.328757999999794e-05	6.367092371638514e-06	9.548196000000044e-05	9.109319999999548e-05	-4.3887600000049585e-06
p01-s03-c0066-v210-adaptive-g1000-sb0009-reused	p01-s03-c0066	c0066	sb0009	alpha-by-m	1000	10	10000	0.0	0.0	0.1	reused-passage-100	p01-s02-c0021-v210-m010-g250-sb0009	100.0	0.0	34.22743350826557	0.0012522784855869395	22.20585124234776	0.0011237542031885086	0.7671871675833034	7.944708048453799e-06	9.905577999999835e-05	8.495397892905077e-06	9.647447999999732e-05	0.00010163707999999936	5.162600000002037e-06
p01-s03-c0066-v210-adaptive-g1000-sb0010-reused	p01-s03-c0066	c0066	sb0010	alpha-by-m	1000	10	10000	0.0	0.0	0.1	reused-passage-100	p01-s02-c0021-v210-m010-g250-sb0010	100.0	0.0	34.22796273805551	0.0009285638704745578	22.205850126520215	0.0006037085131241948	0.7671905251851789	5.8909464975818975e-06	8.745273999999912e-05	1.0481857601004046e-05	8.863795999999966e-05	8.626751999999859e-05	-2.370440000001067e-06
p01-s03-c0066-v210-adaptive-g1000-sb0011-reused	p01-s03-c0066	c0066	sb0011	alpha-by-m	1000	10	10000	0.0	0.0	0.1	reused-passage-100	p01-s02-c0021-v210-m010-g250-sb0011	100.0	0.0	34.22739383559431	0.0009806214270281482	22.206100761433	0.0009110668303915628	0.7671869159450831	6.221281488822455e-06	9.348838000000208e-05	9.387147983323878e-06	9.819928000000044e-05	8.877748000000374e-05	-9.421799999996698e-06
p01-s03-c0066-v210-adaptive-g1000-sb0012-reused	p01-s03-c0066	c0066	sb0012	alpha-by-m	1000	10	10000	0.0	0.0	0.1	reused-passage-100	p01-s02-c0021-v210-m010-g250-sb0012	100.0	0.0	34.22817514715358	0.000914746298949483	22.206312655925682	0.0005236126741863179	0.7671918727379406	5.803212676486409e-06	9.079832000000338e-05	8.902323841169784e-06	9.392128000000334e-05	8.767536000000343e-05	-6.245919999999907e-06
p01-s03-c0067-v210-adaptive-g1000-sb0001	p01-s03-c0067	c0067	sb0001	alpha-by-m	1000	10	10000	0.0	0.0	0.5	new-simulation	p01-s03-c0067-v210-adaptive-g1000-sb0001	100.0	0.0	34.22751077335842	0.0011150400580179024	22.205718318081413	0.000822758738462091	0.7671876578009738	7.074111949769748e-06	9.099765999999754e-05	8.634807648519827e-06	9.181507999999792e-05	9.018023999999718e-05	-1.6348400000007414e-06
p01-s03-c0067-v210-adaptive-g1000-sb0002	p01-s03-c0067	c0067	sb0002	alpha-by-m	1000	10	10000	0.0	0.0	0.5	new-simulation	p01-s03-c0067-v210-adaptive-g1000-sb0002	100.0	0.0	34.22828880620147	0.0011326442541574242	22.20610586503918	0.0008978593585111626	0.7671925937615063	7.185554025585165e-06	9.335630000000093e-05	9.992058492031751e-06	9.632840000000121e-05	9.038420000000064e-05	-5.944200000000566e-06
p01-s03-c0067-v210-adaptive-g1000-sb0003	p01-s03-c0067	c0067	sb0003	alpha-by-m	1000	10	10000	0.0	0.0	0.5	new-simulation	p01-s03-c0067-v210-adaptive-g1000-sb0003	100.0	0.0	34.22784418320213	0.0011318353933605732	22.206009867198432	0.0009636635398347819	0.7671897730163718	7.180580229085687e-06	9.123338000000054e-05	8.074219509608208e-06	9.100959999999947e-05	9.145716000000161e-05	4.475600000021442e-07
p01-s03-c0067-v210-adaptive-g1000-sb0004	p01-s03-c0067	c0067	sb0004	alpha-by-m	1000	10	10000	0.0	0.0	0.5	new-simulation	p01-s03-c0067-v210-adaptive-g1000-sb0004	100.0	0.0	34.22787363862537	0.0014313695798563045	22.205999098811876	0.0009947954171869175	0.7671899598167576	9.08079260771039e-06	9.132776000000104e-05	1.0427082935963322e-05	8.841419999999923e-05	9.424132000000288e-05	5.827120000003651e-06
p01-s03-c0067-v210-adaptive-g1000-sb0005	p01-s03-c0067	c0067	sb0005	alpha-by-m	1000	10	10000	0.0	0.0	0.5	new-simulation	p01-s03-c0067-v210-adaptive-g1000-sb0005	100.0	0.0	34.22827133966095	0.0012277245038373231	22.206287894166977	0.0007891372316725002	0.7671924829318431	7.788783259748314e-06	8.900563999999925e-05	9.052662417617904e-06	9.019019999999942e-05	8.782107999999908e-05	-2.3691200000003376e-06
p01-s03-c0067-v210-adaptive-g1000-sb0006	p01-s03-c0067	c0067	sb0006	alpha-by-m	1000	10	10000	0.0	0.0	0.5	new-simulation	p01-s03-c0067-v210-adaptive-g1000-sb0006	100.0	0.0	34.22785332257595	0.0010156859284776313	22.205738589789593	0.0007575444250791439	0.7671898310207536	6.4437193923364185e-06	9.038779999999877e-05	7.062397239996118e-06	9.123835999999869e-05	8.953723999999882e-05	-1.7011199999998757e-06
p01-s03-c0067-v210-adaptive-g1000-sb0007	p01-s03-c0067	c0067	sb0007	alpha-by-m	1000	10	10000	0.0	0.0	0.5	new-simulation	p01-s03-c0067-v210-adaptive-g1000-sb0007	100.0	0.0	34.22773386669222	0.0016004651404722518	22.205702522918564	0.0011650993917742135	0.7671890730323254	1.0153709020095938e-05	8.873136000000104e-05	8.334919427788444e-06	9.153211999999954e-05	8.593060000000256e-05	-5.601519999996976e-06
p01-s03-c0067-v210-adaptive-g1000-sb0008	p01-s03-c0067	c0067	sb0008	alpha-by-m	1000	10	10000	0.0	0.0	0.5	new-simulation	p01-s03-c0067-v210-adaptive-g1000-sb0008	100.0	0.0	34.22750138730106	0.0012568149565634107	22.20559377992374	0.0009352048360423045	0.7671875982231059	7.973588375291744e-06	9.006750000000087e-05	7.237351988546997e-06	8.985548000000265e-05	9.027951999999907e-05	4.240399999964195e-07
p01-s03-c0067-v210-adaptive-g1000-sb0009	p01-s03-c0067	c0067	sb0009	alpha-by-m	1000	10	10000	0.0	0.0	0.5	new-simulation	p01-s03-c0067-v210-adaptive-g1000-sb0009	100.0	0.0	34.22780458345025	0.0011436678564330084	22.205876212599897	0.0009557634196251905	0.767189521786247	7.25568056505357e-06	9.013862000000027e-05	9.834353187054736e-06	9.396911999999886e-05	8.630812000000166e-05	-7.660999999997201e-06
p01-s03-c0067-v210-adaptive-g1000-sb0010	p01-s03-c0067	c0067	sb0010	alpha-by-m	1000	10	10000	0.0	0.0	0.5	new-simulation	p01-s03-c0067-v210-adaptive-g1000-sb0010	100.0	0.0	34.22819710407587	0.0014420406916919482	22.205901510003695	0.0009395931620919492	0.7671920119221182	9.14846548902701e-06	9.018593999999939e-05	9.677755078720062e-06	9.12762399999975e-05	8.909564000000126e-05	-2.1805999999962298e-06
p01-s03-c0067-v210-adaptive-g1000-sb0011	p01-s03-c0067	c0067	sb0011	alpha-by-m	1000	10	10000	0.0	0.0	0.5	new-simulation	p01-s03-c0067-v210-adaptive-g1000-sb0011	100.0	0.0	34.22810830551593	0.0011901511189275236	22.206207071757408	0.0008977890450682153	0.7671914486343049	7.550538451495727e-06	8.966933999999924e-05	8.30503547918917e-06	8.828204000000116e-05	9.105663999999731e-05	2.77459999999615e-06
p01-s03-c0067-v210-adaptive-g1000-sb0012	p01-s03-c0067	c0067	sb0012	alpha-by-m	1000	10	10000	0.0	0.0	0.5	new-simulation	p01-s03-c0067-v210-adaptive-g1000-sb0012	100.0	0.0	34.22813256805214	0.0009531644673770166	22.205993786068515	0.0007974497184039406	0.7671916026048361	6.04691630590188e-06	9.059056000000378e-05	9.678838448947376e-06	9.002320000000431e-05	9.115792000000326e-05	1.1347199999989455e-06
p01-s03-c0068-v210-adaptive-g1000-sb0001	p01-s03-c0068	c0068	sb0001	alpha-by-m	1000	10	10000	0.0	0.0	0.9	new-simulation	p01-s03-c0068-v210-adaptive-g1000-sb0001	100.0	0.0	34.22774707378938	0.0013090847164743161	22.205867821954644	0.0010331798232271609	0.7671891568976402	8.30509188393758e-06	9.040367999999926e-05	8.118792946978885e-06	8.941275999999903e-05	9.139459999999946e-05	1.9818400000004316e-06
p01-s03-c0068-v210-adaptive-g1000-sb0002	p01-s03-c0068	c0068	sb0002	alpha-by-m	1000	10	10000	0.0	0.0	0.9	new-simulation	p01-s03-c0068-v210-adaptive-g1000-sb0002	100.0	0.0	34.22822660489989	0.0012483571789277752	22.206074292409962	0.0009002110851041482	0.7671921991256572	7.919720557640923e-06	9.379888000000017e-05	9.403166040070654e-06	9.648267999999871e-05	9.111508000000164e-05	-5.367599999997065e-06
p01-s03-c0068-v210-adaptive-g1000-sb0003	p01-s03-c0068	c0068	sb0003	alpha-by-m	1000	10	10000	0.0	0.0	0.9	new-simulation	p01-s03-c0068-v210-adaptive-g1000-sb0003	100.0	0.0	34.22797113919994	0.0012834689723213938	22.206058933138237	0.000988372669395868	0.7671905784119705	8.142526077529878e-06	8.927036000000053e-05	8.679576312806144e-06	8.922671999999935e-05	8.931400000000173e-05	8.728000000237876e-08
p01-s03-c0068-v210-adaptive-g1000-sb0004	p01-s03-c0068	c0068	sb0004	alpha-by-m	1000	10	10000	0.0	0.0	0.9	new-simulation	p01-s03-c0068-v210-adaptive-g1000-sb0004	100.0	0.0	34.2279505978791	0.001336848168701553	22.206073358547787	0.0009626142057297608	0.7671904480820926	8.4811733571955e-06	8.844218000000065e-05	7.740970942341595e-06	8.866451999999973e-05	8.82198400000016e-05	-4.4467999999813445e-07
p01-s03-c0068-v210-adaptive-g1000-sb0005	p01-s03-c0068	c0068	sb0005	alpha-by-m	1000	10	10000	0.0	0.0	0.9	new-simulation	p01-s03-c0068-v210-adaptive-g1000-sb0005	100.0	0.0	34.22794842478142	0.0011719320438769187	22.205975441023565	0.0007196736385758806	0.767190434333212	7.4349020289405936e-06	8.933114000000088e-05	8.589446559847206e-06	9.028271999999998e-05	8.837956000000176e-05	-1.9031599999982208e-06
p01-s03-c0068-v210-adaptive-g1000-sb0006	p01-s03-c0068	c0068	sb0006	alpha-by-m	1000	10	10000	0.0	0.0	0.9	new-simulation	p01-s03-c0068-v210-adaptive-g1000-sb0006	100.0	0.0	34.22797094737521	0.0012108498873989381	22.205886019431134	0.0008996865198284208	0.7671905772114591	7.681738420653458e-06	8.925019999999943e-05	9.346165255311829e-06	9.007304000000174e-05	8.842735999999712e-05	-1.6456800000046168e-06
p01-s03-c0068-v210-adaptive-g1000-sb0007	p01-s03-c0068	c0068	sb0007	alpha-by-m	1000	10	10000	0.0	0.0	0.9	new-simulation	p01-s03-c0068-v210-adaptive-g1000-sb0007	100.0	0.0	34.22790844845749	0.0014382252926907711	22.20588953403041	0.001101019261601619	0.7671901806541409	9.124237411297426e-06	9.108441999999953e-05	8.375486383900922e-06	9.266903999999769e-05	8.949980000000135e-05	-3.1692399999963403e-06
p01-s03-c0068-v210-adaptive-g1000-sb0008	p01-s03-c0068	c0068	sb0008	alpha-by-m	1000	10	10000	0.0	0.0	0.9	new-simulation	p01-s03-c0068-v210-adaptive-g1000-sb0008	100.0	0.0	34.22772280414504	0.001373096407098421	22.205806111679678	0.0009723187766177289	0.7671890029108198	8.711234076878759e-06	9.137141999999807e-05	8.603882877812856e-06	9.172236000000028e-05	9.102047999999585e-05	-7.018800000044311e-07
p01-s03-c0068-v210-adaptive-g1000-sb0009	p01-s03-c0068	c0068	sb0009	alpha-by-m	1000	10	10000	0.0	0.0	0.9	new-simulation	p01-s03-c0068-v210-adaptive-g1000-sb0009	100.0	0.0	34.22812097863294	0.001173590983008847	22.206109124449068	0.0008435116412623343	0.7671915290376273	7.445397510559223e-06	8.745425999999958e-05	9.818663487772612e-06	8.95777999999982e-05	8.533072000000097e-05	-4.247079999997229e-06
p01-s03-c0068-v210-adaptive-g1000-sb0010	p01-s03-c0068	c0068	sb0010	alpha-by-m	1000	10	10000	0.0	0.0	0.9	new-simulation	p01-s03-c0068-v210-adaptive-g1000-sb0010	100.0	0.0	34.22801815114281	0.0014153444672103982	22.20595467277198	0.0010308119341391013	0.7671908766300639	8.979159330353192e-06	8.96798799999989e-05	9.637937393954384e-06	8.893695999999817e-05	9.042279999999963e-05	1.4858400000014582e-06
p01-s03-c0068-v210-adaptive-g1000-sb0011	p01-s03-c0068	c0068	sb0011	alpha-by-m	1000	10	10000	0.0	0.0	0.9	new-simulation	p01-s03-c0068-v210-adaptive-g1000-sb0011	100.0	0.0	34.227983328666745	0.001310790593914085	22.206190257516205	0.0009975974403021463	0.767190655737273	8.315919548399008e-06	8.906339999999931e-05	1.0346103797849533e-05	8.820880000000162e-05	8.9917999999997e-05	1.7091999999953723e-06
p01-s03-c0068-v210-adaptive-g1000-sb0012	p01-s03-c0068	c0068	sb0012	alpha-by-m	1000	10	10000	0.0	0.0	0.9	new-simulation	p01-s03-c0068-v210-adaptive-g1000-sb0012	100.0	0.0	34.22817601271144	0.0010282907298545872	22.206084179981502	0.0007857467991198527	0.7671918782090965	6.52353673607369e-06	8.970058000000203e-05	9.536010996110552e-06	8.944188000000089e-05	8.995928000000316e-05	5.174000000022729e-07
p01-s03-c0069-v210-adaptive-g1000-sb0001	p01-s03-c0069	c0069	sb0001	alpha-by-m	1000	10	10000	0.0	0.0	0.99	new-simulation	p01-s03-c0069-v210-adaptive-g1000-sb0001	100.0	0.0	34.22774940414377	0.0013450258285535503	22.205851250425393	0.0010614050733685693	0.7671891716731807	8.533119243934149e-06	9.06403399999981e-05	7.1114463456415335e-06	8.99098399999982e-05	9.137083999999799e-05	1.4609999999997883e-06
p01-s03-c0069-v210-adaptive-g1000-sb0002	p01-s03-c0069	c0069	sb0002	alpha-by-m	1000	10	10000	0.0	0.0	0.99	new-simulation	p01-s03-c0069-v210-adaptive-g1000-sb0002	100.0	0.0	34.22813654055776	0.0013137117462400385	22.206036206659086	0.0009241016280100619	0.7671916277326403	8.33434993717364e-06	9.460570000000092e-05	9.065018563752591e-06	9.614435999999953e-05	9.30670400000023e-05	-3.0773199999972284e-06
p01-s03-c0069-v210-adaptive-g1000-sb0003	p01-s03-c0069	c0069	sb0003	alpha-by-m	1000	10	10000	0.0	0.0	0.99	new-simulation	p01-s03-c0069-v210-adaptive-g1000-sb0003	100.0	0.0	34.22794889104237	0.0012564105736165778	22.206077747568006	0.0010009884158303955	0.7671904372726095	7.97087133410725e-06	8.972879999999993e-05	8.690011237400851e-06	8.95010399999978e-05	8.995656000000204e-05	4.5552000000423246e-07
p01-s03-c0069-v210-adaptive-g1000-sb0004	p01-s03-c0069	c0069	sb0004	alpha-by-m	1000	10	10000	0.0	0.0	0.99	new-simulation	p01-s03-c0069-v210-adaptive-g1000-sb0004	100.0	0.0	34.227989970550894	0.0013112178627514867	22.20609133835468	0.000972446897071648	0.7671906978742368	8.318513219304286e-06	8.904722000000047e-05	7.503528939268688e-06	8.950931999999856e-05	8.858512000000239e-05	-9.241999999961718e-07
p01-s03-c0069-v210-adaptive-g1000-sb0005	p01-s03-c0069	c0069	sb0005	alpha-by-m	1000	10	10000	0.0	0.0	0.99	new-simulation	p01-s03-c0069-v210-adaptive-g1000-sb0005	100.0	0.0	34.22791839930111	0.0011587299282322069	22.205955186048847	0.0007233314002542462	0.7671902438497703	7.3511498090539505e-06	8.905145999999923e-05	7.479241089434806e-06	8.952995999999956e-05	8.857295999999889e-05	-9.570000000006619e-07
p01-s03-c0069-v210-adaptive-g1000-sb0006	p01-s03-c0069	c0069	sb0006	alpha-by-m	1000	10	10000	0.0	0.0	0.99	new-simulation	p01-s03-c0069-v210-adaptive-g1000-sb0006	100.0	0.0	34.228032493658674	0.001287827679482866	22.205962048471978	0.0009059780833189623	0.76719096765224	8.170112066882336e-06	8.92211799999972e-05	9.696007553481354e-06	8.942859999999749e-05	8.901375999999693e-05	-4.1484000000055997e-07
p01-s03-c0069-v210-adaptive-g1000-sb0007	p01-s03-c0069	c0069	sb0007	alpha-by-m	1000	10	10000	0.0	0.0	0.99	new-simulation	p01-s03-c0069-v210-adaptive-g1000-sb0007	100.0	0.0	34.2278655115453	0.0014227711110846788	22.20587347922049	0.0011129953519389503	0.7671899082594529	9.026217169716744e-06	9.171072000000066e-05	8.578915903730327e-06	9.370351999999908e-05	8.971792000000227e-05	-3.985599999996813e-06
p01-s03-c0069-v210-adaptive-g1000-sb0008	p01-s03-c0069	c0069	sb0008	alpha-by-m	1000	10	10000	0.0	0.0	0.99	new-simulation	p01-s03-c0069-v210-adaptive-g1000-sb0008	100.0	0.0	34.227723795478276	0.001353746411623032	22.2058224560808	0.0009353795322754833	0.7671890092048202	8.58846967002686e-06	9.040581999999932e-05	8.08957346997599e-06	9.090304000000071e-05	8.990859999999794e-05	-9.944400000027795e-07
p01-s03-c0069-v210-adaptive-g1000-sb0009	p01-s03-c0069	c0069	sb0009	alpha-by-m	1000	10	10000	0.0	0.0	0.99	new-simulation	p01-s03-c0069-v210-adaptive-g1000-sb0009	100.0	0.0	34.228048585838934	0.001150131841523466	22.206076714102593	0.0008494940547160797	0.7671910697736589	7.296590537386955e-06	8.809961999999928e-05	9.504746794531089e-06	9.100615999999881e-05	8.519307999999977e-05	-5.813079999999037e-06
p01-s03-c0069-v210-adaptive-g1000-sb0010	p01-s03-c0069	c0069	sb0010	alpha-by-m	1000	10	10000	0.0	0.0	0.99	new-simulation	p01-s03-c0069-v210-adaptive-g1000-sb0010	100.0	0.0	34.228002471379035	0.001380916836860344	22.20593817476362	0.0010194986321501944	0.7671907771642124	8.760758298658385e-06	8.98387200000011e-05	9.666342678445328e-06	8.909624000000043e-05	9.058120000000177e-05	1.4849600000013425e-06
p01-s03-c0069-v210-adaptive-g1000-sb0011	p01-s03-c0069	c0069	sb0011	alpha-by-m	1000	10	10000	0.0	0.0	0.99	new-simulation	p01-s03-c0069-v210-adaptive-g1000-sb0011	100.0	0.0	34.227958913680716	0.0014039425172259203	22.206159745886172	0.001055480393356987	0.7671905008220727	8.906908519934273e-06	8.961241999999912e-05	9.98909778584143e-06	8.865963999999952e-05	9.056519999999868e-05	1.9055599999991612e-06
p01-s03-c0069-v210-adaptive-g1000-sb0012	p01-s03-c0069	c0069	sb0012	alpha-by-m	1000	10	10000	0.0	0.0	0.99	new-simulation	p01-s03-c0069-v210-adaptive-g1000-sb0012	100.0	0.0	34.228177005417756	0.0010481917014161586	22.20609354474672	0.0007952406588562472	0.767191884503179	6.649811704828392e-06	9.032626000000108e-05	9.044169362724307e-06	8.995100000000167e-05	9.070152000000048e-05	7.505199999988078e-07
p01-s03-c0070-v210-adaptive-g1000-sb0001	p01-s03-c0070	c0070	sb0001	alpha-by-m	1000	10	10000	0.01	0.00999900999901	0.0	new-simulation	p01-s03-c0070-v210-adaptive-g1000-sb0001	100.0	0.0	34.26527766042658	0.021157245197583968	22.2768186435555	0.017996107583863094	0.7674270871223358	0.00013406877679515253	0.005244823799999996	0.0005369386144753747	0.004834115439999996	0.005655532159999996	0.0008214167200000008
p01-s03-c0070-v210-adaptive-g1000-sb0002	p01-s03-c0070	c0070	sb0002	alpha-by-m	1000	10	10000	0.01	0.00999900999901	0.0	new-simulation	p01-s03-c0070-v210-adaptive-g1000-sb0002	100.0	0.0	34.18919556604142	0.05086795797083294	22.15714790420192	0.046991678339902504	0.7669442057748413	0.00032298819662668327	0.0045037232199999985	0.0005125866822269801	0.0040884091199999955	0.004919037320000001	0.0008306282000000052
p01-s03-c0070-v210-adaptive-g1000-sb0003	p01-s03-c0070	c0070	sb0003	alpha-by-m	1000	10	10000	0.01	0.00999900999901	0.0	new-simulation	p01-s03-c0070-v210-adaptive-g1000-sb0003	100.0	0.0	34.18649636018111	0.04914223565563128	22.194719258693034	0.03457082778447178	0.7669270770704771	0.0003121835091514349	0.005331580919999998	0.0005433816165588563	0.0048632216399999975	0.0057999401999999966	0.0009367185599999991
p01-s03-c0070-v210-adaptive-g1000-sb0004	p01-s03-c0070	c0070	sb0004	alpha-by-m	1000	10	10000	0.01	0.00999900999901	0.0	new-simulation	p01-s03-c0070-v210-adaptive-g1000-sb0004	100.0	0.0	34.28722617234312	0.02104731311141566	22.273859665151164	0.012423170317787762	0.7675661360139862	0.0001333086798735101	0.0048087378399999945	0.00048453406268978436	0.004462281199999994	0.005155194479999994	0.0006929132799999996
p01-s03-c0070-v210-adaptive-g1000-sb0005	p01-s03-c0070	c0070	sb0005	alpha-by-m	1000	10	10000	0.01	0.00999900999901	0.0	new-simulation	p01-s03-c0070-v210-adaptive-g1000-sb0005	100.0	0.0	34.36321831697989	0.03975511793403217	22.28906931787182	0.021292826778891966	0.7680467732386914	0.00025121106632949224	0.005720610420000001	0.0009055097017909163	0.004932342040000001	0.006508878800000001	0.0015765367600000003
p01-s03-c0070-v210-adaptive-g1000-sb0006	p01-s03-c0070	c0070	sb0006	alpha-by-m	1000	10	10000	0.01	0.00999900999901	0.0	new-simulation	p01-s03-c0070-v210-adaptive-g1000-sb0006	100.0	0.0	34.160249728193946	0.026942664116993673	22.1728472334935	0.01635117687463824	0.7667604522765488	0.00017126922095508275	0.005187973360000002	0.0007343276027685381	0.004624846800000001	0.005751099920000003	0.001126253120000002
p01-s03-c0070-v210-adaptive-g1000-sb0007	p01-s03-c0070	c0070	sb0007	alpha-by-m	1000	10	10000	0.01	0.00999900999901	0.0	new-simulation	p01-s03-c0070-v210-adaptive-g1000-sb0007	100.0	0.0	34.21268003693607	0.01795095448012665	22.18434546944038	0.009084867508689925	0.767093518607458	0.00011394474397904335	0.0054178057599999965	0.0005280497345866236	0.005002770639999995	0.005832840879999996	0.0008300702400000012
p01-s03-c0070-v210-adaptive-g1000-sb0008	p01-s03-c0070	c0070	sb0008	alpha-by-m	1000	10	10000	0.01	0.00999900999901	0.0	new-simulation	p01-s03-c0070-v210-adaptive-g1000-sb0008	100.0	0.0	34.27170453176125	0.04326432541121092	22.245182837419012	0.021271796981839623	0.7674676829257749	0.00027411346492812295	0.005347522739999995	0.0006717678185602918	0.004767488599999997	0.005927556879999993	0.0011600682799999956
p01-s03-c0070-v210-adaptive-g1000-sb0009	p01-s03-c0070	c0070	sb0009	alpha-by-m	1000	10	10000	0.01	0.00999900999901	0.0	new-simulation	p01-s03-c0070-v210-adaptive-g1000-sb0009	100.0	0.0	34.2095316019337	0.02084163645833089	22.248684476694308	0.02239441210112765	0.7670735244288284	0.0001323029618318846	0.00555305504	0.0008049545551875712	0.004865083480000001	0.0062410266	0.0013759431199999997
p01-s03-c0070-v210-adaptive-g1000-sb0010	p01-s03-c0070	c0070	sb0010	alpha-by-m	1000	10	10000	0.01	0.00999900999901	0.0	new-simulation	p01-s03-c0070-v210-adaptive-g1000-sb0010	100.0	0.0	34.13823853916575	0.03112757541986859	22.141793849029405	0.01457100044871326	0.7666204659064322	0.00019794938297393997	0.004947282299999997	0.0004627038463632578	0.004549073000000002	0.005345491599999993	0.0007964185999999917
p01-s03-c0070-v210-adaptive-g1000-sb0011	p01-s03-c0070	c0070	sb0011	alpha-by-m	1000	10	10000	0.01	0.00999900999901	0.0	new-simulation	p01-s03-c0070-v210-adaptive-g1000-sb0011	100.0	0.0	33.99384115226897	0.030148517189645334	22.038026887801998	0.03923363947221119	0.7657000366612088	0.00019257317855436165	0.005802677940000006	0.0010765688233693538	0.004829060560000004	0.006776295320000006	0.0019472347600000021
p01-s03-c0070-v210-adaptive-g1000-sb0012	p01-s03-c0070	c0070	sb0012	alpha-by-m	1000	10	10000	0.01	0.00999900999901	0.0	new-simulation	p01-s03-c0070-v210-adaptive-g1000-sb0012	100.0	0.0	34.1295682951012	0.021782816336988337	22.173532430313752	0.012073872271278827	0.7665653541141428	0.00013860229709238857	0.005046160520000001	0.00029319354051960235	0.004911085439999999	0.005181235600000003	0.00027015016000000395
p01-s03-c0071-v210-adaptive-g1000-sb0001	p01-s03-c0071	c0071	sb0001	alpha-by-m	1000	10	10000	0.01	0.00999900999901	0.001	new-simulation	p01-s03-c0071-v210-adaptive-g1000-sb0001	100.0	0.0	34.265370821562875	0.02020802707024073	22.27597853586396	0.017076358661566336	0.767427681060057	0.00012806380867139527	0.005089586419999997	0.000498648412240491	0.004711858679999996	0.005467314159999997	0.000755455480000001
p01-s03-c0071-v210-adaptive-g1000-sb0002	p01-s03-c0071	c0071	sb0002	alpha-by-m	1000	10	10000	0.01	0.00999900999901	0.001	new-simulation	p01-s03-c0071-v210-adaptive-g1000-sb0002	100.0	0.0	34.18760352056148	0.050849494836747715	22.155538274876932	0.047494377174569384	0.7669340940657804	0.00032288476694419853	0.0043417634199999985	0.00048005824901764044	0.003960208479999996	0.004723318360000001	0.0007631098800000048
p01-s03-c0071-v210-adaptive-g1000-sb0003	p01-s03-c0071	c0071	sb0003	alpha-by-m	1000	10	10000	0.01	0.00999900999901	0.001	new-simulation	p01-s03-c0071-v210-adaptive-g1000-sb0003	100.0	0.0	34.194169427604194	0.051737224514640794	22.199329374515177	0.03595985389719639	0.7669757859845103	0.0003286002421515394	0.0050722409799999965	0.0004714203167765839	0.0046693321999999975	0.005475149759999996	0.000805817559999999
p01-s03-c0071-v210-adaptive-g1000-sb0004	p01-s03-c0071	c0071	sb0004	alpha-by-m	1000	10	10000	0.01	0.00999900999901	0.001	new-simulation	p01-s03-c0071-v210-adaptive-g1000-sb0004	100.0	0.0	34.277775354910034	0.023425669453535303	22.265672593984068	0.014519846715022463	0.7675062644160527	0.00014841253388982474	0.004682541299999996	0.00048790152966486514	0.004319712639999996	0.005045369959999995	0.0007256573199999989
p01-s03-c0071-v210-adaptive-g1000-sb0005	p01-s03-c0071	c0071	sb0005	alpha-by-m	1000	10	10000	0.01	0.00999900999901	0.001	new-simulation	p01-s03-c0071-v210-adaptive-g1000-sb0005	100.0	0.0	34.35529988281349	0.03635562733235444	22.284790062730234	0.019368046728972094	0.7679967527425485	0.00022979065210102385	0.00560752846	0.0008386922670264038	0.00488642128	0.006328635640000002	0.0014422143600000019
p01-s03-c0071-v210-adaptive-g1000-sb0006	p01-s03-c0071	c0071	sb0006	alpha-by-m	1000	10	10000	0.01	0.00999900999901	0.001	new-simulation	p01-s03-c0071-v210-adaptive-g1000-sb0006	100.0	0.0	34.16201129323767	0.025719074387328098	22.174162684824015	0.016639181333731972	0.766771655654463	0.00016347440021864074	0.005085768820000002	0.0007214285516010117	0.00453554148	0.005635996160000003	0.0011004546800000023
p01-s03-c0071-v210-adaptive-g1000-sb0007	p01-s03-c0071	c0071	sb0007	alpha-by-m	1000	10	10000	0.01	0.00999900999901	0.001	new-simulation	p01-s03-c0071-v210-adaptive-g1000-sb0007	100.0	0.0	34.21530812889246	0.016986777233922907	22.18670623992797	0.008535549083530122	0.7671102014849681	0.00010781308687448427	0.005149717799999996	0.00042458175278776197	0.004842650959999995	0.005456784639999997	0.0006141336800000018
p01-s03-c0071-v210-adaptive-g1000-sb0008	p01-s03-c0071	c0071	sb0008	alpha-by-m	1000	10	10000	0.01	0.00999900999901	0.001	new-simulation	p01-s03-c0071-v210-adaptive-g1000-sb0008	100.0	0.0	34.27388939007793	0.04410135624083898	22.245618500966888	0.02187289475502376	0.7674815192603828	0.0002793921972928629	0.005231459379999994	0.0006528941564079623	0.004669172279999996	0.005793746479999992	0.0011245741999999954
p01-s03-c0071-v210-adaptive-g1000-sb0009	p01-s03-c0071	c0071	sb0009	alpha-by-m	1000	10	10000	0.01	0.00999900999901	0.001	new-simulation	p01-s03-c0071-v210-adaptive-g1000-sb0009	100.0	0.0	34.21332514044778	0.021219681565803325	22.247214516386926	0.021621020526565844	0.767097601389935	0.00013469062523353644	0.005291718980000001	0.0007040459378021087	0.004695754440000002	0.00588768352	0.0011919290799999984
p01-s03-c0071-v210-adaptive-g1000-sb0010	p01-s03-c0071	c0071	sb0010	alpha-by-m	1000	10	10000	0.01	0.00999900999901	0.001	new-simulation	p01-s03-c0071-v210-adaptive-g1000-sb0010	100.0	0.0	34.14754808814351	0.030210508775965123	22.14688957987037	0.014563181979040048	0.7666796793910724	0.00019206716979506495	0.004728790779999997	0.00039858292943398006	0.004383985319999999	0.005073596239999995	0.0006896109199999965
p01-s03-c0071-v210-adaptive-g1000-sb0011	p01-s03-c0071	c0071	sb0011	alpha-by-m	1000	10	10000	0.01	0.00999900999901	0.001	new-simulation	p01-s03-c0071-v210-adaptive-g1000-sb0011	100.0	0.0	34.00934322714116	0.02767958665302334	22.048339143102815	0.03721465281866154	0.7657990520847293	0.00017671883548196527	0.005582957980000004	0.0010094019127130285	0.004667879720000001	0.006498036240000007	0.001830156520000006
p01-s03-c0071-v210-adaptive-g1000-sb0012	p01-s03-c0071	c0071	sb0012	alpha-by-m	1000	10	10000	0.01	0.00999900999901	0.001	new-simulation	p01-s03-c0071-v210-adaptive-g1000-sb0012	100.0	0.0	34.13818676084701	0.022766949428291116	22.173474140650868	0.012194829669016792	0.7666201776587416	0.00014482845622710756	0.004831528720000001	0.00026241447008144576	0.004744542039999997	0.0049185154000000045	0.00017397336000000724
p01-s03-c0072-v210-adaptive-g1000-sb0001	p01-s03-c0072	c0072	sb0001	alpha-by-m	1000	10	10000	0.01	0.00999900999901	0.01	new-simulation	p01-s03-c0072-v210-adaptive-g1000-sb0001	100.0	0.0	34.26277865608738	0.021372605658781095	22.264458890766015	0.013467931503415183	0.7674112489199116	0.00013544845856583332	0.003827013079999998	0.00023891927687792302	0.0037683623999999983	0.0038856637599999975	0.0001173013599999992
p01-s03-c0072-v210-adaptive-g1000-sb0002	p01-s03-c0072	c0072	sb0002	alpha-by-m	1000	10	10000	0.01	0.00999900999901	0.01	new-simulation	p01-s03-c0072-v210-adaptive-g1000-sb0002	100.0	0.0	34.18956701043389	0.046973180429323184	22.158548057111485	0.04180274547247799	0.7669465996271531	0.0002982370131316656	0.0034695636599999997	0.00030005985190826494	0.0032463393599999977	0.0036927879600000017	0.000446448600000004
p01-s03-c0072-v210-adaptive-g1000-sb0003	p01-s03-c0072	c0072	sb0003	alpha-by-m	1000	10	10000	0.01	0.00999900999901	0.01	new-simulation	p01-s03-c0072-v210-adaptive-g1000-sb0003	100.0	0.0	34.22269981309911	0.05244869304370729	22.216992817430633	0.03432388239304981	0.7671568839258976	0.00033287762942139736	0.003815950899999997	0.00021386594422982742	0.0036514943199999995	0.003980407479999995	0.00032891315999999515
p01-s03-c0072-v210-adaptive-g1000-sb0004	p01-s03-c0072	c0072	sb0004	alpha-by-m	1000	10	10000	0.01	0.00999900999901	0.01	new-simulation	p01-s03-c0072-v210-adaptive-g1000-sb0004	100.0	0.0	34.23963910943501	0.020694290288353883	22.231776340825913	0.01817836102660539	0.7672645503868438	0.0001312366028805522	0.003600113099999994	0.00023986712358059104	0.0034793316399999935	0.003720894559999993	0.00024156291999999965
p01-s03-c0072-v210-adaptive-g1000-sb0005	p01-s03-c0072	c0072	sb0005	alpha-by-m	1000	10	10000	0.01	0.00999900999901	0.01	new-simulation	p01-s03-c0072-v210-adaptive-g1000-sb0005	100.0	0.0	34.305925383965494	0.03004531841052254	22.256278803841465	0.015542311472936004	0.7676844877126452	0.00019020305401669214	0.004184829040000001	0.0004025771313074747	0.003828745599999998	0.0045409124800000035	0.0007121668800000053
p01-s03-c0072-v210-adaptive-g1000-sb0006	p01-s03-c0072	c0072	sb0006	alpha-by-m	1000	10	10000	0.01	0.00999900999901	0.01	new-simulation	p01-s03-c0072-v210-adaptive-g1000-sb0006	100.0	0.0	34.18514403839185	0.023395660922231918	22.188909528400515	0.015161810406576434	0.7669186572253858	0.00014861947708910982	0.0037391075600000045	0.00033885349620099784	0.003560686240000002	0.003917528880000007	0.0003568426400000048
p01-s03-c0072-v210-adaptive-g1000-sb0007	p01-s03-c0072	c0072	sb0007	alpha-by-m	1000	10	10000	0.01	0.00999900999901	0.01	new-simulation	p01-s03-c0072-v210-adaptive-g1000-sb0007	100.0	0.0	34.214257409389674	0.01413279074645971	22.18788421253469	0.008824124820723053	0.7671035410725037	8.969103798601721e-05	0.003880395159999993	0.0001601977876791075	0.003782960919999992	0.0039778293999999945	0.00019486848000000237
p01-s03-c0072-v210-adaptive-g1000-sb0008	p01-s03-c0072	c0072	sb0008	alpha-by-m	1000	10	10000	0.01	0.00999900999901	0.01	new-simulation	p01-s03-c0072-v210-adaptive-g1000-sb0008	100.0	0.0	34.25316920179282	0.037081321773150086	22.226350786550107	0.019361913776596136	0.7673502552321392	0.00023507810424250054	0.0038779551399999944	0.00047246005712894406	0.003479040239999995	0.004276870039999994	0.0007978297999999993
p01-s03-c0072-v210-adaptive-g1000-sb0009	p01-s03-c0072	c0072	sb0009	alpha-by-m	1000	10	10000	0.01	0.00999900999901	0.01	new-simulation	p01-s03-c0072-v210-adaptive-g1000-sb0009	100.0	0.0	34.215712336528576	0.02168741287497536	22.236438276177264	0.01937748328101226	0.7671127502452593	0.00013765196432428888	0.00395345718	0.00041906311367322134	0.00368695496	0.004219959399999999	0.0005330044399999988
p01-s03-c0072-v210-adaptive-g1000-sb0010	p01-s03-c0072	c0072	sb0010	alpha-by-m	1000	10	10000	0.01	0.00999900999901	0.01	new-simulation	p01-s03-c0072-v210-adaptive-g1000-sb0010	100.0	0.0	34.15794946993693	0.021716935437108825	22.156648534174614	0.013224489516495538	0.7667458528677409	0.0001380419598655004	0.0034865757199999984	0.00018706661800982347	0.0033531778400000024	0.003619973599999995	0.0002667957599999924
p01-s03-c0072-v210-adaptive-g1000-sb0011	p01-s03-c0072	c0072	sb0011	alpha-by-m	1000	10	10000	0.01	0.00999900999901	0.01	new-simulation	p01-s03-c0072-v210-adaptive-g1000-sb0011	100.0	0.0	34.07663818355874	0.013938887904736113	22.098981379633365	0.019842460888430027	0.7662283537312798	8.882215817541501e-05	0.0039778670600000045	0.0006311900044475254	0.0034224479200000023	0.004533286200000005	0.001110838280000003
p01-s03-c0072-v210-adaptive-g1000-sb0012	p01-s03-c0072	c0072	sb0012	alpha-by-m	1000	10	10000	0.01	0.00999900999901	0.01	new-simulation	p01-s03-c0072-v210-adaptive-g1000-sb0012	100.0	0.0	34.17913367762792	0.02463510405944274	22.183740398819285	0.012524002049139766	0.7668804700509222	0.00015652577699615806	0.00350660678	0.00023775946272945825	0.0034951021999999974	0.003518111360000002	2.3009160000004615e-05
p01-s03-c0073-v210-adaptive-g1000-sb0001-reused	p01-s03-c0073	c0073	sb0001	alpha-by-m	1000	10	10000	0.01	0.00999900999901	0.1	reused-passage-100	p01-s03-c0037-v210-m010-g100-sb0001	100.0	0.0	34.238691061814855	0.01731913121500615	22.2178766135768	0.012837998367884771	0.767258549440309	0.00010984405689874895	0.001221907520000001	0.0001338836583963895	0.0012799016399999993	0.0011639134000000027	-0.00011598823999999668
p01-s03-c0073-v210-adaptive-g1000-sb0002-reused	p01-s03-c0073	c0073	sb0002	alpha-by-m	1000	10	10000	0.01	0.00999900999901	0.1	reused-passage-100	p01-s03-c0037-v210-m010-g100-sb0002	100.0	0.0	34.198728095672294	0.0136368158215917	22.179836482218672	0.011020530291943912	0.7670049602152499	8.658135469593029e-05	0.0012831415400000018	0.00010006777040773746	0.0012903808799999998	0.001275902200000004	-1.4478679999995825e-05
p01-s03-c0073-v210-adaptive-g1000-sb0003-reused	p01-s03-c0073	c0073	sb0003	alpha-by-m	1000	10	10000	0.01	0.00999900999901	0.1	reused-passage-100	p01-s03-c0037-v210-m010-g100-sb0003	100.0	0.0	34.24312008121942	0.019962566599684754	22.218168998907966	0.014604095743948166	0.7672866282366299	0.00012658980718451422	0.001280684279999997	8.988900341521901e-05	0.0012795267199999943	0.0012818418399999996	2.315120000005288e-06
p01-s03-c0073-v210-adaptive-g1000-sb0004-reused	p01-s03-c0073	c0073	sb0004	alpha-by-m	1000	10	10000	0.01	0.00999900999901	0.1	reused-passage-100	p01-s03-c0037-v210-m010-g100-sb0004	100.0	0.0	34.223183712338546	0.008033470078764284	22.205291413760452	0.009249460475054164	0.76716019844033	5.0971380656522345e-05	0.0012660728399999965	0.00013604474227814112	0.0012326249199999932	0.0012995207600000002	6.689584000000703e-05
p01-s03-c0073-v210-adaptive-g1000-sb0005-reused	p01-s03-c0073	c0073	sb0005	alpha-by-m	1000	10	10000	0.01	0.00999900999901	0.1	reused-passage-100	p01-s03-c0037-v210-m010-g100-sb0005	100.0	0.0	34.23723590177379	0.0178929988846621	22.213860844455038	0.009223614370468682	0.7672493185518219	0.00011348446611585438	0.0013317485200000023	0.00014193170085862377	0.0013294544799999997	0.0013340425600000046	4.588080000004916e-06
p01-s03-c0073-v210-adaptive-g1000-sb0006-reused	p01-s03-c0073	c0073	sb0006	alpha-by-m	1000	10	10000	0.01	0.00999900999901	0.1	reused-passage-100	p01-s03-c0037-v210-m010-g100-sb0006	100.0	0.0	34.21800584639731	0.017682736187084314	22.198059122296044	0.01051464066035032	0.7671273196754385	0.00011220162555857299	0.0012337830000000026	0.0001512751903347573	0.0012141817999999996	0.0012533842000000057	3.920240000000611e-05
p01-s03-c0073-v210-adaptive-g1000-sb0007-reused	p01-s03-c0073	c0073	sb0007	alpha-by-m	1000	10	10000	0.01	0.00999900999901	0.1	reused-passage-100	p01-s03-c0037-v210-m010-g100-sb0007	100.0	0.0	34.20753948619554	0.015300300081207786	22.193300079390575	0.01165119966887852	0.7670608971853216	9.712645419622733e-05	0.0012905468599999958	0.0001507486187065027	0.0013797997999999952	0.0012012939199999967	-0.00017850587999999846
p01-s03-c0073-v210-adaptive-g1000-sb0008-reused	p01-s03-c0073	c0073	sb0008	alpha-by-m	1000	10	10000	0.01	0.00999900999901	0.1	reused-passage-100	p01-s03-c0037-v210-m010-g100-sb0008	100.0	0.0	34.2383821484026	0.0216318822619439	22.2097371030507	0.01607610850212818	0.767256575007273	0.00013719222099420678	0.0013723258799999958	0.00015831483767488654	0.0012613120399999963	0.0014833397199999951	0.00022202767999999888
p01-s03-c0073-v210-adaptive-g1000-sb0009-reused	p01-s03-c0073	c0073	sb0009	alpha-by-m	1000	10	10000	0.01	0.00999900999901	0.1	reused-passage-100	p01-s03-c0037-v210-m010-g100-sb0009	100.0	0.0	34.23358832526078	0.014429265195461219	22.215074088160492	0.011739162017915798	0.7672261929821373	9.15266740553465e-05	0.001235373479999998	0.00016521716576085486	0.0011924439199999975	0.0012783030399999985	8.585912000000102e-05
p01-s03-c0073-v210-adaptive-g1000-sb0010-reused	p01-s03-c0073	c0073	sb0010	alpha-by-m	1000	10	10000	0.01	0.00999900999901	0.1	reused-passage-100	p01-s03-c0037-v210-m010-g100-sb0010	100.0	0.0	34.20481010798026	0.014675124135968975	22.19555837540733	0.012437783811282183	0.7670435722829317	9.315193274251298e-05	0.0011774159200000007	0.00011023587996781657	0.001156251280000001	0.0011985805600000002	4.2329279999999336e-05
p01-s03-c0073-v210-adaptive-g1000-sb0011-reused	p01-s03-c0073	c0073	sb0011	alpha-by-m	1000	10	10000	0.01	0.00999900999901	0.1	reused-passage-100	p01-s03-c0037-v210-m010-g100-sb0011	100.0	0.0	34.20882863312687	0.014994833060386528	22.190564730266306	0.009948873207055973	0.7670690812952072	9.51838299040963e-05	0.0013534161000000042	0.00010743952010303011	0.0013150099200000024	0.001391822280000006	7.681236000000365e-05
p01-s03-c0073-v210-adaptive-g1000-sb0012-reused	p01-s03-c0073	c0073	sb0012	alpha-by-m	1000	10	10000	0.01	0.00999900999901	0.1	reused-passage-100	p01-s03-c0037-v210-m010-g100-sb0012	100.0	0.0	34.22417938771421	0.017231528416006944	22.202468249917775	0.012424105032915694	0.767166494829363	0.00010933779926383204	0.0012650171599999983	0.00017386347875852283	0.0011762609999999938	0.0013537733200000026	0.0001775123200000088
p01-s03-c0074-v210-adaptive-g1000-sb0001	p01-s03-c0074	c0074	sb0001	alpha-by-m	1000	10	10000	0.01	0.00999900999901	0.5	new-simulation	p01-s03-c0074-v210-adaptive-g1000-sb0001	100.0	0.0	34.22809639729828	0.005932930677803712	22.206266055488346	0.004083561875521604	0.7671913700187106	3.7641015680514776e-05	0.00035734208000000165	4.208143465382518e-05	0.0003642843200000007	0.00035039984000000254	-1.3884479999998168e-05
p01-s03-c0074-v210-adaptive-g1000-sb0002	p01-s03-c0074	c0074	sb0002	alpha-by-m	1000	10	10000	0.01	0.00999900999901	0.5	new-simulation	p01-s03-c0074-v210-adaptive-g1000-sb0002	100.0	0.0	34.224175845044854	0.00469056559404954	22.202584946315874	0.0031319607603448297	0.7671664973282821	2.9760858459191784e-05	0.0003623105000000031	3.66663011570681e-05	0.00036397220000000327	0.00036064880000000307	-3.3234000000001993e-06
p01-s03-c0074-v210-adaptive-g1000-sb0003	p01-s03-c0074	c0074	sb0003	alpha-by-m	1000	10	10000	0.01	0.00999900999901	0.5	new-simulation	p01-s03-c0074-v210-adaptive-g1000-sb0003	100.0	0.0	34.230137137845546	0.0051771529155787204	22.20801679055095	0.004268898089125802	0.7672043171039731	3.2844348521312266e-05	0.0003603007799999987	3.0578974049664823e-05	0.0003622829599999991	0.00035831859999999825	-3.964360000000857e-06
p01-s03-c0074-v210-adaptive-g1000-sb0004	p01-s03-c0074	c0074	sb0004	alpha-by-m	1000	10	10000	0.01	0.00999900999901	0.5	new-simulation	p01-s03-c0074-v210-adaptive-g1000-sb0004	100.0	0.0	34.22721344529427	0.004174706055789608	22.205866389664507	0.0034765669014398854	0.7671857700048341	2.648521827354145e-05	0.0003684916799999998	3.77982547402098e-05	0.00036025307999999827	0.00037673028000000135	1.647720000000309e-05
p01-s03-c0074-v210-adaptive-g1000-sb0005	p01-s03-c0074	c0074	sb0005	alpha-by-m	1000	10	10000	0.01	0.00999900999901	0.5	new-simulation	p01-s03-c0074-v210-adaptive-g1000-sb0005	100.0	0.0	34.229485569292265	0.0053705349325267205	22.207284719422827	0.0035759532778306545	0.7672001834951822	3.406934755945166e-05	0.00036323071999999905	3.25541679208994e-05	0.0003579549999999957	0.00036850644000000247	1.0551440000006781e-05
p01-s03-c0074-v210-adaptive-g1000-sb0006	p01-s03-c0074	c0074	sb0006	alpha-by-m	1000	10	10000	0.01	0.00999900999901	0.5	new-simulation	p01-s03-c0074-v210-adaptive-g1000-sb0006	100.0	0.0	34.22691898540077	0.004778685458898909	22.204993109603283	0.0032127246092431487	0.7671839013677338	3.031745392186139e-05	0.0003462536200000022	4.0783578320297574e-05	0.0003437978799999989	0.00034870936000000555	4.9114800000066685e-06
p01-s03-c0074-v210-adaptive-g1000-sb0007	p01-s03-c0074	c0074	sb0007	alpha-by-m	1000	10	10000	0.01	0.00999900999901	0.5	new-simulation	p01-s03-c0074-v210-adaptive-g1000-sb0007	100.0	0.0	34.22552898632473	0.005278529791084896	22.20430626870227	0.003876740134917119	0.7671750821039539	3.34896553594508e-05	0.00036684274000000033	4.1067803012055605e-05	0.0003669797200000021	0.00036670575999999853	-2.7396000000355246e-07
p01-s03-c0074-v210-adaptive-g1000-sb0008	p01-s03-c0074	c0074	sb0008	alpha-by-m	1000	10	10000	0.01	0.00999900999901	0.5	new-simulation	p01-s03-c0074-v210-adaptive-g1000-sb0008	100.0	0.0	34.22892017503163	0.005626565093612492	22.20625762388037	0.004273843119159995	0.7671965964247698	3.569464417946945e-05	0.0003593979999999976	4.0521596811112466e-05	0.0003504647999999965	0.00036833119999999856	1.7866400000002042e-05
p01-s03-c0074-v210-adaptive-g1000-sb0009	p01-s03-c0074	c0074	sb0009	alpha-by-m	1000	10	10000	0.01	0.00999900999901	0.5	new-simulation	p01-s03-c0074-v210-adaptive-g1000-sb0009	100.0	0.0	34.22914012053509	0.004811186982263793	22.20714960824315	0.004097531856860801	0.7671979925209494	3.0521046295236024e-05	0.0003691053199999999	2.7909432264451745e-05	0.00036845327999999913	0.0003697573600000007	1.3040800000015638e-06
p01-s03-c0074-v210-adaptive-g1000-sb0010	p01-s03-c0074	c0074	sb0010	alpha-by-m	1000	10	10000	0.01	0.00999900999901	0.5	new-simulation	p01-s03-c0074-v210-adaptive-g1000-sb0010	100.0	0.0	34.22596265279336	0.005095652059925047	22.205142381688855	0.0040654556116199204	0.7671778336986251	3.232820885721307e-05	0.0003544275399999998	2.9816222840218185e-05	0.0003493464800000016	0.00035950859999999806	1.016211999999646e-05
p01-s03-c0074-v210-adaptive-g1000-sb0011	p01-s03-c0074	c0074	sb0011	alpha-by-m	1000	10	10000	0.01	0.00999900999901	0.5	new-simulation	p01-s03-c0074-v210-adaptive-g1000-sb0011	100.0	0.0	34.22665887409275	0.005071709229940553	22.20421230273821	0.0032649155562659597	0.7671822508643177	3.21782467554887e-05	0.0003744758000000021	3.528746468243737e-05	0.00037595076000000065	0.0003730008400000035	-2.949919999997166e-06
p01-s03-c0074-v210-adaptive-g1000-sb0012	p01-s03-c0074	c0074	sb0012	alpha-by-m	1000	10	10000	0.01	0.00999900999901	0.5	new-simulation	p01-s03-c0074-v210-adaptive-g1000-sb0012	100.0	0.0	34.22802501529757	0.005679447130781373	22.205752139882602	0.004513301608611568	0.7671909174296695	3.603050654249456e-05	0.00036724594000000235	3.5992579232567066e-05	0.0003569542000000004	0.0003775376800000044	2.0583480000004007e-05
p01-s03-c0075-v210-adaptive-g1000-sb0001	p01-s03-c0075	c0075	sb0001	alpha-by-m	1000	10	10000	0.01	0.00999900999901	0.9	new-simulation	p01-s03-c0075-v210-adaptive-g1000-sb0001	100.0	0.0	34.22780309947755	0.001477579020334833	22.20591738006467	0.0011630501995493123	0.7671895122921671	9.374106429013332e-06	0.00010813847999999853	1.0331475300622443e-05	0.00010817487999999608	0.00010810208000000097	-7.279999999510454e-08
p01-s03-c0075-v210-adaptive-g1000-sb0002	p01-s03-c0075	c0075	sb0002	alpha-by-m	1000	10	10000	0.01	0.00999900999901	0.9	new-simulation	p01-s03-c0075-v210-adaptive-g1000-sb0002	100.0	0.0	34.22777292340181	0.0015187465211284094	22.20569647966334	0.0010569982784900118	0.7671893208385154	9.635230247179053e-06	0.00011343418000000195	1.0080537843380747e-05	0.00011602008000000207	0.00011084828000000182	-5.171800000000254e-06
p01-s03-c0075-v210-adaptive-g1000-sb0003	p01-s03-c0075	c0075	sb0003	alpha-by-m	1000	10	10000	0.01	0.00999900999901	0.9	new-simulation	p01-s03-c0075-v210-adaptive-g1000-sb0003	100.0	0.0	34.22822069709767	0.0014005490188450168	22.20627845812671	0.0011981775252720146	0.7671921616093623	8.885209359248703e-06	0.00010910098000000097	1.164513981390259e-05	0.0001098821600000008	0.00010831980000000113	-1.562359999999669e-06
p01-s03-c0075-v210-adaptive-g1000-sb0004	p01-s03-c0075	c0075	sb0004	alpha-by-m	1000	10	10000	0.01	0.00999900999901	0.9	new-simulation	p01-s03-c0075-v210-adaptive-g1000-sb0004	100.0	0.0	34.227853714350154	0.0016397766685882689	22.206048327888755	0.0012200577664781202	0.7671898333557204	1.040302717668744e-05	0.00011021265999999977	9.535121652232456e-06	0.00010949679999999764	0.00011092852000000191	1.4317200000042723e-06
p01-s03-c0075-v210-adaptive-g1000-sb0005	p01-s03-c0075	c0075	sb0005	alpha-by-m	1000	10	10000	0.01	0.00999900999901	0.9	new-simulation	p01-s03-c0075-v210-adaptive-g1000-sb0005	100.0	0.0	34.22814553845361	0.001462405732911892	22.20612519508414	0.0009403198163036807	0.76719168477883	9.27769734290276e-06	0.00010742515999999983	1.1273878682392873e-05	0.00010857903999999841	0.00010627128000000127	-2.307759999997143e-06
p01-s03-c0075-v210-adaptive-g1000-sb0006	p01-s03-c0075	c0075	sb0006	alpha-by-m	1000	10	10000	0.01	0.00999900999901	0.9	new-simulation	p01-s03-c0075-v210-adaptive-g1000-sb0006	100.0	0.0	34.2278741556412	0.001497868052358688	22.205817620030462	0.00103911106459832	0.7671899630791009	9.502627312403842e-06	0.00010368247999999915	1.1176025726087809e-05	0.00010365467999999745	0.00010371028000000084	5.5600000003388074e-08
p01-s03-c0075-v210-adaptive-g1000-sb0007	p01-s03-c0075	c0075	sb0007	alpha-by-m	1000	10	10000	0.01	0.00999900999901	0.9	new-simulation	p01-s03-c0075-v210-adaptive-g1000-sb0007	100.0	0.0	34.22764489317228	0.0018434748915237542	22.205741976256657	0.0013748002182754392	0.7671885084906838	1.1695317100904343e-05	0.00011046401999999914	9.835646092699472e-06	0.00011152483999999956	0.00010940319999999871	-2.1216400000008466e-06
p01-s03-c0075-v210-adaptive-g1000-sb0008	p01-s03-c0075	c0075	sb0008	alpha-by-m	1000	10	10000	0.01	0.00999900999901	0.9	new-simulation	p01-s03-c0075-v210-adaptive-g1000-sb0008	100.0	0.0	34.227862669558405	0.0016061910152596912	22.205857010282926	0.001221851015202709	0.767189890178955	1.0190004960677523e-05	0.00010675893999999985	9.360871613460115e-06	0.00010721800000000002	0.00010629987999999968	-9.181200000003408e-07
p01-s03-c0075-v210-adaptive-g1000-sb0009	p01-s03-c0075	c0075	sb0009	alpha-by-m	1000	10	10000	0.01	0.00999900999901	0.9	new-simulation	p01-s03-c0075-v210-adaptive-g1000-sb0009	100.0	0.0	34.22829403911663	0.0015833982287388794	22.206279339052454	0.001193440373196876	0.7671926268483837	1.004523844181865e-05	0.00010712280000000001	9.905616432001686e-06	0.00010732891999999886	0.00010691668000000116	-4.122399999976947e-07
p01-s03-c0075-v210-adaptive-g1000-sb0010	p01-s03-c0075	c0075	sb0010	alpha-by-m	1000	10	10000	0.01	0.00999900999901	0.9	new-simulation	p01-s03-c0075-v210-adaptive-g1000-sb0010	100.0	0.0	34.2278229638018	0.0014071135573277406	22.205896259070563	0.0011115282567453998	0.7671896383333832	8.926983499088399e-06	0.0001069054599999999	1.1376563654283496e-05	0.00010493519999999902	0.00010887572000000079	3.940520000001764e-06
p01-s03-c0075-v210-adaptive-g1000-sb0011	p01-s03-c0075	c0075	sb0011	alpha-by-m	1000	10	10000	0.01	0.00999900999901	0.9	new-simulation	p01-s03-c0075-v210-adaptive-g1000-sb0011	100.0	0.0	34.22781275763088	0.0016696753536503627	22.205957062226116	0.0012420386273155992	0.76718957351028	1.0592902110183837e-05	0.00010669264000000086	1.1769619879700293e-05	0.00010806960000000114	0.00010531568000000057	-2.7539200000005715e-06
p01-s03-c0075-v210-adaptive-g1000-sb0012	p01-s03-c0075	c0075	sb0012	alpha-by-m	1000	10	10000	0.01	0.00999900999901	0.9	new-simulation	p01-s03-c0075-v210-adaptive-g1000-sb0012	100.0	0.0	34.22819539174313	0.0013297762632707058	22.206082850626117	0.0010837716204922544	0.7671920010871635	8.436189215824438e-06	0.0001091240400000009	1.1148967897616289e-05	0.00010675367999999831	0.00011149440000000351	4.740720000005199e-06
p01-s03-c0076-v210-adaptive-g1000-sb0001	p01-s03-c0076	c0076	sb0001	alpha-by-m	1000	10	10000	0.01	0.00999900999901	0.99	new-simulation	p01-s03-c0076-v210-adaptive-g1000-sb0001	100.0	0.0	34.22775837764927	0.001343348300177207	22.205862213224073	0.0010596936098924265	0.7671892286031791	8.52248392300128e-06	9.092980000000032e-05	7.220408301530906e-06	9.018903999999991e-05	9.167056000000073e-05	1.4815200000008172e-06
p01-s03-c0076-v210-adaptive-g1000-sb0002	p01-s03-c0076	c0076	sb0002	alpha-by-m	1000	10	10000	0.01	0.00999900999901	0.99	new-simulation	p01-s03-c0076-v210-adaptive-g1000-sb0002	100.0	0.0	34.22809183396536	0.0013286922819425349	22.205999653150016	0.0009236086768584537	0.7671913441050876	8.429395446335381e-06	9.492700000000165e-05	8.939761890177245e-06	9.68313200000006e-05	9.302268000000271e-05	-3.8086399999978914e-06
p01-s03-c0076-v210-adaptive-g1000-sb0003	p01-s03-c0076	c0076	sb0003	alpha-by-m	1000	10	10000	0.01	0.00999900999901	0.99	new-simulation	p01-s03-c0076-v210-adaptive-g1000-sb0003	100.0	0.0	34.22798505292177	0.0012512737880089884	22.206108084053803	0.0010010432327502814	0.7671906666900447	7.938275695035975e-06	8.980694000000078e-05	8.508866507427765e-06	8.975855999999996e-05	8.985532000000161e-05	9.676000000164602e-08
p01-s03-c0076-v210-adaptive-g1000-sb0004	p01-s03-c0076	c0076	sb0004	alpha-by-m	1000	10	10000	0.01	0.00999900999901	0.99	new-simulation	p01-s03-c0076-v210-adaptive-g1000-sb0004	100.0	0.0	34.2279749832726	0.0013251988859452992	22.206083937215524	0.0009779296312663365	0.7671906027894413	8.407214109499166e-06	8.95248800000012e-05	7.449033449531545e-06	8.952483999999776e-05	8.952492000000468e-05	8.000000691738528e-11
p01-s03-c0076-v210-adaptive-g1000-sb0005	p01-s03-c0076	c0076	sb0005	alpha-by-m	1000	10	10000	0.01	0.00999900999901	0.99	new-simulation	p01-s03-c0076-v210-adaptive-g1000-sb0005	100.0	0.0	34.22794581050916	0.0011748417353075061	22.205974737568784	0.0007377162779982202	0.7671904177472558	7.453362757068103e-06	8.931340000000083e-05	7.550013842399352e-06	8.996327999999933e-05	8.866352000000233e-05	-1.2997599999970061e-06
p01-s03-c0076-v210-adaptive-g1000-sb0006	p01-s03-c0076	c0076	sb0006	alpha-by-m	1000	10	10000	0.01	0.00999900999901	0.99	new-simulation	p01-s03-c0076-v210-adaptive-g1000-sb0006	100.0	0.0	34.228020514559184	0.0012918011015701323	22.205949451403384	0.0009004269367161687	0.7671908916542778	8.195321700737184e-06	8.900887999999667e-05	9.964151043925285e-06	8.892711999999789e-05	8.909063999999548e-05	1.6351999999758842e-07
p01-s03-c0076-v210-adaptive-g1000-sb0007	p01-s03-c0076	c0076	sb0007	alpha-by-m	1000	10	10000	0.01	0.00999900999901	0.99	new-simulation	p01-s03-c0076-v210-adaptive-g1000-sb0007	100.0	0.0	34.22785209769248	0.0014526068299935769	22.205865662980926	0.00113879745612662	0.7671898231519431	9.215507553028915e-06	9.19632200000012e-05	8.517632202576426e-06	9.400263999999938e-05	8.9923800000003e-05	-4.078839999996383e-06
p01-s03-c0076-v210-adaptive-g1000-sb0008	p01-s03-c0076	c0076	sb0008	alpha-by-m	1000	10	10000	0.01	0.00999900999901	0.99	new-simulation	p01-s03-c0076-v210-adaptive-g1000-sb0008	100.0	0.0	34.22773564132487	0.00135416961248072	22.205823599748506	0.0009476081329289389	0.7671890843570249	8.591151175297923e-06	9.029617999999952e-05	7.958226809192113e-06	9.106232000000047e-05	8.953003999999857e-05	-1.5322800000019016e-06
p01-s03-c0076-v210-adaptive-g1000-sb0009	p01-s03-c0076	c0076	sb0009	alpha-by-m	1000	10	10000	0.01	0.00999900999901	0.99	new-simulation	p01-s03-c0076-v210-adaptive-g1000-sb0009	100.0	0.0	34.228068124711974	0.0011721501400978537	22.206096653721325	0.0008614148269478471	0.7671911937261595	7.436276674705766e-06	8.841607999999997e-05	9.364047177609374e-06	9.104827999999922e-05	8.57838800000007e-05	-5.264399999998519e-06
p01-s03-c0076-v210-adaptive-g1000-sb0010	p01-s03-c0076	c0076	sb0010	alpha-by-m	1000	10	10000	0.01	0.00999900999901	0.99	new-simulation	p01-s03-c0076-v210-adaptive-g1000-sb0010	100.0	0.0	34.22798452112951	0.0013549510318742529	22.205933591383356	0.001008659881747952	0.7671906632917375	8.596034514362441e-06	8.994426000000048e-05	9.569776385782176e-06	8.904287999999932e-05	9.084564000000166e-05	1.8027600000023375e-06
p01-s03-c0076-v210-adaptive-g1000-sb0011	p01-s03-c0076	c0076	sb0011	alpha-by-m	1000	10	10000	0.01	0.00999900999901	0.99	new-simulation	p01-s03-c0076-v210-adaptive-g1000-sb0011	100.0	0.0	34.22794692277394	0.0014270482445680854	22.20614625966083	0.001072083063019858	0.7671904247440295	9.053509821001679e-06	8.973350000000001e-05	9.931406183704512e-06	8.903272000000152e-05	9.04342799999985e-05	1.4015599999969719e-06
p01-s03-c0076-v210-adaptive-g1000-sb0012	p01-s03-c0076	c0076	sb0012	alpha-by-m	1000	10	10000	0.01	0.00999900999901	0.99	new-simulation	p01-s03-c0076-v210-adaptive-g1000-sb0012	100.0	0.0	34.22818304164085	0.0010567303983702989	22.20609515811784	0.000807565754060426	0.7671919227959927	6.703981663910365e-06	9.056510000000063e-05	9.054844506153274e-06	9.009968000000038e-05	9.103052000000089e-05	9.308400000005123e-07
p01-s03-c0077-v210-adaptive-g1000-sb0001	p01-s03-c0077	c0077	sb0001	alpha-by-m	1000	10	10000	0.1	0.0999990999991	0.0	new-simulation	p01-s03-c0077-v210-adaptive-g1000-sb0001	100.0	0.0	33.395355301136526	0.19790920668272086	22.32386178036412	0.16598624067860787	0.7618392987516321	0.0012864972925727281	0.049637574239999996	0.005828992809559855	0.04488257003999999	0.05439257844	0.009510008400000006
p01-s03-c0077-v210-adaptive-g1000-sb0002	p01-s03-c0077	c0077	sb0002	alpha-by-m	1000	10	10000	0.1	0.0999990999991	0.0	new-simulation	p01-s03-c0077-v210-adaptive-g1000-sb0002	100.0	0.0	33.1013306722076	0.5335502350847823	21.71223421187278	0.35506248434026766	0.7598951225120252	0.003496290216947288	0.0456689346	0.0035045260963433886	0.042689215120000006	0.04864865408	0.005959438959999994
p01-s03-c0077-v210-adaptive-g1000-sb0003	p01-s03-c0077	c0077	sb0003	alpha-by-m	1000	10	10000	0.1	0.0999990999991	0.0	new-simulation	p01-s03-c0077-v210-adaptive-g1000-sb0003	100.0	0.0	32.956102642212784	0.33871982205288464	21.566003819124294	0.31681235666445046	0.7589566822530522	0.0022320145949312068	0.052765981899999995	0.0054851238904292735	0.04800517159999999	0.05752679219999999	0.009521620599999996
p01-s03-c0077-v210-adaptive-g1000-sb0004	p01-s03-c0077	c0077	sb0004	alpha-by-m	1000	10	10000	0.1	0.0999990999991	0.0	new-simulation	p01-s03-c0077-v210-adaptive-g1000-sb0004	100.0	0.0	34.13686189650583	0.11823466447629018	22.601919350118692	0.09939199004958957	0.7666105213055494	0.000752040117863876	0.04531520489999999	0.00745187233999731	0.03959033991999999	0.05104006987999999	0.011449729960000002
p01-s03-c0077-v210-adaptive-g1000-sb0005	p01-s03-c0077	c0077	sb0005	alpha-by-m	1000	10	10000	0.1	0.0999990999991	0.0	new-simulation	p01-s03-c0077-v210-adaptive-g1000-sb0005	100.0	0.0	34.727398445742395	0.31618601800795665	22.856770239359363	0.15189499493876357	0.7703272831692037	0.0019806729922298995	0.0524975169	0.0027090975886837564	0.05013646491999999	0.05485856888	0.004722103960000008
p01-s03-c0077-v210-adaptive-g1000-sb0006	p01-s03-c0077	c0077	sb0006	alpha-by-m	1000	10	10000	0.1	0.0999990999991	0.0	new-simulation	p01-s03-c0077-v210-adaptive-g1000-sb0006	100.0	0.0	33.04561988502353	0.4172988329436386	21.934999011117633	0.1135898344720656	0.7595400844011939	0.002729963619758469	0.048683290020000006	0.005687327924940012	0.04399481432	0.05337176572	0.0093769514
p01-s03-c0077-v210-adaptive-g1000-sb0007	p01-s03-c0077	c0077	sb0007	alpha-by-m	1000	10	10000	0.1	0.0999990999991	0.0	new-simulation	p01-s03-c0077-v210-adaptive-g1000-sb0007	100.0	0.0	34.25565603426944	0.20422206892049324	22.024653396415914	0.1330453201311809	0.7673623726470292	0.001292053928201367	0.050458273799999995	0.005238611973849047	0.046835012599999996	0.054081535	0.007246522400000004
p01-s03-c0077-v210-adaptive-g1000-sb0008	p01-s03-c0077	c0077	sb0008	alpha-by-m	1000	10	10000	0.1	0.0999990999991	0.0	new-simulation	p01-s03-c0077-v210-adaptive-g1000-sb0008	100.0	0.0	33.52960717524447	0.34600664870927716	22.211424521799035	0.12494146844348696	0.762702902484214	0.0022407476493621083	0.050012808719999996	0.006711529969895028	0.04473034008	0.05529527735999999	0.010564937279999992
p01-s03-c0077-v210-adaptive-g1000-sb0009	p01-s03-c0077	c0077	sb0009	alpha-by-m	1000	10	10000	0.1	0.0999990999991	0.0	new-simulation	p01-s03-c0077-v210-adaptive-g1000-sb0009	100.0	0.0	34.65459200258334	0.1468807006966319	23.044938487991306	0.14683922667417443	0.7698784803001922	0.0009215708183781582	0.05905827922	0.007704634795012757	0.052553620800000006	0.06556293764	0.013009316839999993
p01-s03-c0077-v210-adaptive-g1000-sb0010	p01-s03-c0077	c0077	sb0010	alpha-by-m	1000	10	10000	0.1	0.0999990999991	0.0	new-simulation	p01-s03-c0077-v210-adaptive-g1000-sb0010	100.0	0.0	33.57745311009734	0.18992753159552067	21.57519343999145	0.13315850176015154	0.7630204674610853	0.001229320089402703	0.051623991120000004	0.0038450176196750683	0.04843972388	0.05480825836	0.00636853448
p01-s03-c0077-v210-adaptive-g1000-sb0011	p01-s03-c0077	c0077	sb0011	alpha-by-m	1000	10	10000	0.1	0.0999990999991	0.0	new-simulation	p01-s03-c0077-v210-adaptive-g1000-sb0011	100.0	0.0	32.00565355446984	0.3760144538790284	20.650229568550948	0.25163117695989107	0.7525987083652094	0.002545329792383559	0.0535970589	0.006318690184566405	0.04843163576	0.05876248204	0.01033084628
p01-s03-c0077-v210-adaptive-g1000-sb0012	p01-s03-c0077	c0077	sb0012	alpha-by-m	1000	10	10000	0.1	0.0999990999991	0.0	new-simulation	p01-s03-c0077-v210-adaptive-g1000-sb0012	100.0	0.0	33.009910835204074	0.2194800222873028	21.89761626307172	0.1409275536539107	0.7593174661418067	0.0014450974079503547	0.049100297900000006	0.0027525700462678266	0.04744552448	0.050755071320000004	0.0033095468400000036
p01-s03-c0078-v210-adaptive-g1000-sb0001	p01-s03-c0078	c0078	sb0001	alpha-by-m	1000	10	10000	0.1	0.0999990999991	0.001	new-simulation	p01-s03-c0078-v210-adaptive-g1000-sb0001	100.0	0.0	33.74065720566521	0.17976254678734221	22.549104497606116	0.1688549853125556	0.7640737511286136	0.0011561740953047607	0.048359044940000005	0.004454232217855223	0.04532912792	0.05138896196	0.006059834040000003
p01-s03-c0078-v210-adaptive-g1000-sb0002	p01-s03-c0078	c0078	sb0002	alpha-by-m	1000	10	10000	0.1	0.0999990999991	0.001	new-simulation	p01-s03-c0078-v210-adaptive-g1000-sb0002	100.0	0.0	33.19338370706963	0.6238760763428637	21.719503794152914	0.3929021501125133	0.7604881831296758	0.004080711236317674	0.0419577254	0.0026521699783568775	0.03985989744	0.04405555336	0.004195655919999999
p01-s03-c0078-v210-adaptive-g1000-sb0003	p01-s03-c0078	c0078	sb0003	alpha-by-m	1000	10	10000	0.1	0.0999990999991	0.001	new-simulation	p01-s03-c0078-v210-adaptive-g1000-sb0003	100.0	0.0	33.27813519354809	0.4278371655497161	21.841761538059007	0.2980049561800131	0.7610619347290224	0.002788080410531076	0.04704491849999999	0.005217883946539988	0.043214673919999995	0.050875163079999994	0.007660489159999999
p01-s03-c0078-v210-adaptive-g1000-sb0004	p01-s03-c0078	c0078	sb0004	alpha-by-m	1000	10	10000	0.1	0.0999990999991	0.001	new-simulation	p01-s03-c0078-v210-adaptive-g1000-sb0004	100.0	0.0	34.54364588775307	0.10485148472889445	22.748034132293	0.09549485011407734	0.7691831072598209	0.0006585738640890379	0.04341101113999999	0.004910796718278771	0.03992570447999999	0.04689631779999999	0.006970613319999999
p01-s03-c0078-v210-adaptive-g1000-sb0005	p01-s03-c0078	c0078	sb0005	alpha-by-m	1000	10	10000	0.1	0.0999990999991	0.001	new-simulation	p01-s03-c0078-v210-adaptive-g1000-sb0005	100.0	0.0	34.4723061773145	0.18669970755241197	22.848150337395985	0.11383003723167848	0.7687320446491215	0.0011770567697192138	0.04945318146	0.003759746946175454	0.04668463096	0.05222173196	0.005537100999999996
p01-s03-c0078-v210-adaptive-g1000-sb0006	p01-s03-c0078	c0078	sb0006	alpha-by-m	1000	10	10000	0.1	0.0999990999991	0.001	new-simulation	p01-s03-c0078-v210-adaptive-g1000-sb0006	100.0	0.0	33.415039562566534	0.28723187386932325	22.116218718549984	0.10627167916839425	0.7619631822012906	0.0018568939409011932	0.04745976799999999	0.0052110899285572705	0.04288007771999999	0.05203945828	0.009159380560000006
p01-s03-c0078-v210-adaptive-g1000-sb0007	p01-s03-c0078	c0078	sb0007	alpha-by-m	1000	10	10000	0.1	0.0999990999991	0.001	new-simulation	p01-s03-c0078-v210-adaptive-g1000-sb0007	100.0	0.0	34.57691292077112	0.1375750469573288	22.17378256164953	0.09475840308687308	0.7693914231404722	0.0008641859583154263	0.0504510211	0.00458439978072681	0.046904315360000004	0.053997726839999996	0.007093411479999992
p01-s03-c0078-v210-adaptive-g1000-sb0008	p01-s03-c0078	c0078	sb0008	alpha-by-m	1000	10	10000	0.1	0.0999990999991	0.001	new-simulation	p01-s03-c0078-v210-adaptive-g1000-sb0008	100.0	0.0	33.71935278257793	0.25446916412216974	22.24768242664751	0.14062700304280146	0.7639335708347597	0.0016355722823776049	0.049528646059999994	0.007088524501558947	0.04375267019999999	0.05530462191999999	0.011551951720000002
p01-s03-c0078-v210-adaptive-g1000-sb0009	p01-s03-c0078	c0078	sb0009	alpha-by-m	1000	10	10000	0.1	0.0999990999991	0.001	new-simulation	p01-s03-c0078-v210-adaptive-g1000-sb0009	100.0	0.0	34.706110470384694	0.16999108477290303	22.94809628066292	0.15142837309951943	0.7702004180112819	0.001064138548237525	0.05541842652000001	0.0036201798082917823	0.05290469852	0.05793215452	0.005027456
p01-s03-c0078-v210-adaptive-g1000-sb0010	p01-s03-c0078	c0078	sb0010	alpha-by-m	1000	10	10000	0.1	0.0999990999991	0.001	new-simulation	p01-s03-c0078-v210-adaptive-g1000-sb0010	100.0	0.0	32.815755364629766	0.33899581093903075	21.335510708049146	0.1867161495425031	0.758029838354206	0.0022446485231390674	0.053606809740000004	0.00402130910810099	0.05082177844	0.05639184104	0.005570062600000002
p01-s03-c0078-v210-adaptive-g1000-sb0011	p01-s03-c0078	c0078	sb0011	alpha-by-m	1000	10	10000	0.1	0.0999990999991	0.001	new-simulation	p01-s03-c0078-v210-adaptive-g1000-sb0011	100.0	0.0	30.932617452747742	0.5582754669697415	20.19518569528465	0.38944601712138827	0.7451738734183431	0.003902417651982454	0.05392022378	0.0067781765131314274	0.04834460399999999	0.05949584356	0.011151239560000005
p01-s03-c0078-v210-adaptive-g1000-sb0012	p01-s03-c0078	c0078	sb0012	alpha-by-m	1000	10	10000	0.1	0.0999990999991	0.001	new-simulation	p01-s03-c0078-v210-adaptive-g1000-sb0012	100.0	0.0	33.670444515987356	0.16788092472830854	22.009214248711423	0.1101718172334804	0.7636217772222459	0.0010834895029183025	0.04792815130000001	0.004572173262241618	0.044197251320000006	0.05165905128000001	0.007461799960000001
p01-s03-c0079-v210-adaptive-g1000-sb0001	p01-s03-c0079	c0079	sb0001	alpha-by-m	1000	10	10000	0.1	0.0999990999991	0.01	new-simulation	p01-s03-c0079-v210-adaptive-g1000-sb0001	100.0	0.0	33.93381667343337	0.18011611466079902	22.27285855282186	0.11632045336922493	0.7653133594461822	0.001151857985686831	0.037099615679999996	0.0018040946303547263	0.035913848959999994	0.0382853824	0.0023715334400000038
p01-s03-c0079-v210-adaptive-g1000-sb0002	p01-s03-c0079	c0079	sb0002	alpha-by-m	1000	10	10000	0.1	0.0999990999991	0.01	new-simulation	p01-s03-c0079-v210-adaptive-g1000-sb0002	100.0	0.0	33.77476104158402	0.4699772281096178	21.92284223357438	0.3085026886664405	0.764275610954994	0.0030138074301076898	0.03185172654000001	0.0026599204635830553	0.030135172400000007	0.03356828068000001	0.0034331082799999996
p01-s03-c0079-v210-adaptive-g1000-sb0003	p01-s03-c0079	c0079	sb0003	alpha-by-m	1000	10	10000	0.1	0.0999990999991	0.01	new-simulation	p01-s03-c0079-v210-adaptive-g1000-sb0003	100.0	0.0	33.76518789691405	0.5472496141387688	22.041246059827014	0.39096624279798264	0.7642065652019454	0.0035260381329062494	0.036982202619999995	0.0031493349007583947	0.03407751848	0.03988688676	0.005809368279999998
p01-s03-c0079-v210-adaptive-g1000-sb0004	p01-s03-c0079	c0079	sb0004	alpha-by-m	1000	10	10000	0.1	0.0999990999991	0.01	new-simulation	p01-s03-c0079-v210-adaptive-g1000-sb0004	100.0	0.0	34.513475962409245	0.14326752223463593	22.514615387735745	0.13604700870299644	0.7689925184501257	0.0009008172769512327	0.0348153938	0.003086370581149728	0.033342796519999995	0.03628799108	0.002945194560000003
p01-s03-c0079-v210-adaptive-g1000-sb0005	p01-s03-c0079	c0079	sb0005	alpha-by-m	1000	10	10000	0.1	0.0999990999991	0.01	new-simulation	p01-s03-c0079-v210-adaptive-g1000-sb0005	100.0	0.0	34.4509013948858	0.2048280603735986	22.564347738377574	0.12743203848962437	0.7685965424855251	0.0012887557891542866	0.03712558726	0.002566269822709122	0.035044048759999995	0.03920712576	0.004163077000000008
p01-s03-c0079-v210-adaptive-g1000-sb0006	p01-s03-c0079	c0079	sb0006	alpha-by-m	1000	10	10000	0.1	0.0999990999991	0.01	new-simulation	p01-s03-c0079-v210-adaptive-g1000-sb0006	100.0	0.0	33.737655161374576	0.16895989332187425	21.98155616231059	0.13000579050954136	0.7640547818846933	0.0010865536262733137	0.0339087221	0.0049436447190589795	0.02972627356	0.038091170640000005	0.008364897080000006
p01-s03-c0079-v210-adaptive-g1000-sb0007	p01-s03-c0079	c0079	sb0007	alpha-by-m	1000	10	10000	0.1	0.0999990999991	0.01	new-simulation	p01-s03-c0079-v210-adaptive-g1000-sb0007	100.0	0.0	34.19991876259002	0.14425359781218955	22.153853034523678	0.10016288619524587	0.7670106469231749	0.0009149344665991021	0.034975689239999996	0.0013744934425152743	0.034498278439999995	0.03545310004	0.0009548216000000026
p01-s03-c0079-v210-adaptive-g1000-sb0008	p01-s03-c0079	c0079	sb0008	alpha-by-m	1000	10	10000	0.1	0.0999990999991	0.01	new-simulation	p01-s03-c0079-v210-adaptive-g1000-sb0008	100.0	0.0	33.950628754857945	0.12299403625013314	22.23393800513012	0.07232943760172951	0.76542251233188	0.000787541249698605	0.03903671181999999	0.0045918409475489445	0.035360623359999996	0.04271280028	0.007352176920000002
p01-s03-c0079-v210-adaptive-g1000-sb0009	p01-s03-c0079	c0079	sb0009	alpha-by-m	1000	10	10000	0.1	0.0999990999991	0.01	new-simulation	p01-s03-c0079-v210-adaptive-g1000-sb0009	100.0	0.0	33.98669103766165	0.14434392680724456	22.583081510809276	0.13376972241546856	0.765652525772217	0.0009210643520659373	0.035032656179999996	0.002862638611369561	0.03318727268	0.03687803968	0.0036907670000000045
p01-s03-c0079-v210-adaptive-g1000-sb0010	p01-s03-c0079	c0079	sb0010	alpha-by-m	1000	10	10000	0.1	0.0999990999991	0.01	new-simulation	p01-s03-c0079-v210-adaptive-g1000-sb0010	100.0	0.0	33.43991660334758	0.12386074051479944	21.695042399388523	0.100604329357122	0.7621311333199858	0.000804199698469213	0.03790378808	0.0018055311595786046	0.03697541856	0.03883215759999999	0.0018567390399999925
p01-s03-c0079-v210-adaptive-g1000-sb0011	p01-s03-c0079	c0079	sb0011	alpha-by-m	1000	10	10000	0.1	0.0999990999991	0.01	new-simulation	p01-s03-c0079-v210-adaptive-g1000-sb0011	100.0	0.0	32.46414627559383	0.2971036880087264	20.983768539826027	0.24558023419628397	0.7556931017196612	0.0019839157737362645	0.03765604728	0.004404049206011585	0.03416663448	0.04114546008	0.006978825600000002
p01-s03-c0079-v210-adaptive-g1000-sb0012	p01-s03-c0079	c0079	sb0012	alpha-by-m	1000	10	10000	0.1	0.0999990999991	0.01	new-simulation	p01-s03-c0079-v210-adaptive-g1000-sb0012	100.0	0.0	33.5060026580191	0.15085468759644402	21.82646305838368	0.12663428659762857	0.7625591508968205	0.000978192564811905	0.0339213945	0.0027254674788756606	0.0327701408	0.03507264820000001	0.0023025074000000076
p01-s03-c0080-v210-adaptive-g1000-sb0001-reused	p01-s03-c0080	c0080	sb0001	alpha-by-m	1000	10	10000	0.1	0.0999990999991	0.1	reused-passage-100	p01-s03-c0039-v210-m010-g100-sb0001	100.0	0.0	34.273794751811394	0.1639917874285496	22.29840964313166	0.12216997218856149	0.767478656685945	0.0010400126286228804	0.0123606433	0.0012189090436722867	0.012763605720000001	0.011957680879999998	-0.0008059248400000031
p01-s03-c0080-v210-adaptive-g1000-sb0002-reused	p01-s03-c0080	c0080	sb0002	alpha-by-m	1000	10	10000	0.1	0.0999990999991	0.1	reused-passage-100	p01-s03-c0039-v210-m010-g100-sb0002	100.0	0.0	33.993853559630494	0.10980953345950108	22.003586090191817	0.10551211501633898	0.7656990866709096	0.0007027057882888517	0.012310932500000003	0.0007874185103649503	0.01215943756	0.012462427440000005	0.0003029898800000052
p01-s03-c0080-v210-adaptive-g1000-sb0003-reused	p01-s03-c0080	c0080	sb0003	alpha-by-m	1000	10	10000	0.1	0.0999990999991	0.1	reused-passage-100	p01-s03-c0039-v210-m010-g100-sb0003	100.0	0.0	34.355098910679835	0.22449052949362722	22.321486173517773	0.16292891392839343	0.7679910594561064	0.0014186857083664246	0.012494901419999998	0.0012689058252669692	0.012601027599999997	0.012388775239999997	-0.00021225235999999988
p01-s03-c0080-v210-adaptive-g1000-sb0004-reused	p01-s03-c0080	c0080	sb0004	alpha-by-m	1000	10	10000	0.1	0.0999990999991	0.1	reused-passage-100	p01-s03-c0039-v210-m010-g100-sb0004	100.0	0.0	34.161919896416265	0.07735059591173911	22.215571663569662	0.07433786592114291	0.7667705889073503	0.0004920774030828745	0.012277146859999997	0.0015450120947220706	0.012117387839999993	0.01243690588	0.0003195180400000063
p01-s03-c0080-v210-adaptive-g1000-sb0005-reused	p01-s03-c0080	c0080	sb0005	alpha-by-m	1000	10	10000	0.1	0.0999990999991	0.1	reused-passage-100	p01-s03-c0039-v210-m010-g100-sb0005	100.0	0.0	34.223433004901544	0.1976894070482048	22.220913447892375	0.10833293403457264	0.7671582342242433	0.0012547351518179912	0.013279058920000001	0.001089478145078657	0.013462458320000002	0.013095659520000002	-0.00036679880000000005
p01-s03-c0080-v210-adaptive-g1000-sb0006-reused	p01-s03-c0080	c0080	sb0006	alpha-by-m	1000	10	10000	0.1	0.0999990999991	0.1	reused-passage-100	p01-s03-c0039-v210-m010-g100-sb0006	100.0	0.0	34.19286761387841	0.15895333907265632	22.172612699689466	0.11246311140954111	0.766965456991244	0.0010114302811372322	0.012428616480000002	0.0014204045154047557	0.01179314108	0.013064091880000003	0.0012709508000000036
p01-s03-c0080-v210-adaptive-g1000-sb0007-reused	p01-s03-c0080	c0080	sb0007	alpha-by-m	1000	10	10000	0.1	0.0999990999991	0.1	reused-passage-100	p01-s03-c0039-v210-m010-g100-sb0007	100.0	0.0	34.10468130332067	0.15090712304544981	22.15725574178651	0.11534190049525439	0.766404912930719	0.0009613891807899897	0.012858318099999997	0.0013911196561771735	0.013383438199999993	0.012333197999999998	-0.001050240199999995
p01-s03-c0080-v210-adaptive-g1000-sb0008-reused	p01-s03-c0080	c0080	sb0008	alpha-by-m	1000	10	10000	0.1	0.0999990999991	0.1	reused-passage-100	p01-s03-c0039-v210-m010-g100-sb0008	100.0	0.0	34.151837323958695	0.1877276348495309	22.1600283635732	0.1458808858272784	0.7667038166818695	0.0011949912344204913	0.013476745199999996	0.0014075467087835145	0.012488183599999996	0.014465306799999996	0.0019771232
p01-s03-c0080-v210-adaptive-g1000-sb0009-reused	p01-s03-c0080	c0080	sb0009	alpha-by-m	1000	10	10000	0.1	0.0999990999991	0.1	reused-passage-100	p01-s03-c0039-v210-m010-g100-sb0009	100.0	0.0	34.27218550969708	0.13678212861689495	22.2724107208747	0.11139694953584275	0.7674692081100938	0.0008655061410032334	0.012109118879999999	0.0010689460696512597	0.012199033199999997	0.012019204559999998	-0.0001798286399999991
p01-s03-c0080-v210-adaptive-g1000-sb0010-reused	p01-s03-c0080	c0080	sb0010	alpha-by-m	1000	10	10000	0.1	0.0999990999991	0.1	reused-passage-100	p01-s03-c0039-v210-m010-g100-sb0010	100.0	0.0	33.985084562970655	0.11951259878409615	22.069150876480407	0.10722034371296353	0.7656428621090252	0.000763407392371768	0.012291474459999998	0.0011975639156305519	0.012535318279999999	0.012047630639999998	-0.00048768764000000145
p01-s03-c0080-v210-adaptive-g1000-sb0011-reused	p01-s03-c0080	c0080	sb0011	alpha-by-m	1000	10	10000	0.1	0.0999990999991	0.1	reused-passage-100	p01-s03-c0039-v210-m010-g100-sb0011	100.0	0.0	34.0028579524648	0.13090327719740769	22.045375641068723	0.12411480276256265	0.7657561329588767	0.0008362357990332547	0.013139583000000003	0.0008841114555826144	0.013125941200000001	0.013153224800000005	2.7283600000004016e-05
p01-s03-c0080-v210-adaptive-g1000-sb0012-reused	p01-s03-c0080	c0080	sb0012	alpha-by-m	1000	10	10000	0.1	0.0999990999991	0.1	reused-passage-100	p01-s03-c0039-v210-m010-g100-sb0012	100.0	0.0	34.23520744900726	0.1545541943238742	22.17643983757814	0.10892353723367093	0.7672343141775407	0.0009800382708835698	0.012508195059999998	0.0015823292599803178	0.011509665039999995	0.013506725080000002	0.001997060040000007
p01-s03-c0081-v210-adaptive-g1000-sb0001	p01-s03-c0081	c0081	sb0001	alpha-by-m	1000	10	10000	0.1	0.0999990999991	0.5	new-simulation	p01-s03-c0081-v210-adaptive-g1000-sb0001	100.0	0.0	34.22050768921793	0.05104912439227476	22.20454707798019	0.03542038530652292	0.7671429873306032	0.000324003349205336	0.003379629420000002	0.0003758194926158623	0.003406562320000002	0.0033526965200000023	-5.386579999999957e-05
p01-s03-c0081-v210-adaptive-g1000-sb0002	p01-s03-c0081	c0081	sb0002	alpha-by-m	1000	10	10000	0.1	0.0999990999991	0.5	new-simulation	p01-s03-c0081-v210-adaptive-g1000-sb0002	100.0	0.0	34.185812125298284	0.040897946641390806	22.174310588418102	0.027697403483478857	0.7669227984562285	0.0002598231603058122	0.003449021820000003	0.000306518496355552	0.003478599560000002	0.003419444080000004	-5.9155479999998054e-05
p01-s03-c0081-v210-adaptive-g1000-sb0003	p01-s03-c0081	c0081	sb0003	alpha-by-m	1000	10	10000	0.1	0.0999990999991	0.5	new-simulation	p01-s03-c0081-v210-adaptive-g1000-sb0003	100.0	0.0	34.24592514082598	0.04687329052051829	22.222364387227554	0.0385062489986613	0.7673042520150064	0.0002973868241886077	0.0034567810400000006	0.00029632988275244895	0.003474048240000001	0.00343951384	-3.453440000000113e-05
p01-s03-c0081-v210-adaptive-g1000-sb0004	p01-s03-c0081	c0081	sb0004	alpha-by-m	1000	10	10000	0.1	0.0999990999991	0.5	new-simulation	p01-s03-c0081-v210-adaptive-g1000-sb0004	100.0	0.0	34.21987387983225	0.033339496964385054	22.20504169775269	0.028643546231583484	0.7671391012922976	0.00021156054638018783	0.0035141652200000005	0.0003601818182152872	0.00341084264	0.0036174878000000015	0.00020664516000000162
p01-s03-c0081-v210-adaptive-g1000-sb0005	p01-s03-c0081	c0081	sb0005	alpha-by-m	1000	10	10000	0.1	0.0999990999991	0.5	new-simulation	p01-s03-c0081-v210-adaptive-g1000-sb0005	100.0	0.0	34.24180721344867	0.05098803054179365	22.2177795643321	0.0337682901897655	0.767278103042353	0.00032327377969725224	0.0035361994000000004	0.0003208589964122139	0.0034590161999999997	0.003613382600000001	0.0001543664000000014
p01-s03-c0081-v210-adaptive-g1000-sb0006	p01-s03-c0081	c0081	sb0006	alpha-by-m	1000	10	10000	0.1	0.0999990999991	0.5	new-simulation	p01-s03-c0081-v210-adaptive-g1000-sb0006	100.0	0.0	34.22013018257542	0.046368967144893164	22.200551728784067	0.03337616030792425	0.7671406333285834	0.00029423806067768146	0.003342856300000002	0.0003741730352272236	0.00332295056	0.0033627620400000034	3.981148000000356e-05
p01-s03-c0081-v210-adaptive-g1000-sb0007	p01-s03-c0081	c0081	sb0007	alpha-by-m	1000	10	10000	0.1	0.0999990999991	0.5	new-simulation	p01-s03-c0081-v210-adaptive-g1000-sb0007	100.0	0.0	34.20961921605105	0.047742237214414805	22.19611839423034	0.03278292697993378	0.7670739128137198	0.0003030617675180455	0.0035427856000000003	0.00035088140977962754	0.0035392042400000014	0.0035463669599999996	7.162719999998218e-06
p01-s03-c0081-v210-adaptive-g1000-sb0008	p01-s03-c0081	c0081	sb0008	alpha-by-m	1000	10	10000	0.1	0.0999990999991	0.5	new-simulation	p01-s03-c0081-v210-adaptive-g1000-sb0008	100.0	0.0	34.235423484999274	0.048349067843242374	22.20841183635314	0.035757870453730856	0.7672376399742401	0.0003066616368601272	0.003487562799999998	0.0003985040544285086	0.0033639504799999973	0.0036111751199999985	0.00024722464000000123
p01-s03-c0081-v210-adaptive-g1000-sb0009	p01-s03-c0081	c0081	sb0009	alpha-by-m	1000	10	10000	0.1	0.0999990999991	0.5	new-simulation	p01-s03-c0081-v210-adaptive-g1000-sb0009	100.0	0.0	34.23642061208259	0.03786958593189146	22.21577740165212	0.035787271750123716	0.7672440464567459	0.00024018353620854167	0.0035301313999999986	0.0003327268374304814	0.003599727639999999	0.003460535159999998	-0.0001391924800000009
p01-s03-c0081-v210-adaptive-g1000-sb0010	p01-s03-c0081	c0081	sb0010	alpha-by-m	1000	10	10000	0.1	0.0999990999991	0.5	new-simulation	p01-s03-c0081-v210-adaptive-g1000-sb0010	100.0	0.0	34.20628858049403	0.04558342689372346	22.19797579392954	0.03756980647100757	0.7670527886976685	0.0002893813674678382	0.0034797669399999997	0.00030689792850315174	0.0034407773200000004	0.0035187565599999987	7.797923999999833e-05
p01-s03-c0081-v210-adaptive-g1000-sb0011	p01-s03-c0081	c0081	sb0011	alpha-by-m	1000	10	10000	0.1	0.0999990999991	0.5	new-simulation	p01-s03-c0081-v210-adaptive-g1000-sb0011	100.0	0.0	34.21423248697609	0.046715057712343966	22.188875108898582	0.034371346406128926	0.7671032026565487	0.0002965266204422769	0.0036005437000000006	0.0003398515580656996	0.003583887159999999	0.003617200240000003	3.331308000000411e-05
p01-s03-c0081-v210-adaptive-g1000-sb0012	p01-s03-c0081	c0081	sb0012	alpha-by-m	1000	10	10000	0.1	0.0999990999991	0.5	new-simulation	p01-s03-c0081-v210-adaptive-g1000-sb0012	100.0	0.0	34.22604240431049	0.053800773733731495	22.202563707250047	0.042047754261951245	0.7671780791953957	0.0003412728102892229	0.0035274929600000006	0.0003251443856311647	0.003466800999999999	0.0035881849200000023	0.00012138392000000334
p01-s03-c0082-v210-adaptive-g1000-sb0001	p01-s03-c0082	c0082	sb0001	alpha-by-m	1000	10	10000	0.1	0.0999990999991	0.9	new-simulation	p01-s03-c0082-v210-adaptive-g1000-sb0001	100.0	0.0	34.22815662247714	0.008819649296511717	22.20634540256921	0.006272496370210154	0.7671917482262428	5.5956029182664976e-05	0.0006041994599999999	6.428765938429305e-05	0.0006071190399999991	0.0006012798800000008	-5.8391599999982726e-06
p01-s03-c0082-v210-adaptive-g1000-sb0002	p01-s03-c0082	c0082	sb0002	alpha-by-m	1000	10	10000	0.1	0.0999990999991	0.9	new-simulation	p01-s03-c0082-v210-adaptive-g1000-sb0002	100.0	0.0	34.22352806103885	0.00831562660053571	22.202178143707133	0.00556217983551885	0.7671623829138194	5.2764620151587524e-05	0.0006127620200000028	5.71220291743863e-05	0.0006095229200000034	0.0006160011200000023	6.47819999999885e-06
p01-s03-c0082-v210-adaptive-g1000-sb0003	p01-s03-c0082	c0082	sb0003	alpha-by-m	1000	10	10000	0.1	0.0999990999991	0.9	new-simulation	p01-s03-c0082-v210-adaptive-g1000-sb0003	100.0	0.0	34.23053107892088	0.007841950222224201	22.208316351383885	0.006893375773493476	0.7672068130004734	4.9749613421660995e-05	0.0006138574799999988	5.311235210736824e-05	0.0006148677599999995	0.0006128471999999982	-2.02056000000127e-06
p01-s03-c0082-v210-adaptive-g1000-sb0004	p01-s03-c0082	c0082	sb0004	alpha-by-m	1000	10	10000	0.1	0.0999990999991	0.9	new-simulation	p01-s03-c0082-v210-adaptive-g1000-sb0004	100.0	0.0	34.227051596696676	0.007678907744166977	22.20594561375372	0.006323419276672636	0.767184739415867	4.871721231719987e-05	0.0006259621800000002	6.241078471941707e-05	0.0006156978400000003	0.00063622652	2.0528679999999686e-05
p01-s03-c0082-v210-adaptive-g1000-sb0005	p01-s03-c0082	c0082	sb0005	alpha-by-m	1000	10	10000	0.1	0.0999990999991	0.9	new-simulation	p01-s03-c0082-v210-adaptive-g1000-sb0005	100.0	0.0	34.229452074956065	0.008979209718064408	22.207239754666315	0.0059317450171357325	0.7671999663086551	5.696386332320654e-05	0.0006103659600000011	5.86839084114849e-05	0.0005945876399999993	0.0006261442800000028	3.155664000000348e-05
p01-s03-c0082-v210-adaptive-g1000-sb0006	p01-s03-c0082	c0082	sb0006	alpha-by-m	1000	10	10000	0.1	0.0999990999991	0.9	new-simulation	p01-s03-c0082-v210-adaptive-g1000-sb0006	100.0	0.0	34.22725924325356	0.008599151870359121	22.205258793354787	0.005980011992566035	0.7671860554270673	5.455376163752634e-05	0.0006032046000000014	6.621799581869873e-05	0.0005960792400000019	0.0006103299600000008	1.4250719999998906e-05
p01-s03-c0082-v210-adaptive-g1000-sb0007	p01-s03-c0082	c0082	sb0007	alpha-by-m	1000	10	10000	0.1	0.0999990999991	0.9	new-simulation	p01-s03-c0082-v210-adaptive-g1000-sb0007	100.0	0.0	34.22558961466289	0.00901015048747445	22.204383048932637	0.006537130157821046	0.7671754619228177	5.716542842004594e-05	0.0006229180800000005	6.143841736835458e-05	0.0006122586400000008	0.0006335775200000003	2.1318879999999507e-05
p01-s03-c0082-v210-adaptive-g1000-sb0008	p01-s03-c0082	c0082	sb0008	alpha-by-m	1000	10	10000	0.1	0.0999990999991	0.9	new-simulation	p01-s03-c0082-v210-adaptive-g1000-sb0008	100.0	0.0	34.2292512941202	0.008320943363255985	22.206528583151822	0.006209035660039182	0.7671986936115309	5.278648227148223e-05	0.0006074464599999976	6.577180052588429e-05	0.0006023313999999967	0.0006125615199999985	1.0230120000001867e-05
p01-s03-c0082-v210-adaptive-g1000-sb0009	p01-s03-c0082	c0082	sb0009	alpha-by-m	1000	10	10000	0.1	0.0999990999991	0.9	new-simulation	p01-s03-c0082-v210-adaptive-g1000-sb0009	100.0	0.0	34.2296882578136	0.00801201244631146	22.207530711233836	0.006817018087493359	0.7672014661099158	5.082611554617019e-05	0.0006211963399999999	5.8394990628602e-05	0.0006191532000000002	0.0006232394799999996	4.086279999999465e-06
p01-s03-c0082-v210-adaptive-g1000-sb0010	p01-s03-c0082	c0082	sb0010	alpha-by-m	1000	10	10000	0.1	0.0999990999991	0.9	new-simulation	p01-s03-c0082-v210-adaptive-g1000-sb0010	100.0	0.0	34.225941693259095	0.008353909906780508	22.205428767909005	0.006861139057935223	0.767177696740113	5.2999950975869095e-05	0.0006083298999999998	6.0586028846575064e-05	0.0005985951599999982	0.0006180646400000013	1.946948000000311e-05
p01-s03-c0082-v210-adaptive-g1000-sb0011	p01-s03-c0082	c0082	sb0011	alpha-by-m	1000	10	10000	0.1	0.0999990999991	0.9	new-simulation	p01-s03-c0082-v210-adaptive-g1000-sb0011	100.0	0.0	34.22638771445547	0.008390766271723043	22.20388038826604	0.006047903284835019	0.7671805264567318	5.32353320660239e-05	0.0006166489000000016	6.414346753233255e-05	0.0006177881600000011	0.0006155096400000022	-2.2785199999988785e-06
p01-s03-c0082-v210-adaptive-g1000-sb0012	p01-s03-c0082	c0082	sb0012	alpha-by-m	1000	10	10000	0.1	0.0999990999991	0.9	new-simulation	p01-s03-c0082-v210-adaptive-g1000-sb0012	100.0	0.0	34.228295299148016	0.008167908579428432	22.206049918201806	0.006857880934793928	0.7671926290109432	5.181713041394581e-05	0.0006166210600000007	5.4085374852685074e-05	0.0006145800800000016	0.0006186620399999997	4.081959999998079e-06
p01-s03-c0083-v210-adaptive-g1000-sb0001	p01-s03-c0083	c0083	sb0001	alpha-by-m	1000	10	10000	0.1	0.0999990999991	0.99	new-simulation	p01-s03-c0083-v210-adaptive-g1000-sb0001	100.0	0.0	34.22780827929014	0.001496533509204175	22.205904763694615	0.0011708730237061005	0.7671895451486924	9.49436134993711e-06	0.00010824054000000011	9.761713945378974e-06	0.00010845171999999914	0.0001080293600000011	-4.223599999980367e-07
p01-s03-c0083-v210-adaptive-g1000-sb0002	p01-s03-c0083	c0083	sb0002	alpha-by-m	1000	10	10000	0.1	0.0999990999991	0.99	new-simulation	p01-s03-c0083-v210-adaptive-g1000-sb0002	100.0	0.0	34.22771138852001	0.0016142432956979815	22.20567763046893	0.0010865067851687025	0.7671889304224648	1.0241099451774614e-05	0.00011436764000000117	8.723411270500694e-06	0.00011574420000000075	0.00011299108000000158	-2.753119999999174e-06
p01-s03-c0083-v210-adaptive-g1000-sb0003	p01-s03-c0083	c0083	sb0003	alpha-by-m	1000	10	10000	0.1	0.0999990999991	0.99	new-simulation	p01-s03-c0083-v210-adaptive-g1000-sb0003	100.0	0.0	34.228192430826304	0.0013854195121691334	22.20629138171641	0.001203765872103408	0.7671919822890755	8.789232152905417e-06	0.00010802447999999972	1.1035123483474922e-05	0.00010784576000000071	0.00010820319999999873	3.5743999999802176e-07
p01-s03-c0083-v210-adaptive-g1000-sb0004	p01-s03-c0083	c0083	sb0004	alpha-by-m	1000	10	10000	0.1	0.0999990999991	0.99	new-simulation	p01-s03-c0083-v210-adaptive-g1000-sb0004	100.0	0.0	34.22792163028245	0.0015997831955350077	22.206078757812264	0.0012069601988005767	0.76719026423712	1.0149249186569701e-05	0.00011068131999999961	9.651306849101251e-06	0.0001098050799999963	0.00011155756000000293	1.7524800000066264e-06
p01-s03-c0083-v210-adaptive-g1000-sb0005	p01-s03-c0083	c0083	sb0005	alpha-by-m	1000	10	10000	0.1	0.0999990999991	0.99	new-simulation	p01-s03-c0083-v210-adaptive-g1000-sb0005	100.0	0.0	34.228090490076326	0.0015097969786151664	22.206085981994885	0.0009883468896440633	0.7671913355326009	9.578375436604775e-06	0.0001069363999999997	1.0755105595358408e-05	0.00010732459999999755	0.00010654820000000184	-7.763999999957122e-07
p01-s03-c0083-v210-adaptive-g1000-sb0006	p01-s03-c0083	c0083	sb0006	alpha-by-m	1000	10	10000	0.1	0.0999990999991	0.99	new-simulation	p01-s03-c0083-v210-adaptive-g1000-sb0006	100.0	0.0	34.227946653436646	0.0015282582942457953	22.205894862247856	0.0010174275254631689	0.7671904230081528	9.695430729497921e-06	0.00010428097999999997	1.1193579295674531e-05	0.00010299079999999969	0.00010557116000000024	2.580360000000546e-06
p01-s03-c0083-v210-adaptive-g1000-sb0007	p01-s03-c0083	c0083	sb0007	alpha-by-m	1000	10	10000	0.1	0.0999990999991	0.99	new-simulation	p01-s03-c0083-v210-adaptive-g1000-sb0007	100.0	0.0	34.22763101706685	0.0017886254820663424	22.205731720303426	0.0013794682253730607	0.767188420475882	1.1347389527029005e-05	0.0001105658000000003	1.0983604581004612e-05	0.00011167359999999985	0.00010945800000000075	-2.2155999999990983e-06
p01-s03-c0083-v210-adaptive-g1000-sb0008	p01-s03-c0083	c0083	sb0008	alpha-by-m	1000	10	10000	0.1	0.0999990999991	0.99	new-simulation	p01-s03-c0083-v210-adaptive-g1000-sb0008	100.0	0.0	34.227860774242004	0.0015653832633348104	22.20587286443746	0.0011743789243971218	0.7671898781665075	9.931109657288423e-06	0.00010625541999999879	9.22819823458196e-06	0.00010725944000000182	0.00010525139999999576	-2.008040000006059e-06
p01-s03-c0083-v210-adaptive-g1000-sb0009	p01-s03-c0083	c0083	sb0009	alpha-by-m	1000	10	10000	0.1	0.0999990999991	0.99	new-simulation	p01-s03-c0083-v210-adaptive-g1000-sb0009	100.0	0.0	34.228198455950135	0.0015454815385547139	22.206208090173146	0.001199832853674099	0.7671920204704822	9.80471881374968e-06	0.00010757805999999986	1.0422514803685515e-05	0.00010835979999999908	0.00010679632000000064	-1.5634799999984328e-06
p01-s03-c0083-v210-adaptive-g1000-sb0010	p01-s03-c0083	c0083	sb0010	alpha-by-m	1000	10	10000	0.1	0.0999990999991	0.99	new-simulation	p01-s03-c0083-v210-adaptive-g1000-sb0010	100.0	0.0	34.227831752212985	0.0014439953797634932	22.20589537390756	0.0011480998926628775	0.7671896940790289	9.16098762605448e-06	0.00010743233999999922	1.1454306484694798e-05	0.00010522379999999881	0.00010964087999999964	4.4170800000008274e-06
p01-s03-c0083-v210-adaptive-g1000-sb0011	p01-s03-c0083	c0083	sb0011	alpha-by-m	1000	10	10000	0.1	0.0999990999991	0.99	new-simulation	p01-s03-c0083-v210-adaptive-g1000-sb0011	100.0	0.0	34.22780920864809	0.0017142751100976364	22.20595090613688	0.0012864269671825708	0.767189550981203	1.0875847353599695e-05	0.00010749988000000166	1.080796094276731e-05	0.00010869144000000192	0.0001063083200000014	-2.3831200000005173e-06
p01-s03-c0083-v210-adaptive-g1000-sb0012	p01-s03-c0083	c0083	sb0012	alpha-by-m	1000	10	10000	0.1	0.0999990999991	0.99	new-simulation	p01-s03-c0083-v210-adaptive-g1000-sb0012	100.0	0.0	34.228188872853245	0.0013510965595927536	22.20608964647014	0.0011057210064841314	0.7671919597254506	8.571474564353693e-06	0.00010902878000000159	1.0147233718325283e-05	0.0001074717599999991	0.00011058580000000407	3.1140400000049607e-06
p01-s03-c0084-v210-adaptive-g1000-sb0001	p01-s03-c0084	c0084	sb0001	alpha-by-m	1000	10	10000	0.99	0.99	0.0	new-simulation	p01-s03-c0084-v210-adaptive-g1000-sb0001	27.86	3.2135554726051025	16.934094746161776	0.9358951088398851	13.37609812317198	0.7498055687745234	0.8521265737150583	0.019206650836468872	0.34103918980000003	0.03824810202057539	0.30877600236	0.37330237724	0.06452637487999996
p01-s03-c0084-v210-adaptive-g1000-sb0002	p01-s03-c0084	c0084	sb0002	alpha-by-m	1000	10	10000	0.99	0.99	0.0	new-simulation	p01-s03-c0084-v210-adaptive-g1000-sb0002	29.72	2.4746881889751404	18.95748112978523	1.55473482997574	14.873760218271705	1.0907447174635199	0.8672771869562662	0.011138167389780514	0.35759030636	0.02667443566363482	0.33749134048	0.37768927224000004	0.04019793176000003
p01-s03-c0084-v210-adaptive-g1000-sb0003	p01-s03-c0084	c0084	sb0003	alpha-by-m	1000	10	10000	0.99	0.99	0.0	new-simulation	p01-s03-c0084-v210-adaptive-g1000-sb0003	26.1	2.712405363721075	17.821372689758203	2.62703943600414	14.591418741291617	2.222303183834809	0.8807064395876718	0.020294262496250236	0.42780854234000004	0.037055577537886755	0.39678594908000003	0.4588311356	0.06204518651999996
p01-s03-c0084-v210-adaptive-g1000-sb0004	p01-s03-c0084	c0084	sb0004	alpha-by-m	1000	10	10000	0.99	0.99	0.0	new-simulation	p01-s03-c0084-v210-adaptive-g1000-sb0004	25.38	3.64154037826448	15.113103283149353	1.328574100637148	11.338387128157187	0.741055880722361	0.8415841727221026	0.015322789910103739	0.41081446404000005	0.02912882338072835	0.38609571008000004	0.43553321800000006	0.04943750792000001
p01-s03-c0084-v210-adaptive-g1000-sb0005	p01-s03-c0084	c0084	sb0005	alpha-by-m	1000	10	10000	0.99	0.99	0.0	new-simulation	p01-s03-c0084-v210-adaptive-g1000-sb0005	29.28	2.9210006672301847	17.800729775339313	2.590309847993823	13.959001492303074	2.484947900048406	0.8502658224747929	0.025359258315115856	0.44926679604	0.04985126754219968	0.40594739772000005	0.49258619436000006	0.08663879664000002
p01-s03-c0084-v210-adaptive-g1000-sb0006	p01-s03-c0084	c0084	sb0006	alpha-by-m	1000	10	10000	0.99	0.99	0.0	new-simulation	p01-s03-c0084-v210-adaptive-g1000-sb0006	26.72	1.9276717478209144	18.878793369508042	0.8487831498785079	15.770966494173484	0.7668942160804397	0.8948014761007345	0.00976857530119462	0.44658394258	0.02313400078845582	0.4328356798	0.46033220536	0.02749652556000004
p01-s03-c0084-v210-adaptive-g1000-sb0007	p01-s03-c0084	c0084	sb0007	alpha-by-m	1000	10	10000	0.99	0.99	0.0	new-simulation	p01-s03-c0084-v210-adaptive-g1000-sb0007	23.54	2.1016028868170005	15.30688384452199	1.6010420921252595	12.426354973929488	1.6820610786398043	0.8629114572396904	0.01256238167521717	0.4418340764	0.058885364430571276	0.39077031876	0.49289783404	0.10212751527999997
p01-s03-c0084-v210-adaptive-g1000-sb0008	p01-s03-c0084	c0084	sb0008	alpha-by-m	1000	10	10000	0.99	0.99	0.0	new-simulation	p01-s03-c0084-v210-adaptive-g1000-sb0008	25.38	4.029938977610617	16.58944456867504	1.7172410207130744	13.833765959315848	1.5882941992454467	0.8708305263304029	0.015164390152655234	0.47297217342000003	0.03269278374319018	0.45151270468	0.49443164216	0.04291893748000003
p01-s03-c0084-v210-adaptive-g1000-sb0009	p01-s03-c0084	c0084	sb0009	alpha-by-m	1000	10	10000	0.99	0.99	0.0	new-simulation	p01-s03-c0084-v210-adaptive-g1000-sb0009	29.26	2.2660763537039803	19.293337648393205	0.8513693134923606	15.143504199401093	0.6378534627444258	0.8773196742036294	0.010299178278240655	0.29522863716000003	0.027510933541074766	0.2716355392	0.31882173512	0.04718619592000001
p01-s03-c0084-v210-adaptive-g1000-sb0010	p01-s03-c0084	c0084	sb0010	alpha-by-m	1000	10	10000	0.99	0.99	0.0	new-simulation	p01-s03-c0084-v210-adaptive-g1000-sb0010	25.48	2.8517091187495236	16.258137010993977	0.9206552297511196	12.64582016948785	0.6495231773017368	0.862932439105781	0.016866337091101528	0.4010912976	0.024210428126305056	0.38077943368	0.42140316152	0.04062372784000001
p01-s03-c0084-v210-adaptive-g1000-sb0011	p01-s03-c0084	c0084	sb0011	alpha-by-m	1000	10	10000	0.99	0.99	0.0	new-simulation	p01-s03-c0084-v210-adaptive-g1000-sb0011	28.26	2.3544140048263493	17.291026079824235	1.6275651970716762	13.746061940201537	1.3335390107707037	0.8524449037278709	0.016092678574929492	0.36016093006000005	0.03244284123869395	0.33567368540000003	0.38464817472	0.04897448931999998
p01-s03-c0084-v210-adaptive-g1000-sb0012	p01-s03-c0084	c0084	sb0012	alpha-by-m	1000	10	10000	0.99	0.99	0.0	new-simulation	p01-s03-c0084-v210-adaptive-g1000-sb0012	24.4	1.6035674514745464	17.00325505209622	1.5251048678473564	12.75599571885835	1.6776213084325897	0.8860807216868875	0.014620467821724476	0.41656756326000005	0.013161314442111412	0.41111944172000003	0.42201568480000007	0.010896243080000034
p01-s03-c0085-v210-adaptive-g1000-sb0001	p01-s03-c0085	c0085	sb0001	alpha-by-m	1000	10	10000	0.99	0.99	0.001	new-simulation	p01-s03-c0085-v210-adaptive-g1000-sb0001	100.0	0.0	18.89623246183001	1.7457588789389835	15.726496147813384	1.292772491139187	0.6372686365447482	0.02023846259852942	0.37511953814000004	0.040510600542795754	0.33849936035999995	0.41173971592	0.07324035556000008
p01-s03-c0085-v210-adaptive-g1000-sb0002	p01-s03-c0085	c0085	sb0002	alpha-by-m	1000	10	10000	0.99	0.99	0.001	new-simulation	p01-s03-c0085-v210-adaptive-g1000-sb0002	100.0	0.0	18.675234456258732	1.7495238335425738	14.020635848089643	1.5381912547985133	0.6346773771088489	0.020698494235501966	0.40606974712000005	0.02518053626713276	0.38415050348	0.42798899075999997	0.04383848727999995
p01-s03-c0085-v210-adaptive-g1000-sb0003	p01-s03-c0085	c0085	sb0003	alpha-by-m	1000	10	10000	0.99	0.99	0.001	new-simulation	p01-s03-c0085-v210-adaptive-g1000-sb0003	100.0	0.0	19.4340341067556	1.1875820346271861	14.902339436277789	1.4592662424658795	0.6438645542941205	0.01376065902497397	0.38327078452	0.022614019453525702	0.36572404263999997	0.40081752639999996	0.03509348375999999
p01-s03-c0085-v210-adaptive-g1000-sb0004	p01-s03-c0085	c0085	sb0004	alpha-by-m	1000	10	10000	0.99	0.99	0.001	new-simulation	p01-s03-c0085-v210-adaptive-g1000-sb0004	100.0	0.0	22.615835931000138	1.6811576638472312	18.457317713068697	1.495818564413806	0.6766332075976245	0.015835923162888246	0.37241692608	0.04505713230840761	0.33557898872	0.40925486344	0.07367587471999998
p01-s03-c0085-v210-adaptive-g1000-sb0005	p01-s03-c0085	c0085	sb0005	alpha-by-m	1000	10	10000	0.99	0.99	0.001	new-simulation	p01-s03-c0085-v210-adaptive-g1000-sb0005	100.0	0.0	24.175922899691486	2.6009088823917565	19.3668127585692	2.8828397751704427	0.6904146385866053	0.024013385017659445	0.39626873842000004	0.02454737106137714	0.379431414	0.41310606284	0.03367464883999999
p01-s03-c0085-v210-adaptive-g1000-sb0006	p01-s03-c0085	c0085	sb0006	alpha-by-m	1000	10	10000	0.99	0.99	0.001	new-simulation	p01-s03-c0085-v210-adaptive-g1000-sb0006	100.0	0.0	21.617717171997146	1.5115653691474031	16.947118795689654	1.604941423334114	0.6668899751299042	0.015071458709269256	0.46241473225999996	0.05104250181222997	0.42031389988	0.50451556464	0.08420166476000002
p01-s03-c0085-v210-adaptive-g1000-sb0007	p01-s03-c0085	c0085	sb0007	alpha-by-m	1000	10	10000	0.99	0.99	0.001	new-simulation	p01-s03-c0085-v210-adaptive-g1000-sb0007	100.0	0.0	20.13465807361878	1.49671506053934	15.684737511194246	1.1119460754511343	0.651394657309736	0.015924441400743984	0.40233825436	0.03327235199661432	0.38515279956	0.41952370916	0.0343709096
p01-s03-c0085-v210-adaptive-g1000-sb0008	p01-s03-c0085	c0085	sb0008	alpha-by-m	1000	10	10000	0.99	0.99	0.001	new-simulation	p01-s03-c0085-v210-adaptive-g1000-sb0008	100.0	0.0	17.23739456015849	1.4683835081746013	14.127180554718741	1.1735968819082576	0.6174074354092661	0.019507931154646503	0.44796433643999994	0.05476780595629918	0.40661857323999995	0.48931009964	0.08269152640000005
p01-s03-c0085-v210-adaptive-g1000-sb0009	p01-s03-c0085	c0085	sb0009	alpha-by-m	1000	10	10000	0.99	0.99	0.001	new-simulation	p01-s03-c0085-v210-adaptive-g1000-sb0009	100.0	0.0	16.59818531638415	1.6543826993215953	13.543693293202466	1.146545062333213	0.6090184984348782	0.020950166406540585	0.30863283734	0.031007057709909355	0.28217059404	0.33509508064000004	0.05292448660000004
p01-s03-c0085-v210-adaptive-g1000-sb0010	p01-s03-c0085	c0085	sb0010	alpha-by-m	1000	10	10000	0.99	0.99	0.001	new-simulation	p01-s03-c0085-v210-adaptive-g1000-sb0010	100.0	0.0	14.155500984634777	0.9989930168757039	11.239204171502347	0.9212754165390374	0.574955369577523	0.014832882060108575	0.3772410207	0.015636620854222853	0.373937107	0.38054493440000003	0.006607827400000044
p01-s03-c0085-v210-adaptive-g1000-sb0011	p01-s03-c0085	c0085	sb0011	alpha-by-m	1000	10	10000	0.99	0.99	0.001	new-simulation	p01-s03-c0085-v210-adaptive-g1000-sb0011	100.0	0.0	16.708021983808322	0.4369180101261623	14.98601011317366	0.3348963606902601	0.6113887140928645	0.005739799553105529	0.37552724608	0.02475462709442967	0.37447154208	0.37658295008000003	0.002111408000000037
p01-s03-c0085-v210-adaptive-g1000-sb0012	p01-s03-c0085	c0085	sb0012	alpha-by-m	1000	10	10000	0.99	0.99	0.001	new-simulation	p01-s03-c0085-v210-adaptive-g1000-sb0012	100.0	0.0	18.317935918242277	0.9822162156363361	13.995784139736605	1.387500290664737	0.6311169961702915	0.012080486216593736	0.38033833526000005	0.05145219738179627	0.33912534624	0.42155132428000003	0.08242597804000001
p01-s03-c0086-v210-adaptive-g1000-sb0001	p01-s03-c0086	c0086	sb0001	alpha-by-m	1000	10	10000	0.99	0.99	0.01	new-simulation	p01-s03-c0086-v210-adaptive-g1000-sb0001	100.0	0.0	26.172366652014166	1.8101585912514504	20.633728867258128	2.338885883427474	0.7084181283316601	0.014895096071351546	0.3223944488	0.016406629189902756	0.31740040016000004	0.32738849744	0.009988097279999941
p01-s03-c0086-v210-adaptive-g1000-sb0002	p01-s03-c0086	c0086	sb0002	alpha-by-m	1000	10	10000	0.99	0.99	0.01	new-simulation	p01-s03-c0086-v210-adaptive-g1000-sb0002	100.0	0.0	22.865367972235145	0.4904577698868435	17.174512754296302	0.5854889090855346	0.6795400194468505	0.004666631308086605	0.29138663314	0.013702988856169917	0.294738806	0.28803446028	-0.0067043457200000045
p01-s03-c0086-v210-adaptive-g1000-sb0003	p01-s03-c0086	c0086	sb0003	alpha-by-m	1000	10	10000	0.99	0.99	0.01	new-simulation	p01-s03-c0086-v210-adaptive-g1000-sb0003	100.0	0.0	24.265398488706527	0.7890511335700368	18.00716508928238	1.102884657417295	0.6923809212529372	0.00707473401684153	0.34027640212	0.011639861350668138	0.33625301328	0.34429979095999996	0.00804677767999995
p01-s03-c0086-v210-adaptive-g1000-sb0004	p01-s03-c0086	c0086	sb0004	alpha-by-m	1000	10	10000	0.99	0.99	0.01	new-simulation	p01-s03-c0086-v210-adaptive-g1000-sb0004	100.0	0.0	19.216186832388228	0.7881731705557558	14.06960509483331	0.6177133211800635	0.6416506312519747	0.009055729710994912	0.29059151606	0.026214895931223284	0.27583211332	0.3053509188	0.029518805479999966
p01-s03-c0086-v210-adaptive-g1000-sb0005	p01-s03-c0086	c0086	sb0005	alpha-by-m	1000	10	10000	0.99	0.99	0.01	new-simulation	p01-s03-c0086-v210-adaptive-g1000-sb0005	100.0	0.0	24.228366399565203	1.4056197134661792	17.086506846150346	1.0120500733021454	0.6918021406082282	0.01264720880041206	0.32149722016	0.008557202586072595	0.32291548072	0.3200789596	-0.0028365211199999907
p01-s03-c0086-v210-adaptive-g1000-sb0006	p01-s03-c0086	c0086	sb0006	alpha-by-m	1000	10	10000	0.99	0.99	0.01	new-simulation	p01-s03-c0086-v210-adaptive-g1000-sb0006	100.0	0.0	23.933442416972838	0.7072477412332211	17.29172186106415	0.653667530836115	0.689409625766351	0.00641950085156442	0.27208114972	0.018998808107032278	0.25609316232	0.28806913712	0.03197597479999997
p01-s03-c0086-v210-adaptive-g1000-sb0007	p01-s03-c0086	c0086	sb0007	alpha-by-m	1000	10	10000	0.99	0.99	0.01	new-simulation	p01-s03-c0086-v210-adaptive-g1000-sb0007	100.0	0.0	21.14043023442087	0.8547401045460397	15.09812051079168	0.9030669762264947	0.6623842574152357	0.008732088227706866	0.35213065008	0.02100334591060202	0.34062306808000004	0.36363823208	0.023015163999999977
p01-s03-c0086-v210-adaptive-g1000-sb0008	p01-s03-c0086	c0086	sb0008	alpha-by-m	1000	10	10000	0.99	0.99	0.01	new-simulation	p01-s03-c0086-v210-adaptive-g1000-sb0008	100.0	0.0	20.872861895556817	1.5061952816322768	16.283113521803116	1.2971553767258945	0.6592350051414202	0.015715490875545145	0.34375262144	0.012572168923028428	0.34331132584	0.34419391703999996	0.0008825911999999492
p01-s03-c0086-v210-adaptive-g1000-sb0009	p01-s03-c0086	c0086	sb0009	alpha-by-m	1000	10	10000	0.99	0.99	0.01	new-simulation	p01-s03-c0086-v210-adaptive-g1000-sb0009	100.0	0.0	22.64417551331082	0.8530018887480275	16.822431897731654	0.8419210646052895	0.6773291586034901	0.008104662871929484	0.26264517434	0.022241570914174072	0.24633220644	0.27895814224	0.03262593579999998
p01-s03-c0086-v210-adaptive-g1000-sb0010	p01-s03-c0086	c0086	sb0010	alpha-by-m	1000	10	10000	0.99	0.99	0.01	new-simulation	p01-s03-c0086-v210-adaptive-g1000-sb0010	100.0	0.0	23.79638833798378	0.8350841353658605	17.950808598392936	0.7245886606659933	0.6881267398589956	0.007522975410762911	0.29412213773999996	0.02196351318369344	0.27931104467999995	0.30893323079999996	0.029622186120000005
p01-s03-c0086-v210-adaptive-g1000-sb0011	p01-s03-c0086	c0086	sb0011	alpha-by-m	1000	10	10000	0.99	0.99	0.01	new-simulation	p01-s03-c0086-v210-adaptive-g1000-sb0011	100.0	0.0	25.900121127950314	1.1225382799548766	19.75336597474894	0.9634035680377049	0.7064495194950698	0.00946519095483732	0.28995937862	0.011303424271212933	0.28742454956	0.29249420768	0.005069658119999987
p01-s03-c0086-v210-adaptive-g1000-sb0012	p01-s03-c0086	c0086	sb0012	alpha-by-m	1000	10	10000	0.99	0.99	0.01	new-simulation	p01-s03-c0086-v210-adaptive-g1000-sb0012	100.0	0.0	23.606976149152715	0.7539821988460915	17.666794528089234	0.7556319969625637	0.6864085473866058	0.00708469304549503	0.2545571765	0.030416796870738776	0.22648260892	0.28263174408	0.05614913516000003
p01-s03-c0087-v210-adaptive-g1000-sb0001-reused	p01-s03-c0087	c0087	sb0001	alpha-by-m	1000	10	10000	0.99	0.99	0.1	reused-passage-100	p01-s03-c0041-v210-m010-g100-sb0001	100.0	0.0	31.72602692904418	1.0435296402598528	21.602126577767635	0.8678920452087601	0.7505939061382585	0.007088090295737149	0.1155599717	0.016245583042987944	0.12084066908	0.11027927432000001	-0.010561394759999995
p01-s03-c0087-v210-adaptive-g1000-sb0002-reused	p01-s03-c0087	c0087	sb0002	alpha-by-m	1000	10	10000	0.99	0.99	0.1	reused-passage-100	p01-s03-c0041-v210-m010-g100-sb0002	100.0	0.0	30.011689461674205	1.26796867190897	20.033658709348405	1.0247310841418031	0.7384527850498988	0.009266608888743286	0.11526582848	0.0105622527153212	0.11808664320000001	0.11244501376	-0.005641629440000004
p01-s03-c0087-v210-adaptive-g1000-sb0003-reused	p01-s03-c0087	c0087	sb0003	alpha-by-m	1000	10	10000	0.99	0.99	0.1	reused-passage-100	p01-s03-c0041-v210-m010-g100-sb0003	100.0	0.0	32.52891782325753	1.0790413782004418	21.939618351631225	0.739219517153192	0.7560172918518806	0.007223789167365654	0.11827201958	0.011165897575593785	0.12278956712	0.11375447204	-0.00903509508
p01-s03-c0087-v210-adaptive-g1000-sb0004-reused	p01-s03-c0087	c0087	sb0004	alpha-by-m	1000	10	10000	0.99	0.99	0.1	reused-passage-100	p01-s03-c0041-v210-m010-g100-sb0004	100.0	0.0	33.247132436155226	0.7814249300757191	22.1672334567179	0.8088901164237166	0.7608182186401558	0.005110684694429249	0.11588282396	0.013283257913514543	0.1148117038	0.11695394411999999	0.0021422403199999884
p01-s03-c0087-v210-adaptive-g1000-sb0005-reused	p01-s03-c0087	c0087	sb0005	alpha-by-m	1000	10	10000	0.99	0.99	0.1	reused-passage-100	p01-s03-c0041-v210-m010-g100-sb0005	100.0	0.0	31.79471733109421	1.1867237662303065	21.43319662513967	1.0252905960534358	0.7510290307357966	0.008114480927641436	0.13425635230000002	0.01591290762655351	0.14709709748	0.12141560712	-0.02568149035999999
p01-s03-c0087-v210-adaptive-g1000-sb0006-reused	p01-s03-c0087	c0087	sb0006	alpha-by-m	1000	10	10000	0.99	0.99	0.1	reused-passage-100	p01-s03-c0041-v210-m010-g100-sb0006	100.0	0.0	32.02802734965829	1.3563456896675763	21.665876871993007	1.3394491094751884	0.7525708706094503	0.009320598746576711	0.11563164329999999	0.011274055475971542	0.10812592216	0.12313736444	0.015011442279999995
p01-s03-c0087-v210-adaptive-g1000-sb0007-reused	p01-s03-c0087	c0087	sb0007	alpha-by-m	1000	10	10000	0.99	0.99	0.1	reused-passage-100	p01-s03-c0041-v210-m010-g100-sb0007	100.0	0.0	30.775356931321877	1.13818642505553	20.82614115652448	0.8812608903561219	0.7439548879893004	0.008077785600457448	0.1255057625	0.010574685466783074	0.11985845596000001	0.13115306904000001	0.011294613080000002
p01-s03-c0087-v210-adaptive-g1000-sb0008-reused	p01-s03-c0087	c0087	sb0008	alpha-by-m	1000	10	10000	0.99	0.99	0.1	reused-passage-100	p01-s03-c0041-v210-m010-g100-sb0008	100.0	0.0	31.822801840436764	0.8242093737523806	21.191222232464643	0.8663314901814945	0.7512974689506184	0.005646006102195837	0.11240210054000001	0.007197050046368464	0.11226486288	0.1125393382	0.00027447532000000885
p01-s03-c0087-v210-adaptive-g1000-sb0009-reused	p01-s03-c0087	c0087	sb0009	alpha-by-m	1000	10	10000	0.99	0.99	0.1	reused-passage-100	p01-s03-c0041-v210-m010-g100-sb0009	100.0	0.0	33.05558615674105	1.2414913010099602	22.45815186448341	0.9553078980758068	0.7594732301124172	0.008119551465863973	0.12198405316000001	0.01735464117483127	0.12353908792	0.1204290184	-0.0031100695199999945
p01-s03-c0087-v210-adaptive-g1000-sb0010-reused	p01-s03-c0087	c0087	sb0010	alpha-by-m	1000	10	10000	0.99	0.99	0.1	reused-passage-100	p01-s03-c0041-v210-m010-g100-sb0010	100.0	0.0	31.568554115560946	1.4713222535968928	20.907778559484132	1.0804701466781015	0.7494000056478441	0.009997641809894858	0.11828707162	0.011261900714439324	0.11444499756000001	0.12212914568000001	0.007684148119999998
p01-s03-c0087-v210-adaptive-g1000-sb0011-reused	p01-s03-c0087	c0087	sb0011	alpha-by-m	1000	10	10000	0.99	0.99	0.1	reused-passage-100	p01-s03-c0041-v210-m010-g100-sb0011	100.0	0.0	30.92898986005405	0.7287847872257212	20.873611778460354	0.7911342773423975	0.7451235867015078	0.005130330753858584	0.11349177802	0.009373173613610926	0.11241736504000001	0.11456619100000001	0.002148825960000003
p01-s03-c0087-v210-adaptive-g1000-sb0012-reused	p01-s03-c0087	c0087	sb0012	alpha-by-m	1000	10	10000	0.99	0.99	0.1	reused-passage-100	p01-s03-c0041-v210-m010-g100-sb0012	100.0	0.0	33.0494583281064	1.926118524961227	21.867647339098745	1.4840780051362292	0.7592153867765363	0.012798252269955518	0.11600647598	0.015226205290950614	0.10501154472	0.12700140723999997	0.021989862519999973
p01-s03-c0088-v210-adaptive-g1000-sb0001	p01-s03-c0088	c0088	sb0001	alpha-by-m	1000	10	10000	0.99	0.99	0.5	new-simulation	p01-s03-c0088-v210-adaptive-g1000-sb0001	100.0	0.0	33.96505328103548	0.45153529086513927	22.137738011373713	0.3567663661646211	0.7654973743504375	0.002883470999842431	0.034191188920000004	0.0029782094032028304	0.03402373192	0.03435864592000001	0.0003349140000000056
p01-s03-c0088-v210-adaptive-g1000-sb0002	p01-s03-c0088	c0088	sb0002	alpha-by-m	1000	10	10000	0.99	0.99	0.5	new-simulation	p01-s03-c0088-v210-adaptive-g1000-sb0002	100.0	0.0	33.741509901688595	0.5122210144858386	21.929655357908	0.34443182643597786	0.7640577217939993	0.00329788586442044	0.03439290624	0.004083360537557707	0.03449449492	0.03429131756	-0.00020317736000000086
p01-s03-c0088-v210-adaptive-g1000-sb0003	p01-s03-c0088	c0088	sb0003	alpha-by-m	1000	10	10000	0.99	0.99	0.5	new-simulation	p01-s03-c0088-v210-adaptive-g1000-sb0003	100.0	0.0	34.20547782180823	0.5112251650831143	22.28687033504954	0.4006592412911938	0.7670240488930858	0.0032470087410454095	0.03334894312	0.0036993361718061528	0.03324054436	0.03345734188	0.00021679751999999913
p01-s03-c0088-v210-adaptive-g1000-sb0004	p01-s03-c0088	c0088	sb0004	alpha-by-m	1000	10	10000	0.99	0.99	0.5	new-simulation	p01-s03-c0088-v210-adaptive-g1000-sb0004	100.0	0.0	34.01799489351409	0.39996867503668154	22.22644243931368	0.29711076860320557	0.7658396704063858	0.0025500583935087287	0.0347920236	0.0033342838172740305	0.03467878744	0.03490525976	0.00022647232000000406
p01-s03-c0088-v210-adaptive-g1000-sb0005	p01-s03-c0088	c0088	sb0005	alpha-by-m	1000	10	10000	0.99	0.99	0.5	new-simulation	p01-s03-c0088-v210-adaptive-g1000-sb0005	100.0	0.0	34.18135876176584	0.41079553554652243	22.242562715916915	0.30197833188284096	0.7668792502073483	0.0026151894746340243	0.03496820562	0.0035341177192305105	0.03501093752	0.03492547372	-8.54637999999977e-05
p01-s03-c0088-v210-adaptive-g1000-sb0006	p01-s03-c0088	c0088	sb0006	alpha-by-m	1000	10	10000	0.99	0.99	0.5	new-simulation	p01-s03-c0088-v210-adaptive-g1000-sb0006	100.0	0.0	33.939342204855514	0.49547217231660123	22.10792131901389	0.3467535122019397	0.7653289276419514	0.00318124297957862	0.0331820613	0.003432811434601408	0.033666297920000005	0.03269782468	-0.0009684732400000035
p01-s03-c0088-v210-adaptive-g1000-sb0007	p01-s03-c0088	c0088	sb0007	alpha-by-m	1000	10	10000	0.99	0.99	0.5	new-simulation	p01-s03-c0088-v210-adaptive-g1000-sb0007	100.0	0.0	34.002739109786646	0.4362202722300557	22.11601823205682	0.32325266194795554	0.7657394507916537	0.002784523061730929	0.03486338914	0.003827610092483578	0.03581049512	0.03391628316	-0.001894211960000003
p01-s03-c0088-v210-adaptive-g1000-sb0008	p01-s03-c0088	c0088	sb0008	alpha-by-m	1000	10	10000	0.99	0.99	0.5	new-simulation	p01-s03-c0088-v210-adaptive-g1000-sb0008	100.0	0.0	33.915935309417655	0.49362174350028093	22.046982734812993	0.3874716260478245	0.7651793458599081	0.0031621143722602974	0.03479609846	0.003318338135368853	0.0344597412	0.03513245572	0.0006727145199999993
p01-s03-c0088-v210-adaptive-g1000-sb0009	p01-s03-c0088	c0088	sb0009	alpha-by-m	1000	10	10000	0.99	0.99	0.5	new-simulation	p01-s03-c0088-v210-adaptive-g1000-sb0009	100.0	0.0	34.205160708850634	0.4574978508106385	22.263955817334992	0.3454468875386792	0.7670268338480528	0.002898611780461901	0.03518511304	0.00321446016565356	0.03613766096	0.03423256512	-0.0019050958399999957
p01-s03-c0088-v210-adaptive-g1000-sb0010	p01-s03-c0088	c0088	sb0010	alpha-by-m	1000	10	10000	0.99	0.99	0.5	new-simulation	p01-s03-c0088-v210-adaptive-g1000-sb0010	100.0	0.0	33.88369303619045	0.4932141564579892	22.08661717859856	0.3898639667327716	0.7649728892655778	0.003154143761529065	0.033437142999999996	0.0032298341814508812	0.034012696839999995	0.032861589159999996	-0.0011511076799999992
p01-s03-c0088-v210-adaptive-g1000-sb0011	p01-s03-c0088	c0088	sb0011	alpha-by-m	1000	10	10000	0.99	0.99	0.5	new-simulation	p01-s03-c0088-v210-adaptive-g1000-sb0011	100.0	0.0	33.85620833685109	0.4144597613168309	21.957354018100474	0.2659917236852887	0.7648032050943238	0.0026594046692580624	0.03305789576	0.003821575580570608	0.03329593372	0.032819857800000005	-0.00047607591999999227
p01-s03-c0088-v210-adaptive-g1000-sb0012	p01-s03-c0088	c0088	sb0012	alpha-by-m	1000	10	10000	0.99	0.99	0.5	new-simulation	p01-s03-c0088-v210-adaptive-g1000-sb0012	100.0	0.0	33.921768273900504	0.6394616671133732	22.07450885592546	0.435042134263708	0.7652015112029144	0.004087079779538138	0.034008051	0.002889619819386238	0.03341489792	0.03460120408	0.0011863061600000044
p01-s03-c0089-v210-adaptive-g1000-sb0001	p01-s03-c0089	c0089	sb0001	alpha-by-m	1000	10	10000	0.99	0.99	0.9	new-simulation	p01-s03-c0089-v210-adaptive-g1000-sb0001	100.0	0.0	34.2207347801837	0.08795101734394382	22.20642110688608	0.0643443362890614	0.7671439618195894	0.0005584118088780187	0.005879868220000002	0.0005985929321683057	0.005914173240000002	0.005845563200000003	-6.86100399999983e-05
p01-s03-c0089-v210-adaptive-g1000-sb0002	p01-s03-c0089	c0089	sb0002	alpha-by-m	1000	10	10000	0.99	0.99	0.9	new-simulation	p01-s03-c0089-v210-adaptive-g1000-sb0002	100.0	0.0	34.183973881423924	0.0771089965805473	22.17375971271667	0.05507803428270779	0.7669107323170627	0.0004900090666757597	0.005979496120000002	0.000540981389254056	0.0060679226800000015	0.005891069560000002	-0.00017685311999999977
p01-s03-c0089-v210-adaptive-g1000-sb0003	p01-s03-c0089	c0089	sb0003	alpha-by-m	1000	10	10000	0.99	0.99	0.9	new-simulation	p01-s03-c0089-v210-adaptive-g1000-sb0003	100.0	0.0	34.2460556044066	0.07937994646743157	22.225671122941385	0.06470122144364933	0.7673047063663491	0.0005037974216007256	0.006051221779999999	0.0005816037670973319	0.005990966239999999	0.0061114773199999976	0.00012051107999999817
p01-s03-c0089-v210-adaptive-g1000-sb0004	p01-s03-c0089	c0089	sb0004	alpha-by-m	1000	10	10000	0.99	0.99	0.9	new-simulation	p01-s03-c0089-v210-adaptive-g1000-sb0004	100.0	0.0	34.21489990040187	0.06161440683152258	22.204742557403673	0.05352769802357943	0.7671072918778283	0.0003909962877704725	0.006059995539999999	0.000624330612310962	0.006007468999999999	0.00611252208	0.00010505308000000133
p01-s03-c0089-v210-adaptive-g1000-sb0005	p01-s03-c0089	c0089	sb0005	alpha-by-m	1000	10	10000	0.99	0.99	0.9	new-simulation	p01-s03-c0089-v210-adaptive-g1000-sb0005	100.0	0.0	34.22650736798102	0.07176184954457974	22.212939570383856	0.05359988362442088	0.7671808242554913	0.00045527325417028575	0.00603330542	0.0005530266604080156	0.005867177359999999	0.006199433480000001	0.0003322561200000025
p01-s03-c0089-v210-adaptive-g1000-sb0006	p01-s03-c0089	c0089	sb0006	alpha-by-m	1000	10	10000	0.99	0.99	0.9	new-simulation	p01-s03-c0089-v210-adaptive-g1000-sb0006	100.0	0.0	34.22261440493978	0.07774339481305631	22.20569893322925	0.061460507631026666	0.7671560429587008	0.0004932528124377259	0.005923156840000002	0.0006650081734182173	0.005815165920000001	0.006031147760000001	0.00021598183999999975
p01-s03-c0089-v210-adaptive-g1000-sb0007	p01-s03-c0089	c0089	sb0007	alpha-by-m	1000	10	10000	0.99	0.99	0.9	new-simulation	p01-s03-c0089-v210-adaptive-g1000-sb0007	100.0	0.0	34.20465329338506	0.08563440499195617	22.194779244915363	0.06114871831833584	0.7670419295566338	0.0005435581825922709	0.0061142778600000005	0.000581498834480697	0.006013520800000001	0.006215034919999998	0.00020151411999999765
p01-s03-c0089-v210-adaptive-g1000-sb0008	p01-s03-c0089	c0089	sb0008	alpha-by-m	1000	10	10000	0.99	0.99	0.9	new-simulation	p01-s03-c0089-v210-adaptive-g1000-sb0008	100.0	0.0	34.23314151435354	0.08550260351926757	22.208924789535995	0.06184051552895249	0.7672227140119868	0.000542310030655378	0.006021209379999999	0.000623746075481659	0.0059713241999999975	0.00607109456	9.977036000000279e-05
p01-s03-c0089-v210-adaptive-g1000-sb0009	p01-s03-c0089	c0089	sb0009	alpha-by-m	1000	10	10000	0.99	0.99	0.9	new-simulation	p01-s03-c0089-v210-adaptive-g1000-sb0009	100.0	0.0	34.23239512756734	0.07129950148042016	22.21723988882064	0.061047956338954296	0.7672181814887794	0.0004523530873102852	0.00608009284	0.0006413208013304063	0.006216822879999999	0.005943362799999999	-0.0002734600800000002
p01-s03-c0089-v210-adaptive-g1000-sb0010	p01-s03-c0089	c0089	sb0010	alpha-by-m	1000	10	10000	0.99	0.99	0.9	new-simulation	p01-s03-c0089-v210-adaptive-g1000-sb0010	100.0	0.0	34.21175335809283	0.07761859093082116	22.200614487471938	0.06578198897858728	0.7670871184108751	0.0004927341996528972	0.006046502739999999	0.0006355296253638008	0.006037470319999999	0.006055535159999999	1.806484000000004e-05
p01-s03-c0089-v210-adaptive-g1000-sb0011	p01-s03-c0089	c0089	sb0011	alpha-by-m	1000	10	10000	0.99	0.99	0.9	new-simulation	p01-s03-c0089-v210-adaptive-g1000-sb0011	100.0	0.0	34.20063667559566	0.07166794896949454	22.18119990790431	0.06072007367822473	0.7670166284923416	0.00045484050991312505	0.006081958720000002	0.0005833407313468244	0.006072841559999999	0.006091075880000003	1.823432000000371e-05
p01-s03-c0089-v210-adaptive-g1000-sb0012	p01-s03-c0089	c0089	sb0012	alpha-by-m	1000	10	10000	0.99	0.99	0.9	new-simulation	p01-s03-c0089-v210-adaptive-g1000-sb0012	100.0	0.0	34.226338244341775	0.08989730736563796	22.202107378049494	0.06992370976824769	0.7671794854378231	0.0005700629666003993	0.006031992960000001	0.0005461413340634918	0.00607245264	0.0059915332800000035	-8.091935999999644e-05
p01-s03-c0090-v210-adaptive-g1000-sb0001	p01-s03-c0090	c0090	sb0001	alpha-by-m	1000	10	10000	0.99	0.99	0.99	new-simulation	p01-s03-c0090-v210-adaptive-g1000-sb0001	100.0	0.0	34.228091778711224	0.008789222507448536	22.206267394468952	0.006234670905545776	0.7671913368984116	5.576309054848349e-05	0.0005949342400000018	6.285145826781025e-05	0.0005949940000000004	0.0005948744800000033	-1.1951999999708536e-07
p01-s03-c0090-v210-adaptive-g1000-sb0002	p01-s03-c0090	c0090	sb0002	alpha-by-m	1000	10	10000	0.99	0.99	0.99	new-simulation	p01-s03-c0090-v210-adaptive-g1000-sb0002	100.0	0.0	34.22387045875193	0.008334425448193539	22.202484427726667	0.0055612185760617	0.7671645553776307	5.288368596389512e-05	0.0006050587600000026	5.5606313392679736e-05	0.0006000085600000013	0.0006101089600000038	1.0100400000002496e-05
p01-s03-c0090-v210-adaptive-g1000-sb0003	p01-s03-c0090	c0090	sb0003	alpha-by-m	1000	10	10000	0.99	0.99	0.99	new-simulation	p01-s03-c0090-v210-adaptive-g1000-sb0003	100.0	0.0	34.230171601912325	0.0075677055599901785	22.208092281085293	0.006738577861976818	0.7672045329682691	4.800952501344521e-05	0.0006037498200000001	5.556574754718164e-05	0.0006019792000000003	0.00060552044	3.5412399999997174e-06
p01-s03-c0090-v210-adaptive-g1000-sb0004	p01-s03-c0090	c0090	sb0004	alpha-by-m	1000	10	10000	0.99	0.99	0.99	new-simulation	p01-s03-c0090-v210-adaptive-g1000-sb0004	100.0	0.0	34.22716936908788	0.007617009408172327	22.20601797834511	0.006272019805114907	0.7671854866859479	4.832408875994783e-05	0.000618298720000001	6.0511274083984625e-05	0.000609185640000001	0.000627411800000001	1.8226159999999996e-05
p01-s03-c0090-v210-adaptive-g1000-sb0005	p01-s03-c0090	c0090	sb0005	alpha-by-m	1000	10	10000	0.99	0.99	0.99	new-simulation	p01-s03-c0090-v210-adaptive-g1000-sb0005	100.0	0.0	34.22931454797081	0.00876327030164101	22.20710155667991	0.005860504149010646	0.7671990942013873	5.5593553195665865e-05	0.0006023979600000015	5.829467692398587e-05	0.0005849907999999997	0.0006198051200000035	3.48143200000038e-05
p01-s03-c0090-v210-adaptive-g1000-sb0006	p01-s03-c0090	c0090	sb0006	alpha-by-m	1000	10	10000	0.99	0.99	0.99	new-simulation	p01-s03-c0090-v210-adaptive-g1000-sb0006	100.0	0.0	34.22736284087002	0.008342886114380702	22.20538445864254	0.005814592711734547	0.7671867130723826	5.2928474786786796e-05	0.0005938293800000024	6.59158425238463e-05	0.0005860474000000003	0.0006016113600000045	1.55639600000042e-05
p01-s03-c0090-v210-adaptive-g1000-sb0007	p01-s03-c0090	c0090	sb0007	alpha-by-m	1000	10	10000	0.99	0.99	0.99	new-simulation	p01-s03-c0090-v210-adaptive-g1000-sb0007	100.0	0.0	34.22580134885113	0.008880947533440832	22.204542592553548	0.006493686044556696	0.7671768054947071	5.634565783272357e-05	0.0006139258000000006	6.344969472916648e-05	0.0006023738400000015	0.0006254777599999996	2.310391999999807e-05
p01-s03-c0090-v210-adaptive-g1000-sb0008	p01-s03-c0090	c0090	sb0008	alpha-by-m	1000	10	10000	0.99	0.99	0.99	new-simulation	p01-s03-c0090-v210-adaptive-g1000-sb0008	100.0	0.0	34.22901084522851	0.00807224336017326	22.20644850772396	0.0061136502572554895	0.767197168590547	5.1209124611580864e-05	0.000597885679999997	6.764570882733543e-05	0.0005956307599999961	0.0006001405999999979	4.509840000001828e-06
p01-s03-c0090-v210-adaptive-g1000-sb0009	p01-s03-c0090	c0090	sb0009	alpha-by-m	1000	10	10000	0.99	0.99	0.99	new-simulation	p01-s03-c0090-v210-adaptive-g1000-sb0009	100.0	0.0	34.229370686631775	0.007778766778730093	22.20730831008528	0.0066617997795323245	0.7671994518180983	4.934699351819544e-05	0.0006125702599999996	5.882259494127179e-05	0.0006088543999999997	0.0006162861199999996	7.431719999999851e-06
p01-s03-c0090-v210-adaptive-g1000-sb0010	p01-s03-c0090	c0090	sb0010	alpha-by-m	1000	10	10000	0.99	0.99	0.99	new-simulation	p01-s03-c0090-v210-adaptive-g1000-sb0010	100.0	0.0	34.22620574153455	0.00830063079203247	22.205520743799365	0.006809935505778431	0.7671793720744416	5.2661532052466784e-05	0.0005998328200000014	6.021191590987767e-05	0.000589871920000001	0.0006097937200000018	1.9921800000000708e-05
p01-s03-c0090-v210-adaptive-g1000-sb0011	p01-s03-c0090	c0090	sb0011	alpha-by-m	1000	10	10000	0.99	0.99	0.99	new-simulation	p01-s03-c0090-v210-adaptive-g1000-sb0011	100.0	0.0	34.226531928109864	0.00834729094953676	22.204108075211224	0.006043761327065156	0.7671814414757985	5.2958900617122414e-05	0.0006073754600000017	6.0292185841951824e-05	0.0006078610400000006	0.0006068898800000029	-9.711599999977357e-07
p01-s03-c0090-v210-adaptive-g1000-sb0012	p01-s03-c0090	c0090	sb0012	alpha-by-m	1000	10	10000	0.99	0.99	0.99	new-simulation	p01-s03-c0090-v210-adaptive-g1000-sb0012	100.0	0.0	34.22833426828903	0.007847628586555537	22.20610422025677	0.006670279654742921	0.7671928767002028	4.9785429535456e-05	0.0006093365600000008	5.229271919319804e-05	0.0006076152399999994	0.0006110578800000021	3.4426400000027403e-06
