run_id	cell_id	cell	seed_block_id	panel	H	B	HB	alpha_target	alpha	m	generation	source_role	source_run_id	D0	shannon	simpson	D1	D2	evenness	TV	turnover	realized_host_feedback	mean_adult_richness	mean_adult_gene_diversity
p01-s03-c0051-v210-adaptive-g1000-sb0001	p01-s03-c0051	c0051	sb0001	H-by-B	100	1	100	0.5	0.5	0.1	100	new-simulation	p01-s03-c0051-v210-adaptive-g1000-sb0001	100	3.373957568721527	0.9532355241070855	29.193835346687955	21.38375296432038	0.7326455771357353	0.30842128999999996	0.107716183	0.5	1.0	0.0
p01-s03-c0051-v210-adaptive-g1000-sb0002	p01-s03-c0051	c0051	sb0002	H-by-B	100	1	100	0.5	0.5	0.1	100	new-simulation	p01-s03-c0051-v210-adaptive-g1000-sb0002	100	3.3032548541981424	0.9486016492017395	27.20103037989212	19.455877172499537	0.7172926777491919	0.276027304	0.09006108900000001	0.5	1.0	0.0
p01-s03-c0051-v210-adaptive-g1000-sb0003	p01-s03-c0051	c0051	sb0003	H-by-B	100	1	100	0.5	0.5	0.1	100	new-simulation	p01-s03-c0051-v210-adaptive-g1000-sb0003	100	3.2227804265070525	0.9445960052019459	25.097805863176504	18.0492400168069	0.6998178778089106	0.23353111099999996	0.111426652	0.5	1.0	0.0
p01-s03-c0051-v210-adaptive-g1000-sb0004	p01-s03-c0051	c0051	sb0004	H-by-B	100	1	100	0.5	0.5	0.1	100	new-simulation	p01-s03-c0051-v210-adaptive-g1000-sb0004	100	3.3209929334869295	0.945109590135445	27.687829086764317	18.218118656201597	0.7211444527265332	0.22037340200000002	0.106238379	0.5	1.0	0.0
p01-s03-c0051-v210-adaptive-g1000-sb0005	p01-s03-c0051	c0051	sb0005	H-by-B	100	1	100	0.5	0.5	0.1	100	new-simulation	p01-s03-c0051-v210-adaptive-g1000-sb0005	100	3.2444189490407953	0.9450567384621559	25.64680363010009	18.200594067594896	0.7045166232753824	0.20680989299999997	0.08305773000000001	0.5	1.0	0.0
p01-s03-c0051-v210-adaptive-g1000-sb0006	p01-s03-c0051	c0051	sb0006	H-by-B	100	1	100	0.5	0.5	0.1	100	new-simulation	p01-s03-c0051-v210-adaptive-g1000-sb0006	100	3.307296479839112	0.9498616826390718	27.31118922218581	19.944825686936205	0.7181703056060877	0.267721579	0.10003695799999998	0.5	1.0	0.0
p01-s03-c0051-v210-adaptive-g1000-sb0007	p01-s03-c0051	c0051	sb0007	H-by-B	100	1	100	0.5	0.5	0.1	100	new-simulation	p01-s03-c0051-v210-adaptive-g1000-sb0007	100	3.1832821767951045	0.9429072141783471	24.125808914438775	17.515347790591484	0.6912409418615427	0.203691708	0.12021722099999999	0.5	1.0	0.0
p01-s03-c0051-v210-adaptive-g1000-sb0008	p01-s03-c0051	c0051	sb0008	H-by-B	100	1	100	0.5	0.5	0.1	100	new-simulation	p01-s03-c0051-v210-adaptive-g1000-sb0008	100	3.266888020318653	0.9400915655650464	26.229586262780877	16.69214042115827	0.7093957201101146	0.25334912	0.108270348	0.5	1.0	0.0
p01-s03-c0051-v210-adaptive-g1000-sb0009	p01-s03-c0051	c0051	sb0009	H-by-B	100	1	100	0.5	0.5	0.1	100	new-simulation	p01-s03-c0051-v210-adaptive-g1000-sb0009	100	3.319306131928069	0.9483407784510103	27.641164581444	19.357628125535626	0.7207781684219937	0.20847681399999998	0.11465941000000002	0.5	1.0	0.0
p01-s03-c0051-v210-adaptive-g1000-sb0010	p01-s03-c0051	c0051	sb0010	H-by-B	100	1	100	0.5	0.5	0.1	100	new-simulation	p01-s03-c0051-v210-adaptive-g1000-sb0010	100	3.3190901922837193	0.9476757462068189	27.63519640260127	19.111596009618008	0.7207312777240111	0.268453881	0.08663468400000002	0.5	1.0	0.0
p01-s03-c0051-v210-adaptive-g1000-sb0011	p01-s03-c0051	c0051	sb0011	H-by-B	100	1	100	0.5	0.5	0.1	100	new-simulation	p01-s03-c0051-v210-adaptive-g1000-sb0011	100	3.277413738096947	0.9481011091958076	26.507129594182032	19.268234532658255	0.7116813506847066	0.29425873999999996	0.10899596299999999	0.5	1.0	0.0
p01-s03-c0051-v210-adaptive-g1000-sb0012	p01-s03-c0051	c0051	sb0012	H-by-B	100	1	100	0.5	0.5	0.1	100	new-simulation	p01-s03-c0051-v210-adaptive-g1000-sb0012	100	3.280305753202331	0.9446369361417286	26.58389956982631	18.06258415466286	0.7123093437856313	0.24365174799999997	0.10778316899999998	0.5	1.0	0.0
p01-s03-c0052-v210-adaptive-g1000-sb0001	p01-s03-c0052	c0052	sb0001	H-by-B	100	5	500	0.5	0.5	0.1	100	new-simulation	p01-s03-c0052-v210-adaptive-g1000-sb0001	100	3.3565272663028134	0.9526528134973953	28.689387082267817	21.120579148773416	0.7288606350565592	0.22574818999999996	0.088680186	0.5	2.04	0.3109054144527357
p01-s03-c0052-v210-adaptive-g1000-sb0002	p01-s03-c0052	c0052	sb0002	H-by-B	100	5	500	0.5	0.5	0.1	100	new-simulation	p01-s03-c0052-v210-adaptive-g1000-sb0002	100	3.496899759818715	0.9575271684128083	33.01294508397812	23.544462721943024	0.7593421347290372	0.219554862	0.10388917799999998	0.5	2.01	0.2982638196681361
p01-s03-c0052-v210-adaptive-g1000-sb0003	p01-s03-c0052	c0052	sb0003	H-by-B	100	5	500	0.5	0.5	0.1	100	new-simulation	p01-s03-c0052-v210-adaptive-g1000-sb0003	100	3.30053280984441	0.9444181732821405	27.127088650720125	17.991492166605635	0.716701593328031	0.193330661	0.088637792	0.5	2.12	0.3337929773324295
p01-s03-c0052-v210-adaptive-g1000-sb0004	p01-s03-c0052	c0052	sb0004	H-by-B	100	5	500	0.5	0.5	0.1	100	new-simulation	p01-s03-c0052-v210-adaptive-g1000-sb0004	100	3.2836709679039684	0.9420207330246593	26.673510795424335	17.24754472017232	0.7130400908733017	0.24664654899999996	0.09225315799999999	0.5	2.09	0.3293803819780636
p01-s03-c0052-v210-adaptive-g1000-sb0005	p01-s03-c0052	c0052	sb0005	H-by-B	100	5	500	0.5	0.5	0.1	100	new-simulation	p01-s03-c0052-v210-adaptive-g1000-sb0005	100	3.2091284577192885	0.9409355600444029	24.757499611455	16.9306608299642	0.6968533904530899	0.21110266400000002	0.083265032	0.5	2.07	0.32037756571885173
p01-s03-c0052-v210-adaptive-g1000-sb0006	p01-s03-c0052	c0052	sb0006	H-by-B	100	5	500	0.5	0.5	0.1	100	new-simulation	p01-s03-c0052-v210-adaptive-g1000-sb0006	100	3.362944728394505	0.9536614108350365	28.874092171351148	21.580285848583813	0.7302541692436817	0.23284107599999998	0.099225273	0.5	2.08	0.3228089324225176
p01-s03-c0052-v210-adaptive-g1000-sb0007	p01-s03-c0052	c0052	sb0007	H-by-B	100	5	500	0.5	0.5	0.1	100	new-simulation	p01-s03-c0052-v210-adaptive-g1000-sb0007	100	3.331252467271055	0.9470610263320028	27.97335548405751	18.889674859800373	0.723372282181206	0.20101421	0.091811947	0.5	1.91	0.2842215438082479
p01-s03-c0052-v210-adaptive-g1000-sb0008	p01-s03-c0052	c0052	sb0008	H-by-B	100	5	500	0.5	0.5	0.1	100	new-simulation	p01-s03-c0052-v210-adaptive-g1000-sb0008	100	3.387877522933595	0.9497084856740807	29.603053740977682	19.884070173735427	0.7356682567870588	0.22105568000000003	0.10912464500000002	0.5	1.97	0.2856229814273499
p01-s03-c0052-v210-adaptive-g1000-sb0009	p01-s03-c0052	c0052	sb0009	H-by-B	100	5	500	0.5	0.5	0.1	100	new-simulation	p01-s03-c0052-v210-adaptive-g1000-sb0009	100	3.3611346127838604	0.9479693096128665	28.821874001088986	19.219425930340645	0.7298611076330267	0.23621103700000004	0.091753286	0.5	2.04	0.3139064971509658
p01-s03-c0052-v210-adaptive-g1000-sb0010	p01-s03-c0052	c0052	sb0010	H-by-B	100	5	500	0.5	0.5	0.1	100	new-simulation	p01-s03-c0052-v210-adaptive-g1000-sb0010	100	3.2693306962617066	0.9474721007206303	26.29373495748173	19.037502236316314	0.7099261404516877	0.187023515	0.09953529300000004	0.5	1.97	0.29273914637241805
p01-s03-c0052-v210-adaptive-g1000-sb0011	p01-s03-c0052	c0052	sb0011	H-by-B	100	5	500	0.5	0.5	0.1	100	new-simulation	p01-s03-c0052-v210-adaptive-g1000-sb0011	100	3.3081521518040757	0.949384512342075	27.334568642263726	19.75679868498564	0.7183561124124394	0.15956223400000002	0.07895994699999999	0.5	2.09	0.30651073619017555
p01-s03-c0052-v210-adaptive-g1000-sb0012	p01-s03-c0052	c0052	sb0012	H-by-B	100	5	500	0.5	0.5	0.1	100	new-simulation	p01-s03-c0052-v210-adaptive-g1000-sb0012	100	3.4413361152776143	0.9554818234438035	31.228655389524437	22.4627349401356	0.7472766426197204	0.239537046	0.09428777399999999	0.5	1.98	0.30508003509894144
p01-s03-c0053-v210-adaptive-g1000-sb0001-reused	p01-s03-c0053	c0053	sb0001	H-by-B	100	10	1000	0.5	0.5	0.1	100	reused-passage-100	p01-s02-c0022-v210-m010-g250-sb0001	100	3.4217007125593826	0.954618279755803	30.62144904402565	22.035303964218343	0.7430128690944823	0.18409745900000002		0.5		
p01-s03-c0053-v210-adaptive-g1000-sb0002-reused	p01-s03-c0053	c0053	sb0002	H-by-B	100	10	1000	0.5	0.5	0.1	100	reused-passage-100	p01-s02-c0022-v210-m010-g250-sb0002	100	3.2651002437651675	0.9467273339855167	26.18273551526509	18.77135264317591	0.7090075093640873	0.15607835899999997		0.5		
p01-s03-c0053-v210-adaptive-g1000-sb0003-reused	p01-s03-c0053	c0053	sb0003	H-by-B	100	10	1000	0.5	0.5	0.1	100	reused-passage-100	p01-s02-c0022-v210-m010-g250-sb0003	100	3.319632525002818	0.9455599329180535	27.650187938641924	18.368823802048947	0.7208490437776411	0.19790571599999998		0.5		
p01-s03-c0053-v210-adaptive-g1000-sb0004-reused	p01-s03-c0053	c0053	sb0004	H-by-B	100	10	1000	0.5	0.5	0.1	100	reused-passage-100	p01-s02-c0022-v210-m010-g250-sb0004	100	3.2881739557077134	0.946242671983659	26.793892123632283	18.602115039944355	0.7140179022509237	0.136612196		0.5		
p01-s03-c0053-v210-adaptive-g1000-sb0005-reused	p01-s03-c0053	c0053	sb0005	H-by-B	100	10	1000	0.5	0.5	0.1	100	reused-passage-100	p01-s02-c0022-v210-m010-g250-sb0005	100	3.404964309863796	0.9530306011041033	30.113220959781053	21.290457691749634	0.7393786054256803	0.155423049		0.5		
p01-s03-c0053-v210-adaptive-g1000-sb0006-reused	p01-s03-c0053	c0053	sb0006	H-by-B	100	10	1000	0.5	0.5	0.1	100	reused-passage-100	p01-s02-c0022-v210-m010-g250-sb0006	100	3.519865179178155	0.9552482697959356	33.779873926468625	22.34550475344927	0.7643290121802366	0.17047428800000006		0.5		
p01-s03-c0053-v210-adaptive-g1000-sb0007-reused	p01-s03-c0053	c0053	sb0007	H-by-B	100	10	1000	0.5	0.5	0.1	100	reused-passage-100	p01-s02-c0022-v210-m010-g250-sb0007	100	3.3496725783822447	0.9508766848689014	28.493402760257037	20.35693229032354	0.7273721584870233	0.184544243		0.5		
p01-s03-c0053-v210-adaptive-g1000-sb0008-reused	p01-s03-c0053	c0053	sb0008	H-by-B	100	10	1000	0.5	0.5	0.1	100	reused-passage-100	p01-s02-c0022-v210-m010-g250-sb0008	100	3.3053852274609934	0.9425233791583802	27.259040497397233	17.39837842512627	0.7177552824254171	0.17783667300000003		0.5		
p01-s03-c0053-v210-adaptive-g1000-sb0009-reused	p01-s03-c0053	c0053	sb0009	H-by-B	100	10	1000	0.5	0.5	0.1	100	reused-passage-100	p01-s02-c0022-v210-m010-g250-sb0009	100	3.2667884897569035	0.9391484450633409	26.226975747240875	16.43343380528088	0.7093741073232404	0.177277132		0.5		
p01-s03-c0053-v210-adaptive-g1000-sb0010-reused	p01-s03-c0053	c0053	sb0010	H-by-B	100	10	1000	0.5	0.5	0.1	100	reused-passage-100	p01-s02-c0022-v210-m010-g250-sb0010	100	3.3336491605697702	0.9486194113068921	28.040479443329644	19.462603007001707	0.7238927175184293	0.152436045		0.5		
p01-s03-c0053-v210-adaptive-g1000-sb0011-reused	p01-s03-c0053	c0053	sb0011	H-by-B	100	10	1000	0.5	0.5	0.1	100	reused-passage-100	p01-s02-c0022-v210-m010-g250-sb0011	100	3.4299053630111693	0.9521034134013177	30.873720815445722	20.878314531656226	0.7447944863030602	0.186309885		0.5		
p01-s03-c0053-v210-adaptive-g1000-sb0012-reused	p01-s03-c0053	c0053	sb0012	H-by-B	100	10	1000	0.5	0.5	0.1	100	reused-passage-100	p01-s02-c0022-v210-m010-g250-sb0012	100	3.4135206921550645	0.9527334144710015	30.371986660744362	21.156594850425357	0.7412366002327566	0.16561923800000003		0.5		
p01-s03-c0054-v210-adaptive-g1000-sb0001	p01-s03-c0054	c0054	sb0001	H-by-B	100	50	5000	0.5	0.5	0.1	100	new-simulation	p01-s03-c0054-v210-adaptive-g1000-sb0001	100	3.486633445935647	0.9532972905000181	32.67575762523196	21.412033920652647	0.7571128329945856	0.101170771	0.043310047	0.5	11.67	0.8477410381252933
p01-s03-c0054-v210-adaptive-g1000-sb0002	p01-s03-c0054	c0054	sb0002	H-by-B	100	50	5000	0.5	0.5	0.1	100	new-simulation	p01-s03-c0054-v210-adaptive-g1000-sb0002	100	3.485859319798114	0.9544530543286921	32.65047225548611	21.955369021153622	0.7569447336396717	0.09545143999999998	0.04685606599999998	0.5	11.94	0.8456233392115924
p01-s03-c0054-v210-adaptive-g1000-sb0003	p01-s03-c0054	c0054	sb0003	H-by-B	100	50	5000	0.5	0.5	0.1	100	new-simulation	p01-s03-c0054-v210-adaptive-g1000-sb0003	100	3.493323811799137	0.954851573172377	32.895103331948675	22.149165990168523	0.7585656274827994	0.08529833599999999	0.043467788	0.5	11.95	0.8471545454041448
p01-s03-c0054-v210-adaptive-g1000-sb0004	p01-s03-c0054	c0054	sb0004	H-by-B	100	50	5000	0.5	0.5	0.1	100	new-simulation	p01-s03-c0054-v210-adaptive-g1000-sb0004	100	3.4479791790788172	0.9519143968885028	31.436799932987736	20.796245347724494	0.7487191655956171	0.072890989	0.039272781000000014	0.5	11.68	0.8460283238300157
p01-s03-c0054-v210-adaptive-g1000-sb0005	p01-s03-c0054	c0054	sb0005	H-by-B	100	50	5000	0.5	0.5	0.1	100	new-simulation	p01-s03-c0054-v210-adaptive-g1000-sb0005	100	3.528177444401212	0.9548206197328417	34.06183142705349	22.133991083691757	0.7661339976394816	0.088686031	0.051960817999999985	0.5	11.79	0.8413098888737703
p01-s03-c0054-v210-adaptive-g1000-sb0006	p01-s03-c0054	c0054	sb0006	H-by-B	100	50	5000	0.5	0.5	0.1	100	new-simulation	p01-s03-c0054-v210-adaptive-g1000-sb0006	100	3.520093177740736	0.9563912474789042	33.787576567230175	22.931176476929693	0.7643785214390421	0.088926459	0.03497419299999999	0.5	12.06	0.8510977125564168
p01-s03-c0054-v210-adaptive-g1000-sb0007	p01-s03-c0054	c0054	sb0007	H-by-B	100	50	5000	0.5	0.5	0.1	100	new-simulation	p01-s03-c0054-v210-adaptive-g1000-sb0007	100	3.394755997436508	0.9488911032691035	29.807379510529632	19.566065087753657	0.7371618985473225	0.122844507	0.04495411900000001	0.5	11.66	0.8470857979526604
p01-s03-c0054-v210-adaptive-g1000-sb0008	p01-s03-c0054	c0054	sb0008	H-by-B	100	50	5000	0.5	0.5	0.1	100	new-simulation	p01-s03-c0054-v210-adaptive-g1000-sb0008	100	3.4319597600176426	0.9515373577754552	30.937212891702423	20.634450663392286	0.7452405929448352	0.094326783	0.040470690999999996	0.5	11.52	0.8344845141412545
p01-s03-c0054-v210-adaptive-g1000-sb0009	p01-s03-c0054	c0054	sb0009	H-by-B	100	50	5000	0.5	0.5	0.1	100	new-simulation	p01-s03-c0054-v210-adaptive-g1000-sb0009	100	3.5074444098073196	0.9552310092258579	33.36289685185593	22.336889501149667	0.7616318763808633	0.100038051	0.04060151700000001	0.5	11.8	0.848711408828446
p01-s03-c0054-v210-adaptive-g1000-sb0010	p01-s03-c0054	c0054	sb0010	H-by-B	100	50	5000	0.5	0.5	0.1	100	new-simulation	p01-s03-c0054-v210-adaptive-g1000-sb0010	100	3.397886849022099	0.9471223107346264	29.900848233932763	18.911567693160148	0.7378417543309627	0.10182289999999998	0.04445009999999999	0.5	11.39	0.8408593762701132
p01-s03-c0054-v210-adaptive-g1000-sb0011	p01-s03-c0054	c0054	sb0011	H-by-B	100	50	5000	0.5	0.5	0.1	100	new-simulation	p01-s03-c0054-v210-adaptive-g1000-sb0011	100	3.484286048130643	0.9552025238010364	32.599144579333455	22.32268611648118	0.7566031020378131	0.09064795	0.033728694000000004	0.5	11.91	0.8517234720120238
p01-s03-c0054-v210-adaptive-g1000-sb0012	p01-s03-c0054	c0054	sb0012	H-by-B	100	50	5000	0.5	0.5	0.1	100	new-simulation	p01-s03-c0054-v210-adaptive-g1000-sb0012	100	3.5004127526181397	0.9565327325152913	33.1291232694297	23.00581697139778	0.7601049714229152	0.108825471	0.031996338999999985	0.5	11.76	0.8474693073099773
p01-s03-c0055-v210-adaptive-g1000-sb0001	p01-s03-c0055	c0055	sb0001	H-by-B	1000	1	1000	0.5	0.5	0.1	100	new-simulation	p01-s03-c0055-v210-adaptive-g1000-sb0001	100	3.472171310536411	0.9535048185838579	32.2065971028623	21.507605079541072	0.7539724201943727	0.09263421400000003	0.041443735000000016	0.5	1.0	0.0
p01-s03-c0055-v210-adaptive-g1000-sb0002	p01-s03-c0055	c0055	sb0002	H-by-B	1000	1	1000	0.5	0.5	0.1	100	new-simulation	p01-s03-c0055-v210-adaptive-g1000-sb0002	100	3.4569784999571658	0.9525287971084262	31.720986608546504	21.065402582783513	0.750673343294789	0.07695286400000002	0.03958354099999999	0.5	1.0	0.0
p01-s03-c0055-v210-adaptive-g1000-sb0003	p01-s03-c0055	c0055	sb0003	H-by-B	1000	1	1000	0.5	0.5	0.1	100	new-simulation	p01-s03-c0055-v210-adaptive-g1000-sb0003	100	3.5500144561085882	0.9573093829565145	34.813820756337584	23.424351046071312	0.7708758444823668	0.103394263	0.036069890999999986	0.5	1.0	0.0
p01-s03-c0055-v210-adaptive-g1000-sb0004	p01-s03-c0055	c0055	sb0004	H-by-B	1000	1	1000	0.5	0.5	0.1	100	new-simulation	p01-s03-c0055-v210-adaptive-g1000-sb0004	100	3.4906906692015287	0.9535057113418395	32.808599772197205	21.50801805684759	0.7579938478326966	0.07956194200000001	0.04016804099999999	0.5	1.0	0.0
p01-s03-c0055-v210-adaptive-g1000-sb0005	p01-s03-c0055	c0055	sb0005	H-by-B	1000	1	1000	0.5	0.5	0.1	100	new-simulation	p01-s03-c0055-v210-adaptive-g1000-sb0005	100	3.4963507662431326	0.9552645361077493	32.99482616325657	22.35362982730185	0.7592229222887993	0.09620657500000002	0.029860206999999996	0.5	1.0	0.0
p01-s03-c0055-v210-adaptive-g1000-sb0006	p01-s03-c0055	c0055	sb0006	H-by-B	1000	1	1000	0.5	0.5	0.1	100	new-simulation	p01-s03-c0055-v210-adaptive-g1000-sb0006	100	3.5114616887113517	0.9556529721669128	33.49719448847369	22.54942549394266	0.762504217411007	0.09637213999999998	0.032771458999999996	0.5	1.0	0.0
p01-s03-c0055-v210-adaptive-g1000-sb0007	p01-s03-c0055	c0055	sb0007	H-by-B	1000	1	1000	0.5	0.5	0.1	100	new-simulation	p01-s03-c0055-v210-adaptive-g1000-sb0007	100	3.5470042819100165	0.9563781755839665	34.70918265980411	22.924304826472248	0.7702221934603631	0.10734108399999999	0.043322990000000006	0.5	1.0	0.0
p01-s03-c0055-v210-adaptive-g1000-sb0008	p01-s03-c0055	c0055	sb0008	H-by-B	1000	1	1000	0.5	0.5	0.1	100	new-simulation	p01-s03-c0055-v210-adaptive-g1000-sb0008	100	3.512487312354674	0.9550786475349442	33.53156762706474	22.261128508494867	0.7627269287554092	0.09847836599999998	0.044799235	0.5	1.0	0.0
p01-s03-c0055-v210-adaptive-g1000-sb0009	p01-s03-c0055	c0055	sb0009	H-by-B	1000	1	1000	0.5	0.5	0.1	100	new-simulation	p01-s03-c0055-v210-adaptive-g1000-sb0009	100	3.4372269749414524	0.9495762065926745	31.10059574972581	19.831907368054548	0.7463843541330397	0.090287477	0.04058826999999999	0.5	1.0	0.0
p01-s03-c0055-v210-adaptive-g1000-sb0010	p01-s03-c0055	c0055	sb0010	H-by-B	1000	1	1000	0.5	0.5	0.1	100	new-simulation	p01-s03-c0055-v210-adaptive-g1000-sb0010	100	3.430992960830303	0.9515301243822242	30.907317273278597	20.63137128483285	0.7450306551687502	0.09348641100000002	0.03907815100000001	0.5	1.0	0.0
p01-s03-c0055-v210-adaptive-g1000-sb0011	p01-s03-c0055	c0055	sb0011	H-by-B	1000	1	1000	0.5	0.5	0.1	100	new-simulation	p01-s03-c0055-v210-adaptive-g1000-sb0011	100	3.501862346129177	0.9538707906406275	33.17718185583938	21.6782384499469	0.7604197466543383	0.089973997	0.038098405	0.5	1.0	0.0
p01-s03-c0055-v210-adaptive-g1000-sb0012	p01-s03-c0055	c0055	sb0012	H-by-B	1000	1	1000	0.5	0.5	0.1	100	new-simulation	p01-s03-c0055-v210-adaptive-g1000-sb0012	100	3.4356097323230266	0.9497462537799228	31.050339190299525	19.899014008242926	0.7460331743604992	0.08340873200000001	0.035291108999999994	0.5	1.0	0.0
p01-s03-c0056-v210-adaptive-g1000-sb0001	p01-s03-c0056	c0056	sb0001	H-by-B	1000	5	5000	0.5	0.5	0.1	100	new-simulation	p01-s03-c0056-v210-adaptive-g1000-sb0001	100	3.4898665682683774	0.9526265474916802	32.78157331230452	21.108868935072422	0.7578148965887971	0.072048353	0.029164606000000013	0.5	2.077	0.32334467024979924
p01-s03-c0056-v210-adaptive-g1000-sb0002	p01-s03-c0056	c0056	sb0002	H-by-B	1000	5	5000	0.5	0.5	0.1	100	new-simulation	p01-s03-c0056-v210-adaptive-g1000-sb0002	100	3.5456719167778292	0.9572859167141706	34.662968149199386	23.411482187462855	0.7699328740479685	0.06566408	0.034203287000000006	0.5	2.03	0.30448958238859936
p01-s03-c0056-v210-adaptive-g1000-sb0003	p01-s03-c0056	c0056	sb0003	H-by-B	1000	5	5000	0.5	0.5	0.1	100	new-simulation	p01-s03-c0056-v210-adaptive-g1000-sb0003	100	3.5570067883029948	0.9570235569556116	35.058103614164665	23.2685613131628	0.7723942101261994	0.07432368	0.034297293000000006	0.5	2.032	0.30686896991521206
p01-s03-c0056-v210-adaptive-g1000-sb0004	p01-s03-c0056	c0056	sb0004	H-by-B	1000	5	5000	0.5	0.5	0.1	100	new-simulation	p01-s03-c0056-v210-adaptive-g1000-sb0004	100	3.544864198769439	0.9564026840697514	34.63498154976276	22.937191858322187	0.7697574803109797	0.07879553700000003	0.036494847999999996	0.5	2.074	0.31297386959357437
p01-s03-c0056-v210-adaptive-g1000-sb0005	p01-s03-c0056	c0056	sb0005	H-by-B	1000	5	5000	0.5	0.5	0.1	100	new-simulation	p01-s03-c0056-v210-adaptive-g1000-sb0005	100	3.4476241607299434	0.9526078791155645	31.425641273063363	21.100553875579372	0.748642074340672	0.06943858499999998	0.03273124399999999	0.5	2.056	0.3110539005226238
p01-s03-c0056-v210-adaptive-g1000-sb0006	p01-s03-c0056	c0056	sb0006	H-by-B	1000	5	5000	0.5	0.5	0.1	100	new-simulation	p01-s03-c0056-v210-adaptive-g1000-sb0006	100	3.531061325786149	0.9564058660062543	34.16020348714111	22.938866044304675	0.7667602245254524	0.08491795699999999	0.030363350000000004	0.5	2.051	0.30342779910148465
p01-s03-c0056-v210-adaptive-g1000-sb0007	p01-s03-c0056	c0056	sb0007	H-by-B	1000	5	5000	0.5	0.5	0.1	100	new-simulation	p01-s03-c0056-v210-adaptive-g1000-sb0007	100	3.5073056492682793	0.954766839189888	33.3582677194827	22.10767459293819	0.7616017449126578	0.07962705599999997	0.04009141499999998	0.5	1.998	0.30764966284296913
p01-s03-c0056-v210-adaptive-g1000-sb0008	p01-s03-c0056	c0056	sb0008	H-by-B	1000	5	5000	0.5	0.5	0.1	100	new-simulation	p01-s03-c0056-v210-adaptive-g1000-sb0008	100	3.561433364325502	0.9567869010821204	35.213634956709384	23.14113139398679	0.7733554288963493	0.070882026	0.031664034	0.5	2.079	0.31536727853969676
p01-s03-c0056-v210-adaptive-g1000-sb0009	p01-s03-c0056	c0056	sb0009	H-by-B	1000	5	5000	0.5	0.5	0.1	100	new-simulation	p01-s03-c0056-v210-adaptive-g1000-sb0009	100	3.428502315754411	0.9498418254034384	30.83043390004465	19.936929683811734	0.7444898184623304	0.08074333199999999	0.032457485	0.5	2.046	0.32021380383564624
p01-s03-c0056-v210-adaptive-g1000-sb0010	p01-s03-c0056	c0056	sb0010	H-by-B	1000	5	5000	0.5	0.5	0.1	100	new-simulation	p01-s03-c0056-v210-adaptive-g1000-sb0010	100	3.4723834147941357	0.9517100372775325	32.21342898374453	20.708237149554396	0.7540184780487317	0.06781242500000001	0.030912226000000008	0.5	2.009	0.30197471919079333
p01-s03-c0056-v210-adaptive-g1000-sb0011	p01-s03-c0056	c0056	sb0011	H-by-B	1000	5	5000	0.5	0.5	0.1	100	new-simulation	p01-s03-c0056-v210-adaptive-g1000-sb0011	100	3.471655243818424	0.9520654556771327	32.189980637968915	20.861781709332906	0.7538603577304148	0.073452676	0.030937713000000002	0.5	2.028	0.3115988828677644
p01-s03-c0056-v210-adaptive-g1000-sb0012	p01-s03-c0056	c0056	sb0012	H-by-B	1000	5	5000	0.5	0.5	0.1	100	new-simulation	p01-s03-c0056-v210-adaptive-g1000-sb0012	100	3.4922741736714498	0.9518648824723815	32.86059349186762	20.77485319166887	0.7583377014593745	0.08245252199999999	0.034309902	0.5	2.071	0.31729684628382115
p01-s03-c0057-v210-adaptive-g1000-sb0001	p01-s03-c0057	c0057	sb0001	H-by-B	1000	10	10000	0.5	0.5	0.1	100	new-simulation	p01-s03-c0057-v210-adaptive-g1000-sb0001	100	3.512975915698199	0.9544009053031999	33.54795526632261	21.930259945932086	0.7628330276233755	0.054078615000000003	0.029358206000000008	0.5	3.395	0.5349628462145064
p01-s03-c0057-v210-adaptive-g1000-sb0002	p01-s03-c0057	c0057	sb0002	H-by-B	1000	10	10000	0.5	0.5	0.1	100	new-simulation	p01-s03-c0057-v210-adaptive-g1000-sb0002	100	3.4989821375488566	0.9549686975593374	33.08176213230423	22.20677497209179	0.7597943173077566	0.056538926999999996	0.021374135	0.5	3.419	0.5290296986243144
p01-s03-c0057-v210-adaptive-g1000-sb0003	p01-s03-c0057	c0057	sb0003	H-by-B	1000	10	10000	0.5	0.5	0.1	100	new-simulation	p01-s03-c0057-v210-adaptive-g1000-sb0003	100	3.544127367912257	0.9563304651707305	34.60947082631727	22.899259264143822	0.7695974795232946	0.065771567	0.028843116	0.5	3.415	0.531986885024574
p01-s03-c0057-v210-adaptive-g1000-sb0004	p01-s03-c0057	c0057	sb0004	H-by-B	1000	10	10000	0.5	0.5	0.1	100	new-simulation	p01-s03-c0057-v210-adaptive-g1000-sb0004	100	3.5266034157280135	0.9553815700763914	34.00825930081775	22.412263311642832	0.7657922016559179	0.069030702	0.02952017699999999	0.5	3.429	0.5359310423289954
p01-s03-c0057-v210-adaptive-g1000-sb0005	p01-s03-c0057	c0057	sb0005	H-by-B	1000	10	10000	0.5	0.5	0.1	100	new-simulation	p01-s03-c0057-v210-adaptive-g1000-sb0005	100	3.51293764631727	0.9544133752839564	33.546671431409074	21.936258852874982	0.7628247175328937	0.06516009900000001	0.026731134999999986	0.5	3.404	0.5316104432503964
p01-s03-c0057-v210-adaptive-g1000-sb0006	p01-s03-c0057	c0057	sb0006	H-by-B	1000	10	10000	0.5	0.5	0.1	100	new-simulation	p01-s03-c0057-v210-adaptive-g1000-sb0006	100	3.47311594925987	0.9533954763328911	32.23703507581703	21.45714452834865	0.7541775458868679	0.061352117000000025	0.025564386999999997	0.5	3.435	0.5333701517516438
p01-s03-c0057-v210-adaptive-g1000-sb0007	p01-s03-c0057	c0057	sb0007	H-by-B	1000	10	10000	0.5	0.5	0.1	100	new-simulation	p01-s03-c0057-v210-adaptive-g1000-sb0007	100	3.5086919804620664	0.9541674058629663	33.40454539727526	21.818533705731888	0.7619027829064338	0.063406171	0.022171212999999995	0.5	3.374	0.5330318429358472
p01-s03-c0057-v210-adaptive-g1000-sb0008	p01-s03-c0057	c0057	sb0008	H-by-B	1000	10	10000	0.5	0.5	0.1	100	new-simulation	p01-s03-c0057-v210-adaptive-g1000-sb0008	100	3.4853241669225405	0.953829435194691	32.633003935897385	21.658821030602034	0.7568285266692537	0.07280571000000001	0.029144787999999984	0.5	3.438	0.5375215573489253
p01-s03-c0057-v210-adaptive-g1000-sb0009	p01-s03-c0057	c0057	sb0009	H-by-B	1000	10	10000	0.5	0.5	0.1	100	new-simulation	p01-s03-c0057-v210-adaptive-g1000-sb0009	100	3.5104385426848395	0.9543951501352542	33.462939493952526	21.927492426042097	0.7622820440742593	0.06482429999999997	0.026052736000000003	0.5	3.379	0.5261955194325915
p01-s03-c0057-v210-adaptive-g1000-sb0010	p01-s03-c0057	c0057	sb0010	H-by-B	1000	10	10000	0.5	0.5	0.1	100	new-simulation	p01-s03-c0057-v210-adaptive-g1000-sb0010	100	3.5254101039965797	0.9552953438165853	33.967701050159484	22.369034578796217	0.7655330773058417	0.060621312999999996	0.030772516	0.5	3.39	0.5294255358780744
p01-s03-c0057-v210-adaptive-g1000-sb0011	p01-s03-c0057	c0057	sb0011	H-by-B	1000	10	10000	0.5	0.5	0.1	100	new-simulation	p01-s03-c0057-v210-adaptive-g1000-sb0011	100	3.4825126224399723	0.9516441156538865	32.541383651337746	20.680006446420663	0.7562180075420513	0.06651554	0.026067962000000014	0.5	3.419	0.5306044914300266
p01-s03-c0057-v210-adaptive-g1000-sb0012	p01-s03-c0057	c0057	sb0012	H-by-B	1000	10	10000	0.5	0.5	0.1	100	new-simulation	p01-s03-c0057-v210-adaptive-g1000-sb0012	100	3.4673602335377494	0.9507094845795302	32.052020821688714	20.28787874238195	0.7529277080981075	0.073770723	0.024871107999999996	0.5	3.365	0.5293297276107368
p01-s03-c0058-v210-adaptive-g1000-sb0001	p01-s03-c0058	c0058	sb0001	H-by-B	1000	50	50000	0.5	0.5	0.1	100	new-simulation	p01-s03-c0058-v210-adaptive-g1000-sb0001	100	3.535350710441636	0.9553556374147679	34.30704444333769	22.399244654705633	0.7676916525687717	0.032602027000000006	0.013536561	0.5	11.995	0.8473429997450155
p01-s03-c0058-v210-adaptive-g1000-sb0002	p01-s03-c0058	c0058	sb0002	H-by-B	1000	50	50000	0.5	0.5	0.1	100	new-simulation	p01-s03-c0058-v210-adaptive-g1000-sb0002	100	3.511577745747389	0.9545101055102948	33.50108229918112	21.982904361897567	0.7625294188761756	0.030569504999999993	0.013318904999999995	0.5	11.994	0.8488268974988588
p01-s03-c0058-v210-adaptive-g1000-sb0003	p01-s03-c0058	c0058	sb0003	H-by-B	1000	50	50000	0.5	0.5	0.1	100	new-simulation	p01-s03-c0058-v210-adaptive-g1000-sb0003	100	3.516143776398716	0.9542604800383078	33.65439902587824	21.862931680033398	0.7635209198342118	0.027937605	0.012913018000000009	0.5	12.042	0.8469242600164795
p01-s03-c0058-v210-adaptive-g1000-sb0004	p01-s03-c0058	c0058	sb0004	H-by-B	1000	50	50000	0.5	0.5	0.1	100	new-simulation	p01-s03-c0058-v210-adaptive-g1000-sb0004	100	3.533209917513639	0.9552086224211008	34.233678723639414	22.32572548675287	0.7672267852910084	0.03069641399999999	0.012540215999999993	0.5	11.884	0.8471102431125179
p01-s03-c0058-v210-adaptive-g1000-sb0005	p01-s03-c0058	c0058	sb0005	H-by-B	1000	50	50000	0.5	0.5	0.1	100	new-simulation	p01-s03-c0058-v210-adaptive-g1000-sb0005	100	3.527857358982318	0.9551093963831367	34.050930476183645	22.27637677886663	0.7660644919739	0.030265514000000007	0.01752797000000001	0.5	11.893	0.8465768570444888
p01-s03-c0058-v210-adaptive-g1000-sb0006	p01-s03-c0058	c0058	sb0006	H-by-B	1000	50	50000	0.5	0.5	0.1	100	new-simulation	p01-s03-c0058-v210-adaptive-g1000-sb0006	100	3.5281258894753487	0.9551590085008274	34.06007541712536	22.301023384339107	0.766122802629573	0.027370904999999994	0.014814279000000008	0.5	12.062	0.8482147134155924
p01-s03-c0058-v210-adaptive-g1000-sb0007	p01-s03-c0058	c0058	sb0007	H-by-B	1000	50	50000	0.5	0.5	0.1	100	new-simulation	p01-s03-c0058-v210-adaptive-g1000-sb0007	100	3.5267064238600274	0.9551973823829275	34.01176260851286	22.32012442993824	0.7658145695875802	0.034725700000000005	0.011447261000000004	0.5	11.92	0.8463242404335201
p01-s03-c0058-v210-adaptive-g1000-sb0008	p01-s03-c0058	c0058	sb0008	H-by-B	1000	50	50000	0.5	0.5	0.1	100	new-simulation	p01-s03-c0058-v210-adaptive-g1000-sb0008	100	3.54696128084784	0.9561702676376029	34.70769016017223	22.815562543976025	0.7702128558983535	0.037097400999999974	0.014519118999999988	0.5	12.078	0.8493309685695366
p01-s03-c0058-v210-adaptive-g1000-sb0009	p01-s03-c0058	c0058	sb0009	H-by-B	1000	50	50000	0.5	0.5	0.1	100	new-simulation	p01-s03-c0058-v210-adaptive-g1000-sb0009	100	3.5139411257139206	0.9533601457505085	33.580351720928746	21.44089033063187	0.7630426203152283	0.037846213999999996	0.013516311999999997	0.5	11.875	0.8461280587960818
p01-s03-c0058-v210-adaptive-g1000-sb0010	p01-s03-c0058	c0058	sb0010	H-by-B	1000	50	50000	0.5	0.5	0.1	100	new-simulation	p01-s03-c0058-v210-adaptive-g1000-sb0010	100	3.5279456910110985	0.9548423333846333	34.053938396800376	22.14463401126468	0.7660836730302373	0.027133347999999998	0.01666977400000001	0.5	11.91	0.8462483433757998
p01-s03-c0058-v210-adaptive-g1000-sb0011	p01-s03-c0058	c0058	sb0011	H-by-B	1000	50	50000	0.5	0.5	0.1	100	new-simulation	p01-s03-c0058-v210-adaptive-g1000-sb0011	100	3.5234610736775807	0.9546195853497873	33.90156144593014	22.035937919648607	0.7651098507495401	0.023422677000000003	0.012821559999999992	0.5	12.026	0.8486458194552828
p01-s03-c0058-v210-adaptive-g1000-sb0012	p01-s03-c0058	c0058	sb0012	H-by-B	1000	50	50000	0.5	0.5	0.1	100	new-simulation	p01-s03-c0058-v210-adaptive-g1000-sb0012	100	3.5146352785546306	0.9540491181488208	33.60366970965562	21.7623679832455	0.7631933536893871	0.034409911999999994	0.01142865499999999	0.5	11.854	0.8457918852460744
p01-s03-c0059-v210-adaptive-g1000-sb0001	p01-s03-c0059	c0059	sb0001	H-by-B	10000	1	10000	0.5	0.5	0.1	100	new-simulation	p01-s03-c0059-v210-adaptive-g1000-sb0001	100	3.514813926546665	0.9539282451212789	33.60967347403849	21.70527262598078	0.7632321466079589	0.026812552999999996	0.010416160000000011	0.5	1.0	0.0
p01-s03-c0059-v210-adaptive-g1000-sb0002	p01-s03-c0059	c0059	sb0002	H-by-B	10000	1	10000	0.5	0.5	0.1	100	new-simulation	p01-s03-c0059-v210-adaptive-g1000-sb0002	100	3.534742520324017	0.9551986423101385	34.28618558166227	22.320752128150332	0.7675595857627566	0.030955525000000005	0.013510316999999994	0.5	1.0	0.0
p01-s03-c0059-v210-adaptive-g1000-sb0003	p01-s03-c0059	c0059	sb0003	H-by-B	10000	1	10000	0.5	0.5	0.1	100	new-simulation	p01-s03-c0059-v210-adaptive-g1000-sb0003	100	3.5278966673074295	0.9551622002533082	34.052268987536294	22.302610869610763	0.7660730276682444	0.026654924	0.015191643000000003	0.5	1.0	0.0
p01-s03-c0059-v210-adaptive-g1000-sb0004	p01-s03-c0059	c0059	sb0004	H-by-B	10000	1	10000	0.5	0.5	0.1	100	new-simulation	p01-s03-c0059-v210-adaptive-g1000-sb0004	100	3.5311223840364994	0.9547451806825717	34.16228931307544	22.097094079323536	0.7667734831560534	0.035909157	0.012341205000000003	0.5	1.0	0.0
p01-s03-c0059-v210-adaptive-g1000-sb0005	p01-s03-c0059	c0059	sb0005	H-by-B	10000	1	10000	0.5	0.5	0.1	100	new-simulation	p01-s03-c0059-v210-adaptive-g1000-sb0005	100	3.528943426266647	0.9549105125761579	34.087932167300785	22.178118606671642	0.7663003284881797	0.02827690400000001	0.013564772999999997	0.5	1.0	0.0
p01-s03-c0059-v210-adaptive-g1000-sb0006	p01-s03-c0059	c0059	sb0006	H-by-B	10000	1	10000	0.5	0.5	0.1	100	new-simulation	p01-s03-c0059-v210-adaptive-g1000-sb0006	100	3.5167798411196047	0.9541303008302757	33.67581221116524	21.80088420244181	0.7636590395334194	0.025145950000000004	0.013428446000000002	0.5	1.0	0.0
p01-s03-c0059-v210-adaptive-g1000-sb0007	p01-s03-c0059	c0059	sb0007	H-by-B	10000	1	10000	0.5	0.5	0.1	100	new-simulation	p01-s03-c0059-v210-adaptive-g1000-sb0007	100	3.5072197290964784	0.9537218405251943	33.3554016945157	21.608465231734417	0.7615830875844091	0.030371992	0.011916674999999988	0.5	1.0	0.0
p01-s03-c0059-v210-adaptive-g1000-sb0008	p01-s03-c0059	c0059	sb0008	H-by-B	10000	1	10000	0.5	0.5	0.1	100	new-simulation	p01-s03-c0059-v210-adaptive-g1000-sb0008	100	3.5203583522327997	0.9542400633448973	33.79653735871861	21.85317710417962	0.7644361033483644	0.026765552	0.013221595999999992	0.5	1.0	0.0
p01-s03-c0059-v210-adaptive-g1000-sb0009	p01-s03-c0059	c0059	sb0009	H-by-B	10000	1	10000	0.5	0.5	0.1	100	new-simulation	p01-s03-c0059-v210-adaptive-g1000-sb0009	100	3.5430872547559824	0.9556336729960684	34.573491774765166	22.539616586051483	0.7693716218211321	0.030855920999999998	0.014357040999999997	0.5	1.0	0.0
p01-s03-c0059-v210-adaptive-g1000-sb0010	p01-s03-c0059	c0059	sb0010	H-by-B	10000	1	10000	0.5	0.5	0.1	100	new-simulation	p01-s03-c0059-v210-adaptive-g1000-sb0010	100	3.5335749437864505	0.9548978529951332	34.24617719678528	22.171893499706197	0.7673060497390243	0.02686752499999999	0.011474948000000002	0.5	1.0	0.0
p01-s03-c0059-v210-adaptive-g1000-sb0011	p01-s03-c0059	c0059	sb0011	H-by-B	10000	1	10000	0.5	0.5	0.1	100	new-simulation	p01-s03-c0059-v210-adaptive-g1000-sb0011	100	3.5244998538338472	0.9544535566988606	33.936796012542565	21.955611185450852	0.7653354189944287	0.02512111399999999	0.012196650000000014	0.5	1.0	0.0
p01-s03-c0059-v210-adaptive-g1000-sb0012	p01-s03-c0059	c0059	sb0012	H-by-B	10000	1	10000	0.5	0.5	0.1	100	new-simulation	p01-s03-c0059-v210-adaptive-g1000-sb0012	100	3.553157934100266	0.9561082651212233	34.923429421647164	22.783332733642695	0.7715584420552518	0.029486685999999998	0.012433640999999995	0.5	1.0	0.0
p01-s03-c0060-v210-adaptive-g1000-sb0001	p01-s03-c0060	c0060	sb0001	H-by-B	10000	5	50000	0.5	0.5	0.1	100	new-simulation	p01-s03-c0060-v210-adaptive-g1000-sb0001	100	3.517569272099419	0.9545385293484375	33.702407436761455	21.99664871522653	0.7638304622926079	0.022000468000000002	0.011368475000000006	0.5	2.035	0.3098439525949488
p01-s03-c0060-v210-adaptive-g1000-sb0002	p01-s03-c0060	c0060	sb0002	H-by-B	10000	5	50000	0.5	0.5	0.1	100	new-simulation	p01-s03-c0060-v210-adaptive-g1000-sb0002	100	3.536958237571	0.9550636407700498	34.362238298933036	22.25369427199827	0.768040722649668	0.027340843	0.012452478	0.5	2.0304	0.3095284510989036
p01-s03-c0060-v210-adaptive-g1000-sb0003	p01-s03-c0060	c0060	sb0003	H-by-B	10000	5	50000	0.5	0.5	0.1	100	new-simulation	p01-s03-c0060-v210-adaptive-g1000-sb0003	100	3.5298246609463133	0.9550067725823862	34.11798487508404	22.225567210778113	0.7664916861675003	0.026444880999999996	0.00829454699999999	0.5	2.0382	0.311076588000764
p01-s03-c0060-v210-adaptive-g1000-sb0004	p01-s03-c0060	c0060	sb0004	H-by-B	10000	5	50000	0.5	0.5	0.1	100	new-simulation	p01-s03-c0060-v210-adaptive-g1000-sb0004	100	3.538972368046823	0.9557882964645841	34.431518076143	22.618445344431205	0.7684780855254095	0.024552207000000003	0.010042099000000006	0.5	2.0291	0.308269162583066
p01-s03-c0060-v210-adaptive-g1000-sb0005	p01-s03-c0060	c0060	sb0005	H-by-B	10000	5	50000	0.5	0.5	0.1	100	new-simulation	p01-s03-c0060-v210-adaptive-g1000-sb0005	100	3.5249751161952805	0.9544557164426727	33.95292872768745	21.956652336868654	0.7654386209049421	0.024770933000000016	0.010122375000000008	0.5	2.0388	0.31214241821547845
p01-s03-c0060-v210-adaptive-g1000-sb0006	p01-s03-c0060	c0060	sb0006	H-by-B	10000	5	50000	0.5	0.5	0.1	100	new-simulation	p01-s03-c0060-v210-adaptive-g1000-sb0006	100	3.52443760801693	0.9544773179111801	33.93468365469461	21.967071229434268	0.7653219024870243	0.022862080999999996	0.011320584999999992	0.5	2.0385	0.3117209701877831
p01-s03-c0060-v210-adaptive-g1000-sb0007	p01-s03-c0060	c0060	sb0007	H-by-B	10000	5	50000	0.5	0.5	0.1	100	new-simulation	p01-s03-c0060-v210-adaptive-g1000-sb0007	100	3.5179416163503325	0.9543899164146954	33.71495867095742	21.92497626384963	0.7639113158193779	0.022253849999999995	0.011874652999999995	0.5	2.0332	0.312383095490704
p01-s03-c0060-v210-adaptive-g1000-sb0008	p01-s03-c0060	c0060	sb0008	H-by-B	10000	5	50000	0.5	0.5	0.1	100	new-simulation	p01-s03-c0060-v210-adaptive-g1000-sb0008	100	3.532270922726024	0.9547305671946452	34.2015485651435	22.08996088596264	0.7670228851636098	0.020577300000000007	0.010630506000000001	0.5	2.0246	0.3088140879208106
p01-s03-c0060-v210-adaptive-g1000-sb0009	p01-s03-c0060	c0060	sb0009	H-by-B	10000	5	50000	0.5	0.5	0.1	100	new-simulation	p01-s03-c0060-v210-adaptive-g1000-sb0009	100	3.523869644701179	0.954589227121316	33.915415471575685	22.021206348359787	0.7651985708200473	0.022840634000000005	0.00834606100000001	0.5	2.0345	0.3118342427263673
p01-s03-c0060-v210-adaptive-g1000-sb0010	p01-s03-c0060	c0060	sb0010	H-by-B	10000	5	50000	0.5	0.5	0.1	100	new-simulation	p01-s03-c0060-v210-adaptive-g1000-sb0010	100	3.515849847940139	0.9539056639665641	33.64450849387386	21.69463942976897	0.7634570940803946	0.027477930999999987	0.010610540000000003	0.5	2.0384	0.31101579753171665
p01-s03-c0060-v210-adaptive-g1000-sb0011	p01-s03-c0060	c0060	sb0011	H-by-B	10000	5	50000	0.5	0.5	0.1	100	new-simulation	p01-s03-c0060-v210-adaptive-g1000-sb0011	100	3.5272498131619763	0.9547537754516127	34.03024925872384	22.10129154379669	0.7659325650752611	0.026251348	0.010805024	0.5	2.0449	0.31301455819468654
p01-s03-c0060-v210-adaptive-g1000-sb0012	p01-s03-c0060	c0060	sb0012	H-by-B	10000	5	50000	0.5	0.5	0.1	100	new-simulation	p01-s03-c0060-v210-adaptive-g1000-sb0012	100	3.537893823134489	0.9556425955668871	34.39440215668904	22.544150470028395	0.7682438824734538	0.026875588999999995	0.010085950000000012	0.5	2.0371	0.3104018462378949
p01-s03-c0061-v210-adaptive-g1000-sb0001-reused	p01-s03-c0061	c0061	sb0001	H-by-B	10000	10	100000	0.5	0.5	0.1	100	reused-passage-100	p01-s02-c0024-v210-m010-g250-sb0001	100	3.5271715867928704	0.9547582725902076	34.0275873000036	22.103488466347848	0.7659155784350401	0.017880115		0.5		
p01-s03-c0061-v210-adaptive-g1000-sb0002-reused	p01-s03-c0061	c0061	sb0002	H-by-B	10000	10	100000	0.5	0.5	0.1	100	reused-passage-100	p01-s02-c0024-v210-m010-g250-sb0002	100	3.5339855781699	0.9551998732514378	34.26024274234465	22.321365419621173	0.7673952178624301	0.022569954000000007		0.5		
p01-s03-c0061-v210-adaptive-g1000-sb0003-reused	p01-s03-c0061	c0061	sb0003	H-by-B	10000	10	100000	0.5	0.5	0.1	100	reused-passage-100	p01-s02-c0024-v210-m010-g250-sb0003	100	3.523708794489138	0.9541471241258941	33.909960608525324	21.808882887642834	0.7651636426402961	0.019727493999999995		0.5		
p01-s03-c0061-v210-adaptive-g1000-sb0004-reused	p01-s03-c0061	c0061	sb0004	H-by-B	10000	10	100000	0.5	0.5	0.1	100	reused-passage-100	p01-s02-c0024-v210-m010-g250-sb0004	100	3.538322228688336	0.9554655395007167	34.409140066269956	22.454521482663818	0.76833690955748	0.021300894000000004		0.5		
p01-s03-c0061-v210-adaptive-g1000-sb0005-reused	p01-s03-c0061	c0061	sb0005	H-by-B	10000	10	100000	0.5	0.5	0.1	100	reused-passage-100	p01-s02-c0024-v210-m010-g250-sb0005	100	3.543453423450874	0.9551314012564128	34.58615382320757	22.287301765645722	0.7694511343429505	0.02198511700000001		0.5		
p01-s03-c0061-v210-adaptive-g1000-sb0006-reused	p01-s03-c0061	c0061	sb0006	H-by-B	10000	10	100000	0.5	0.5	0.1	100	reused-passage-100	p01-s02-c0024-v210-m010-g250-sb0006	100	3.5301477240952868	0.95480698835477	34.129008919349765	22.127314901031724	0.766561838438953	0.01990389700000002		0.5		
p01-s03-c0061-v210-adaptive-g1000-sb0007-reused	p01-s03-c0061	c0061	sb0007	H-by-B	10000	10	100000	0.5	0.5	0.1	100	reused-passage-100	p01-s02-c0024-v210-m010-g250-sb0007	100	3.5321773734019417	0.9548215101820587	34.19834918304501	22.134427335436992	0.7670025711859925	0.017236631000000006		0.5		
p01-s03-c0061-v210-adaptive-g1000-sb0008-reused	p01-s03-c0061	c0061	sb0008	H-by-B	10000	10	100000	0.5	0.5	0.1	100	reused-passage-100	p01-s02-c0024-v210-m010-g250-sb0008	100	3.5262732851618384	0.954628987852098	33.99703398793154	22.040504556966162	0.7657205147143191	0.018791934000000003		0.5		
p01-s03-c0061-v210-adaptive-g1000-sb0009-reused	p01-s03-c0061	c0061	sb0009	H-by-B	10000	10	100000	0.5	0.5	0.1	100	reused-passage-100	p01-s02-c0024-v210-m010-g250-sb0009	100	3.543289372484198	0.9557177599909048	34.580480396617546	22.582416783672382	0.7694155111281614	0.020238896000000006		0.5		
p01-s03-c0061-v210-adaptive-g1000-sb0010-reused	p01-s03-c0061	c0061	sb0010	H-by-B	10000	10	100000	0.5	0.5	0.1	100	reused-passage-100	p01-s02-c0024-v210-m010-g250-sb0010	100	3.527237165551959	0.9547950186527868	34.0298188601242	22.121455870518748	0.7659298186816412	0.016882883000000005		0.5		
p01-s03-c0061-v210-adaptive-g1000-sb0011-reused	p01-s03-c0061	c0061	sb0011	H-by-B	10000	10	100000	0.5	0.5	0.1	100	reused-passage-100	p01-s02-c0024-v210-m010-g250-sb0011	100	3.5204072355001514	0.9541173119051651	33.798189484270196	21.7947125925382	0.7644467182149985	0.019640209		0.5		
p01-s03-c0061-v210-adaptive-g1000-sb0012-reused	p01-s03-c0061	c0061	sb0012	H-by-B	10000	10	100000	0.5	0.5	0.1	100	reused-passage-100	p01-s02-c0024-v210-m010-g250-sb0012	100	3.5396275696652286	0.9551794015283909	34.454085054663764	22.311170178448926	0.7686203607491133	0.018261771000000013		0.5		
p01-s03-c0062-v210-adaptive-g1000-sb0001	p01-s03-c0062	c0062	sb0001	H-by-B	10000	50	500000	0.5	0.5	0.1	100	new-simulation	p01-s03-c0062-v210-adaptive-g1000-sb0001	100	3.5353795218352535	0.9550049937583148	34.308032891338215	22.2246885494053	0.7676979088834037	0.009887673000000007	0.004368499000000008	0.5	11.9559	0.8471071089290158
p01-s03-c0062-v210-adaptive-g1000-sb0002	p01-s03-c0062	c0062	sb0002	H-by-B	10000	50	500000	0.5	0.5	0.1	100	new-simulation	p01-s03-c0062-v210-adaptive-g1000-sb0002	100	3.5325058283778445	0.9550074581647325	34.20958364590846	22.225905877052476	0.7670738942777866	0.009365161000000007	0.004620156	0.5	11.9771	0.8482129434267633
p01-s03-c0062-v210-adaptive-g1000-sb0003	p01-s03-c0062	c0062	sb0003	H-by-B	10000	50	500000	0.5	0.5	0.1	100	new-simulation	p01-s03-c0062-v210-adaptive-g1000-sb0003	100	3.5302282719861626	0.9548279831497949	34.13175804975274	22.137599109557133	0.7665793291912212	0.009056799000000003	0.004579284999999989	0.5	11.9362	0.8476874791311044
p01-s03-c0062-v210-adaptive-g1000-sb0004	p01-s03-c0062	c0062	sb0004	H-by-B	10000	50	500000	0.5	0.5	0.1	100	new-simulation	p01-s03-c0062-v210-adaptive-g1000-sb0004	100	3.535488593966824	0.955107590930992	34.31177514569979	22.275480882810577	0.767721593595839	0.009697456999999994	0.0046269460000000154	0.5	11.9401	0.8469217099128399
p01-s03-c0062-v210-adaptive-g1000-sb0005	p01-s03-c0062	c0062	sb0005	H-by-B	10000	50	500000	0.5	0.5	0.1	100	new-simulation	p01-s03-c0062-v210-adaptive-g1000-sb0005	100	3.5271142154388238	0.9546509472277043	34.02563514724463	22.051177232326054	0.7659031204037992	0.011004205000000012	0.0045096039999999935	0.5	11.9609	0.8473903417132697
p01-s03-c0062-v210-adaptive-g1000-sb0006	p01-s03-c0062	c0062	sb0006	H-by-B	10000	50	500000	0.5	0.5	0.1	100	new-simulation	p01-s03-c0062-v210-adaptive-g1000-sb0006	100	3.5337575030925725	0.9549984993663059	34.25242972584298	22.221481193257524	0.7673456919886588	0.008941240999999999	0.0034792220000000166	0.5	11.9555	0.8480751447321884
p01-s03-c0062-v210-adaptive-g1000-sb0007	p01-s03-c0062	c0062	sb0007	H-by-B	10000	50	500000	0.5	0.5	0.1	100	new-simulation	p01-s03-c0062-v210-adaptive-g1000-sb0007	100	3.5306684326873534	0.955010331198848	34.146784815161986	22.227325220371355	0.7666749088730601	0.010303925000000007	0.004350364000000002	0.5	11.9346	0.847765840381584
p01-s03-c0062-v210-adaptive-g1000-sb0008	p01-s03-c0062	c0062	sb0008	H-by-B	10000	50	500000	0.5	0.5	0.1	100	new-simulation	p01-s03-c0062-v210-adaptive-g1000-sb0008	100	3.5393813198860196	0.9551915449462618	34.4456017883703	22.3172166681648	0.7685668882889731	0.009082275000000015	0.005050375000000001	0.5	11.9604	0.847602842970516
p01-s03-c0062-v210-adaptive-g1000-sb0009	p01-s03-c0062	c0062	sb0009	H-by-B	10000	50	500000	0.5	0.5	0.1	100	new-simulation	p01-s03-c0062-v210-adaptive-g1000-sb0009	100	3.532587459511041	0.9549543116361021	34.21237632697097	22.199682951264563	0.767091620253136	0.01007996600000001	0.003912165000000011	0.5	11.9565	0.8471745865341199
p01-s03-c0062-v210-adaptive-g1000-sb0010	p01-s03-c0062	c0062	sb0010	H-by-B	10000	50	500000	0.5	0.5	0.1	100	new-simulation	p01-s03-c0062-v210-adaptive-g1000-sb0010	100	3.5277291999924913	0.954639874123747	34.04656682295783	22.045794201014765	0.766036662602856	0.011067910000000009	0.005178882999999999	0.5	11.9291	0.8464074977076096
p01-s03-c0062-v210-adaptive-g1000-sb0011	p01-s03-c0062	c0062	sb0011	H-by-B	10000	50	500000	0.5	0.5	0.1	100	new-simulation	p01-s03-c0062-v210-adaptive-g1000-sb0011	100	3.5293249318897475	0.9548113490174978	34.10093938610828	22.12945016630871	0.7663831713816437	0.008898613000000003	0.004480000000000007	0.5	11.9501	0.8474900364996351
p01-s03-c0062-v210-adaptive-g1000-sb0012	p01-s03-c0062	c0062	sb0012	H-by-B	10000	50	500000	0.5	0.5	0.1	100	new-simulation	p01-s03-c0062-v210-adaptive-g1000-sb0012	100	3.53912701343716	0.9551557726842193	34.43684316343527	22.299414213523526	0.7685116663452471	0.011512283999999996	0.004403650999999989	0.5	11.9628	0.8480696477895081
p01-s03-c0063-v210-adaptive-g1000-sb0001	p01-s03-c0063	c0063	sb0001	alpha-by-m	1000	10	10000	0.0	0.0	0.0	100	new-simulation	p01-s03-c0063-v210-adaptive-g1000-sb0001	100	3.5330417033688466	0.9549670784452735	34.227920618960724	22.205976549506016	0.7671902580535777	0.0	0.0	0.0	3.424	0.5380790637109993
p01-s03-c0063-v210-adaptive-g1000-sb0002	p01-s03-c0063	c0063	sb0002	alpha-by-m	1000	10	10000	0.0	0.0	0.0	100	new-simulation	p01-s03-c0063-v210-adaptive-g1000-sb0002	100	3.5330417033688466	0.9549670784452735	34.227920618960724	22.205976549506016	0.7671902580535777	0.0	0.0	0.0	3.422	0.5346241352440251
p01-s03-c0063-v210-adaptive-g1000-sb0003	p01-s03-c0063	c0063	sb0003	alpha-by-m	1000	10	10000	0.0	0.0	0.0	100	new-simulation	p01-s03-c0063-v210-adaptive-g1000-sb0003	100	3.5330417033688466	0.9549670784452735	34.227920618960724	22.205976549506016	0.7671902580535777	0.0	0.0	0.0	3.427	0.5378629980700684
p01-s03-c0063-v210-adaptive-g1000-sb0004	p01-s03-c0063	c0063	sb0004	alpha-by-m	1000	10	10000	0.0	0.0	0.0	100	new-simulation	p01-s03-c0063-v210-adaptive-g1000-sb0004	100	3.5330417033688466	0.9549670784452735	34.227920618960724	22.205976549506016	0.7671902580535777	0.0	0.0	0.0	3.394	0.5337184152721499
p01-s03-c0063-v210-adaptive-g1000-sb0005	p01-s03-c0063	c0063	sb0005	alpha-by-m	1000	10	10000	0.0	0.0	0.0	100	new-simulation	p01-s03-c0063-v210-adaptive-g1000-sb0005	100	3.5330417033688466	0.9549670784452735	34.227920618960724	22.205976549506016	0.7671902580535777	0.0	0.0	0.0	3.405	0.5316693445099733
p01-s03-c0063-v210-adaptive-g1000-sb0006	p01-s03-c0063	c0063	sb0006	alpha-by-m	1000	10	10000	0.0	0.0	0.0	100	new-simulation	p01-s03-c0063-v210-adaptive-g1000-sb0006	100	3.5330417033688466	0.9549670784452735	34.227920618960724	22.205976549506016	0.7671902580535777	0.0	0.0	0.0	3.415	0.5315923814809709
p01-s03-c0063-v210-adaptive-g1000-sb0007	p01-s03-c0063	c0063	sb0007	alpha-by-m	1000	10	10000	0.0	0.0	0.0	100	new-simulation	p01-s03-c0063-v210-adaptive-g1000-sb0007	100	3.5330417033688466	0.9549670784452735	34.227920618960724	22.205976549506016	0.7671902580535777	0.0	0.0	0.0	3.386	0.5331478854932461
p01-s03-c0063-v210-adaptive-g1000-sb0008	p01-s03-c0063	c0063	sb0008	alpha-by-m	1000	10	10000	0.0	0.0	0.0	100	new-simulation	p01-s03-c0063-v210-adaptive-g1000-sb0008	100	3.5330417033688466	0.9549670784452735	34.227920618960724	22.205976549506016	0.7671902580535777	0.0	0.0	0.0	3.434	0.5337191774966813
p01-s03-c0063-v210-adaptive-g1000-sb0009	p01-s03-c0063	c0063	sb0009	alpha-by-m	1000	10	10000	0.0	0.0	0.0	100	new-simulation	p01-s03-c0063-v210-adaptive-g1000-sb0009	100	3.5330417033688466	0.9549670784452735	34.227920618960724	22.205976549506016	0.7671902580535777	0.0	0.0	0.0	3.366	0.5262979910422941
p01-s03-c0063-v210-adaptive-g1000-sb0010	p01-s03-c0063	c0063	sb0010	alpha-by-m	1000	10	10000	0.0	0.0	0.0	100	new-simulation	p01-s03-c0063-v210-adaptive-g1000-sb0010	100	3.5330417033688466	0.9549670784452735	34.227920618960724	22.205976549506016	0.7671902580535777	0.0	0.0	0.0	3.424	0.5335878302925153
p01-s03-c0063-v210-adaptive-g1000-sb0011	p01-s03-c0063	c0063	sb0011	alpha-by-m	1000	10	10000	0.0	0.0	0.0	100	new-simulation	p01-s03-c0063-v210-adaptive-g1000-sb0011	100	3.5330417033688466	0.9549670784452735	34.227920618960724	22.205976549506016	0.7671902580535777	0.0	0.0	0.0	3.413	0.5313508297232925
p01-s03-c0063-v210-adaptive-g1000-sb0012	p01-s03-c0063	c0063	sb0012	alpha-by-m	1000	10	10000	0.0	0.0	0.0	100	new-simulation	p01-s03-c0063-v210-adaptive-g1000-sb0012	100	3.5330417033688466	0.9549670784452735	34.227920618960724	22.205976549506016	0.7671902580535777	0.0	0.0	0.0	3.395	0.5348032648843501
p01-s03-c0064-v210-adaptive-g1000-sb0001	p01-s03-c0064	c0064	sb0001	alpha-by-m	1000	10	10000	0.0	0.0	0.001	100	new-simulation	p01-s03-c0064-v210-adaptive-g1000-sb0001	100	3.5330287600726487	0.9549663390637636	34.227477599712984	22.205611962480887	0.7671874474525195	4.025000000000244e-05	4.380999999996989e-06	0.0	3.427	0.5382936657259492
p01-s03-c0064-v210-adaptive-g1000-sb0002	p01-s03-c0064	c0064	sb0002	alpha-by-m	1000	10	10000	0.0	0.0	0.001	100	new-simulation	p01-s03-c0064-v210-adaptive-g1000-sb0002	100	3.533036607755011	0.9549660916759416	34.22774620713921	22.20548997888711	0.7671891515550923	4.178099999999909e-05	4.384000000009288e-06	0.0	3.423	0.5345890896133666
p01-s03-c0064-v210-adaptive-g1000-sb0003	p01-s03-c0064	c0064	sb0003	alpha-by-m	1000	10	10000	0.0	0.0	0.001	100	new-simulation	p01-s03-c0064-v210-adaptive-g1000-sb0003	100	3.533025990116965	0.9549667674743167	34.22738279124818	22.205823209108583	0.7671868459642853	4.1714000000002643e-05	4.137999999997418e-06	0.0	3.427	0.5378629980700684
p01-s03-c0064-v210-adaptive-g1000-sb0004	p01-s03-c0064	c0064	sb0004	alpha-by-m	1000	10	10000	0.0	0.0	0.001	100	new-simulation	p01-s03-c0064-v210-adaptive-g1000-sb0004	100	3.5330430142226907	0.9549670629501582	34.22796548679145	22.205968908783714	0.7671905427018733	3.892199999998443e-05	3.5410000000023027e-06	0.0	3.395	0.5335767017816442
p01-s03-c0064-v210-adaptive-g1000-sb0005	p01-s03-c0064	c0064	sb0005	alpha-by-m	1000	10	10000	0.0	0.0	0.001	100	new-simulation	p01-s03-c0064-v210-adaptive-g1000-sb0005	100	3.5330450527585646	0.9549676421885442	34.228035261798105	22.206254537833903	0.7671909853643138	4.2040000000010595e-05	3.8040000000007246e-06	0.0	3.405	0.5316693445099733
p01-s03-c0064-v210-adaptive-g1000-sb0006	p01-s03-c0064	c0064	sb0006	alpha-by-m	1000	10	10000	0.0	0.0	0.001	100	new-simulation	p01-s03-c0064-v210-adaptive-g1000-sb0006	100	3.533037015767053	0.9549674614888721	34.227760172474696	22.206165431977443	0.7671892401537815	4.027099999999613e-05	3.3619999999905397e-06	0.0	3.415	0.5315923814809709
p01-s03-c0064-v210-adaptive-g1000-sb0007	p01-s03-c0064	c0064	sb0007	alpha-by-m	1000	10	10000	0.0	0.0	0.001	100	new-simulation	p01-s03-c0064-v210-adaptive-g1000-sb0007	100	3.5330507865077103	0.954967523161261	34.22823151732869	22.206195843524085	0.7671922304321211	3.9119000000005044e-05	3.3659999999955358e-06	0.0	3.386	0.5331478854932461
p01-s03-c0064-v210-adaptive-g1000-sb0008	p01-s03-c0064	c0064	sb0008	alpha-by-m	1000	10	10000	0.0	0.0	0.001	100	new-simulation	p01-s03-c0064-v210-adaptive-g1000-sb0008	100	3.5330375523900672	0.9549670192416975	34.22777853988345	22.205947355941657	0.7671893566799886	4.3796999999987546e-05	4.4360000000021375e-06	0.0	3.434	0.5337191774966813
p01-s03-c0064-v210-adaptive-g1000-sb0009	p01-s03-c0064	c0064	sb0009	alpha-by-m	1000	10	10000	0.0	0.0	0.001	100	new-simulation	p01-s03-c0064-v210-adaptive-g1000-sb0009	100	3.533044677417744	0.9549670541734195	34.22802241462167	22.205964580930353	0.7671909038600903	3.0488999999995825e-05	4.785999999999246e-06	0.0	3.366	0.5262901722431432
p01-s03-c0064-v210-adaptive-g1000-sb0010	p01-s03-c0064	c0064	sb0010	alpha-by-m	1000	10	10000	0.0	0.0	0.001	100	new-simulation	p01-s03-c0064-v210-adaptive-g1000-sb0010	100	3.5330590800072685	0.9549676589148203	34.2285153903288	22.206262785860417	0.7671940313426681	4.0290000000001256e-05	4.085999999997765e-06	0.0	3.424	0.5335878302925153
p01-s03-c0064-v210-adaptive-g1000-sb0011	p01-s03-c0064	c0064	sb0011	alpha-by-m	1000	10	10000	0.0	0.0	0.001	100	new-simulation	p01-s03-c0064-v210-adaptive-g1000-sb0011	100	3.533030634618892	0.9549673715777021	34.227541760762676	22.20612109562875	0.7671878545050643	3.127899999999802e-05	4.204999999999042e-06	0.0	3.413	0.5313508297232925
p01-s03-c0064-v210-adaptive-g1000-sb0012	p01-s03-c0064	c0064	sb0012	alpha-by-m	1000	10	10000	0.0	0.0	0.001	100	new-simulation	p01-s03-c0064-v210-adaptive-g1000-sb0012	100	3.533063417034419	0.9549684651441073	34.22866384065128	22.206660359238043	0.7671949731161477	5.159200000000536e-05	3.3950000000083794e-06	0.0	3.395	0.5348032648843501
p01-s03-c0065-v210-adaptive-g1000-sb0001	p01-s03-c0065	c0065	sb0001	alpha-by-m	1000	10	10000	0.0	0.0	0.01	100	new-simulation	p01-s03-c0065-v210-adaptive-g1000-sb0001	100	3.5330172757331813	0.9549657553017621	34.227084521998236	22.205324119472326	0.76718495365989	8.162499999999666e-05	1.3325999999998944e-05	0.0	3.427	0.5382936657259492
p01-s03-c0065-v210-adaptive-g1000-sb0002	p01-s03-c0065	c0065	sb0002	alpha-by-m	1000	10	10000	0.0	0.0	0.01	100	new-simulation	p01-s03-c0065-v210-adaptive-g1000-sb0002	100	3.5330475792860985	0.9549665847039464	34.228121739980864	22.205733085663447	0.767191533992797	8.245700000001022e-05	1.4929000000007487e-05	0.0	3.423	0.5345890896133666
p01-s03-c0065-v210-adaptive-g1000-sb0003	p01-s03-c0065	c0065	sb0003	alpha-by-m	1000	10	10000	0.0	0.0	0.01	100	new-simulation	p01-s03-c0065-v210-adaptive-g1000-sb0003	100	3.5330054757440363	0.9549654680025601	34.22668064515529	22.205182459914262	0.7671823913248039	7.8931999999998e-05	1.4255999999996673e-05	0.0	3.428	0.5380035086201024
p01-s03-c0065-v210-adaptive-g1000-sb0004	p01-s03-c0065	c0065	sb0004	alpha-by-m	1000	10	10000	0.0	0.0	0.01	100	new-simulation	p01-s03-c0065-v210-adaptive-g1000-sb0004	100	3.533094156000552	0.9549708655011806	34.22971601056109	22.207844124257324	0.7672016479978332	9.898999999999198e-05	1.2427000000013412e-05	0.0	3.397	0.533948833471562
p01-s03-c0065-v210-adaptive-g1000-sb0005	p01-s03-c0065	c0065	sb0005	alpha-by-m	1000	10	10000	0.0	0.0	0.01	100	new-simulation	p01-s03-c0065-v210-adaptive-g1000-sb0005	100	3.533044429280256	0.954967234222247	34.22801392136723	22.206053364237743	0.7671908499777194	7.745100000000764e-05	1.1608999999992509e-05	0.0	3.405	0.5316693445099733
p01-s03-c0065-v210-adaptive-g1000-sb0006	p01-s03-c0065	c0065	sb0006	alpha-by-m	1000	10	10000	0.0	0.0	0.01	100	new-simulation	p01-s03-c0065-v210-adaptive-g1000-sb0006	100	3.5330685324865705	0.9549699189151125	34.22883893619122	22.207377288858765	0.7671960839224686	8.550399999999938e-05	1.3403000000001484e-05	0.0	3.415	0.5315923814809709
p01-s03-c0065-v210-adaptive-g1000-sb0007	p01-s03-c0065	c0065	sb0007	alpha-by-m	1000	10	10000	0.0	0.0	0.01	100	new-simulation	p01-s03-c0065-v210-adaptive-g1000-sb0007	100	3.533075181394399	0.9549682080210173	34.22906652134297	22.206533563370588	0.7671975277144589	7.870700000000658e-05	1.3657999999998452e-05	0.0	3.386	0.5329864134503514
p01-s03-c0065-v210-adaptive-g1000-sb0008	p01-s03-c0065	c0065	sb0008	alpha-by-m	1000	10	10000	0.0	0.0	0.01	100	new-simulation	p01-s03-c0065-v210-adaptive-g1000-sb0008	100	3.5330288443259303	0.9549666018510178	34.22748048349042	22.205741540794662	0.7671874657478872	8.047199999998693e-05	1.290800000000353e-05	0.0	3.434	0.5337191774966813
p01-s03-c0065-v210-adaptive-g1000-sb0009	p01-s03-c0065	c0065	sb0009	alpha-by-m	1000	10	10000	0.0	0.0	0.01	100	new-simulation	p01-s03-c0065-v210-adaptive-g1000-sb0009	100	3.532969924252747	0.9549637757904659	34.225463857245906	22.204348112031578	0.7671746714165587	9.179499999999218e-05	1.5458000000010124e-05	0.0	3.365	0.5264106935164493
p01-s03-c0065-v210-adaptive-g1000-sb0010	p01-s03-c0065	c0065	sb0010	alpha-by-m	1000	10	10000	0.0	0.0	0.01	100	new-simulation	p01-s03-c0065-v210-adaptive-g1000-sb0010	100	3.5330748163798074	0.9549677261622544	34.229054027236515	22.206295946837358	0.7671974484525474	9.072700000000504e-05	1.4039000000007947e-05	0.0	3.423	0.5336175721243896
p01-s03-c0065-v210-adaptive-g1000-sb0011	p01-s03-c0065	c0065	sb0011	alpha-by-m	1000	10	10000	0.0	0.0	0.01	100	new-simulation	p01-s03-c0065-v210-adaptive-g1000-sb0011	100	3.5330480402668702	0.9549678019757357	34.22813751849048	22.20633333201233	0.7671916340934998	8.638700000000271e-05	1.4716999999998863e-05	0.0	3.413	0.531326026987251
p01-s03-c0065-v210-adaptive-g1000-sb0012	p01-s03-c0065	c0065	sb0012	alpha-by-m	1000	10	10000	0.0	0.0	0.01	100	new-simulation	p01-s03-c0065-v210-adaptive-g1000-sb0012	100	3.533077537868042	0.9549698675297168	34.2291471813311	22.2073519472751	0.7671980394162089	9.359100000000647e-05	1.2421000000010173e-05	0.0	3.395	0.5348115110497653
p01-s03-c0066-v210-adaptive-g1000-sb0001-reused	p01-s03-c0066	c0066	sb0001	alpha-by-m	1000	10	10000	0.0	0.0	0.1	100	reused-passage-100	p01-s02-c0021-v210-m010-g250-sb0001	100	3.533053833063303	0.9549670426007716	34.22833579569769	22.205958874402807	0.7671928919832625	8.507099999999508e-05		0.0		
p01-s03-c0066-v210-adaptive-g1000-sb0002-reused	p01-s03-c0066	c0066	sb0002	alpha-by-m	1000	10	10000	0.0	0.0	0.1	100	reused-passage-100	p01-s02-c0021-v210-m010-g250-sb0002	100	3.5330219770271927	0.9549657045742795	34.22724543396397	22.20529910697502	0.7671859745329135	9.312800000000116e-05		0.0		
p01-s03-c0066-v210-adaptive-g1000-sb0003-reused	p01-s03-c0066	c0066	sb0003	alpha-by-m	1000	10	10000	0.0	0.0	0.1	100	reused-passage-100	p01-s02-c0021-v210-m010-g250-sb0003	100	3.533059440860462	0.9549658670965111	34.22852774180012	22.205379242963698	0.7671941097009434	8.576499999999175e-05		0.0		
p01-s03-c0066-v210-adaptive-g1000-sb0004-reused	p01-s03-c0066	c0066	sb0004	alpha-by-m	1000	10	10000	0.0	0.0	0.1	100	reused-passage-100	p01-s02-c0021-v210-m010-g250-sb0004	100	3.5331016597481475	0.954971190911999	34.22997286267397	22.208004614238686	0.7672032774159203	9.331199999999948e-05		0.0		
p01-s03-c0066-v210-adaptive-g1000-sb0005-reused	p01-s03-c0066	c0066	sb0005	alpha-by-m	1000	10	10000	0.0	0.0	0.1	100	reused-passage-100	p01-s02-c0021-v210-m010-g250-sb0005	100	3.533050656840817	0.9549676340234208	34.22822707906053	22.20625051146742	0.767192202275313	8.238799999999395e-05		0.0		
p01-s03-c0066-v210-adaptive-g1000-sb0006-reused	p01-s03-c0066	c0066	sb0006	alpha-by-m	1000	10	10000	0.0	0.0	0.1	100	reused-passage-100	p01-s02-c0021-v210-m010-g250-sb0006	100	3.5331093099683946	0.9549708324047035	34.23023473050709	22.207827801472693	0.7672049386401397	8.920699999999274e-05		0.0		
p01-s03-c0066-v210-adaptive-g1000-sb0007-reused	p01-s03-c0066	c0066	sb0007	alpha-by-m	1000	10	10000	0.0	0.0	0.1	100	reused-passage-100	p01-s02-c0021-v210-m010-g250-sb0007	100	3.5329965024555707	0.9549647572747479	34.226373520654604	22.20483202679139	0.7671804427999713	8.49470000000108e-05		0.0		
p01-s03-c0066-v210-adaptive-g1000-sb0008-reused	p01-s03-c0066	c0066	sb0008	alpha-by-m	1000	10	10000	0.0	0.0	0.1	100	reused-passage-100	p01-s02-c0021-v210-m010-g250-sb0008	100	3.532997178535454	0.9549653963855806	34.22639666042504	22.2051471477772	0.7671805896088526	9.253500000000058e-05		0.0		
p01-s03-c0066-v210-adaptive-g1000-sb0009-reused	p01-s03-c0066	c0066	sb0009	alpha-by-m	1000	10	10000	0.0	0.0	0.1	100	reused-passage-100	p01-s02-c0021-v210-m010-g250-sb0009	100	3.5329927582181178	0.9549632173053892	34.2262453692249	22.20407276383141	0.767179629749139	0.00011024200000001741		0.0		
p01-s03-c0066-v210-adaptive-g1000-sb0010-reused	p01-s03-c0066	c0066	sb0010	alpha-by-m	1000	10	10000	0.0	0.0	0.1	100	reused-passage-100	p01-s02-c0021-v210-m010-g250-sb0010	100	3.5330659528427693	0.9549675903472349	34.22875063809292	22.206228973993987	0.7671955237599345	0.00010895699999999503		0.0		
p01-s03-c0066-v210-adaptive-g1000-sb0011-reused	p01-s03-c0066	c0066	sb0011	alpha-by-m	1000	10	10000	0.0	0.0	0.1	100	reused-passage-100	p01-s02-c0021-v210-m010-g250-sb0011	100	3.5330513416968317	0.9549679507771077	34.22825052047574	22.20640670937186	0.767192350989907	9.825700000000974e-05		0.0		
p01-s03-c0066-v210-adaptive-g1000-sb0012-reused	p01-s03-c0066	c0066	sb0012	alpha-by-m	1000	10	10000	0.0	0.0	0.1	100	reused-passage-100	p01-s02-c0021-v210-m010-g250-sb0012	100	3.5329993206115224	0.9549658486684244	34.22646997604876	22.20537015646728	0.7671810547547608	9.719900000000758e-05		0.0		
p01-s03-c0067-v210-adaptive-g1000-sb0001	p01-s03-c0067	c0067	sb0001	alpha-by-m	1000	10	10000	0.0	0.0	0.5	100	new-simulation	p01-s03-c0067-v210-adaptive-g1000-sb0001	100	3.5330693578425754	0.9549678728022819	34.22886718718063	22.206368258141573	0.7671962631462479	8.844399999999818e-05	9.351899999999482e-05	0.0	3.426	0.5379321675593559
p01-s03-c0067-v210-adaptive-g1000-sb0002	p01-s03-c0067	c0067	sb0002	alpha-by-m	1000	10	10000	0.0	0.0	0.5	100	new-simulation	p01-s03-c0067-v210-adaptive-g1000-sb0002	100	3.5330652688101467	0.9549685617836193	34.22872722451886	22.206708015739988	0.7671953752241378	9.132700000000706e-05	8.741799999998623e-05	0.0	3.423	0.5345872088344922
p01-s03-c0067-v210-adaptive-g1000-sb0003	p01-s03-c0067	c0067	sb0003	alpha-by-m	1000	10	10000	0.0	0.0	0.5	100	new-simulation	p01-s03-c0067-v210-adaptive-g1000-sb0003	100	3.533034227893126	0.9549647531511577	34.22766474992754	22.20482999363656	0.7671886347746502	9.449499999999227e-05	8.982400000000736e-05	0.0	3.428	0.5380035086201024
p01-s03-c0067-v210-adaptive-g1000-sb0004	p01-s03-c0067	c0067	sb0004	alpha-by-m	1000	10	10000	0.0	0.0	0.5	100	new-simulation	p01-s03-c0067-v210-adaptive-g1000-sb0004	100	3.5330600236050684	0.9549686225290361	34.228547688295855	22.206737971646493	0.7671942362423269	8.383900000000514e-05	8.563899999998971e-05	0.0	3.396	0.5343669892927666
p01-s03-c0067-v210-adaptive-g1000-sb0005	p01-s03-c0067	c0067	sb0005	alpha-by-m	1000	10	10000	0.0	0.0	0.5	100	new-simulation	p01-s03-c0067-v210-adaptive-g1000-sb0005	100	3.5331059310312587	0.9549701246868169	34.2301190688912	22.207478769261318	0.7672042049132632	7.87200000000077e-05	7.218400000000045e-05	0.0	3.405	0.5315280944911238
p01-s03-c0067-v210-adaptive-g1000-sb0006	p01-s03-c0067	c0067	sb0006	alpha-by-m	1000	10	10000	0.0	0.0	0.5	100	new-simulation	p01-s03-c0067-v210-adaptive-g1000-sb0006	100	3.533051926165604	0.9549667183474468	34.22827052582515	22.205798984744963	0.7671924779056885	8.33459999999838e-05	9.049899999998812e-05	0.0	3.415	0.5315923814809709
p01-s03-c0067-v210-adaptive-g1000-sb0007	p01-s03-c0067	c0067	sb0007	alpha-by-m	1000	10	10000	0.0	0.0	0.5	100	new-simulation	p01-s03-c0067-v210-adaptive-g1000-sb0007	100	3.532962750047297	0.9549632936119624	34.22521831761736	22.20411038462648	0.7671731135576393	8.445300000000633e-05	8.709899999999454e-05	0.0	3.386	0.5329864134503514
p01-s03-c0067-v210-adaptive-g1000-sb0008	p01-s03-c0067	c0067	sb0008	alpha-by-m	1000	10	10000	0.0	0.0	0.5	100	new-simulation	p01-s03-c0067-v210-adaptive-g1000-sb0008	100	3.532997438734228	0.9549646149808886	34.226405566092645	22.20476186837604	0.7671806461102986	9.000700000000219e-05	8.624699999999175e-05	0.0	3.434	0.5337191774966813
p01-s03-c0067-v210-adaptive-g1000-sb0009	p01-s03-c0067	c0067	sb0009	alpha-by-m	1000	10	10000	0.0	0.0	0.5	100	new-simulation	p01-s03-c0067-v210-adaptive-g1000-sb0009	100	3.533046239597425	0.9549668726872013	34.22807588498458	22.205875089554215	0.7671912430830978	7.757200000000207e-05	8.185099999999745e-05	0.0	3.366	0.5262979910422941
p01-s03-c0067-v210-adaptive-g1000-sb0010	p01-s03-c0067	c0067	sb0010	alpha-by-m	1000	10	10000	0.0	0.0	0.5	100	new-simulation	p01-s03-c0067-v210-adaptive-g1000-sb0010	100	3.532971320923983	0.954963348052413	34.2255116590002	22.204137225026955	0.7671749746998641	9.569799999999438e-05	9.373600000000008e-05	0.0	3.424	0.5335878302925153
p01-s03-c0067-v210-adaptive-g1000-sb0011	p01-s03-c0067	c0067	sb0011	alpha-by-m	1000	10	10000	0.0	0.0	0.5	100	new-simulation	p01-s03-c0067-v210-adaptive-g1000-sb0011	100	3.5330649793405375	0.9549694297147	34.228717316344	22.207136033683422	0.7671953123666109	9.730999999999499e-05	0.00010149499999998046	0.0	3.415	0.5311237801669568
p01-s03-c0067-v210-adaptive-g1000-sb0012	p01-s03-c0067	c0067	sb0012	alpha-by-m	1000	10	10000	0.0	0.0	0.5	100	new-simulation	p01-s03-c0067-v210-adaptive-g1000-sb0012	100	3.5330622737233224	0.9549681903788824	34.228624706662465	22.206524863505624	0.7671947248492975	7.970499999999852e-05	8.5833999999992e-05	0.0	3.395	0.5346363969899628
p01-s03-c0068-v210-adaptive-g1000-sb0001	p01-s03-c0068	c0068	sb0001	alpha-by-m	1000	10	10000	0.0	0.0	0.9	100	new-simulation	p01-s03-c0068-v210-adaptive-g1000-sb0001	100	3.533102456920031	0.9549692493609421	34.23000014985679	22.207047091341174	0.7672034505195955	0.00010362100000001602	0.00012228300000000807	0.0	3.427	0.5382936657259492
p01-s03-c0068-v210-adaptive-g1000-sb0002	p01-s03-c0068	c0068	sb0002	alpha-by-m	1000	10	10000	0.0	0.0	0.9	100	new-simulation	p01-s03-c0068-v210-adaptive-g1000-sb0002	100	3.5330513414128677	0.9549676692868456	34.22825051075615	22.206267900495114	0.7671923509282451	9.292099999999999e-05	0.00014495100000000205	0.0	3.423	0.5345872088344922
p01-s03-c0068-v210-adaptive-g1000-sb0003	p01-s03-c0068	c0068	sb0003	alpha-by-m	1000	10	10000	0.0	0.0	0.9	100	new-simulation	p01-s03-c0068-v210-adaptive-g1000-sb0003	100	3.5330228601193485	0.9549647617005366	34.22727565978928	22.20483420894685	0.7671861662939387	8.992300000000512e-05	0.00011457200000000888	0.0	3.427	0.5378629980700684
p01-s03-c0068-v210-adaptive-g1000-sb0004	p01-s03-c0068	c0068	sb0004	alpha-by-m	1000	10	10000	0.0	0.0	0.9	100	new-simulation	p01-s03-c0068-v210-adaptive-g1000-sb0004	100	3.5330677890044773	0.9549682040056464	34.22881348767186	22.206531583270333	0.7671959224773833	7.836100000000048e-05	0.00011039299999999328	0.0	3.397	0.5343985902713724
p01-s03-c0068-v210-adaptive-g1000-sb0005	p01-s03-c0068	c0068	sb0005	alpha-by-m	1000	10	10000	0.0	0.0	0.9	100	new-simulation	p01-s03-c0068-v210-adaptive-g1000-sb0005	100	3.533093627125205	0.9549687233004321	34.229697907312946	22.206787666084438	0.7672015331540109	8.739399999999878e-05	0.00010009299999999658	0.0	3.403	0.5309930479160351
p01-s03-c0068-v210-adaptive-g1000-sb0006	p01-s03-c0068	c0068	sb0006	alpha-by-m	1000	10	10000	0.0	0.0	0.9	100	new-simulation	p01-s03-c0068-v210-adaptive-g1000-sb0006	100	3.5330744853379157	0.9549666862869053	34.2290426959876	22.205783175783093	0.767197376567714	9.135799999998747e-05	0.0001244689999999897	0.0	3.415	0.5315923814809709
p01-s03-c0068-v210-adaptive-g1000-sb0007	p01-s03-c0068	c0068	sb0007	alpha-by-m	1000	10	10000	0.0	0.0	0.9	100	new-simulation	p01-s03-c0068-v210-adaptive-g1000-sb0007	100	3.5329956314441615	0.9549646900787725	34.226343709105755	22.204798895558312	0.767180253662247	8.604899999999468e-05	0.00010966499999998675	0.0	3.386	0.5331478854932461
p01-s03-c0068-v210-adaptive-g1000-sb0008	p01-s03-c0068	c0068	sb0008	alpha-by-m	1000	10	10000	0.0	0.0	0.9	100	new-simulation	p01-s03-c0068-v210-adaptive-g1000-sb0008	100	3.5330653640595613	0.9549679917824895	34.228730484785245	22.206426930148652	0.7671953959072854	9.694599999998438e-05	0.0001231149999999772	0.0	3.435	0.5337240442309645
p01-s03-c0068-v210-adaptive-g1000-sb0009	p01-s03-c0068	c0068	sb0009	alpha-by-m	1000	10	10000	0.0	0.0	0.9	100	new-simulation	p01-s03-c0068-v210-adaptive-g1000-sb0009	100	3.5330559550618306	0.9549671598240403	34.22840842825291	22.206016677887465	0.767193352769388	8.77470000000067e-05	0.00011318499999999541	0.0	3.366	0.5264839018584015
p01-s03-c0068-v210-adaptive-g1000-sb0010	p01-s03-c0068	c0068	sb0010	alpha-by-m	1000	10	10000	0.0	0.0	0.9	100	new-simulation	p01-s03-c0068-v210-adaptive-g1000-sb0010	100	3.5330016277586873	0.9549647951031385	34.22654894164302	22.204850678267675	0.7671815557454021	9.184099999999437e-05	0.00012582400000000005	0.0	3.424	0.5335878302925153
p01-s03-c0068-v210-adaptive-g1000-sb0011	p01-s03-c0068	c0068	sb0011	alpha-by-m	1000	10	10000	0.0	0.0	0.9	100	new-simulation	p01-s03-c0068-v210-adaptive-g1000-sb0011	100	3.533039883670273	0.9549688085214398	34.22785833451906	22.206829692172587	0.7671898629110531	9.57009999999816e-05	0.0001182819999999992	0.0	3.415	0.5310989774309153
p01-s03-c0068-v210-adaptive-g1000-sb0012	p01-s03-c0068	c0068	sb0012	alpha-by-m	1000	10	10000	0.0	0.0	0.9	100	new-simulation	p01-s03-c0068-v210-adaptive-g1000-sb0012	100	3.5330351241198152	0.9549665152595955	34.22769542568795	22.205698843083095	0.767188829387803	9.19270000000032e-05	0.00012651900000000505	0.0	3.396	0.5344616151947473
p01-s03-c0069-v210-adaptive-g1000-sb0001	p01-s03-c0069	c0069	sb0001	alpha-by-m	1000	10	10000	0.0	0.0	0.99	100	new-simulation	p01-s03-c0069-v210-adaptive-g1000-sb0001	100	3.5330899113858525	0.9549689354017065	34.2295707189137	22.20689226250039	0.7672007262914623	0.00010739400000001572	0.00013037500000000402	0.0	3.426	0.5379321675593559
p01-s03-c0069-v210-adaptive-g1000-sb0002	p01-s03-c0069	c0069	sb0002	alpha-by-m	1000	10	10000	0.0	0.0	0.99	100	new-simulation	p01-s03-c0069-v210-adaptive-g1000-sb0002	100	3.5330440705786414	0.9549673096815097	34.22800164372557	22.206090573926957	0.7671907720866534	9.825500000000564e-05	0.0001609810000000081	0.0	3.423	0.5345872088344922
p01-s03-c0069-v210-adaptive-g1000-sb0003	p01-s03-c0069	c0069	sb0003	alpha-by-m	1000	10	10000	0.0	0.0	0.99	100	new-simulation	p01-s03-c0069-v210-adaptive-g1000-sb0003	100	3.5330423301689864	0.9549654737013838	34.22794207303287	22.205185269834352	0.7671903941614987	8.83070000000031e-05	0.0001238319999999971	0.0	3.427	0.5378629980700684
p01-s03-c0069-v210-adaptive-g1000-sb0004	p01-s03-c0069	c0069	sb0004	alpha-by-m	1000	10	10000	0.0	0.0	0.99	100	new-simulation	p01-s03-c0069-v210-adaptive-g1000-sb0004	100	3.533057593621526	0.9549679751176382	34.22846451358935	22.20641871229027	0.7671937085781051	7.594199999998473e-05	0.00011991299999999697	0.0	3.397	0.5343985902713724
p01-s03-c0069-v210-adaptive-g1000-sb0005	p01-s03-c0069	c0069	sb0005	alpha-by-m	1000	10	10000	0.0	0.0	0.99	100	new-simulation	p01-s03-c0069-v210-adaptive-g1000-sb0005	100	3.5330759923546355	0.954967922056736	34.229094279766116	22.206392546661977	0.7671977038122368	8.772800000000325e-05	9.758700000001296e-05	0.0	3.403	0.5311342979348845
p01-s03-c0069-v210-adaptive-g1000-sb0006	p01-s03-c0069	c0069	sb0006	alpha-by-m	1000	10	10000	0.0	0.0	0.99	100	new-simulation	p01-s03-c0069-v210-adaptive-g1000-sb0006	100	3.53308889887968	0.954967509602885	34.2295360612796	22.20618915768567	0.7672005064285404	9.131399999998544e-05	0.0001294499999999961	0.0	3.415	0.5315923814809709
p01-s03-c0069-v210-adaptive-g1000-sb0007	p01-s03-c0069	c0069	sb0007	alpha-by-m	1000	10	10000	0.0	0.0	0.99	100	new-simulation	p01-s03-c0069-v210-adaptive-g1000-sb0007	100	3.5330027703476534	0.9549651113535409	34.22658804854253	22.20500660832933	0.7671818038554437	8.634200000001119e-05	0.00011015200000001233	0.0	3.386	0.5331478854932461
p01-s03-c0069-v210-adaptive-g1000-sb0008	p01-s03-c0069	c0069	sb0008	alpha-by-m	1000	10	10000	0.0	0.0	0.99	100	new-simulation	p01-s03-c0069-v210-adaptive-g1000-sb0008	100	3.5330593134152246	0.9549674566901529	34.22852337953755	22.2061630656631	0.7671940820265617	9.424599999998854e-05	0.000132887999999995	0.0	3.435	0.5337240442309645
p01-s03-c0069-v210-adaptive-g1000-sb0009	p01-s03-c0069	c0069	sb0009	alpha-by-m	1000	10	10000	0.0	0.0	0.99	100	new-simulation	p01-s03-c0069-v210-adaptive-g1000-sb0009	100	3.533044149613674	0.9549666979381715	34.228004348936906	22.20578892098671	0.7671907892488927	8.917700000001007e-05	0.00012567700000000839	0.0	3.366	0.5264839018584015
p01-s03-c0069-v210-adaptive-g1000-sb0010	p01-s03-c0069	c0069	sb0010	alpha-by-m	1000	10	10000	0.0	0.0	0.99	100	new-simulation	p01-s03-c0069-v210-adaptive-g1000-sb0010	100	3.5330005649977707	0.9549644186536964	34.226512567023825	22.20466506939135	0.7671813249698013	8.800199999999545e-05	0.00012556100000000648	0.0	3.424	0.5335878302925153
p01-s03-c0069-v210-adaptive-g1000-sb0011	p01-s03-c0069	c0069	sb0011	alpha-by-m	1000	10	10000	0.0	0.0	0.99	100	new-simulation	p01-s03-c0069-v210-adaptive-g1000-sb0011	100	3.533029289146393	0.9549681794296894	34.22749570857751	22.206519464134136	0.7671875623394233	9.51849999999998e-05	0.00012209900000000976	0.0	3.415	0.5310989774309153
p01-s03-c0069-v210-adaptive-g1000-sb0012	p01-s03-c0069	c0069	sb0012	alpha-by-m	1000	10	10000	0.0	0.0	0.99	100	new-simulation	p01-s03-c0069-v210-adaptive-g1000-sb0012	100	3.5330207141412813	0.954965898905237	34.227202208885224	22.205394927185285	0.7671857003007222	8.876999999999963e-05	0.0001335070000000073	0.0	3.396	0.5344616151947473
p01-s03-c0070-v210-adaptive-g1000-sb0001	p01-s03-c0070	c0070	sb0001	alpha-by-m	1000	10	10000	0.01	0.00999900999901	0.0	100	new-simulation	p01-s03-c0070-v210-adaptive-g1000-sb0001	100	3.533748641832915	0.9550972208355024	34.25212620751405	22.270336460391075	0.7673437677905727	0.005938333000000007	0.0005703190000000055	0.00999900999901	3.426	0.5372390428377807
p01-s03-c0070-v210-adaptive-g1000-sb0002	p01-s03-c0070	c0070	sb0002	alpha-by-m	1000	10	10000	0.01	0.00999900999901	0.0	100	new-simulation	p01-s03-c0070-v210-adaptive-g1000-sb0002	100	3.530109136306136	0.9547686160805494	34.12769198175868	22.108543081079038	0.7665534592070045	0.0051778470000000045	0.0005433279999999964	0.00999900999901	3.419	0.535230939778147
p01-s03-c0070-v210-adaptive-g1000-sb0003	p01-s03-c0070	c0070	sb0003	alpha-by-m	1000	10	10000	0.01	0.00999900999901	0.0	100	new-simulation	p01-s03-c0070-v210-adaptive-g1000-sb0003	100	3.53331441841994	0.955032998621967	34.23725636102196	22.23852979639674	0.7672494773744886	0.006261237999999995	0.0005453770000000036	0.00999900999901	3.433	0.5381569460611264
p01-s03-c0070-v210-adaptive-g1000-sb0004	p01-s03-c0070	c0070	sb0004	alpha-by-m	1000	10	10000	0.01	0.00999900999901	0.0	100	new-simulation	p01-s03-c0070-v210-adaptive-g1000-sb0004	100	3.5336174258008746	0.9550869636410365	34.24763207428177	22.26525038315353	0.7673152745912465	0.0058271669999999925	0.0005523989999999903	0.00999900999901	3.401	0.5324969779607301
p01-s03-c0070-v210-adaptive-g1000-sb0005	p01-s03-c0070	c0070	sb0005	alpha-by-m	1000	10	10000	0.01	0.00999900999901	0.0	100	new-simulation	p01-s03-c0070-v210-adaptive-g1000-sb0005	100	3.538850752648788	0.9552124807410596	34.42733092798322	22.327648785780447	0.7684516770772689	0.007212575000000012	0.0005438329999999979	0.00999900999901	3.418	0.5325111676857486
p01-s03-c0070-v210-adaptive-g1000-sb0006	p01-s03-c0070	c0070	sb0006	alpha-by-m	1000	10	10000	0.01	0.00999900999901	0.0	100	new-simulation	p01-s03-c0070-v210-adaptive-g1000-sb0006	100	3.5326174597519966	0.9549383537804406	34.21340272190041	22.191821291383306	0.7670981347226874	0.006781113000000006	0.000560290999999997	0.00999900999901	3.412	0.5334286333205569
p01-s03-c0070-v210-adaptive-g1000-sb0007	p01-s03-c0070	c0070	sb0007	alpha-by-m	1000	10	10000	0.01	0.00999900999901	0.0	100	new-simulation	p01-s03-c0070-v210-adaptive-g1000-sb0007	100	3.5317702946223846	0.954905329896349	34.18443059397004	22.175569700398764	0.7669141751521618	0.006496548999999998	0.0006425820000000124	0.00999900999901	3.379	0.5344595451886095
p01-s03-c0070-v210-adaptive-g1000-sb0008	p01-s03-c0070	c0070	sb0008	alpha-by-m	1000	10	10000	0.01	0.00999900999901	0.0	100	new-simulation	p01-s03-c0070-v210-adaptive-g1000-sb0008	100	3.5358416461771376	0.9550901992195134	34.32389113241685	22.266854508838144	0.7677982579092204	0.006453239999999987	0.0006278049999999906	0.00999900999901	3.434	0.5363993014033106
p01-s03-c0070-v210-adaptive-g1000-sb0009	p01-s03-c0070	c0070	sb0009	alpha-by-m	1000	10	10000	0.01	0.00999900999901	0.0	100	new-simulation	p01-s03-c0070-v210-adaptive-g1000-sb0009	100	3.5332351499328603	0.9550792293291969	34.23454253307041	22.261416824933576	0.7672322644412248	0.006504412000000007	0.0006688650000000022	0.00999900999901	3.364	0.5285069455217768
p01-s03-c0070-v210-adaptive-g1000-sb0010	p01-s03-c0070	c0070	sb0010	alpha-by-m	1000	10	10000	0.01	0.00999900999901	0.0	100	new-simulation	p01-s03-c0070-v210-adaptive-g1000-sb0010	100	3.5296967771660723	0.9548425790875055	34.11362201717934	22.144754500877873	0.7664639165574585	0.005457211999999989	0.0005583450000000146	0.00999900999901	3.421	0.5351194657971405
p01-s03-c0070-v210-adaptive-g1000-sb0011	p01-s03-c0070	c0070	sb0011	alpha-by-m	1000	10	10000	0.01	0.00999900999901	0.0	100	new-simulation	p01-s03-c0070-v210-adaptive-g1000-sb0011	100	3.525204762038296	0.9544961173083437	33.96072677198792	21.976146668103194	0.7654884878661489	0.007281880000000009	0.0006244990000000039	0.00999900999901	3.409	0.5272496359620557
p01-s03-c0070-v210-adaptive-g1000-sb0012	p01-s03-c0070	c0070	sb0012	alpha-by-m	1000	10	10000	0.01	0.00999900999901	0.0	100	new-simulation	p01-s03-c0070-v210-adaptive-g1000-sb0012	100	3.5300504988134915	0.954883549547942	34.12569087814155	22.164864256389738	0.7665407262372604	0.005553391000000015	0.0004925380000000009	0.00999900999901	3.404	0.5348536658745279
p01-s03-c0071-v210-adaptive-g1000-sb0001	p01-s03-c0071	c0071	sb0001	alpha-by-m	1000	10	10000	0.01	0.00999900999901	0.001	100	new-simulation	p01-s03-c0071-v210-adaptive-g1000-sb0001	100	3.533624676746281	0.9550903691125576	34.24788040289255	22.266938744304383	0.7673168491140359	0.005727173999999997	0.0005725380000000031	0.00999900999901	3.421	0.5368772168622454
p01-s03-c0071-v210-adaptive-g1000-sb0002	p01-s03-c0071	c0071	sb0002	alpha-by-m	1000	10	10000	0.01	0.00999900999901	0.001	100	new-simulation	p01-s03-c0071-v210-adaptive-g1000-sb0002	100	3.5301398142986424	0.9547636569425825	34.128738966897174	22.106119381284223	0.7665601208484352	0.005044035999999994	0.0005503930000000012	0.00999900999901	3.421	0.5352877506433282
p01-s03-c0071-v210-adaptive-g1000-sb0003	p01-s03-c0071	c0071	sb0003	alpha-by-m	1000	10	10000	0.01	0.00999900999901	0.001	100	new-simulation	p01-s03-c0071-v210-adaptive-g1000-sb0003	100	3.533687933765438	0.9550490116308044	34.25004689024132	22.246451886368035	0.7673305852012166	0.005918064000000004	0.0005571060000000045	0.00999900999901	3.431	0.5376703818219994
p01-s03-c0071-v210-adaptive-g1000-sb0004	p01-s03-c0071	c0071	sb0004	alpha-by-m	1000	10	10000	0.01	0.00999900999901	0.001	100	new-simulation	p01-s03-c0071-v210-adaptive-g1000-sb0004	100	3.53320189237634	0.955061927873404	34.23340399476977	22.252846031820855	0.7672250426545857	0.0056650669999999854	0.0005415629999999952	0.00999900999901	3.399	0.5319862990517358
p01-s03-c0071-v210-adaptive-g1000-sb0005	p01-s03-c0071	c0071	sb0005	alpha-by-m	1000	10	10000	0.01	0.00999900999901	0.001	100	new-simulation	p01-s03-c0071-v210-adaptive-g1000-sb0005	100	3.5383929640661824	0.9551935378892646	34.41157409587891	22.318209313839276	0.7683522695496171	0.006965581000000007	0.0005325310000000032	0.00999900999901	3.418	0.5324050609783298
p01-s03-c0071-v210-adaptive-g1000-sb0006	p01-s03-c0071	c0071	sb0006	alpha-by-m	1000	10	10000	0.01	0.00999900999901	0.001	100	new-simulation	p01-s03-c0071-v210-adaptive-g1000-sb0006	100	3.532659790678321	0.9549401734580366	34.21485103758438	22.192717476813176	0.7671073267665456	0.006653329000000005	0.0005728530000000058	0.00999900999901	3.408	0.5327866481412318
p01-s03-c0071-v210-adaptive-g1000-sb0007	p01-s03-c0071	c0071	sb0007	alpha-by-m	1000	10	10000	0.01	0.00999900999901	0.001	100	new-simulation	p01-s03-c0071-v210-adaptive-g1000-sb0007	100	3.5319284833035645	0.9549115593403139	34.18983861169491	22.17863348940579	0.7669485253878296	0.006081774	0.0006438860000000046	0.00999900999901	3.377	0.5341108971105687
p01-s03-c0071-v210-adaptive-g1000-sb0008	p01-s03-c0071	c0071	sb0008	alpha-by-m	1000	10	10000	0.01	0.00999900999901	0.001	100	new-simulation	p01-s03-c0071-v210-adaptive-g1000-sb0008	100	3.535926139988618	0.9550931073189491	34.326791411329545	22.26829647516371	0.7678166055072609	0.006248122000000003	0.0006090710000000077	0.00999900999901	3.437	0.5360005124267999
p01-s03-c0071-v210-adaptive-g1000-sb0009	p01-s03-c0071	c0071	sb0009	alpha-by-m	1000	10	10000	0.01	0.00999900999901	0.001	100	new-simulation	p01-s03-c0071-v210-adaptive-g1000-sb0009	100	3.5333926647571765	0.955071267305921	34.239935405740596	22.25747177889544	0.7672664683507341	0.0060666140000000075	0.0006868949999999901	0.00999900999901	3.363	0.5282154692102548
p01-s03-c0071-v210-adaptive-g1000-sb0010	p01-s03-c0071	c0071	sb0010	alpha-by-m	1000	10	10000	0.01	0.00999900999901	0.001	100	new-simulation	p01-s03-c0071-v210-adaptive-g1000-sb0010	100	3.5300123808083597	0.9548519707068944	34.12439009967322	22.14936101657724	0.7665324490176154	0.005109358999999989	0.0005691460000000041	0.00999900999901	3.425	0.5351667088076575
p01-s03-c0071-v210-adaptive-g1000-sb0011	p01-s03-c0071	c0071	sb0011	alpha-by-m	1000	10	10000	0.01	0.00999900999901	0.001	100	new-simulation	p01-s03-c0071-v210-adaptive-g1000-sb0011	100	3.5257081892728444	0.9545229562974532	33.97782783095824	21.98911623501151	0.765597805701151	0.007025567000000008	0.0006313819999999975	0.00999900999901	3.407	0.527661988290384
p01-s03-c0071-v210-adaptive-g1000-sb0012	p01-s03-c0071	c0071	sb0012	alpha-by-m	1000	10	10000	0.01	0.00999900999901	0.001	100	new-simulation	p01-s03-c0071-v210-adaptive-g1000-sb0012	100	3.530329782461914	0.954881614331866	34.135222956609795	22.16391356187809	0.7666013719109582	0.005340706000000019	0.0004951159999999968	0.00999900999901	3.407	0.5350307097643587
p01-s03-c0072-v210-adaptive-g1000-sb0001	p01-s03-c0072	c0072	sb0001	alpha-by-m	1000	10	10000	0.01	0.00999900999901	0.01	100	new-simulation	p01-s03-c0072-v210-adaptive-g1000-sb0001	100	3.5335734338710822	0.955046793171616	34.246125487995066	22.24535401484611	0.767305721865068	0.003933162999999993	0.0005425529999999909	0.00999900999901	3.421	0.5374809675420835
p01-s03-c0072-v210-adaptive-g1000-sb0002	p01-s03-c0072	c0072	sb0002	alpha-by-m	1000	10	10000	0.01	0.00999900999901	0.01	100	new-simulation	p01-s03-c0072-v210-adaptive-g1000-sb0002	100	3.530653522001496	0.9548096974555654	34.14627566697644	22.128641405237833	0.7666716710587654	0.0036033050000000085	0.0005521259999999948	0.00999900999901	3.419	0.5349241570796814
p01-s03-c0072-v210-adaptive-g1000-sb0003	p01-s03-c0072	c0072	sb0003	alpha-by-m	1000	10	10000	0.01	0.00999900999901	0.01	100	new-simulation	p01-s03-c0072-v210-adaptive-g1000-sb0003	100	3.5345863597975167	0.9550792359476222	34.280831850901734	22.2614201048316	0.7675256759352816	0.004035949999999993	0.0005612030000000038	0.00999900999901	3.428	0.5389106612014951
p01-s03-c0072-v210-adaptive-g1000-sb0004	p01-s03-c0072	c0072	sb0004	alpha-by-m	1000	10	10000	0.01	0.00999900999901	0.01	100	new-simulation	p01-s03-c0072-v210-adaptive-g1000-sb0004	100	3.532515501471144	0.9549908440176901	34.20991456000327	22.217701669256673	0.767075994763308	0.004090423999999993	0.0005584510000000054	0.00999900999901	3.393	0.5335515929791413
p01-s03-c0072-v210-adaptive-g1000-sb0005	p01-s03-c0072	c0072	sb0005	alpha-by-m	1000	10	10000	0.01	0.00999900999901	0.01	100	new-simulation	p01-s03-c0072-v210-adaptive-g1000-sb0005	100	3.536611983227282	0.9551235695190078	34.35034228430438	22.28341223403581	0.7679655344742621	0.004712697000000002	0.0005271259999999897	0.00999900999901	3.428	0.5334036472567428
p01-s03-c0072-v210-adaptive-g1000-sb0006	p01-s03-c0072	c0072	sb0006	alpha-by-m	1000	10	10000	0.01	0.00999900999901	0.01	100	new-simulation	p01-s03-c0072-v210-adaptive-g1000-sb0006	100	3.5329726328633555	0.9549655172513631	34.22555656082594	22.205206743054447	0.7671752595838792	0.0045719330000000115	0.0005428779999999921	0.00999900999901	3.418	0.5326925566678282
p01-s03-c0072-v210-adaptive-g1000-sb0007	p01-s03-c0072	c0072	sb0007	alpha-by-m	1000	10	10000	0.01	0.00999900999901	0.01	100	new-simulation	p01-s03-c0072-v210-adaptive-g1000-sb0007	100	3.5323157231001154	0.9549250964493805	34.20308084163675	22.185294281927664	0.7670326134412374	0.004177779999999994	0.0005820360000000053	0.00999900999901	3.378	0.5325254931729908
p01-s03-c0072-v210-adaptive-g1000-sb0008	p01-s03-c0072	c0072	sb0008	alpha-by-m	1000	10	10000	0.01	0.00999900999901	0.01	100	new-simulation	p01-s03-c0072-v210-adaptive-g1000-sb0008	100	3.535051512899008	0.9550367971190825	34.296781395361336	22.24040851023102	0.7676266826478905	0.004670582999999997	0.0006226209999999979	0.00999900999901	3.433	0.5350165632170368
p01-s03-c0072-v210-adaptive-g1000-sb0009	p01-s03-c0072	c0072	sb0009	alpha-by-m	1000	10	10000	0.01	0.00999900999901	0.01	100	new-simulation	p01-s03-c0072-v210-adaptive-g1000-sb0009	100	3.5330272735090524	0.9550270442959221	34.22742671842861	22.235585461182545	0.7671871246493361	0.004113726999999997	0.0007133869999999924	0.00999900999901	3.367	0.5269462438964295
p01-s03-c0072-v210-adaptive-g1000-sb0010	p01-s03-c0072	c0072	sb0010	alpha-by-m	1000	10	10000	0.01	0.00999900999901	0.01	100	new-simulation	p01-s03-c0072-v210-adaptive-g1000-sb0010	100	3.53080031704359	0.9548861907018463	34.151288538873715	22.166161881633137	0.7667035471971416	0.0036991109999999936	0.0005868300000000028	0.00999900999901	3.425	0.5347250025112896
p01-s03-c0072-v210-adaptive-g1000-sb0011	p01-s03-c0072	c0072	sb0011	alpha-by-m	1000	10	10000	0.01	0.00999900999901	0.01	100	new-simulation	p01-s03-c0072-v210-adaptive-g1000-sb0011	100	3.5289500201291926	0.9546951218563688	34.088156939181026	22.072678284878613	0.7663017603272388	0.005010953000000014	0.0006379589999999926	0.00999900999901	3.409	0.5297611718477427
p01-s03-c0072-v210-adaptive-g1000-sb0012	p01-s03-c0072	c0072	sb0012	alpha-by-m	1000	10	10000	0.01	0.00999900999901	0.01	100	new-simulation	p01-s03-c0072-v210-adaptive-g1000-sb0012	100	3.5316418083385774	0.9549061538655731	34.18003864567756	22.175974899522917	0.7668862747101328	0.004058030000000005	0.0004877869999999999	0.00999900999901	3.411	0.5352898194603525
p01-s03-c0073-v210-adaptive-g1000-sb0001-reused	p01-s03-c0073	c0073	sb0001	alpha-by-m	1000	10	10000	0.01	0.00999900999901	0.1	100	reused-passage-100	p01-s03-c0037-v210-m010-g100-sb0001	100	3.532656877742958	0.9549430218960844	34.21475137208002	22.1941204688358	0.7671066942306686	0.0011308990000000099		0.00999900999901		
p01-s03-c0073-v210-adaptive-g1000-sb0002-reused	p01-s03-c0073	c0073	sb0002	alpha-by-m	1000	10	10000	0.01	0.00999900999901	0.1	100	reused-passage-100	p01-s03-c0037-v210-m010-g100-sb0002	100	3.5323673651024627	0.9549399337120731	34.20484720282668	22.192599398548435	0.7670438273595643	0.0010789940000000028		0.00999900999901		
p01-s03-c0073-v210-adaptive-g1000-sb0003-reused	p01-s03-c0073	c0073	sb0003	alpha-by-m	1000	10	10000	0.01	0.00999900999901	0.1	100	reused-passage-100	p01-s03-c0037-v210-m010-g100-sb0003	100	3.53356868340908	0.9550125104003258	34.24596280346362	22.22840191570149	0.767304690315351	0.0011985250000000013		0.00999900999901		
p01-s03-c0073-v210-adaptive-g1000-sb0004-reused	p01-s03-c0073	c0073	sb0004	alpha-by-m	1000	10	10000	0.01	0.00999900999901	0.1	100	reused-passage-100	p01-s03-c0037-v210-m010-g100-sb0004	100	3.5328805429400454	0.9549787469020133	34.2224048770684	22.21173181971516	0.767155262511113	0.0014438540000000083		0.00999900999901		
p01-s03-c0073-v210-adaptive-g1000-sb0005-reused	p01-s03-c0073	c0073	sb0005	alpha-by-m	1000	10	10000	0.01	0.00999900999901	0.1	100	reused-passage-100	p01-s03-c0037-v210-m010-g100-sb0005	100	3.5335168998729567	0.9549931961051185	34.24418947232679	22.218862782072055	0.7672934456633551	0.0012743940000000085		0.00999900999901		
p01-s03-c0073-v210-adaptive-g1000-sb0006-reused	p01-s03-c0073	c0073	sb0006	alpha-by-m	1000	10	10000	0.01	0.00999900999901	0.1	100	reused-passage-100	p01-s03-c0037-v210-m010-g100-sb0006	100	3.5338132452832793	0.9549883317592707	34.254339084528354	22.21646162172543	0.7673577962515753	0.0014499550000000106		0.00999900999901		
p01-s03-c0073-v210-adaptive-g1000-sb0007-reused	p01-s03-c0073	c0073	sb0007	alpha-by-m	1000	10	10000	0.01	0.00999900999901	0.1	100	reused-passage-100	p01-s03-c0037-v210-m010-g100-sb0007	100	3.532616852998781	0.954948415464317	34.21338196281458	22.19677754525931	0.7670980029679006	0.0014408409999999954		0.00999900999901		
p01-s03-c0073-v210-adaptive-g1000-sb0008-reused	p01-s03-c0073	c0073	sb0008	alpha-by-m	1000	10	10000	0.01	0.00999900999901	0.1	100	reused-passage-100	p01-s03-c0037-v210-m010-g100-sb0008	100	3.5334563154333427	0.9549738977590521	34.242114870142515	22.20933969919729	0.7672802899194483	0.0015528659999999965		0.00999900999901		
p01-s03-c0073-v210-adaptive-g1000-sb0009-reused	p01-s03-c0073	c0073	sb0009	alpha-by-m	1000	10	10000	0.01	0.00999900999901	0.1	100	reused-passage-100	p01-s03-c0037-v210-m010-g100-sb0009	100	3.5333349297506484	0.9549708567908377	34.23795861991184	22.207839828418624	0.7672539313533602	0.001291378999999998		0.00999900999901		
p01-s03-c0073-v210-adaptive-g1000-sb0010-reused	p01-s03-c0073	c0073	sb0010	alpha-by-m	1000	10	10000	0.01	0.00999900999901	0.1	100	reused-passage-100	p01-s03-c0037-v210-m010-g100-sb0010	100	3.5331822931604133	0.9549795967603051	34.23273305346796	22.21215111459267	0.7672207867389224	0.0012360110000000024		0.00999900999901		
p01-s03-c0073-v210-adaptive-g1000-sb0011-reused	p01-s03-c0073	c0073	sb0011	alpha-by-m	1000	10	10000	0.01	0.00999900999901	0.1	100	reused-passage-100	p01-s03-c0037-v210-m010-g100-sb0011	100	3.5329321312208193	0.9549278621447782	34.22417039763965	22.186655605557142	0.7671664647639485	0.0015628620000000064		0.00999900999901		
p01-s03-c0073-v210-adaptive-g1000-sb0012-reused	p01-s03-c0073	c0073	sb0012	alpha-by-m	1000	10	10000	0.01	0.00999900999901	0.1	100	reused-passage-100	p01-s03-c0037-v210-m010-g100-sb0012	100	3.5326526758475136	0.9549504925542037	34.214607605574145	22.197800968261518	0.767105781800666	0.0016507080000000072		0.00999900999901		
p01-s03-c0074-v210-adaptive-g1000-sb0001	p01-s03-c0074	c0074	sb0001	alpha-by-m	1000	10	10000	0.01	0.00999900999901	0.5	100	new-simulation	p01-s03-c0074-v210-adaptive-g1000-sb0001	100	3.5330885546924082	0.95496978922464	34.22952427991101	22.20731332990318	0.767200431689224	0.0003510340000000047	0.00036953500000000655	0.00999900999901	3.426	0.5380802722706978
p01-s03-c0074-v210-adaptive-g1000-sb0002	p01-s03-c0074	c0074	sb0002	alpha-by-m	1000	10	10000	0.01	0.00999900999901	0.5	100	new-simulation	p01-s03-c0074-v210-adaptive-g1000-sb0002	100	3.5330577809294184	0.9549736421635044	34.22847092485149	22.20921362618991	0.7671937492514971	0.0003207800000000082	0.0003024460000000073	0.00999900999901	3.424	0.5347133984916204
p01-s03-c0074-v210-adaptive-g1000-sb0003	p01-s03-c0074	c0074	sb0003	alpha-by-m	1000	10	10000	0.01	0.00999900999901	0.5	100	new-simulation	p01-s03-c0074-v210-adaptive-g1000-sb0003	100	3.533230132414741	0.9549850412913554	34.23437076106388	22.214837660352256	0.7672311749010088	0.0003700160000000024	0.0003250950000000009	0.00999900999901	3.426	0.5383834381052626
p01-s03-c0074-v210-adaptive-g1000-sb0004	p01-s03-c0074	c0074	sb0004	alpha-by-m	1000	10	10000	0.01	0.00999900999901	0.5	100	new-simulation	p01-s03-c0074-v210-adaptive-g1000-sb0004	100	3.5329666333886576	0.9549719475296526	34.22535122608129	22.20837778090754	0.7671739568145014	0.0003534590000000074	0.00031276199999999844	0.00999900999901	3.398	0.5351093208186789
p01-s03-c0074-v210-adaptive-g1000-sb0005	p01-s03-c0074	c0074	sb0005	alpha-by-m	1000	10	10000	0.01	0.00999900999901	0.5	100	new-simulation	p01-s03-c0074-v210-adaptive-g1000-sb0005	100	3.5331965761307917	0.9549745134022233	34.23322200207195	22.209643372280155	0.7672238882465326	0.00036498900000000843	0.0003122990000000033	0.00999900999901	3.407	0.5317079795714024
p01-s03-c0074-v210-adaptive-g1000-sb0006	p01-s03-c0074	c0074	sb0006	alpha-by-m	1000	10	10000	0.01	0.00999900999901	0.5	100	new-simulation	p01-s03-c0074-v210-adaptive-g1000-sb0006	100	3.533287021974179	0.9549737920543714	34.236318394733594	22.209287559981735	0.7672435283118797	0.00033597799999998955	0.0003249290000000014	0.00999900999901	3.412	0.5312677265526512
p01-s03-c0074-v210-adaptive-g1000-sb0007	p01-s03-c0074	c0074	sb0007	alpha-by-m	1000	10	10000	0.01	0.00999900999901	0.5	100	new-simulation	p01-s03-c0074-v210-adaptive-g1000-sb0007	100	3.5329542406695413	0.9549657296453096	34.22492708354503	22.205311468887754	0.7671712657697374	0.00036615899999999644	0.0003958480000000091	0.00999900999901	3.386	0.5326597560667958
p01-s03-c0074-v210-adaptive-g1000-sb0008	p01-s03-c0074	c0074	sb0008	alpha-by-m	1000	10	10000	0.01	0.00999900999901	0.5	100	new-simulation	p01-s03-c0074-v210-adaptive-g1000-sb0008	100	3.533006164559504	0.9549612458948531	34.22670422103045	22.203100859881996	0.7671825408991823	0.0003629459999999942	0.0004042279999999965	0.00999900999901	3.436	0.5342335040262741
p01-s03-c0074-v210-adaptive-g1000-sb0009	p01-s03-c0074	c0074	sb0009	alpha-by-m	1000	10	10000	0.01	0.00999900999901	0.5	100	new-simulation	p01-s03-c0074-v210-adaptive-g1000-sb0009	100	3.5331751939500746	0.954972817022198	34.23249002895819	22.208806633383933	0.7672192451649844	0.0003589919999999932	0.00044804699999998886	0.00999900999901	3.366	0.5261894917417977
p01-s03-c0074-v210-adaptive-g1000-sb0010	p01-s03-c0074	c0074	sb0010	alpha-by-m	1000	10	10000	0.01	0.00999900999901	0.5	100	new-simulation	p01-s03-c0074-v210-adaptive-g1000-sb0010	100	3.5332825271178305	0.9549801098298197	34.236164507746366	22.21240425553876	0.7672425522662252	0.0003426590000000068	0.00040840400000000175	0.00999900999901	3.426	0.534046711801613
p01-s03-c0074-v210-adaptive-g1000-sb0011	p01-s03-c0074	c0074	sb0011	alpha-by-m	1000	10	10000	0.01	0.00999900999901	0.5	100	new-simulation	p01-s03-c0074-v210-adaptive-g1000-sb0011	100	3.532927548681147	0.9549588302427013	34.2240135643804	22.201910061138122	0.7671654696781021	0.0003920520000000139	0.0003573589999999892	0.00999900999901	3.415	0.5310989774309153
p01-s03-c0074-v210-adaptive-g1000-sb0012	p01-s03-c0074	c0074	sb0012	alpha-by-m	1000	10	10000	0.01	0.00999900999901	0.5	100	new-simulation	p01-s03-c0074-v210-adaptive-g1000-sb0012	100	3.5330775434744446	0.9549691797994302	34.229147373233474	22.20701278693	0.7671980406336237	0.000349528000000003	0.00028339599999999387	0.00999900999901	3.394	0.5345514857136572
p01-s03-c0075-v210-adaptive-g1000-sb0001	p01-s03-c0075	c0075	sb0001	alpha-by-m	1000	10	10000	0.01	0.00999900999901	0.9	100	new-simulation	p01-s03-c0075-v210-adaptive-g1000-sb0001	100	3.5331313033178433	0.9549706157657617	34.2309875763	22.207720958343586	0.7672097144352917	0.00012200800000000502	0.00014616299999999725	0.00999900999901	3.425	0.5380226744881139
p01-s03-c0075-v210-adaptive-g1000-sb0002	p01-s03-c0075	c0075	sb0002	alpha-by-m	1000	10	10000	0.01	0.00999900999901	0.9	100	new-simulation	p01-s03-c0075-v210-adaptive-g1000-sb0002	100	3.5330594082549602	0.9549690715492178	34.22852662576181	22.20695940331272	0.7671941026207486	0.00011322099999999205	0.00013701699999999934	0.00999900999901	3.422	0.5346222544651508
p01-s03-c0075-v210-adaptive-g1000-sb0003	p01-s03-c0075	c0075	sb0003	alpha-by-m	1000	10	10000	0.01	0.00999900999901	0.9	100	new-simulation	p01-s03-c0075-v210-adaptive-g1000-sb0003	100	3.533051902341214	0.9549677410776048	34.228269710357495	22.206303301891136	0.7671924727322879	9.435499999999779e-05	0.00011951400000000139	0.00999900999901	3.426	0.5378066874375868
p01-s03-c0075-v210-adaptive-g1000-sb0004	p01-s03-c0075	c0075	sb0004	alpha-by-m	1000	10	10000	0.01	0.00999900999901	0.9	100	new-simulation	p01-s03-c0075-v210-adaptive-g1000-sb0004	100	3.533040016601117	0.9549682252600282	34.227862884457465	22.206542064449536	0.7671898917766191	9.488400000001382e-05	0.00013940700000000434	0.00999900999901	3.397	0.5343985902713724
p01-s03-c0075-v210-adaptive-g1000-sb0005	p01-s03-c0075	c0075	sb0005	alpha-by-m	1000	10	10000	0.01	0.00999900999901	0.9	100	new-simulation	p01-s03-c0075-v210-adaptive-g1000-sb0005	100	3.5331055783586724	0.9549692761983535	34.230106996868706	22.207060326297377	0.7672041283313842	0.00010131299999999898	9.791000000001015e-05	0.00999900999901	3.405	0.531248133105137
p01-s03-c0075-v210-adaptive-g1000-sb0006	p01-s03-c0075	c0075	sb0006	alpha-by-m	1000	10	10000	0.01	0.00999900999901	0.9	100	new-simulation	p01-s03-c0075-v210-adaptive-g1000-sb0006	100	3.533103176865589	0.9549680179923423	34.23002479360221	22.206439854900257	0.767203606853787	9.551199999999736e-05	0.0001458499999999996	0.00999900999901	3.413	0.5315782282710018
p01-s03-c0075-v210-adaptive-g1000-sb0007	p01-s03-c0075	c0075	sb0007	alpha-by-m	1000	10	10000	0.01	0.00999900999901	0.9	100	new-simulation	p01-s03-c0075-v210-adaptive-g1000-sb0007	100	3.533016199373658	0.9549662058113468	34.22704768136968	22.205546257347383	0.7671847199313893	0.00010771499999999003	0.00015455299999998827	0.00999900999901	3.386	0.5329864134503514
p01-s03-c0075-v210-adaptive-g1000-sb0008	p01-s03-c0075	c0075	sb0008	alpha-by-m	1000	10	10000	0.01	0.00999900999901	0.9	100	new-simulation	p01-s03-c0075-v210-adaptive-g1000-sb0008	100	3.5330361748852397	0.9549662627926245	34.22773139098575	22.20557435406946	0.7671890575586158	0.00011624899999999682	0.00014147099999999043	0.00999900999901	3.436	0.5338686047294385
p01-s03-c0075-v210-adaptive-g1000-sb0009	p01-s03-c0075	c0075	sb0009	alpha-by-m	1000	10	10000	0.01	0.00999900999901	0.9	100	new-simulation	p01-s03-c0075-v210-adaptive-g1000-sb0009	100	3.5330797056950027	0.9549689548556682	34.229221384279626	22.206901856149237	0.7671985101538522	9.773400000001622e-05	0.00011308400000000464	0.00999900999901	3.367	0.5264248439165217
p01-s03-c0075-v210-adaptive-g1000-sb0010	p01-s03-c0075	c0075	sb0010	alpha-by-m	1000	10	10000	0.01	0.00999900999901	0.9	100	new-simulation	p01-s03-c0075-v210-adaptive-g1000-sb0010	100	3.5330223152277522	0.9549656766201815	34.227257009639494	22.20528532350806	0.7671860479722319	0.0001071469999999931	0.00014704299999999907	0.00999900999901	3.425	0.533860868932529
p01-s03-c0075-v210-adaptive-g1000-sb0011	p01-s03-c0075	c0075	sb0011	alpha-by-m	1000	10	10000	0.01	0.00999900999901	0.9	100	new-simulation	p01-s03-c0075-v210-adaptive-g1000-sb0011	100	3.5330182947580626	0.9549673426582941	34.22711940026675	22.20610683513616	0.7671851749383315	9.462199999999107e-05	0.00013517700000000425	0.00999900999901	3.415	0.5310989774309153
p01-s03-c0075-v210-adaptive-g1000-sb0012	p01-s03-c0075	c0075	sb0012	alpha-by-m	1000	10	10000	0.01	0.00999900999901	0.9	100	new-simulation	p01-s03-c0075-v210-adaptive-g1000-sb0012	100	3.5330382611385933	0.9549668256002716	34.22780279877964	22.205851870971593	0.7671895105827755	0.00010951300000000024	0.0001399849999999943	0.00999900999901	3.396	0.5344616151947473
p01-s03-c0076-v210-adaptive-g1000-sb0001	p01-s03-c0076	c0076	sb0001	alpha-by-m	1000	10	10000	0.01	0.00999900999901	0.99	100	new-simulation	p01-s03-c0076-v210-adaptive-g1000-sb0001	100	3.533093370709647	0.9549690940224862	34.22968913028698	22.206970485989146	0.7672014774740799	0.00010831399999999713	0.00013021799999999992	0.00999900999901	3.425	0.5380226744881139
p01-s03-c0076-v210-adaptive-g1000-sb0002	p01-s03-c0076	c0076	sb0002	alpha-by-m	1000	10	10000	0.01	0.00999900999901	0.99	100	new-simulation	p01-s03-c0076-v210-adaptive-g1000-sb0002	100	3.533044762679204	0.9549674499525788	34.22802533295296	22.206159743273613	0.767190922374381	9.83500000000019e-05	0.00015840400000000332	0.00999900999901	3.423	0.5345872088344922
p01-s03-c0076-v210-adaptive-g1000-sb0003	p01-s03-c0076	c0076	sb0003	alpha-by-m	1000	10	10000	0.01	0.00999900999901	0.99	100	new-simulation	p01-s03-c0076-v210-adaptive-g1000-sb0003	100	3.5330449211488473	0.9549657551386143	34.22803075705635	22.205324039027953	0.7671909567856269	8.639199999999848e-05	0.00012204300000000015	0.00999900999901	3.427	0.5378629980700684
p01-s03-c0076-v210-adaptive-g1000-sb0004	p01-s03-c0076	c0076	sb0004	alpha-by-m	1000	10	10000	0.01	0.00999900999901	0.99	100	new-simulation	p01-s03-c0076-v210-adaptive-g1000-sb0004	100	3.5330547547816793	0.9549679682266354	34.22836734459832	22.2064153141648	0.7671930921318648	7.548699999999084e-05	0.00012210800000001033	0.00999900999901	3.397	0.5343985902713724
p01-s03-c0076-v210-adaptive-g1000-sb0005	p01-s03-c0076	c0076	sb0005	alpha-by-m	1000	10	10000	0.01	0.00999900999901	0.99	100	new-simulation	p01-s03-c0076-v210-adaptive-g1000-sb0005	100	3.533081314535833	0.9549682346406557	34.22927645369288	22.206546690324156	0.7671988595091997	8.79779999999987e-05	9.564200000000792e-05	0.00999900999901	3.403	0.5311342979348845
p01-s03-c0076-v210-adaptive-g1000-sb0006	p01-s03-c0076	c0076	sb0006	alpha-by-m	1000	10	10000	0.01	0.00999900999901	0.99	100	new-simulation	p01-s03-c0076-v210-adaptive-g1000-sb0006	100	3.5330914977548833	0.9549676334782824	34.229625019687695	22.206250242650132	0.7672010707671204	9.080899999999332e-05	0.00013064199999999326	0.00999900999901	3.415	0.5315923814809709
p01-s03-c0076-v210-adaptive-g1000-sb0007	p01-s03-c0076	c0076	sb0007	alpha-by-m	1000	10	10000	0.01	0.00999900999901	0.99	100	new-simulation	p01-s03-c0076-v210-adaptive-g1000-sb0007	100	3.533005577566552	0.954965292809252	34.226684130202194	22.20509607766348	0.7671824134352823	8.65860000000072e-05	0.00011060300000000024	0.00999900999901	3.386	0.5331478854932461
p01-s03-c0076-v210-adaptive-g1000-sb0008	p01-s03-c0076	c0076	sb0008	alpha-by-m	1000	10	10000	0.01	0.00999900999901	0.99	100	new-simulation	p01-s03-c0076-v210-adaptive-g1000-sb0008	100	3.533056262175996	0.9549672800715923	34.22841894028362	22.20607597297663	0.7671934194583818	9.468700000000218e-05	0.00013078000000000194	0.00999900999901	3.435	0.5337240442309645
p01-s03-c0076-v210-adaptive-g1000-sb0009	p01-s03-c0076	c0076	sb0009	alpha-by-m	1000	10	10000	0.01	0.00999900999901	0.99	100	new-simulation	p01-s03-c0076-v210-adaptive-g1000-sb0009	100	3.5330482196385877	0.9549668880432529	34.22814365805085	22.2058826616395	0.7671916730435733	8.788500000001158e-05	0.0001243439999999971	0.00999900999901	3.366	0.5264839018584015
p01-s03-c0076-v210-adaptive-g1000-sb0010	p01-s03-c0076	c0076	sb0010	alpha-by-m	1000	10	10000	0.01	0.00999900999901	0.99	100	new-simulation	p01-s03-c0076-v210-adaptive-g1000-sb0010	100	3.5330095873065037	0.9549649675644966	34.22682137058012	22.204935711596132	0.7671832841392497	8.991199999999638e-05	0.00012592500000000803	0.00999900999901	3.424	0.5335878302925153
p01-s03-c0076-v210-adaptive-g1000-sb0011	p01-s03-c0076	c0076	sb0011	alpha-by-m	1000	10	10000	0.01	0.00999900999901	0.99	100	new-simulation	p01-s03-c0076-v210-adaptive-g1000-sb0011	100	3.5330311320806564	0.9549683401073269	34.22755878766022	22.206598699301004	0.7671879625275139	9.436399999998866e-05	0.0001212340000000024	0.00999900999901	3.415	0.5310989774309153
p01-s03-c0076-v210-adaptive-g1000-sb0012	p01-s03-c0076	c0076	sb0012	alpha-by-m	1000	10	10000	0.01	0.00999900999901	0.99	100	new-simulation	p01-s03-c0076-v210-adaptive-g1000-sb0012	100	3.533021108383585	0.9549659355094084	34.227215702698935	22.20541297596885	0.7671857859093507	8.855699999999286e-05	0.00013189800000000177	0.00999900999901	3.396	0.5344616151947473
p01-s03-c0077-v210-adaptive-g1000-sb0001	p01-s03-c0077	c0077	sb0001	alpha-by-m	1000	10	10000	0.1	0.0999990999991	0.0	100	new-simulation	p01-s03-c0077-v210-adaptive-g1000-sb0001	100	3.496797503363941	0.9552306594769842	33.009569469844294	22.33671499998756	0.7593199300220136	0.05477087000000001	0.005876169000000005	0.0999990999991	3.444	0.5339322206935802
p01-s03-c0077-v210-adaptive-g1000-sb0002	p01-s03-c0077	c0077	sb0002	alpha-by-m	1000	10	10000	0.1	0.0999990999991	0.0	100	new-simulation	p01-s03-c0077-v210-adaptive-g1000-sb0002	100	3.474241813266414	0.9530390472502948	32.273350032301806	21.294286879779644	0.7544220241495756	0.052846396000000004	0.00506417999999999	0.0999990999991	3.393	0.5270921106782428
p01-s03-c0077-v210-adaptive-g1000-sb0003	p01-s03-c0077	c0077	sb0003	alpha-by-m	1000	10	10000	0.1	0.0999990999991	0.0	100	new-simulation	p01-s03-c0077-v210-adaptive-g1000-sb0003	100	3.5047903959073126	0.954430239026851	33.274468656602075	21.94437667972908	0.7610555645850295	0.06278738399999999	0.005200322000000003	0.0999990999991	3.42	0.532304556968285
p01-s03-c0077-v210-adaptive-g1000-sb0004	p01-s03-c0077	c0077	sb0004	alpha-by-m	1000	10	10000	0.1	0.0999990999991	0.0	100	new-simulation	p01-s03-c0077-v210-adaptive-g1000-sb0004	100	3.5373678118176897	0.9559922283805568	34.37631506934343	22.72325916993685	0.7681296605673015	0.06120855599999998	0.0050650069999999955	0.0999990999991	3.437	0.532173671470911
p01-s03-c0077-v210-adaptive-g1000-sb0005	p01-s03-c0077	c0077	sb0005	alpha-by-m	1000	10	10000	0.1	0.0999990999991	0.0	100	new-simulation	p01-s03-c0077-v210-adaptive-g1000-sb0005	100	3.5328162880356424	0.9557232204849764	34.220205990359965	22.585201790945234	0.7671413097359042	0.056711555999999996	0.006441104000000002	0.0999990999991	3.427	0.5382821312062345
p01-s03-c0077-v210-adaptive-g1000-sb0006	p01-s03-c0077	c0077	sb0006	alpha-by-m	1000	10	10000	0.1	0.0999990999991	0.0	100	new-simulation	p01-s03-c0077-v210-adaptive-g1000-sb0006	100	3.487574415057007	0.9541647047144913	32.706518974644574	21.81724790406579	0.7573171618431096	0.05789244900000002	0.005930861000000002	0.0999990999991	3.398	0.5341464290458419
p01-s03-c0077-v210-adaptive-g1000-sb0007	p01-s03-c0077	c0077	sb0007	alpha-by-m	1000	10	10000	0.1	0.0999990999991	0.0	100	new-simulation	p01-s03-c0077-v210-adaptive-g1000-sb0007	100	3.527228063842465	0.9541390154358754	34.02950913200833	21.8050268546189	0.7659278422705367	0.06165978199999999	0.005981729999999997	0.0999990999991	3.382	0.5310381512650815
p01-s03-c0077-v210-adaptive-g1000-sb0008	p01-s03-c0077	c0077	sb0008	alpha-by-m	1000	10	10000	0.1	0.0999990999991	0.0	100	new-simulation	p01-s03-c0077-v210-adaptive-g1000-sb0008	100	3.4988370278904948	0.9547318270878538	33.07696199738459	22.090575688591194	0.7597628071458079	0.06291777099999998	0.006410911999999993	0.0999990999991	3.451	0.5384891704802052
p01-s03-c0077-v210-adaptive-g1000-sb0009	p01-s03-c0077	c0077	sb0009	alpha-by-m	1000	10	10000	0.1	0.0999990999991	0.0	100	new-simulation	p01-s03-c0077-v210-adaptive-g1000-sb0009	100	3.540848657891553	0.9563409945889764	34.49618222922412	22.90478197076627	0.7688855166884182	0.06583653700000001	0.005548873000000007	0.0999990999991	3.4	0.5354736380625633
p01-s03-c0077-v210-adaptive-g1000-sb0010	p01-s03-c0077	c0077	sb0010	alpha-by-m	1000	10	10000	0.1	0.0999990999991	0.0	100	new-simulation	p01-s03-c0077-v210-adaptive-g1000-sb0010	100	3.5034675323269524	0.953226815622392	33.23048017565499	21.379771621423657	0.7607683084083989	0.055521197	0.004848470999999997	0.0999990999991	3.376	0.53324272435116
p01-s03-c0077-v210-adaptive-g1000-sb0011	p01-s03-c0077	c0077	sb0011	alpha-by-m	1000	10	10000	0.1	0.0999990999991	0.0	100	new-simulation	p01-s03-c0077-v210-adaptive-g1000-sb0011	100	3.4515079601906273	0.9506409223897409	31.547929479411064	20.259697879608535	0.7494854306779689	0.062623861	0.005001191000000014	0.0999990999991	3.385	0.5278652455759277
p01-s03-c0077-v210-adaptive-g1000-sb0012	p01-s03-c0077	c0077	sb0012	alpha-by-m	1000	10	10000	0.1	0.0999990999991	0.0	100	new-simulation	p01-s03-c0077-v210-adaptive-g1000-sb0012	100	3.4820395579529015	0.9538299853035155	32.52599311901631	21.65907909221744	0.7561152828938916	0.05646553099999999	0.005148675000000007	0.0999990999991	3.383	0.5331737660883787
p01-s03-c0078-v210-adaptive-g1000-sb0001	p01-s03-c0078	c0078	sb0001	alpha-by-m	1000	10	10000	0.1	0.0999990999991	0.001	100	new-simulation	p01-s03-c0078-v210-adaptive-g1000-sb0001	100	3.5202535578794505	0.9559204142918348	33.79299585800854	22.68623862802694	0.7644133475436674	0.052936664000000015	0.005736350000000011	0.0999990999991	3.442	0.5363648255193004
p01-s03-c0078-v210-adaptive-g1000-sb0002	p01-s03-c0078	c0078	sb0002	alpha-by-m	1000	10	10000	0.1	0.0999990999991	0.001	100	new-simulation	p01-s03-c0078-v210-adaptive-g1000-sb0002	100	3.476439421174425	0.9530762233846226	32.344352190427614	21.311157629036387	0.7548992286434938	0.04555637900000001	0.005213731999999996	0.0999990999991	3.39	0.5291796077668006
p01-s03-c0078-v210-adaptive-g1000-sb0003	p01-s03-c0078	c0078	sb0003	alpha-by-m	1000	10	10000	0.1	0.0999990999991	0.001	100	new-simulation	p01-s03-c0078-v210-adaptive-g1000-sb0003	100	3.5282220731845633	0.9550660272089109	34.06335159907025	22.25487616350518	0.7661436886566534	0.05822371599999998	0.0065179219999999954	0.0999990999991	3.394	0.5313816906234651
p01-s03-c0078-v210-adaptive-g1000-sb0004	p01-s03-c0078	c0078	sb0004	alpha-by-m	1000	10	10000	0.1	0.0999990999991	0.001	100	new-simulation	p01-s03-c0078-v210-adaptive-g1000-sb0004	100	3.548662210387654	0.9565332267640225	34.766775731575926	23.006078564219234	0.7705822080549772	0.053686613999999994	0.004852501999999987	0.0999990999991	3.443	0.5349884313419035
p01-s03-c0078-v210-adaptive-g1000-sb0005	p01-s03-c0078	c0078	sb0005	alpha-by-m	1000	10	10000	0.1	0.0999990999991	0.001	100	new-simulation	p01-s03-c0078-v210-adaptive-g1000-sb0005	100	3.5317547462056966	0.9558506493930767	34.183899084331	22.650389784967402	0.7669107988563768	0.055786169	0.006112119999999993	0.0999990999991	3.422	0.534024999420795
p01-s03-c0078-v210-adaptive-g1000-sb0006	p01-s03-c0078	c0078	sb0006	alpha-by-m	1000	10	10000	0.1	0.0999990999991	0.001	100	new-simulation	p01-s03-c0078-v210-adaptive-g1000-sb0006	100	3.511058441029831	0.9549176645175455	33.48368954556023	22.181636982608996	0.7624166532895447	0.05370421799999999	0.005497651	0.0999990999991	3.406	0.5364918676983825
p01-s03-c0078-v210-adaptive-g1000-sb0007	p01-s03-c0078	c0078	sb0007	alpha-by-m	1000	10	10000	0.1	0.0999990999991	0.001	100	new-simulation	p01-s03-c0078-v210-adaptive-g1000-sb0007	100	3.5438940355249793	0.9545583569793921	34.601396257932734	22.00624655113147	0.7695468120391725	0.05981788399999999	0.006751831999999992	0.0999990999991	3.389	0.5339681517339545
p01-s03-c0078-v210-adaptive-g1000-sb0008	p01-s03-c0078	c0078	sb0008	alpha-by-m	1000	10	10000	0.1	0.0999990999991	0.001	100	new-simulation	p01-s03-c0078-v210-adaptive-g1000-sb0008	100	3.5073863305311703	0.9547737948486695	33.360959215225336	22.111074688975574	0.761619264626291	0.06059484699999999	0.005765900000000003	0.0999990999991	3.427	0.5337344642145606
p01-s03-c0078-v210-adaptive-g1000-sb0009	p01-s03-c0078	c0078	sb0009	alpha-by-m	1000	10	10000	0.1	0.0999990999991	0.001	100	new-simulation	p01-s03-c0078-v210-adaptive-g1000-sb0009	100	3.550781166778656	0.9564180507360773	34.840523119362544	22.945279339026843	0.7710423335889801	0.057779742	0.005215861000000006	0.0999990999991	3.409	0.5355882309726603
p01-s03-c0078-v210-adaptive-g1000-sb0010	p01-s03-c0078	c0078	sb0010	alpha-by-m	1000	10	10000	0.1	0.0999990999991	0.001	100	new-simulation	p01-s03-c0078-v210-adaptive-g1000-sb0010	100	3.47262302346977	0.9523792134009358	32.221148525598636	20.999233137817406	0.7540705084115538	0.06100027699999999	0.005579925999999992	0.0999990999991	3.353	0.5304261569548928
p01-s03-c0078-v210-adaptive-g1000-sb0011	p01-s03-c0078	c0078	sb0011	alpha-by-m	1000	10	10000	0.1	0.0999990999991	0.001	100	new-simulation	p01-s03-c0078-v210-adaptive-g1000-sb0011	100	3.4083187933381813	0.9488963962561394	30.21440487685852	19.568091616633524	0.7401070222569609	0.063654332	0.005082904999999994	0.0999990999991	3.386	0.526129943031434
p01-s03-c0078-v210-adaptive-g1000-sb0012	p01-s03-c0078	c0078	sb0012	alpha-by-m	1000	10	10000	0.1	0.0999990999991	0.001	100	new-simulation	p01-s03-c0078-v210-adaptive-g1000-sb0012	100	3.512121962300313	0.9541559935030414	33.519319104644794	21.813102222344867	0.7626475939991232	0.05718975900000002	0.005745629999999999	0.0999990999991	3.418	0.5386789789834093
p01-s03-c0079-v210-adaptive-g1000-sb0001	p01-s03-c0079	c0079	sb0001	alpha-by-m	1000	10	10000	0.1	0.0999990999991	0.01	100	new-simulation	p01-s03-c0079-v210-adaptive-g1000-sb0001	100	3.525777131899064	0.9550002027617528	33.980170432393756	22.222322351934043	0.7656127764022185	0.040241073	0.006516487000000009	0.0999990999991	3.419	0.5344102266756424
p01-s03-c0079-v210-adaptive-g1000-sb0002	p01-s03-c0079	c0079	sb0002	alpha-by-m	1000	10	10000	0.1	0.0999990999991	0.01	100	new-simulation	p01-s03-c0079-v210-adaptive-g1000-sb0002	100	3.505896363553183	0.9540715171017402	33.31128949994736	21.772981315650863	0.761295722407912	0.03659727800000001	0.005619827000000007	0.0999990999991	3.408	0.5301660475798164
p01-s03-c0079-v210-adaptive-g1000-sb0003	p01-s03-c0079	c0079	sb0003	alpha-by-m	1000	10	10000	0.1	0.0999990999991	0.01	100	new-simulation	p01-s03-c0079-v210-adaptive-g1000-sb0003	100	3.5423254449783155	0.9557456184366354	34.54716338057044	22.596632574520854	0.7692061969297816	0.040820373	0.005594826000000006	0.0999990999991	3.4	0.5326854288295463
p01-s03-c0079-v210-adaptive-g1000-sb0004	p01-s03-c0079	c0079	sb0004	alpha-by-m	1000	10	10000	0.1	0.0999990999991	0.01	100	new-simulation	p01-s03-c0079-v210-adaptive-g1000-sb0004	100	3.538975845993421	0.9554564208477684	34.431637827332395	22.44992474857962	0.7684788407519174	0.03973897	0.005306024000000005	0.0999990999991	3.448	0.5342789245749184
p01-s03-c0079-v210-adaptive-g1000-sb0005	p01-s03-c0079	c0079	sb0005	alpha-by-m	1000	10	10000	0.1	0.0999990999991	0.01	100	new-simulation	p01-s03-c0079-v210-adaptive-g1000-sb0005	100	3.5341453662641826	0.9553700472296427	34.2657175586357	22.40647677010739	0.7674299154062406	0.04379834800000001	0.006171255999999996	0.0999990999991	3.429	0.5322258151023057
p01-s03-c0079-v210-adaptive-g1000-sb0006	p01-s03-c0079	c0079	sb0006	alpha-by-m	1000	10	10000	0.1	0.0999990999991	0.01	100	new-simulation	p01-s03-c0079-v210-adaptive-g1000-sb0006	100	3.5130806174509024	0.9540514596439438	33.551467979929036	21.76347697339194	0.7628557633200977	0.045345396	0.005341435000000008	0.0999990999991	3.42	0.5329483192026839
p01-s03-c0079-v210-adaptive-g1000-sb0007	p01-s03-c0079	c0079	sb0007	alpha-by-m	1000	10	10000	0.1	0.0999990999991	0.01	100	new-simulation	p01-s03-c0079-v210-adaptive-g1000-sb0007	100	3.5230022079728567	0.9544161587471256	33.88600875061815	21.937598335615093	0.765010209327792	0.038618165999999995	0.006473894999999992	0.0999990999991	3.377	0.5302069818406292
p01-s03-c0079-v210-adaptive-g1000-sb0008	p01-s03-c0079	c0079	sb0008	alpha-by-m	1000	10	10000	0.1	0.0999990999991	0.01	100	new-simulation	p01-s03-c0079-v210-adaptive-g1000-sb0008	100	3.5182662576569164	0.9547299373820853	33.72590571602714	22.089653562888422	0.7639818107834015	0.047611597	0.005666894999999994	0.0999990999991	3.437	0.5336378140194599
p01-s03-c0079-v210-adaptive-g1000-sb0009	p01-s03-c0079	c0079	sb0009	alpha-by-m	1000	10	10000	0.1	0.0999990999991	0.01	100	new-simulation	p01-s03-c0079-v210-adaptive-g1000-sb0009	100	3.522818519778773	0.9555386848351949	33.87978486251093	22.491462438600635	0.7649703219432513	0.03594048499999999	0.005999780999999997	0.0999990999991	3.376	0.5300818948236561
p01-s03-c0079-v210-adaptive-g1000-sb0010	p01-s03-c0079	c0079	sb0010	alpha-by-m	1000	10	10000	0.1	0.0999990999991	0.01	100	new-simulation	p01-s03-c0079-v210-adaptive-g1000-sb0010	100	3.5125195652885406	0.9538673542995694	33.53264913593869	21.676623675426114	0.762733932391011	0.03813427499999998	0.005805844000000006	0.0999990999991	3.382	0.5361489382400894
p01-s03-c0079-v210-adaptive-g1000-sb0011	p01-s03-c0079	c0079	sb0011	alpha-by-m	1000	10	10000	0.1	0.0999990999991	0.01	100	new-simulation	p01-s03-c0079-v210-adaptive-g1000-sb0011	100	3.4717264749284196	0.951646015757822	32.19227364768634	20.68081908186845	0.7538758253694203	0.03907722800000001	0.005746218000000004	0.0999990999991	3.397	0.5280005767182564
p01-s03-c0079-v210-adaptive-g1000-sb0012	p01-s03-c0079	c0079	sb0012	alpha-by-m	1000	10	10000	0.1	0.0999990999991	0.01	100	new-simulation	p01-s03-c0079-v210-adaptive-g1000-sb0012	100	3.5122028919518753	0.9538102125684037	33.52203192123272	21.649807362307698	0.7626651676496712	0.04082429500000002	0.0049204589999999986	0.0999990999991	3.376	0.5319190038692173
p01-s03-c0080-v210-adaptive-g1000-sb0001-reused	p01-s03-c0080	c0080	sb0001	alpha-by-m	1000	10	10000	0.1	0.0999990999991	0.1	100	reused-passage-100	p01-s03-c0039-v210-m010-g100-sb0001	100	3.5255950736446384	0.9546390077109623	33.97398462498549	22.045373117679073	0.7655732429545775	0.012714616000000003		0.0999990999991		
p01-s03-c0080-v210-adaptive-g1000-sb0002-reused	p01-s03-c0080	c0080	sb0002	alpha-by-m	1000	10	10000	0.1	0.0999990999991	0.1	100	reused-passage-100	p01-s03-c0039-v210-m010-g100-sb0002	100	3.5302272926532114	0.9550104590433769	34.13172462341377	22.22738838265	0.7665791165317728	0.012218784		0.0999990999991		
p01-s03-c0080-v210-adaptive-g1000-sb0003-reused	p01-s03-c0080	c0080	sb0003	alpha-by-m	1000	10	10000	0.1	0.0999990999991	0.1	100	reused-passage-100	p01-s03-c0039-v210-m010-g100-sb0003	100	3.537148414674568	0.9553892194422375	34.36877383131946	22.416106319977757	0.768082019083	0.011415797000000002		0.0999990999991		
p01-s03-c0080-v210-adaptive-g1000-sb0004-reused	p01-s03-c0080	c0080	sb0004	alpha-by-m	1000	10	10000	0.1	0.0999990999991	0.1	100	reused-passage-100	p01-s03-c0039-v210-m010-g100-sb0004	100	3.5295682622872633	0.9551658893582785	34.10923819087955	22.304446005212483	0.7664360099061038	0.014123821000000019		0.0999990999991		
p01-s03-c0080-v210-adaptive-g1000-sb0005-reused	p01-s03-c0080	c0080	sb0005	alpha-by-m	1000	10	10000	0.1	0.0999990999991	0.1	100	reused-passage-100	p01-s03-c0039-v210-m010-g100-sb0005	100	3.5430564028349716	0.9554052968303809	34.57242513258193	22.424187827788174	0.7693649224116065	0.013391741000000007		0.0999990999991		
p01-s03-c0080-v210-adaptive-g1000-sb0006-reused	p01-s03-c0080	c0080	sb0006	alpha-by-m	1000	10	10000	0.1	0.0999990999991	0.1	100	reused-passage-100	p01-s03-c0039-v210-m010-g100-sb0006	100	3.536924629104207	0.9551051592521043	34.361083456194585	22.274274356277115	0.7680334246638313	0.013763686000000008		0.0999990999991		
p01-s03-c0080-v210-adaptive-g1000-sb0007-reused	p01-s03-c0080	c0080	sb0007	alpha-by-m	1000	10	10000	0.1	0.0999990999991	0.1	100	reused-passage-100	p01-s03-c0039-v210-m010-g100-sb0007	100	3.525459732190743	0.9546727786934214	33.969386847653674	22.06179799190258	0.7655438539312778	0.011392979999999999		0.0999990999991		
p01-s03-c0080-v210-adaptive-g1000-sb0008-reused	p01-s03-c0080	c0080	sb0008	alpha-by-m	1000	10	10000	0.1	0.0999990999991	0.1	100	reused-passage-100	p01-s03-c0039-v210-m010-g100-sb0008	100	3.5338191717576795	0.9549759804173724	34.25454209259359	22.210367027866337	0.7673590831691399	0.015544789999999996		0.0999990999991		
p01-s03-c0080-v210-adaptive-g1000-sb0009-reused	p01-s03-c0080	c0080	sb0009	alpha-by-m	1000	10	10000	0.1	0.0999990999991	0.1	100	reused-passage-100	p01-s03-c0039-v210-m010-g100-sb0009	100	3.5328757738195407	0.9549175953239637	34.222241666684766	22.181602937687888	0.7671542269097535	0.012377706999999998		0.0999990999991		
p01-s03-c0080-v210-adaptive-g1000-sb0010-reused	p01-s03-c0080	c0080	sb0010	alpha-by-m	1000	10	10000	0.1	0.0999990999991	0.1	100	reused-passage-100	p01-s03-c0039-v210-m010-g100-sb0010	100	3.5314797089174403	0.9549529854413994	34.17449853023554	22.199029387377553	0.7668510752680731	0.011945235000000004		0.0999990999991		
p01-s03-c0080-v210-adaptive-g1000-sb0011-reused	p01-s03-c0080	c0080	sb0011	alpha-by-m	1000	10	10000	0.1	0.0999990999991	0.1	100	reused-passage-100	p01-s03-c0039-v210-m010-g100-sb0011	100	3.522799849350495	0.9543931578608549	33.87915231832253	21.92653455262325	0.7649662677112633	0.013141060000000013		0.0999990999991		
p01-s03-c0080-v210-adaptive-g1000-sb0012-reused	p01-s03-c0080	c0080	sb0012	alpha-by-m	1000	10	10000	0.1	0.0999990999991	0.1	100	reused-passage-100	p01-s03-c0039-v210-m010-g100-sb0012	100	3.524838461531911	0.9546636243760376	33.948289218654246	22.057343275395247	0.7654089467218281	0.01647261299999999		0.0999990999991		
p01-s03-c0081-v210-adaptive-g1000-sb0001	p01-s03-c0081	c0081	sb0001	alpha-by-m	1000	10	10000	0.1	0.0999990999991	0.5	100	new-simulation	p01-s03-c0081-v210-adaptive-g1000-sb0001	100	3.533164514858349	0.9549807999723864	34.23212445900915	22.21274477082278	0.7672169262296803	0.0033458179999999995	0.0035247309999999993	0.0999990999991	3.43	0.5374453035285418
p01-s03-c0081-v210-adaptive-g1000-sb0002	p01-s03-c0081	c0081	sb0002	alpha-by-m	1000	10	10000	0.1	0.0999990999991	0.5	100	new-simulation	p01-s03-c0081-v210-adaptive-g1000-sb0002	100	3.533856644560909	0.9550390273146826	34.25582573035975	22.24151169946915	0.767367220284972	0.00324144999999999	0.002992247000000002	0.0999990999991	3.424	0.5363094983614822
p01-s03-c0081-v210-adaptive-g1000-sb0003	p01-s03-c0081	c0081	sb0003	alpha-by-m	1000	10	10000	0.1	0.0999990999991	0.5	100	new-simulation	p01-s03-c0081-v210-adaptive-g1000-sb0003	100	3.534884909258322	0.9551286176354868	34.29106790267462	22.285919160601928	0.767590505126983	0.0032202439999999945	0.003211851999999982	0.0999990999991	3.431	0.5377918007119592
p01-s03-c0081-v210-adaptive-g1000-sb0004	p01-s03-c0081	c0081	sb0004	alpha-by-m	1000	10	10000	0.1	0.0999990999991	0.5	100	new-simulation	p01-s03-c0081-v210-adaptive-g1000-sb0004	100	3.5328059890791255	0.955012080500017	34.219853559761304	22.22818950319269	0.7671390733459119	0.0035714360000000042	0.0030663229999999923	0.0999990999991	3.405	0.5336995092594523
p01-s03-c0081-v210-adaptive-g1000-sb0005	p01-s03-c0081	c0081	sb0005	alpha-by-m	1000	10	10000	0.1	0.0999990999991	0.5	100	new-simulation	p01-s03-c0081-v210-adaptive-g1000-sb0005	100	3.533734159732652	0.9550000225994091	34.25163016837995	22.22223338242986	0.7673406230424574	0.003370206000000003	0.0034418209999999803	0.0999990999991	3.41	0.5312890989324218
p01-s03-c0081-v210-adaptive-g1000-sb0006	p01-s03-c0081	c0081	sb0006	alpha-by-m	1000	10	10000	0.1	0.0999990999991	0.5	100	new-simulation	p01-s03-c0081-v210-adaptive-g1000-sb0006	100	3.534436854343193	0.9550346825894487	34.27570706266272	22.239362637421195	0.767493211238368	0.003290862000000002	0.0032840329999999853	0.0999990999991	3.418	0.5313334786583251
p01-s03-c0081-v210-adaptive-g1000-sb0007	p01-s03-c0081	c0081	sb0007	alpha-by-m	1000	10	10000	0.1	0.0999990999991	0.5	100	new-simulation	p01-s03-c0081-v210-adaptive-g1000-sb0007	100	3.5329075758113806	0.9549936485473184	34.223330019440795	22.219086145016014	0.7671611326245383	0.0037786839999999935	0.003757226999999993	0.0999990999991	3.386	0.5330572827227594
p01-s03-c0081-v210-adaptive-g1000-sb0008	p01-s03-c0081	c0081	sb0008	alpha-by-m	1000	10	10000	0.1	0.0999990999991	0.5	100	new-simulation	p01-s03-c0081-v210-adaptive-g1000-sb0008	100	3.533466058258648	0.954927808966968	34.242448486710956	22.186629428933948	0.7672824055470824	0.003450840000000008	0.004076302000000008	0.0999990999991	3.438	0.5360527178779141
p01-s03-c0081-v210-adaptive-g1000-sb0009	p01-s03-c0081	c0081	sb0009	alpha-by-m	1000	10	10000	0.1	0.0999990999991	0.5	100	new-simulation	p01-s03-c0081-v210-adaptive-g1000-sb0009	100	3.5343722887827282	0.9550124681415422	34.27349410386712	22.22838103557787	0.7674791910050526	0.0030907170000000024	0.004395313000000005	0.0999990999991	3.372	0.5294626613063466
p01-s03-c0081-v210-adaptive-g1000-sb0010	p01-s03-c0081	c0081	sb0010	alpha-by-m	1000	10	10000	0.1	0.0999990999991	0.5	100	new-simulation	p01-s03-c0081-v210-adaptive-g1000-sb0010	100	3.5355831306563084	0.9551190798518897	34.315019020662575	22.281183110772393	0.7677421219771292	0.0032637050000000134	0.004124048999999989	0.0999990999991	3.422	0.5349477439688761
p01-s03-c0081-v210-adaptive-g1000-sb0011	p01-s03-c0081	c0081	sb0011	alpha-by-m	1000	10	10000	0.1	0.0999990999991	0.5	100	new-simulation	p01-s03-c0081-v210-adaptive-g1000-sb0011	100	3.532297154658627	0.9548805076738419	34.20244574962777	22.16336994155955	0.7670285813553994	0.004103813000000015	0.003569232000000017	0.0999990999991	3.417	0.5322849057941418
p01-s03-c0081-v210-adaptive-g1000-sb0012	p01-s03-c0081	c0081	sb0012	alpha-by-m	1000	10	10000	0.1	0.0999990999991	0.5	100	new-simulation	p01-s03-c0081-v210-adaptive-g1000-sb0012	100	3.5325849750958205	0.9549647035126023	34.21229132932807	22.20480551915165	0.7670910807692255	0.003365283999999993	0.0027501039999999993	0.0999990999991	3.396	0.5342847743277677
p01-s03-c0082-v210-adaptive-g1000-sb0001	p01-s03-c0082	c0082	sb0001	alpha-by-m	1000	10	10000	0.1	0.0999990999991	0.9	100	new-simulation	p01-s03-c0082-v210-adaptive-g1000-sb0001	100	3.5334306644440483	0.9549847497821007	34.241236537285666	22.214693801754567	0.7672747198778953	0.0005896009999999968	0.0008498099999999893	0.0999990999991	3.427	0.5380768102505574
p01-s03-c0082-v210-adaptive-g1000-sb0002	p01-s03-c0082	c0082	sb0002	alpha-by-m	1000	10	10000	0.1	0.0999990999991	0.9	100	new-simulation	p01-s03-c0082-v210-adaptive-g1000-sb0002	100	3.5332213820367144	0.9549838904025454	34.23407119868886	22.21426971238187	0.767229274780563	0.0005854019999999981	0.0006710069999999934	0.0999990999991	3.423	0.5348436867035224
p01-s03-c0082-v210-adaptive-g1000-sb0003	p01-s03-c0082	c0082	sb0003	alpha-by-m	1000	10	10000	0.1	0.0999990999991	0.9	100	new-simulation	p01-s03-c0082-v210-adaptive-g1000-sb0003	100	3.533279288981775	0.9549933890905616	34.23605364656715	22.218958055121846	0.7672418491139149	0.0005575510000000069	0.00069739299999999	0.0999990999991	3.42	0.5376637859513648
p01-s03-c0082-v210-adaptive-g1000-sb0004	p01-s03-c0082	c0082	sb0004	alpha-by-m	1000	10	10000	0.1	0.0999990999991	0.9	100	new-simulation	p01-s03-c0082-v210-adaptive-g1000-sb0004	100	3.532798802813962	0.9549687132370525	34.21960764770337	22.20678270341625	0.7671375128682589	0.0005666840000000041	0.0007043180000000072	0.0999990999991	3.396	0.5346086297651703
p01-s03-c0082-v210-adaptive-g1000-sb0005	p01-s03-c0082	c0082	sb0005	alpha-by-m	1000	10	10000	0.1	0.0999990999991	0.9	100	new-simulation	p01-s03-c0082-v210-adaptive-g1000-sb0005	100	3.5332362037239275	0.9549736852379066	34.23457860914453	22.209234872623338	0.7672324932690476	0.0005702339999999995	0.0007531720000000053	0.0999990999991	3.406	0.5313839010259293
p01-s03-c0082-v210-adaptive-g1000-sb0006	p01-s03-c0082	c0082	sb0006	alpha-by-m	1000	10	10000	0.1	0.0999990999991	0.9	100	new-simulation	p01-s03-c0082-v210-adaptive-g1000-sb0006	100	3.5333913726441275	0.9549799892191795	34.239891163901845	22.2123447475055	0.7672661877719505	0.0005582359999999997	0.0008006670000000054	0.0999990999991	3.413	0.5312527453993647
p01-s03-c0082-v210-adaptive-g1000-sb0007	p01-s03-c0082	c0082	sb0007	alpha-by-m	1000	10	10000	0.1	0.0999990999991	0.9	100	new-simulation	p01-s03-c0082-v210-adaptive-g1000-sb0007	100	3.5331014332282042	0.9549782959737632	34.229965108903336	22.211509351517208	0.7672032282277397	0.000619930000000003	0.0009823540000000088	0.0999990999991	3.386	0.5326804459207704
p01-s03-c0082-v210-adaptive-g1000-sb0008	p01-s03-c0082	c0082	sb0008	alpha-by-m	1000	10	10000	0.1	0.0999990999991	0.9	100	new-simulation	p01-s03-c0082-v210-adaptive-g1000-sb0008	100	3.532826083759491	0.9549509554349068	34.22054120368971	22.19802905153869	0.7671434368503111	0.0006311279999999966	0.000861581999999991	0.0999990999991	3.437	0.5345405706153252
p01-s03-c0082-v210-adaptive-g1000-sb0009	p01-s03-c0082	c0082	sb0009	alpha-by-m	1000	10	10000	0.1	0.0999990999991	0.9	100	new-simulation	p01-s03-c0082-v210-adaptive-g1000-sb0009	100	3.533339244353492	0.9549869284315607	34.23810634342414	22.215769001223773	0.7672548682574635	0.0006906030000000095	0.0010001150000000043	0.0999990999991	3.363	0.5256640448858719
p01-s03-c0082-v210-adaptive-g1000-sb0010	p01-s03-c0082	c0082	sb0010	alpha-by-m	1000	10	10000	0.1	0.0999990999991	0.9	100	new-simulation	p01-s03-c0082-v210-adaptive-g1000-sb0010	100	3.533356516713716	0.9549841041791313	34.23869772143754	22.214375206022552	0.7672586189028309	0.0005901250000000075	0.0009052100000000035	0.0999990999991	3.425	0.5340172132613169
p01-s03-c0082-v210-adaptive-g1000-sb0011	p01-s03-c0082	c0082	sb0011	alpha-by-m	1000	10	10000	0.1	0.0999990999991	0.9	100	new-simulation	p01-s03-c0082-v210-adaptive-g1000-sb0011	100	3.5328641920027506	0.954954650490592	34.22184531324689	22.199849948797564	0.7671517119501924	0.000629529000000007	0.0007940029999999955	0.0999990999991	3.414	0.5310599640578497
p01-s03-c0082-v210-adaptive-g1000-sb0012	p01-s03-c0082	c0082	sb0012	alpha-by-m	1000	10	10000	0.1	0.0999990999991	0.9	100	new-simulation	p01-s03-c0082-v210-adaptive-g1000-sb0012	100	3.5331114512739275	0.9549704076171136	34.23030802797659	22.207618303470415	0.7672054036187281	0.0005204990000000016	0.0007533480000000045	0.0999990999991	3.394	0.5345514857136572
p01-s03-c0083-v210-adaptive-g1000-sb0001	p01-s03-c0083	c0083	sb0001	alpha-by-m	1000	10	10000	0.1	0.0999990999991	0.99	100	new-simulation	p01-s03-c0083-v210-adaptive-g1000-sb0001	100	3.5331260867333634	0.9549705587189622	34.230809007927235	22.20769282387493	0.7672085816683647	0.00012527200000000545	0.00015727500000001335	0.0999990999991	3.425	0.5380226744881139
p01-s03-c0083-v210-adaptive-g1000-sb0002	p01-s03-c0083	c0083	sb0002	alpha-by-m	1000	10	10000	0.1	0.0999990999991	0.99	100	new-simulation	p01-s03-c0083-v210-adaptive-g1000-sb0002	100	3.5330532029220167	0.9549687556723728	34.22831422701694	22.206803630040685	0.7671927551498208	0.00011399399999999877	0.0001520629999999943	0.0999990999991	3.422	0.5345263531749875
p01-s03-c0083-v210-adaptive-g1000-sb0003	p01-s03-c0083	c0083	sb0003	alpha-by-m	1000	10	10000	0.1	0.0999990999991	0.99	100	new-simulation	p01-s03-c0083-v210-adaptive-g1000-sb0003	100	3.533069484026778	0.9549682861709202	34.228871506323216	22.206572101509455	0.7671962905467994	9.483600000000854e-05	0.00013102200000000537	0.0999990999991	3.426	0.5378066874375868
p01-s03-c0083-v210-adaptive-g1000-sb0004	p01-s03-c0083	c0083	sb0004	alpha-by-m	1000	10	10000	0.1	0.0999990999991	0.99	100	new-simulation	p01-s03-c0083-v210-adaptive-g1000-sb0004	100	3.5330286697206548	0.9549678875315861	34.22747450719228	22.206375521499513	0.7671874278328333	9.380300000002019e-05	0.0001541329999999834	0.0999990999991	3.396	0.5345372659973757
p01-s03-c0083-v210-adaptive-g1000-sb0005	p01-s03-c0083	c0083	sb0005	alpha-by-m	1000	10	10000	0.1	0.0999990999991	0.99	100	new-simulation	p01-s03-c0083-v210-adaptive-g1000-sb0005	100	3.5330890250069302	0.9549686239707119	34.22954037855715	22.206738682593365	0.7672005338167249	9.890000000000392e-05	9.396499999998783e-05	0.0999990999991	3.405	0.5313893831239864
p01-s03-c0083-v210-adaptive-g1000-sb0006	p01-s03-c0083	c0083	sb0006	alpha-by-m	1000	10	10000	0.1	0.0999990999991	0.99	100	new-simulation	p01-s03-c0083-v210-adaptive-g1000-sb0006	100	3.53311671017275	0.9549687842187564	34.23048804217651	22.20681770747396	0.767206545574098	9.722700000000355e-05	0.00015582999999999995	0.0999990999991	3.413	0.5315782282710018
p01-s03-c0083-v210-adaptive-g1000-sb0007	p01-s03-c0083	c0083	sb0007	alpha-by-m	1000	10	10000	0.1	0.0999990999991	0.99	100	new-simulation	p01-s03-c0083-v210-adaptive-g1000-sb0007	100	3.5330273097559357	0.9549668601154859	34.227427959066176	22.20586889043192	0.7671871325202467	0.00010171499999999723	0.00015929799999999918	0.0999990999991	3.386	0.5329864134503514
p01-s03-c0083-v210-adaptive-g1000-sb0008	p01-s03-c0083	c0083	sb0008	alpha-by-m	1000	10	10000	0.1	0.0999990999991	0.99	100	new-simulation	p01-s03-c0083-v210-adaptive-g1000-sb0008	100	3.5330267780892113	0.9549656211393294	34.227409761486506	22.20525796733746	0.7671870170702845	0.00011468899999998635	0.000149125000000002	0.0999990999991	3.436	0.5338686047294385
p01-s03-c0083-v210-adaptive-g1000-sb0009	p01-s03-c0083	c0083	sb0009	alpha-by-m	1000	10	10000	0.1	0.0999990999991	0.99	100	new-simulation	p01-s03-c0083-v210-adaptive-g1000-sb0009	100	3.533069290765535	0.9549685814846248	34.228864891209604	22.206717731056305	0.7671962485806536	9.768900000001028e-05	0.00012717600000000407	0.0999990999991	3.367	0.5264170251173708
p01-s03-c0083-v210-adaptive-g1000-sb0010	p01-s03-c0083	c0083	sb0010	alpha-by-m	1000	10	10000	0.1	0.0999990999991	0.99	100	new-simulation	p01-s03-c0083-v210-adaptive-g1000-sb0010	100	3.533036790325488	0.9549662979560044	34.22775245611574	22.20559169270721	0.7671891911997677	0.00011131500000000419	0.00014966000000000653	0.0999990999991	3.425	0.5340563340298873
p01-s03-c0083-v210-adaptive-g1000-sb0011	p01-s03-c0083	c0083	sb0011	alpha-by-m	1000	10	10000	0.1	0.0999990999991	0.99	100	new-simulation	p01-s03-c0083-v210-adaptive-g1000-sb0011	100	3.53300831902113	0.9549667330932852	34.22677796123072	22.205806255883484	0.7671830087345801	0.00010175700000000131	0.00014139499999999702	0.0999990999991	3.415	0.5310989774309153
p01-s03-c0083-v210-adaptive-g1000-sb0012	p01-s03-c0083	c0083	sb0012	alpha-by-m	1000	10	10000	0.1	0.0999990999991	0.99	100	new-simulation	p01-s03-c0083-v210-adaptive-g1000-sb0012	100	3.533026627243249	0.9549665251900556	34.22740459842033	22.205703739725138	0.7671869843144999	0.00010443299999998853	0.00014757699999999471	0.0999990999991	3.396	0.5344616151947473
p01-s03-c0084-v210-adaptive-g1000-sb0001	p01-s03-c0084	c0084	sb0001	alpha-by-m	1000	10	10000	0.99	0.99	0.0	100	new-simulation	p01-s03-c0084-v210-adaptive-g1000-sb0001	24	2.790638807411707	0.9232225173296132	16.291423560553266	13.024652088335552	0.8780967712891687	0.40241190800000004	0.032179318999999984	0.99	3.272	0.5168952449576119
p01-s03-c0084-v210-adaptive-g1000-sb0002	p01-s03-c0084	c0084	sb0002	alpha-by-m	1000	10	10000	0.99	0.99	0.0	100	new-simulation	p01-s03-c0084-v210-adaptive-g1000-sb0002	27	2.7495476879180485	0.9209762848301424	15.635558132685667	12.654429089426484	0.8342487203413778	0.4128025190000001	0.02994236400000001	0.99	3.288	0.5191966638706081
p01-s03-c0084-v210-adaptive-g1000-sb0003	p01-s03-c0084	c0084	sb0003	alpha-by-m	1000	10	10000	0.99	0.99	0.0	100	new-simulation	p01-s03-c0084-v210-adaptive-g1000-sb0003	22	2.657194584172513	0.9147066680450665	14.256238268849655	11.724245929662711	0.859643510002769	0.477785308	0.03231183899999999	0.99	3.203	0.5097252671599312
p01-s03-c0084-v210-adaptive-g1000-sb0004	p01-s03-c0084	c0084	sb0004	alpha-by-m	1000	10	10000	0.99	0.99	0.0	100	new-simulation	p01-s03-c0084-v210-adaptive-g1000-sb0004	21	2.536125847181644	0.897764040674636	12.630643020015256	9.781294239314747	0.8330126970842959	0.44732881300000005	0.027039750000000008	0.99	3.122	0.49491713423928974
p01-s03-c0084-v210-adaptive-g1000-sb0005	p01-s03-c0084	c0084	sb0005	alpha-by-m	1000	10	10000	0.99	0.99	0.0	100	new-simulation	p01-s03-c0084-v210-adaptive-g1000-sb0005	26	2.635795292359313	0.9028094179249848	13.95440588369992	10.289062773882385	0.808998524629332	0.52468022	0.03967182800000001	0.99	3.192	0.5078797933280407
p01-s03-c0084-v210-adaptive-g1000-sb0006	p01-s03-c0084	c0084	sb0006	alpha-by-m	1000	10	10000	0.99	0.99	0.0	100	new-simulation	p01-s03-c0084-v210-adaptive-g1000-sb0006	25	2.945020433198826	0.935985068936751	19.011050839081452	15.621355571123955	0.9149220390691561	0.46612519500000005	0.043040443	0.99	3.298	0.5203882076498627
p01-s03-c0084-v210-adaptive-g1000-sb0007	p01-s03-c0084	c0084	sb0007	alpha-by-m	1000	10	10000	0.99	0.99	0.0	100	new-simulation	p01-s03-c0084-v210-adaptive-g1000-sb0007	21	2.550399621033956	0.8965159401850942	12.812222793482714	9.663324011336867	0.8377010428410726	0.5355065149999999	0.033450778999999986	0.99	3.13	0.4997284461851434
p01-s03-c0084-v210-adaptive-g1000-sb0008	p01-s03-c0084	c0084	sb0008	alpha-by-m	1000	10	10000	0.99	0.99	0.0	100	new-simulation	p01-s03-c0084-v210-adaptive-g1000-sb0008	20	2.657684225398077	0.9126212211963509	14.263220420062584	11.444426366350617	0.8871567892965047	0.5152260740000001	0.032709914	0.99	3.179	0.5083382474351897
p01-s03-c0084-v210-adaptive-g1000-sb0009	p01-s03-c0084	c0084	sb0009	alpha-by-m	1000	10	10000	0.99	0.99	0.0	100	new-simulation	p01-s03-c0084-v210-adaptive-g1000-sb0009	26	2.8553024302196035	0.9224133439554938	17.379692557164656	12.888814275310013	0.8763713404126201	0.3504395390000001	0.045839017999999995	0.99	3.263	0.5128987586025343
p01-s03-c0084-v210-adaptive-g1000-sb0010	p01-s03-c0084	c0084	sb0010	alpha-by-m	1000	10	10000	0.99	0.99	0.0	100	new-simulation	p01-s03-c0084-v210-adaptive-g1000-sb0010	21	2.712240789616237	0.9194456872135204	15.06299071962166	12.413984619925172	0.8908591889519285	0.40973521800000007	0.02258102099999999	0.99	3.232	0.5095203531945622
p01-s03-c0084-v210-adaptive-g1000-sb0011	p01-s03-c0084	c0084	sb0011	alpha-by-m	1000	10	10000	0.99	0.99	0.0	100	new-simulation	p01-s03-c0084-v210-adaptive-g1000-sb0011	24	2.6144136295102682	0.9051599385581595	13.659204674675735	10.544067399336695	0.8226461127072955	0.42439369500000007	0.045647154999999995	0.99	3.191	0.5026660875934497
p01-s03-c0084-v210-adaptive-g1000-sb0012	p01-s03-c0084	c0084	sb0012	alpha-by-m	1000	10	10000	0.99	0.99	0.0	100	new-simulation	p01-s03-c0084-v210-adaptive-g1000-sb0012	22	2.65310670348612	0.8935140633590888	14.19807942197315	9.390911434363126	0.8583210174300928	0.39463244100000006	0.044011972999999996	0.99	3.147	0.4988302218808678
p01-s03-c0085-v210-adaptive-g1000-sb0001	p01-s03-c0085	c0085	sb0001	alpha-by-m	1000	10	10000	0.99	0.99	0.001	100	new-simulation	p01-s03-c0085-v210-adaptive-g1000-sb0001	100	2.781214055424569	0.9265046685246683	16.138602216815915	13.60630641329436	0.6039329586313275	0.43163883999999997	0.04710013599999999	0.99	3.236	0.5145923154108958
p01-s03-c0085-v210-adaptive-g1000-sb0002	p01-s03-c0085	c0085	sb0002	alpha-by-m	1000	10	10000	0.99	0.99	0.001	100	new-simulation	p01-s03-c0085-v210-adaptive-g1000-sb0002	100	2.7714038951281204	0.9144187812933275	15.981053992301607	11.6848067264323	0.6018027093896605	0.44436787599999994	0.030041440999999995	0.99	3.25	0.511300118144407
p01-s03-c0085-v210-adaptive-g1000-sb0003	p01-s03-c0085	c0085	sb0003	alpha-by-m	1000	10	10000	0.99	0.99	0.001	100	new-simulation	p01-s03-c0085-v210-adaptive-g1000-sb0003	100	2.818739027980161	0.9173588165001667	16.75570886527612	12.100504344810318	0.6120814028885598	0.413574326	0.038236078000000034	0.99	3.239	0.5114956323850209
p01-s03-c0085-v210-adaptive-g1000-sb0004	p01-s03-c0085	c0085	sb0004	alpha-by-m	1000	10	10000	0.99	0.99	0.001	100	new-simulation	p01-s03-c0085-v210-adaptive-g1000-sb0004	100	3.0296410104102427	0.9395887939432733	20.689803831856217	16.553220259515932	0.6578781864844803	0.4446918150000001	0.03606433299999998	0.99	3.366	0.5311563227972224
p01-s03-c0085-v210-adaptive-g1000-sb0005	p01-s03-c0085	c0085	sb0005	alpha-by-m	1000	10	10000	0.99	0.99	0.001	100	new-simulation	p01-s03-c0085-v210-adaptive-g1000-sb0005	100	2.942523624885589	0.9250333114981486	18.963643097952666	13.339258008912907	0.6389608865788826	0.4617938690000001	0.046318856000000005	0.99	3.244	0.5092612551262833
p01-s03-c0085-v210-adaptive-g1000-sb0006	p01-s03-c0085	c0085	sb0006	alpha-by-m	1000	10	10000	0.99	0.99	0.001	100	new-simulation	p01-s03-c0085-v210-adaptive-g1000-sb0006	100	2.9676676019820927	0.9320702434860543	19.446509659009816	14.72108912674675	0.6444208318319393	0.5124803609999999	0.05885296799999998	0.99	3.287	0.517152757412341
p01-s03-c0085-v210-adaptive-g1000-sb0007	p01-s03-c0085	c0085	sb0007	alpha-by-m	1000	10	10000	0.99	0.99	0.001	100	new-simulation	p01-s03-c0085-v210-adaptive-g1000-sb0007	100	2.9035698764681066	0.9286422750602521	18.239140767070452	14.013899698236829	0.6305021875853025	0.42442321499999996	0.03784381	0.99	3.265	0.5153565996759347
p01-s03-c0085-v210-adaptive-g1000-sb0008	p01-s03-c0085	c0085	sb0008	alpha-by-m	1000	10	10000	0.99	0.99	0.001	100	new-simulation	p01-s03-c0085-v210-adaptive-g1000-sb0008	100	2.6091466440051683	0.9110374377394203	13.587450970380617	11.240683435700799	0.5665689949839163	0.5507534920000001	0.032644809000000004	0.99	3.235	0.5122571899304394
p01-s03-c0085-v210-adaptive-g1000-sb0009	p01-s03-c0085	c0085	sb0009	alpha-by-m	1000	10	10000	0.99	0.99	0.001	100	new-simulation	p01-s03-c0085-v210-adaptive-g1000-sb0009	100	2.7164673635110463	0.9193478062844578	15.126790294808579	12.398918788582101	0.5898733931215611	0.356014148	0.022742740999999993	0.99	3.256	0.5220838909755632
p01-s03-c0085-v210-adaptive-g1000-sb0010	p01-s03-c0085	c0085	sb0010	alpha-by-m	1000	10	10000	0.99	0.99	0.001	100	new-simulation	p01-s03-c0085-v210-adaptive-g1000-sb0010	100	2.5854281923958298	0.905474101709197	13.268969545577216	10.579111313214531	0.5614185986573038	0.38896824100000005	0.028096210000000007	0.99	3.177	0.5061823180481974
p01-s03-c0085-v210-adaptive-g1000-sb0011	p01-s03-c0085	c0085	sb0011	alpha-by-m	1000	10	10000	0.99	0.99	0.001	100	new-simulation	p01-s03-c0085-v210-adaptive-g1000-sb0011	100	2.833708035322587	0.9348823011374587	17.008411831986674	15.356808017908115	0.6153318815327523	0.3557008850000001	0.026099803	0.99	3.329	0.5224803650635724
p01-s03-c0085-v210-adaptive-g1000-sb0012	p01-s03-c0085	c0085	sb0012	alpha-by-m	1000	10	10000	0.99	0.99	0.001	100	new-simulation	p01-s03-c0085-v210-adaptive-g1000-sb0012	100	2.762145389856637	0.9068274906852369	15.833776158024712	10.732779522141204	0.5997922505146218	0.45867371399999995	0.04159822399999999	0.99	3.179	0.5021141120136623
p01-s03-c0086-v210-adaptive-g1000-sb0001	p01-s03-c0086	c0086	sb0001	alpha-by-m	1000	10	10000	0.99	0.99	0.01	100	new-simulation	p01-s03-c0086-v210-adaptive-g1000-sb0001	100	3.1883400807121	0.9442245417970917	24.248144056743502	17.92903244939826	0.6923392517421167	0.30541712299999996	0.04136942300000001	0.99	3.401	0.5314820057848891
p01-s03-c0086-v210-adaptive-g1000-sb0002	p01-s03-c0086	c0086	sb0002	alpha-by-m	1000	10	10000	0.99	0.99	0.01	100	new-simulation	p01-s03-c0086-v210-adaptive-g1000-sb0002	100	3.089440203405786	0.9418667526625175	21.964778725222285	17.20186030886377	0.6708634162545963	0.29771385499999997	0.04032914699999998	0.99	3.356	0.530301511710914
p01-s03-c0086-v210-adaptive-g1000-sb0003	p01-s03-c0086	c0086	sb0003	alpha-by-m	1000	10	10000	0.99	0.99	0.01	100	new-simulation	p01-s03-c0086-v210-adaptive-g1000-sb0003	100	3.2375877152157577	0.9495225972206643	25.472201371061992	19.810844951186333	0.7030332396979802	0.34731471499999994	0.05449439999999999	0.99	3.404	0.5339075131320816
p01-s03-c0086-v210-adaptive-g1000-sb0004	p01-s03-c0086	c0086	sb0004	alpha-by-m	1000	10	10000	0.99	0.99	0.01	100	new-simulation	p01-s03-c0086-v210-adaptive-g1000-sb0004	100	2.989717558702048	0.9317446120542457	19.880066746687614	14.65085805086548	0.6492089190967804	0.35769702800000003	0.032021682999999995	0.99	3.29	0.5258021309834793
p01-s03-c0086-v210-adaptive-g1000-sb0005	p01-s03-c0086	c0086	sb0005	alpha-by-m	1000	10	10000	0.99	0.99	0.01	100	new-simulation	p01-s03-c0086-v210-adaptive-g1000-sb0005	100	3.1706846735789647	0.9421741712018261	23.823790293434268	17.293310286831197	0.6885054287952788	0.308852065	0.048798394	0.99	3.36	0.5296769442445699
p01-s03-c0086-v210-adaptive-g1000-sb0006	p01-s03-c0086	c0086	sb0006	alpha-by-m	1000	10	10000	0.99	0.99	0.01	100	new-simulation	p01-s03-c0086-v210-adaptive-g1000-sb0006	100	3.1997588052291985	0.9427984396534366	24.52661379264287	17.482040593671982	0.6948187962661914	0.28005152699999997	0.050286601	0.99	3.328	0.5225797160651048
p01-s03-c0086-v210-adaptive-g1000-sb0007	p01-s03-c0086	c0086	sb0007	alpha-by-m	1000	10	10000	0.99	0.99	0.01	100	new-simulation	p01-s03-c0086-v210-adaptive-g1000-sb0007	100	3.13763900101966	0.9394100162385073	23.049382996108054	16.50437808229845	0.6813296521736348	0.365059223	0.045660656	0.99	3.288	0.5259924357610205
p01-s03-c0086-v210-adaptive-g1000-sb0008	p01-s03-c0086	c0086	sb0008	alpha-by-m	1000	10	10000	0.99	0.99	0.01	100	new-simulation	p01-s03-c0086-v210-adaptive-g1000-sb0008	100	2.9156322888447264	0.9276530152710936	18.46048106962283	13.822276128675295	0.6331215071521062	0.341496655	0.03971443	0.99	3.251	0.5166854734138319
p01-s03-c0086-v210-adaptive-g1000-sb0009	p01-s03-c0086	c0086	sb0009	alpha-by-m	1000	10	10000	0.99	0.99	0.01	100	new-simulation	p01-s03-c0086-v210-adaptive-g1000-sb0009	100	3.062453531356909	0.9367820532253484	21.379949238809264	15.818292921860094	0.6650033348767163	0.310587062	0.04556591400000001	0.99	3.31	0.5138752465160481
p01-s03-c0086-v210-adaptive-g1000-sb0010	p01-s03-c0086	c0086	sb0010	alpha-by-m	1000	10	10000	0.99	0.99	0.01	100	new-simulation	p01-s03-c0086-v210-adaptive-g1000-sb0010	100	3.1109356869446105	0.9405114001793725	22.44203329726355	16.809943468416506	0.6755311011979732	0.3275280169999999	0.03789076199999999	0.99	3.352	0.528184330307987
p01-s03-c0086-v210-adaptive-g1000-sb0011	p01-s03-c0086	c0086	sb0011	alpha-by-m	1000	10	10000	0.99	0.99	0.01	100	new-simulation	p01-s03-c0086-v210-adaptive-g1000-sb0011	100	3.162139179210354	0.9435022033474967	23.621071626888508	17.699805288879194	0.6866497982705673	0.289375188	0.04856328	0.99	3.351	0.5332289292683008
p01-s03-c0086-v210-adaptive-g1000-sb0012	p01-s03-c0086	c0086	sb0012	alpha-by-m	1000	10	10000	0.99	0.99	0.01	100	new-simulation	p01-s03-c0086-v210-adaptive-g1000-sb0012	100	3.0455429411823967	0.9330287613797625	21.02144151134588	14.931782965379085	0.6613312468774573	0.28743416299999996	0.049002893000000006	0.99	3.317	0.5218555496144518
p01-s03-c0087-v210-adaptive-g1000-sb0001-reused	p01-s03-c0087	c0087	sb0001	alpha-by-m	1000	10	10000	0.99	0.99	0.1	100	reused-passage-100	p01-s03-c0041-v210-m010-g100-sb0001	100	3.4426340943193896	0.9524942894538934	31.26921584734043	21.050100893227373	0.7475584951874549	0.11699692999999999		0.99		
p01-s03-c0087-v210-adaptive-g1000-sb0002-reused	p01-s03-c0087	c0087	sb0002	alpha-by-m	1000	10	10000	0.99	0.99	0.1	100	reused-passage-100	p01-s03-c0041-v210-m010-g100-sb0002	100	3.4325043364074412	0.9533271766592802	30.95406515566547	21.425744757282505	0.7453588462053674	0.11350824300000001		0.99		
p01-s03-c0087-v210-adaptive-g1000-sb0003-reused	p01-s03-c0087	c0087	sb0003	alpha-by-m	1000	10	10000	0.99	0.99	0.1	100	reused-passage-100	p01-s03-c0041-v210-m010-g100-sb0003	100	3.529550346281278	0.9565031771526169	34.10862709503818	22.990184904049006	0.7664321194948353	0.11065125199999999		0.99		
p01-s03-c0087-v210-adaptive-g1000-sb0004-reused	p01-s03-c0087	c0087	sb0004	alpha-by-m	1000	10	10000	0.99	0.99	0.1	100	reused-passage-100	p01-s03-c0041-v210-m010-g100-sb0004	100	3.5032419610402057	0.955435575478838	33.22298517884237	22.43942361524573	0.7607193262258439	0.11840550100000001		0.99		
p01-s03-c0087-v210-adaptive-g1000-sb0005-reused	p01-s03-c0087	c0087	sb0005	alpha-by-m	1000	10	10000	0.99	0.99	0.1	100	reused-passage-100	p01-s03-c0041-v210-m010-g100-sb0005	100	3.4488489960804873	0.954592560310505	31.464156091748784	22.022822842208136	0.7489080439576626	0.12006093100000001		0.99		
p01-s03-c0087-v210-adaptive-g1000-sb0006-reused	p01-s03-c0087	c0087	sb0006	alpha-by-m	1000	10	10000	0.99	0.99	0.1	100	reused-passage-100	p01-s03-c0041-v210-m010-g100-sb0006	100	3.344340253583575	0.9458599639466464	28.34187104932031	18.470619395497387	0.7262142588691342	0.134731423		0.99		
p01-s03-c0087-v210-adaptive-g1000-sb0007-reused	p01-s03-c0087	c0087	sb0007	alpha-by-m	1000	10	10000	0.99	0.99	0.1	100	reused-passage-100	p01-s03-c0041-v210-m010-g100-sb0007	100	3.372092259204616	0.9500735478280117	29.139430564434264	20.029462469217027	0.7322405303206172	0.13638059499999997		0.99		
p01-s03-c0087-v210-adaptive-g1000-sb0008-reused	p01-s03-c0087	c0087	sb0008	alpha-by-m	1000	10	10000	0.99	0.99	0.1	100	reused-passage-100	p01-s03-c0041-v210-m010-g100-sb0008	100	3.5092989440159243	0.957002786219375	33.4248268933064	23.257320930190353	0.7620345833675123	0.12086648300000001		0.99		
p01-s03-c0087-v210-adaptive-g1000-sb0009-reused	p01-s03-c0087	c0087	sb0009	alpha-by-m	1000	10	10000	0.99	0.99	0.1	100	reused-passage-100	p01-s03-c0041-v210-m010-g100-sb0009	100	3.4813537938245207	0.9538476267157172	32.50369560598645	21.667358119166348	0.7559663711054702	0.11799142999999997		0.99		
p01-s03-c0087-v210-adaptive-g1000-sb0010-reused	p01-s03-c0087	c0087	sb0010	alpha-by-m	1000	10	10000	0.99	0.99	0.1	100	reused-passage-100	p01-s03-c0041-v210-m010-g100-sb0010	100	3.478654426161734	0.9531076739260478	32.41607449514807	21.325450958072235	0.7553802108651819	0.124524588		0.99		
p01-s03-c0087-v210-adaptive-g1000-sb0011-reused	p01-s03-c0087	c0087	sb0011	alpha-by-m	1000	10	10000	0.99	0.99	0.1	100	reused-passage-100	p01-s03-c0041-v210-m010-g100-sb0011	100	3.4472629453498915	0.9510675163732563	31.414291898015353	20.436322170523464	0.7485636374175044	0.126290951		0.99		
p01-s03-c0087-v210-adaptive-g1000-sb0012-reused	p01-s03-c0087	c0087	sb0012	alpha-by-m	1000	10	10000	0.99	0.99	0.1	100	reused-passage-100	p01-s03-c0041-v210-m010-g100-sb0012	100	3.435220692979288	0.9497484011776766	31.03826173617281	19.899864351296333	0.7459486955403847	0.11372075799999999		0.99		
p01-s03-c0088-v210-adaptive-g1000-sb0001	p01-s03-c0088	c0088	sb0001	alpha-by-m	1000	10	10000	0.99	0.99	0.5	100	new-simulation	p01-s03-c0088-v210-adaptive-g1000-sb0001	100	3.5271822952296086	0.9551750537948651	34.027951684220554	22.309006137422774	0.7659179037425327	0.033443532000000005	0.03904070100000001	0.99	3.407	0.5323158731127355
p01-s03-c0088-v210-adaptive-g1000-sb0002	p01-s03-c0088	c0088	sb0002	alpha-by-m	1000	10	10000	0.99	0.99	0.5	100	new-simulation	p01-s03-c0088-v210-adaptive-g1000-sb0002	100	3.5340422817972907	0.9556284192174819	34.26218547746298	22.536947802274124	0.7674075308986701	0.033777862	0.029945423000000006	0.99	3.413	0.5361296138775545
p01-s03-c0088-v210-adaptive-g1000-sb0003	p01-s03-c0088	c0088	sb0003	alpha-by-m	1000	10	10000	0.99	0.99	0.5	100	new-simulation	p01-s03-c0088-v210-adaptive-g1000-sb0003	100	3.5258976583049484	0.9553000655401415	33.98426618702565	22.371397454687994	0.7656389483787182	0.03310869399999999	0.03311372800000001	0.99	3.427	0.5355104436362981
p01-s03-c0088-v210-adaptive-g1000-sb0004	p01-s03-c0088	c0088	sb0004	alpha-by-m	1000	10	10000	0.99	0.99	0.5	100	new-simulation	p01-s03-c0088-v210-adaptive-g1000-sb0004	100	3.5294230432905924	0.9558377441307437	34.104285241172164	22.643770801938473	0.766404476001643	0.029673572	0.029408642999999995	0.99	3.446	0.5392686717201471
p01-s03-c0088-v210-adaptive-g1000-sb0005	p01-s03-c0088	c0088	sb0005	alpha-by-m	1000	10	10000	0.99	0.99	0.5	100	new-simulation	p01-s03-c0088-v210-adaptive-g1000-sb0005	100	3.5465238680932027	0.9556282849259209	34.69251189363786	22.536879593914463	0.770117872925527	0.037514156000000014	0.030202731999999993	0.99	3.417	0.5319356987235406
p01-s03-c0088-v210-adaptive-g1000-sb0006	p01-s03-c0088	c0088	sb0006	alpha-by-m	1000	10	10000	0.99	0.99	0.5	100	new-simulation	p01-s03-c0088-v210-adaptive-g1000-sb0006	100	3.5105582157182615	0.9545576352989048	33.46694434506055	22.005897064945195	0.7623080307432832	0.029842160999999992	0.032595761	0.99	3.432	0.5346755277082267
p01-s03-c0088-v210-adaptive-g1000-sb0007	p01-s03-c0088	c0088	sb0007	alpha-by-m	1000	10	10000	0.99	0.99	0.5	100	new-simulation	p01-s03-c0088-v210-adaptive-g1000-sb0007	100	3.5163776912569724	0.9542744355401329	33.662272210647636	21.869604275255917	0.7635717138002998	0.028326677999999994	0.037738433	0.99	3.382	0.532158498348107
p01-s03-c0088-v210-adaptive-g1000-sb0008	p01-s03-c0088	c0088	sb0008	alpha-by-m	1000	10	10000	0.99	0.99	0.5	100	new-simulation	p01-s03-c0088-v210-adaptive-g1000-sb0008	100	3.5225737196103815	0.954130911173448	33.8714921005477	21.801174289320812	0.7649171642621005	0.034078931	0.035720247	0.99	3.433	0.5370115265873555
p01-s03-c0088-v210-adaptive-g1000-sb0009	p01-s03-c0088	c0088	sb0009	alpha-by-m	1000	10	10000	0.99	0.99	0.5	100	new-simulation	p01-s03-c0088-v210-adaptive-g1000-sb0009	100	3.533443595337342	0.9552886707861139	34.241679309924294	22.365696068132728	0.7672775277856971	0.030565390999999997	0.031872042	0.99	3.38	0.5332092068383925
p01-s03-c0088-v210-adaptive-g1000-sb0010	p01-s03-c0088	c0088	sb0010	alpha-by-m	1000	10	10000	0.99	0.99	0.5	100	new-simulation	p01-s03-c0088-v210-adaptive-g1000-sb0010	100	3.558763397515901	0.9564672879011367	35.119741122618485	22.971231328959856	0.7727756529702121	0.032222298999999996	0.038186542	0.99	3.444	0.5379291959074597
p01-s03-c0088-v210-adaptive-g1000-sb0011	p01-s03-c0088	c0088	sb0011	alpha-by-m	1000	10	10000	0.99	0.99	0.5	100	new-simulation	p01-s03-c0088-v210-adaptive-g1000-sb0011	100	3.518574932087594	0.9540656458187347	33.73631764763898	21.770198315052333	0.7640488385843754	0.033276357	0.032644085	0.99	3.388	0.5297109658490852
p01-s03-c0088-v210-adaptive-g1000-sb0012	p01-s03-c0088	c0088	sb0012	alpha-by-m	1000	10	10000	0.99	0.99	0.5	100	new-simulation	p01-s03-c0088-v210-adaptive-g1000-sb0012	100	3.5066048660419344	0.9541975796714299	33.33489899416668	21.83290736223894	0.7614495717685518	0.03391054000000001	0.02584411300000001	0.99	3.41	0.5367301538457236
p01-s03-c0089-v210-adaptive-g1000-sb0001	p01-s03-c0089	c0089	sb0001	alpha-by-m	1000	10	10000	0.99	0.99	0.9	100	new-simulation	p01-s03-c0089-v210-adaptive-g1000-sb0001	100	3.535861051470369	0.9550995383830677	34.32455720405176	22.27148594888596	0.7678024717151055	0.005772681000000007	0.008693043000000003	0.99	3.432	0.5372969266015818
p01-s03-c0089-v210-adaptive-g1000-sb0002	p01-s03-c0089	c0089	sb0002	alpha-by-m	1000	10	10000	0.99	0.99	0.9	100	new-simulation	p01-s03-c0089-v210-adaptive-g1000-sb0002	100	3.53479625123918	0.9551202327136076	34.28802785928421	22.28175546496651	0.7675712532827382	0.005587246999999992	0.006554138999999993	0.99	3.429	0.5360798092873323
p01-s03-c0089-v210-adaptive-g1000-sb0003	p01-s03-c0089	c0089	sb0003	alpha-by-m	1000	10	10000	0.99	0.99	0.9	100	new-simulation	p01-s03-c0089-v210-adaptive-g1000-sb0003	100	3.5355377347542603	0.9551872264784065	34.31346129477779	22.31506602728215	0.767732264382249	0.005758290999999998	0.007545588000000008	0.99	3.436	0.5366743413276792
p01-s03-c0089-v210-adaptive-g1000-sb0004	p01-s03-c0089	c0089	sb0004	alpha-by-m	1000	10	10000	0.99	0.99	0.9	100	new-simulation	p01-s03-c0089-v210-adaptive-g1000-sb0004	100	3.5327870642059906	0.9550188174101002	34.21920595950189	22.23151865786078	0.7671349638619253	0.005970935000000001	0.007312696	0.99	3.416	0.5349609749493319
p01-s03-c0089-v210-adaptive-g1000-sb0005	p01-s03-c0089	c0089	sb0005	alpha-by-m	1000	10	10000	0.99	0.99	0.9	100	new-simulation	p01-s03-c0089-v210-adaptive-g1000-sb0005	100	3.5338152945572423	0.9550229188400557	34.25440928112548	22.233545935181343	0.7673582412457624	0.005088922000000006	0.007828025	0.99	3.416	0.5324670945174487
p01-s03-c0089-v210-adaptive-g1000-sb0006	p01-s03-c0089	c0089	sb0006	alpha-by-m	1000	10	10000	0.99	0.99	0.9	100	new-simulation	p01-s03-c0089-v210-adaptive-g1000-sb0006	100	3.5372157693929385	0.9551424734788199	34.37108880836304	22.292802959785057	0.7680966449742592	0.0058408079999999925	0.008972553999999999	0.99	3.408	0.5312755291279078
p01-s03-c0089-v210-adaptive-g1000-sb0007	p01-s03-c0089	c0089	sb0007	alpha-by-m	1000	10	10000	0.99	0.99	0.9	100	new-simulation	p01-s03-c0089-v210-adaptive-g1000-sb0007	100	3.533531992578125	0.9550696117816991	34.244706313682485	22.256651670609944	0.7672967230026408	0.0066189429999999935	0.009270107000000003	0.99	3.376	0.5324433762574599
p01-s03-c0089-v210-adaptive-g1000-sb0008	p01-s03-c0089	c0089	sb0008	alpha-by-m	1000	10	10000	0.99	0.99	0.9	100	new-simulation	p01-s03-c0089-v210-adaptive-g1000-sb0008	100	3.5329584057164665	0.9548827820898413	34.225069632269204	22.164487225060885	0.7671721701981856	0.0064069700000000075	0.009049961000000007	0.99	3.444	0.5378691552897296
p01-s03-c0089-v210-adaptive-g1000-sb0009	p01-s03-c0089	c0089	sb0009	alpha-by-m	1000	10	10000	0.99	0.99	0.9	100	new-simulation	p01-s03-c0089-v210-adaptive-g1000-sb0009	100	3.5342491351986305	0.9550339892667148	34.269273460127714	22.23901973273716	0.7674524485440525	0.005774436000000013	0.008632933999999993	0.99	3.366	0.5320498131469227
p01-s03-c0089-v210-adaptive-g1000-sb0010	p01-s03-c0089	c0089	sb0010	alpha-by-m	1000	10	10000	0.99	0.99	0.9	100	new-simulation	p01-s03-c0089-v210-adaptive-g1000-sb0010	100	3.5350779304825393	0.9551358121151005	34.29768744541648	22.2894929596303	0.767632419153267	0.006354631999999997	0.009487883999999999	0.99	3.408	0.5330897323803512
p01-s03-c0089-v210-adaptive-g1000-sb0011	p01-s03-c0089	c0089	sb0011	alpha-by-m	1000	10	10000	0.99	0.99	0.9	100	new-simulation	p01-s03-c0089-v210-adaptive-g1000-sb0011	100	3.5297449643581795	0.9548089054271877	34.115265896443596	22.128253574137048	0.7664743802732737	0.006411568000000011	0.008053481000000005	0.99	3.405	0.5306417222183342
p01-s03-c0089-v210-adaptive-g1000-sb0012	p01-s03-c0089	c0089	sb0012	alpha-by-m	1000	10	10000	0.99	0.99	0.9	100	new-simulation	p01-s03-c0089-v210-adaptive-g1000-sb0012	100	3.531983033899779	0.9549685210947826	34.19170373864708	22.206687950551398	0.7669603708992899	0.004999366000000002	0.006992611000000004	0.99	3.39	0.534745496412339
p01-s03-c0090-v210-adaptive-g1000-sb0001	p01-s03-c0090	c0090	sb0001	alpha-by-m	1000	10	10000	0.99	0.99	0.99	100	new-simulation	p01-s03-c0090-v210-adaptive-g1000-sb0001	100	3.533480302710137	0.9549866270163235	34.242936255081275	22.215620241625455	0.7672854986904221	0.0005861400000000037	0.0008927920000000033	0.99	3.427	0.5380768102505574
p01-s03-c0090-v210-adaptive-g1000-sb0002	p01-s03-c0090	c0090	sb0002	alpha-by-m	1000	10	10000	0.99	0.99	0.99	100	new-simulation	p01-s03-c0090-v210-adaptive-g1000-sb0002	100	3.533217284018513	0.9549833199950887	34.23393090712945	22.213988234825408	0.7672283849072173	0.0005784830000000012	0.0006784629999999954	0.99	3.423	0.5348436867035224
p01-s03-c0090-v210-adaptive-g1000-sb0003	p01-s03-c0090	c0090	sb0003	alpha-by-m	1000	10	10000	0.99	0.99	0.99	100	new-simulation	p01-s03-c0090-v210-adaptive-g1000-sb0003	100	3.5332775251593267	0.9549921950728131	34.235993260300454	22.218368605573822	0.7672414661047368	0.000548126000000004	0.0007122539999999998	0.99	3.42	0.5376637859513648
p01-s03-c0090-v210-adaptive-g1000-sb0004	p01-s03-c0090	c0090	sb0004	alpha-by-m	1000	10	10000	0.99	0.99	0.99	100	new-simulation	p01-s03-c0090-v210-adaptive-g1000-sb0004	100	3.5327740804500944	0.954967055048246	34.218761668569044	22.20596501231148	0.7671321444751552	0.0005554340000000011	0.0007509189999999871	0.99	3.399	0.5345515035067943
p01-s03-c0090-v210-adaptive-g1000-sb0005	p01-s03-c0090	c0090	sb0005	alpha-by-m	1000	10	10000	0.99	0.99	0.99	100	new-simulation	p01-s03-c0090-v210-adaptive-g1000-sb0005	100	3.5331858218226366	0.9549715275826133	34.232853849433006	22.208170659901665	0.7672215529781884	0.0005578530000000098	0.0007680990000000036	0.99	3.406	0.5313839010259293
p01-s03-c0090-v210-adaptive-g1000-sb0006	p01-s03-c0090	c0090	sb0006	alpha-by-m	1000	10	10000	0.99	0.99	0.99	100	new-simulation	p01-s03-c0090-v210-adaptive-g1000-sb0006	100	3.5333864687297405	0.9549803165233579	34.239723254818664	22.21250623671841	0.7672651229004716	0.0005354780000000087	0.0008303360000000127	0.99	3.411	0.5309836443219599
p01-s03-c0090-v210-adaptive-g1000-sb0007	p01-s03-c0090	c0090	sb0007	alpha-by-m	1000	10	10000	0.99	0.99	0.99	100	new-simulation	p01-s03-c0090-v210-adaptive-g1000-sb0007	100	3.5331466671635865	0.9549808068631718	34.231513499952854	22.21274817077838	0.7672130506520053	0.000637101999999994	0.0010198930000000048	0.99	3.387	0.5328566919667596
p01-s03-c0090-v210-adaptive-g1000-sb0008	p01-s03-c0090	c0090	sb0008	alpha-by-m	1000	10	10000	0.99	0.99	0.99	100	new-simulation	p01-s03-c0090-v210-adaptive-g1000-sb0008	100	3.5328017699067282	0.9549496751836986	34.21970918060431	22.197398222490726	0.7671381571642667	0.0006305330000000089	0.0008768800000000141	0.99	3.437	0.5345106231382476
p01-s03-c0090-v210-adaptive-g1000-sb0009	p01-s03-c0090	c0090	sb0009	alpha-by-m	1000	10	10000	0.99	0.99	0.99	100	new-simulation	p01-s03-c0090-v210-adaptive-g1000-sb0009	100	3.5333169134054785	0.9549870736288301	34.23734178258803	22.215840662172184	0.7672500191537145	0.0007048160000000161	0.0010153150000000069	0.99	3.363	0.5256640448858719
p01-s03-c0090-v210-adaptive-g1000-sb0010	p01-s03-c0090	c0090	sb0010	alpha-by-m	1000	10	10000	0.99	0.99	0.99	100	new-simulation	p01-s03-c0090-v210-adaptive-g1000-sb0010	100	3.533348133604758	0.9549827783511557	34.23841069590704	22.213720957736456	0.7672567985338501	0.0005979010000000182	0.0009266270000000107	0.99	3.423	0.5336587099275487
p01-s03-c0090-v210-adaptive-g1000-sb0011	p01-s03-c0090	c0090	sb0011	alpha-by-m	1000	10	10000	0.99	0.99	0.99	100	new-simulation	p01-s03-c0090-v210-adaptive-g1000-sb0011	100	3.53285764696306	0.9549543808362773	34.22162133064401	22.199717054957155	0.7671502907128817	0.0006155620000000143	0.00081835300000001	0.99	3.414	0.5310599640578497
p01-s03-c0090-v210-adaptive-g1000-sb0012	p01-s03-c0090	c0090	sb0012	alpha-by-m	1000	10	10000	0.99	0.99	0.99	100	new-simulation	p01-s03-c0090-v210-adaptive-g1000-sb0012	100	3.5330967487479934	0.9549700061113422	34.22980475968475	22.20742029129788	0.7672022110057866	0.0005023030000000009	0.0008031540000000033	0.99	3.393	0.5345069014112244
